{"base_recommendations": {"ndcg": 0.08531249314546585, "jsd": 0.20248612761497498}, "postprocessed": {"0.1": {"ndcg": 0.08346030861139297, "jsd": 0.16009505093097687}, "0.2": {"ndcg": 0.08170141279697418, "jsd": 0.12531360983848572}, "0.3": {"ndcg": 0.07987955212593079, "jsd": 0.09731390327215195}, "0.4": {"ndcg": 0.07847145199775696, "jsd": 0.07938092947006226}, "0.5": {"ndcg": 0.07744103670120239, "jsd": 0.06848932802677155}, "0.6": {"ndcg": 0.07636983692646027, "jsd": 0.0612921267747879}, "0.7": {"ndcg": 0.07550683617591858, "jsd": 0.056808046996593475}, "0.8": {"ndcg": 0.07459823042154312, "jsd": 0.054191019386053085}, "0.9": {"ndcg": 0.07386282086372375, "jsd": 0.05294390395283699}}, "finetuned": {"epoch_1": {"ndcg": 0.08528546988964081, "jsd": 0.20250490307807922}}}