{"base_recommendations": {"ndcg": 0.08531249314546585, "jsd": 0.20248612761497498}, "postprocessed": {}, "finetuned": {"epoch_1": {"ndcg": 0.08526647090911865, "jsd": 0.19897295534610748}, "epoch_2": {"ndcg": 0.08522544056177139, "jsd": 0.19364887475967407}, "epoch_3": {"ndcg": 0.08416081964969635, "jsd": 0.1876310259103775}, "epoch_4": {"ndcg": 0.08278001844882965, "jsd": 0.18219013512134552}, "epoch_5": {"ndcg": 0.0816965401172638, "jsd": 0.17677167057991028}, "epoch_6": {"ndcg": 0.08057345449924469, "jsd": 0.17261992394924164}, "epoch_7": {"ndcg": 0.07941223680973053, "jsd": 0.16986313462257385}, "epoch_8": {"ndcg": 0.0784294381737709, "jsd": 0.16786034405231476}, "epoch_9": {"ndcg": 0.07808494567871094, "jsd": 0.1665564924478531}, "epoch_10": {"ndcg": 0.07754379510879517, "jsd": 0.165769562125206}}}