{"base_recommendations": {"ndcg": 0.08531249314546585, "jsd": 0.20248612761497498}, "postprocessed": {}, "finetuned": {"epoch_1": {"ndcg": 0.08473657816648483, "jsd": 0.1943107545375824}, "epoch_2": {"ndcg": 0.08352555334568024, "jsd": 0.1844049096107483}, "epoch_3": {"ndcg": 0.08119969815015793, "jsd": 0.17436979711055756}, "epoch_4": {"ndcg": 0.07832608371973038, "jsd": 0.1672530621290207}, "epoch_5": {"ndcg": 0.0760420709848404, "jsd": 0.16215780377388}, "epoch_6": {"ndcg": 0.07406844198703766, "jsd": 0.1590183675289154}, "epoch_7": {"ndcg": 0.07222286611795425, "jsd": 0.1569729894399643}, "epoch_8": {"ndcg": 0.07051045447587967, "jsd": 0.15611593425273895}, "epoch_9": {"ndcg": 0.06917327642440796, "jsd": 0.15583308041095734}, "epoch_10": {"ndcg": 0.06796713918447495, "jsd": 0.15560442209243774}}}