{"base_recommendations": {"ndcg": 0.08531249314546585, "jsd": 0.20248612761497498}, "postprocessed": {}, "finetuned": {"epoch_1": {"ndcg": 0.08447538316249847, "jsd": 0.19069670140743256}, "epoch_2": {"ndcg": 0.08253035694360733, "jsd": 0.17554254829883575}, "epoch_3": {"ndcg": 0.07882297039031982, "jsd": 0.1639358550310135}, "epoch_4": {"ndcg": 0.07525403052568436, "jsd": 0.15659207105636597}, "epoch_5": {"ndcg": 0.07250764220952988, "jsd": 0.1527480036020279}, "epoch_6": {"ndcg": 0.07014324516057968, "jsd": 0.1506551206111908}, "epoch_7": {"ndcg": 0.06787282973527908, "jsd": 0.150017648935318}, "epoch_8": {"ndcg": 0.06577329337596893, "jsd": 0.14995847642421722}}}