{"base_recommendations": {"ndcg": 0.08531249314546585, "jsd": 0.20248612761497498}, "postprocessed": {}, "finetuned": {"epoch_1": {"ndcg": 0.08439747989177704, "jsd": 0.18983854353427887}, "epoch_2": {"ndcg": 0.08247283101081848, "jsd": 0.17388424277305603}, "epoch_3": {"ndcg": 0.07878425717353821, "jsd": 0.16194947063922882}, "epoch_4": {"ndcg": 0.07538272440433502, "jsd": 0.15442721545696259}, "epoch_5": {"ndcg": 0.07248055189847946, "jsd": 0.15032735466957092}, "epoch_6": {"ndcg": 0.07017122209072113, "jsd": 0.1479765772819519}, "epoch_7": {"ndcg": 0.06796709448099136, "jsd": 0.146736741065979}, "epoch_8": {"ndcg": 0.06607504189014435, "jsd": 0.14618252217769623}, "epoch_9": {"ndcg": 0.06479402631521225, "jsd": 0.14573387801647186}, "epoch_10": {"ndcg": 0.06344679743051529, "jsd": 0.14552567899227142}, "epoch_11": {"ndcg": 0.06210210174322128, "jsd": 0.14544972777366638}}}