{"base_recommendations": {"ndcg": 0.08531249314546585, "jsd": 0.20248612761497498}, "postprocessed": {}, "finetuned": {"epoch_1": {"ndcg": 0.08527675271034241, "jsd": 0.2024679183959961}, "epoch_4": {"ndcg": 0.08504877239465714, "jsd": 0.20241248607635498}, "epoch_7": {"ndcg": 0.08460906147956848, "jsd": 0.20241136848926544}, "epoch_8": {"ndcg": 0.08440956473350525, "jsd": 0.20204336941242218}, "epoch_9": {"ndcg": 0.0842239111661911, "jsd": 0.20193660259246826}, "epoch_10": {"ndcg": 0.08418324589729309, "jsd": 0.2018386274576187}, "epoch_12": {"ndcg": 0.08380399644374847, "jsd": 0.20178698003292084}, "epoch_13": {"ndcg": 0.08359736949205399, "jsd": 0.20164445042610168}, "epoch_14": {"ndcg": 0.08336707204580307, "jsd": 0.2015639990568161}, "epoch_15": {"ndcg": 0.08313636481761932, "jsd": 0.20145466923713684}, "epoch_16": {"ndcg": 0.08293744176626205, "jsd": 0.20127363502979279}, "epoch_17": {"ndcg": 0.08282838016748428, "jsd": 0.20096543431282043}, "epoch_18": {"ndcg": 0.08278842270374298, "jsd": 0.20060324668884277}, "epoch_19": {"ndcg": 0.08254814147949219, "jsd": 0.2002943605184555}, "epoch_20": {"ndcg": 0.08233329653739929, "jsd": 0.20005452632904053}, "epoch_21": {"ndcg": 0.08223390579223633, "jsd": 0.19962696731090546}, "epoch_22": {"ndcg": 0.08219047635793686, "jsd": 0.19925017654895782}, "epoch_23": {"ndcg": 0.08207740634679794, "jsd": 0.19870999455451965}, "epoch_24": {"ndcg": 0.08193251490592957, "jsd": 0.1981714516878128}, "epoch_25": {"ndcg": 0.08187564462423325, "jsd": 0.19781875610351562}, "epoch_26": {"ndcg": 0.08177351951599121, "jsd": 0.1973327249288559}, "epoch_27": {"ndcg": 0.08164653927087784, "jsd": 0.19689971208572388}, "epoch_28": {"ndcg": 0.08158483356237411, "jsd": 0.1965719759464264}, "epoch_29": {"ndcg": 0.08139688521623611, "jsd": 0.19617284834384918}, "epoch_30": {"ndcg": 0.08116526156663895, "jsd": 0.1957288384437561}, "epoch_31": {"ndcg": 0.08097748458385468, "jsd": 0.1953035444021225}, "epoch_32": {"ndcg": 0.08098103851079941, "jsd": 0.19472163915634155}, "epoch_33": {"ndcg": 0.08077290654182434, "jsd": 0.19425445795059204}, "epoch_34": {"ndcg": 0.0805039331316948, "jsd": 0.19382502138614655}, "epoch_35": {"ndcg": 0.08030177652835846, "jsd": 0.1932240128517151}, "epoch_36": {"ndcg": 0.08024097234010696, "jsd": 0.1927875429391861}, "epoch_37": {"ndcg": 0.08017043024301529, "jsd": 0.19245131313800812}, "epoch_38": {"ndcg": 0.07996098697185516, "jsd": 0.191842183470726}, "epoch_39": {"ndcg": 0.07977896928787231, "jsd": 0.19138287007808685}, "epoch_40": {"ndcg": 0.07969040423631668, "jsd": 0.19077906012535095}, "epoch_41": {"ndcg": 0.07952889055013657, "jsd": 0.19007374346256256}, "epoch_42": {"ndcg": 0.079401895403862, "jsd": 0.18939413130283356}, "epoch_43": {"ndcg": 0.07912759482860565, "jsd": 0.1889476776123047}, "epoch_44": {"ndcg": 0.0790659561753273, "jsd": 0.18834736943244934}, "epoch_45": {"ndcg": 0.0789305791258812, "jsd": 0.18772590160369873}, "epoch_46": {"ndcg": 0.07886666804552078, "jsd": 0.18702788650989532}, "epoch_47": {"ndcg": 0.07885074615478516, "jsd": 0.18653568625450134}, "epoch_48": {"ndcg": 0.07876906543970108, "jsd": 0.18599259853363037}, "epoch_49": {"ndcg": 0.07849369198083878, "jsd": 0.18546098470687866}, "epoch_50": {"ndcg": 0.07852011173963547, "jsd": 0.1847938895225525}, "epoch_51": {"ndcg": 0.07828912883996964, "jsd": 0.18439415097236633}, "epoch_52": {"ndcg": 0.07825345546007156, "jsd": 0.18359462916851044}, "epoch_53": {"ndcg": 0.07819987088441849, "jsd": 0.182997465133667}, "epoch_54": {"ndcg": 0.07810886204242706, "jsd": 0.18230073153972626}, "epoch_55": {"ndcg": 0.07792197167873383, "jsd": 0.18146933615207672}, "epoch_56": {"ndcg": 0.07772553712129593, "jsd": 0.18103019893169403}, "epoch_57": {"ndcg": 0.07764717191457748, "jsd": 0.18041636049747467}, "epoch_58": {"ndcg": 0.07748351246118546, "jsd": 0.17987574636936188}, "epoch_59": {"ndcg": 0.07744143158197403, "jsd": 0.17937152087688446}, "epoch_60": {"ndcg": 0.07718569785356522, "jsd": 0.17883576452732086}, "epoch_61": {"ndcg": 0.07711560279130936, "jsd": 0.17819218337535858}, "epoch_62": {"ndcg": 0.07703904807567596, "jsd": 0.17773811519145966}, "epoch_63": {"ndcg": 0.07666314393281937, "jsd": 0.17730726301670074}, "epoch_64": {"ndcg": 0.07645601779222488, "jsd": 0.17661692202091217}, "epoch_65": {"ndcg": 0.07651681452989578, "jsd": 0.17620126903057098}, "epoch_66": {"ndcg": 0.07644513249397278, "jsd": 0.17556503415107727}, "epoch_67": {"ndcg": 0.07627185434103012, "jsd": 0.17512944340705872}, "epoch_68": {"ndcg": 0.07613411545753479, "jsd": 0.1746663600206375}, "epoch_69": {"ndcg": 0.07609965652227402, "jsd": 0.17418356239795685}, "epoch_70": {"ndcg": 0.07598751038312912, "jsd": 0.17372137308120728}, "epoch_71": {"ndcg": 0.07598922401666641, "jsd": 0.1732088327407837}, "epoch_72": {"ndcg": 0.07598413527011871, "jsd": 0.17274178564548492}, "epoch_73": {"ndcg": 0.07589460909366608, "jsd": 0.17247648537158966}, "epoch_74": {"ndcg": 0.07582636922597885, "jsd": 0.17194131016731262}, "epoch_75": {"ndcg": 0.07561701536178589, "jsd": 0.1712999790906906}, "epoch_76": {"ndcg": 0.07560375332832336, "jsd": 0.17050786316394806}, "epoch_77": {"ndcg": 0.07551217079162598, "jsd": 0.1700037568807602}, "epoch_78": {"ndcg": 0.07538437098264694, "jsd": 0.16939903795719147}, "epoch_79": {"ndcg": 0.07542246580123901, "jsd": 0.16901221871376038}, "epoch_80": {"ndcg": 0.07521644979715347, "jsd": 0.1684333235025406}, "epoch_81": {"ndcg": 0.07525884360074997, "jsd": 0.16787073016166687}, "epoch_82": {"ndcg": 0.07533719390630722, "jsd": 0.1672709584236145}, "epoch_83": {"ndcg": 0.07542016357183456, "jsd": 0.16689617931842804}, "epoch_84": {"ndcg": 0.07528609037399292, "jsd": 0.1662856489419937}, "epoch_85": {"ndcg": 0.07516219466924667, "jsd": 0.1659209430217743}, "epoch_86": {"ndcg": 0.07507366687059402, "jsd": 0.16541548073291779}, "epoch_87": {"ndcg": 0.0750991553068161, "jsd": 0.1650143712759018}, "epoch_88": {"ndcg": 0.07500419020652771, "jsd": 0.16453832387924194}, "epoch_89": {"ndcg": 0.07509050518274307, "jsd": 0.1642189621925354}, "epoch_90": {"ndcg": 0.07497132569551468, "jsd": 0.1638064682483673}, "epoch_91": {"ndcg": 0.07499348372220993, "jsd": 0.16331252455711365}, "epoch_92": {"ndcg": 0.0750049278140068, "jsd": 0.16284997761249542}, "epoch_93": {"ndcg": 0.07497037947177887, "jsd": 0.1623934656381607}, "epoch_94": {"ndcg": 0.07494255900382996, "jsd": 0.16197726130485535}, "epoch_95": {"ndcg": 0.07487807422876358, "jsd": 0.1616481989622116}, "epoch_96": {"ndcg": 0.07490944117307663, "jsd": 0.16127772629261017}, "epoch_97": {"ndcg": 0.07469384372234344, "jsd": 0.16099636256694794}, "epoch_98": {"ndcg": 0.07471934705972672, "jsd": 0.16052484512329102}, "epoch_99": {"ndcg": 0.07458485662937164, "jsd": 0.1601734310388565}, "epoch_100": {"ndcg": 0.07459545135498047, "jsd": 0.1598350703716278}, "epoch_101": {"ndcg": 0.07449580729007721, "jsd": 0.15951421856880188}, "epoch_102": {"ndcg": 0.07446149736642838, "jsd": 0.1592264175415039}, "epoch_103": {"ndcg": 0.07433991134166718, "jsd": 0.15896262228488922}, "epoch_104": {"ndcg": 0.0742943063378334, "jsd": 0.15837876498699188}, "epoch_105": {"ndcg": 0.07424021512269974, "jsd": 0.15821227431297302}, "epoch_106": {"ndcg": 0.07411734759807587, "jsd": 0.15756849944591522}, "epoch_107": {"ndcg": 0.07420781999826431, "jsd": 0.1573326140642166}, "epoch_108": {"ndcg": 0.07402671128511429, "jsd": 0.1569088101387024}, "epoch_109": {"ndcg": 0.07399564236402512, "jsd": 0.1565667986869812}, "epoch_110": {"ndcg": 0.0738423690199852, "jsd": 0.15621453523635864}, "epoch_111": {"ndcg": 0.07391127943992615, "jsd": 0.15597184002399445}, "epoch_112": {"ndcg": 0.07380180060863495, "jsd": 0.155545175075531}, "epoch_113": {"ndcg": 0.07368447631597519, "jsd": 0.15517987310886383}, "epoch_114": {"ndcg": 0.07373351603746414, "jsd": 0.15492089092731476}, "epoch_115": {"ndcg": 0.07355497777462006, "jsd": 0.15482792258262634}, "epoch_116": {"ndcg": 0.07343073934316635, "jsd": 0.15443336963653564},