{"base_recommendations": {"ndcg": 0.08531249314546585, "jsd": 0.20248612761497498}, "postprocessed": {}, "finetuned": {"epoch_1": {"ndcg": 0.08472783118486404, "jsd": 0.1931159794330597}, "epoch_2": {"ndcg": 0.08354160189628601, "jsd": 0.18169227242469788}, "epoch_3": {"ndcg": 0.08089930564165115, "jsd": 0.17092035710811615}, "epoch_4": {"ndcg": 0.07798131555318832, "jsd": 0.16301287710666656}, "epoch_5": {"ndcg": 0.07581193745136261, "jsd": 0.15788134932518005}, "epoch_6": {"ndcg": 0.07398220151662827, "jsd": 0.15460552275180817}, "epoch_7": {"ndcg": 0.07219965010881424, "jsd": 0.15245848894119263}, "epoch_8": {"ndcg": 0.07070328295230865, "jsd": 0.15113595128059387}, "epoch_9": {"ndcg": 0.0694589614868164, "jsd": 0.15033413469791412}, "epoch_10": {"ndcg": 0.06826615333557129, "jsd": 0.14971671998500824}, "epoch_11": {"ndcg": 0.0673130601644516, "jsd": 0.14962606132030487}}}