{"base_recommendations": {"ndcg": 0.08531249314546585, "jsd": 0.20248612761497498}, "postprocessed": {}, "finetuned": {"epoch_1": {"ndcg": 0.08483424782752991, "jsd": 0.19557587802410126}, "epoch_2": {"ndcg": 0.08452171832323074, "jsd": 0.1860179305076599}, "epoch_3": {"ndcg": 0.08250956237316132, "jsd": 0.1768806278705597}, "epoch_4": {"ndcg": 0.08061730116605759, "jsd": 0.16957493126392365}, "epoch_5": {"ndcg": 0.07892501354217529, "jsd": 0.1635250598192215}, "epoch_6": {"ndcg": 0.07734133303165436, "jsd": 0.15946835279464722}, "epoch_7": {"ndcg": 0.07625291496515274, "jsd": 0.156784325838089}, "epoch_8": {"ndcg": 0.0750482901930809, "jsd": 0.1549181491136551}, "epoch_9": {"ndcg": 0.07416990399360657, "jsd": 0.15357884764671326}, "epoch_10": {"ndcg": 0.07349160313606262, "jsd": 0.15285055339336395}, "epoch_11": {"ndcg": 0.0728829950094223, "jsd": 0.15255220234394073}, "epoch_12": {"ndcg": 0.07214058190584183, "jsd": 0.15245194733142853}, "epoch_13": {"ndcg": 0.07175412774085999, "jsd": 0.15225711464881897}}}