{"base_recommendations": {"ndcg": 0.08531249314546585, "jsd": 0.20248612761497498}, "postprocessed": {}, "finetuned": {"epoch_1": {"ndcg": 0.0840790718793869, "jsd": 0.17984187602996826}, "epoch_2": {"ndcg": 0.08279117941856384, "jsd": 0.15891200304031372}, "epoch_3": {"ndcg": 0.08053254336118698, "jsd": 0.1449032872915268}, "epoch_4": {"ndcg": 0.07853926718235016, "jsd": 0.13623633980751038}, "epoch_5": {"ndcg": 0.07721912860870361, "jsd": 0.13052456080913544}, "epoch_6": {"ndcg": 0.07614363729953766, "jsd": 0.12598875164985657}, "epoch_7": {"ndcg": 0.07516191154718399, "jsd": 0.12211422622203827}, "epoch_8": {"ndcg": 0.07419640570878983, "jsd": 0.11833783984184265}, "epoch_9": {"ndcg": 0.07336120307445526, "jsd": 0.11499027907848358}, "epoch_10": {"ndcg": 0.072703517973423, "jsd": 0.11208631843328476}, "epoch_11": {"ndcg": 0.07222561538219452, "jsd": 0.10965637862682343}, "epoch_12": {"ndcg": 0.07134619355201721, "jsd": 0.10702569037675858}, "epoch_13": {"ndcg": 0.07082138955593109, "jsd": 0.1043720543384552}, "epoch_14": {"ndcg": 0.06999850273132324, "jsd": 0.10253375768661499}, "epoch_15": {"ndcg": 0.06918668001890182, "jsd": 0.10134649276733398}, "epoch_16": {"ndcg": 0.06848528981208801, "jsd": 0.09998840093612671}, "epoch_17": {"ndcg": 0.06785579025745392, "jsd": 0.09956669807434082}, "epoch_18": {"ndcg": 0.06752736866474152, "jsd": 0.09913189709186554}, "epoch_19": {"ndcg": 0.06700892001390457, "jsd": 0.09891260415315628}}}