{"base_recommendations": {"ndcg": 0.08531249314546585, "jsd": 0.20248612761497498}, "postprocessed": {}, "finetuned": {"epoch_1": {"ndcg": 0.0852295532822609, "jsd": 0.201811745762825}, "epoch_2": {"ndcg": 0.08521059155464172, "jsd": 0.20069769024848938}, "epoch_3": {"ndcg": 0.08513100445270538, "jsd": 0.19937701523303986}, "epoch_4": {"ndcg": 0.0850876048207283, "jsd": 0.19829431176185608}, "epoch_5": {"ndcg": 0.08499369770288467, "jsd": 0.1967645287513733}, "epoch_6": {"ndcg": 0.08480741828680038, "jsd": 0.19503198564052582}, "epoch_7": {"ndcg": 0.0845695436000824, "jsd": 0.19366227090358734}, "epoch_8": {"ndcg": 0.08448395878076553, "jsd": 0.1921711415052414}, "epoch_9": {"ndcg": 0.08426284044981003, "jsd": 0.1905398815870285}, "epoch_10": {"ndcg": 0.08417490124702454, "jsd": 0.18930965662002563}, "epoch_11": {"ndcg": 0.08405695855617523, "jsd": 0.18801380693912506}, "epoch_12": {"ndcg": 0.08402534574270248, "jsd": 0.18645411729812622}, "epoch_13": {"ndcg": 0.0837247371673584, "jsd": 0.18519648909568787}, "epoch_14": {"ndcg": 0.0836048424243927, "jsd": 0.18372221291065216}, "epoch_15": {"ndcg": 0.08341001719236374, "jsd": 0.1825016885995865}, "epoch_16": {"ndcg": 0.08324050158262253, "jsd": 0.1807183027267456}, "epoch_17": {"ndcg": 0.08309926092624664, "jsd": 0.17922188341617584}, "epoch_18": {"ndcg": 0.08290446549654007, "jsd": 0.17805112898349762}, "epoch_19": {"ndcg": 0.08275587111711502, "jsd": 0.17686015367507935}, "epoch_20": {"ndcg": 0.0825437679886818, "jsd": 0.175958514213562}, "epoch_21": {"ndcg": 0.08229877054691315, "jsd": 0.17502644658088684}, "epoch_22": {"ndcg": 0.08222636580467224, "jsd": 0.17399801313877106}, "epoch_23": {"ndcg": 0.08199262619018555, "jsd": 0.17295274138450623}, "epoch_24": {"ndcg": 0.08203043043613434, "jsd": 0.17203302681446075}, "epoch_25": {"ndcg": 0.0817381739616394, "jsd": 0.1711043268442154}, "epoch_26": {"ndcg": 0.08153896033763885, "jsd": 0.17010295391082764}, "epoch_27": {"ndcg": 0.08146406710147858, "jsd": 0.1691035032272339}, "epoch_28": {"ndcg": 0.08134381473064423, "jsd": 0.168276846408844}, "epoch_29": {"ndcg": 0.08111018687486649, "jsd": 0.16730724275112152}, "epoch_30": {"ndcg": 0.08080965280532837, "jsd": 0.1663389801979065}, "epoch_31": {"ndcg": 0.08053748309612274, "jsd": 0.1655350774526596}, "epoch_32": {"ndcg": 0.08027786761522293, "jsd": 0.16458547115325928}, "epoch_33": {"ndcg": 0.08003269135951996, "jsd": 0.1634853631258011}, "epoch_34": {"ndcg": 0.0797325074672699, "jsd": 0.16262850165367126}, "epoch_35": {"ndcg": 0.07940346747636795, "jsd": 0.16174273192882538}, "epoch_36": {"ndcg": 0.07904355227947235, "jsd": 0.16084608435630798}, "epoch_37": {"ndcg": 0.07896420359611511, "jsd": 0.16005611419677734}, "epoch_38": {"ndcg": 0.07868613302707672, "jsd": 0.15922464430332184}, "epoch_39": {"ndcg": 0.07860758155584335, "jsd": 0.1584969013929367}, "epoch_40": {"ndcg": 0.0784115195274353, "jsd": 0.15786397457122803}, "epoch_41": {"ndcg": 0.07823502272367477, "jsd": 0.15698589384555817}, "epoch_42": {"ndcg": 0.07803863286972046, "jsd": 0.15645237267017365}, "epoch_43": {"ndcg": 0.07784230262041092, "jsd": 0.15573114156723022}, "epoch_44": {"ndcg": 0.07748565822839737, "jsd": 0.15494921803474426}, "epoch_45": {"ndcg": 0.077320396900177, "jsd": 0.1544962227344513}, "epoch_46": {"ndcg": 0.07720740884542465, "jsd": 0.15377436578273773}, "epoch_47": {"ndcg": 0.07701121270656586, "jsd": 0.1531280130147934}, "epoch_48": {"ndcg": 0.07680720835924149, "jsd": 0.15249891579151154}, "epoch_49": {"ndcg": 0.07653778791427612, "jsd": 0.1520884782075882}, "epoch_50": {"ndcg": 0.0763985738158226, "jsd": 0.1515703648328781}, "epoch_51": {"ndcg": 0.07620265334844589, "jsd": 0.15098734200000763}, "epoch_52": {"ndcg": 0.07598276436328888, "jsd": 0.15047460794448853}, "epoch_53": {"ndcg": 0.0758848786354065, "jsd": 0.14963743090629578}, "epoch_54": {"ndcg": 0.07564285397529602, "jsd": 0.14898771047592163}, "epoch_55": {"ndcg": 0.07531260699033737, "jsd": 0.1484905183315277}, "epoch_56": {"ndcg": 0.07511496543884277, "jsd": 0.14775718748569489}, "epoch_57": {"ndcg": 0.07488633692264557, "jsd": 0.14711536467075348}, "epoch_58": {"ndcg": 0.07452129572629929, "jsd": 0.1467517912387848}, "epoch_59": {"ndcg": 0.07431440055370331, "jsd": 0.14599885046482086}, "epoch_60": {"ndcg": 0.07408575713634491, "jsd": 0.14543704688549042}, "epoch_61": {"ndcg": 0.07374673336744308, "jsd": 0.14476560056209564}, "epoch_62": {"ndcg": 0.0734541118144989, "jsd": 0.14422579109668732}, "epoch_63": {"ndcg": 0.0731644332408905, "jsd": 0.14362366497516632}, "epoch_64": {"ndcg": 0.07300294190645218, "jsd": 0.14322398602962494}, "epoch_65": {"ndcg": 0.07277394831180573, "jsd": 0.14297562837600708}, "epoch_66": {"ndcg": 0.07242085039615631, "jsd": 0.1423337757587433}, "epoch_67": {"ndcg": 0.0722397193312645, "jsd": 0.14192792773246765}, "epoch_68": {"ndcg": 0.07210131734609604, "jsd": 0.14131221175193787}, "epoch_69": {"ndcg": 0.07183041423559189, "jsd": 0.14084917306900024}, "epoch_70": {"ndcg": 0.07161392271518707, "jsd": 0.14025452733039856}, "epoch_71": {"ndcg": 0.07145793735980988, "jsd": 0.13967788219451904}, "epoch_72": {"ndcg": 0.07123435288667679, "jsd": 0.13942235708236694}, "epoch_73": {"ndcg": 0.07109665125608444, "jsd": 0.13911227881908417}, "epoch_74": {"ndcg": 0.0708867758512497, "jsd": 0.13875754177570343}, "epoch_75": {"ndcg": 0.07063539326190948, "jsd": 0.13824336230754852}, "epoch_76": {"ndcg": 0.07030656188726425, "jsd": 0.13801103830337524}, "epoch_77": {"ndcg": 0.0701342299580574, "jsd": 0.13765498995780945}, "epoch_78": {"ndcg": 0.06981855630874634, "jsd": 0.13717640936374664}, "epoch_79": {"ndcg": 0.06970972567796707, "jsd": 0.13681532442569733}, "epoch_80": {"ndcg": 0.06935818493366241, "jsd": 0.13644349575042725}, "epoch_81": {"ndcg": 0.06909981369972229, "jsd": 0.1360674351453781}, "epoch_82": {"ndcg": 0.06897685676813126, "jsd": 0.1356615573167801}, "epoch_83": {"ndcg": 0.06876350194215775, "jsd": 0.13529743254184723}, "epoch_84": {"ndcg": 0.06853315234184265, "jsd": 0.13482333719730377}, "epoch_85": {"ndcg": 0.06837410479784012, "jsd": 0.13456697762012482}, "epoch_86": {"ndcg": 0.06785185635089874, "jsd": 0.13424429297447205}, "epoch_87": {"ndcg": 0.06771795451641083, "jsd": 0.13386397063732147}, "epoch_88": {"ndcg": 0.06757587939500809, "jsd": 0.13351596891880035}, "epoch_89": {"ndcg": 0.0672667920589447, "jsd": 0.13308514654636383}, "epoch_90": {"ndcg": 0.06704193353652954, "jsd": 0.13263970613479614}, "epoch_91": {"ndcg": 0.0669063925743103, "jsd": 0.13214220106601715}, "epoch_92": {"ndcg": 0.06663878262042999, "jsd": 0.13203389942646027}, "epoch_93": {"ndcg": 0.06660481542348862, "jsd": 0.13178513944149017}, "epoch_94": {"ndcg": 0.06639807671308517, "jsd": 0.13138477504253387}, "epoch_95": {"ndcg": 0.06622802466154099, "jsd": 0.13090963661670685}, "epoch_96": {"ndcg": 0.0660071149468422, "jsd": 0.130575492978096}, "epoch_97": {"ndcg": 0.06594056636095047, "jsd": 0.13020773231983185}, "epoch_98": {"ndcg": 0.06562021374702454, "jsd": 0.1300935298204422}, "epoch_99": {"ndcg": 0.06554451584815979, "jsd": 0.1297147423028946}, "epoch_100": {"ndcg": 0.06515698879957199, "jsd": 0.12931306660175323}, "epoch_101": {"ndcg": 0.0650976374745369, "jsd": 0.129062220454216}, "epoch_102": {"ndcg": 0.06497219949960709, "jsd": 0.12864746153354645}, "epoch_103": {"ndcg": 0.06491001695394516, "jsd": 0.12850883603096008}, "epoch_104": {"ndcg": 0.06492453813552856, "jsd": 0.12830351293087006}, "epoch_105": {"ndcg": 0.06459646672010422, "jsd": 0.12803997099399567}, "epoch_106": {"ndcg": 0.06447038799524307, "jsd": 0.127651646733284}, "epoch_107": {"ndcg": 0.06427926570177078, "jsd": 0.1274041384458542}, "epoch_108": {"ndcg": 0.06400083750486374, "jsd": 0.127186119556427}, "epoch_109": {"ndcg": 0.06388374418020248, "jsd": 0.12686468660831451}, "epoch_110": {"ndcg": 0.06363432854413986, "jsd": 0.12652762234210968}, "epoch_111": {"ndcg": 0.06360365450382233, "jsd": 0.1261972188949585}, "epoch_112": {"ndcg": 0.06349415332078934,