{"base_recommendations": {"ndcg": 0.08531249314546585, "jsd": 0.20248612761497498}, "postprocessed": {}, "finetuned": {"epoch_1": {"ndcg": 0.08528269827365875, "jsd": 0.20168037712574005}, "epoch_2": {"ndcg": 0.08521715551614761, "jsd": 0.20036989450454712}, "epoch_3": {"ndcg": 0.08510985970497131, "jsd": 0.1986670345067978}, "epoch_4": {"ndcg": 0.0849854052066803, "jsd": 0.19690874218940735}, "epoch_5": {"ndcg": 0.08491013199090958, "jsd": 0.19467635452747345}, "epoch_6": {"ndcg": 0.08502262085676193, "jsd": 0.1925765722990036}, "epoch_7": {"ndcg": 0.08505741506814957, "jsd": 0.19059881567955017}, "epoch_8": {"ndcg": 0.0850110873579979, "jsd": 0.18859514594078064}, "epoch_9": {"ndcg": 0.08478400856256485, "jsd": 0.18681855499744415}, "epoch_10": {"ndcg": 0.08452217280864716, "jsd": 0.18500980734825134}, "epoch_11": {"ndcg": 0.08441422134637833, "jsd": 0.18333205580711365}, "epoch_12": {"ndcg": 0.08439052104949951, "jsd": 0.1815379410982132}, "epoch_13": {"ndcg": 0.08426687866449356, "jsd": 0.17990809679031372}, "epoch_14": {"ndcg": 0.08404283225536346, "jsd": 0.17836463451385498}, "epoch_15": {"ndcg": 0.083924800157547, "jsd": 0.1767168939113617}, "epoch_16": {"ndcg": 0.08387790620326996, "jsd": 0.17499388754367828}, "epoch_17": {"ndcg": 0.0837433859705925, "jsd": 0.17364384233951569}, "epoch_18": {"ndcg": 0.08356674760580063, "jsd": 0.17215527594089508}, "epoch_19": {"ndcg": 0.08342613279819489, "jsd": 0.17086376249790192}, "epoch_20": {"ndcg": 0.08329340070486069, "jsd": 0.1696302592754364}, "epoch_21": {"ndcg": 0.08304420858621597, "jsd": 0.1685802936553955}, "epoch_22": {"ndcg": 0.08299445360898972, "jsd": 0.1671435832977295}, "epoch_23": {"ndcg": 0.08299542218446732, "jsd": 0.16607846319675446}, "epoch_24": {"ndcg": 0.08274801820516586, "jsd": 0.1650027483701706}, "epoch_25": {"ndcg": 0.08267918229103088, "jsd": 0.16397351026535034}, "epoch_26": {"ndcg": 0.08245302736759186, "jsd": 0.16283349692821503}, "epoch_27": {"ndcg": 0.08233770728111267, "jsd": 0.16189032793045044}, "epoch_28": {"ndcg": 0.0821770578622818, "jsd": 0.16071859002113342}, "epoch_29": {"ndcg": 0.0819920003414154, "jsd": 0.15963353216648102}, "epoch_30": {"ndcg": 0.08193396031856537, "jsd": 0.15847985446453094}, "epoch_31": {"ndcg": 0.0817372053861618, "jsd": 0.1575051248073578}, "epoch_32": {"ndcg": 0.08157267421483994, "jsd": 0.15653719007968903}, "epoch_33": {"ndcg": 0.08136443793773651, "jsd": 0.1555074006319046}, "epoch_34": {"ndcg": 0.0813048705458641, "jsd": 0.15459738671779633}, "epoch_35": {"ndcg": 0.08123140037059784, "jsd": 0.15372249484062195}, "epoch_36": {"ndcg": 0.08100868761539459, "jsd": 0.15285705029964447}, "epoch_37": {"ndcg": 0.08085986226797104, "jsd": 0.15201373398303986}, "epoch_38": {"ndcg": 0.08061318844556808, "jsd": 0.15102116763591766}, "epoch_39": {"ndcg": 0.08027423173189163, "jsd": 0.15032650530338287}, "epoch_40": {"ndcg": 0.08008832484483719, "jsd": 0.14951060712337494}, "epoch_41": {"ndcg": 0.07995414733886719, "jsd": 0.14874307811260223}, "epoch_42": {"ndcg": 0.07982750982046127, "jsd": 0.14793901145458221}, "epoch_43": {"ndcg": 0.07979986071586609, "jsd": 0.14718014001846313}, "epoch_44": {"ndcg": 0.07954691350460052, "jsd": 0.1465734839439392}, "epoch_45": {"ndcg": 0.07939573377370834, "jsd": 0.1459394097328186}, "epoch_46": {"ndcg": 0.07923945039510727, "jsd": 0.1451585441827774}, "epoch_47": {"ndcg": 0.07913681864738464, "jsd": 0.14463679492473602}, "epoch_48": {"ndcg": 0.07891067117452621, "jsd": 0.14395658671855927}, "epoch_49": {"ndcg": 0.07880914956331253, "jsd": 0.1433141529560089}, "epoch_50": {"ndcg": 0.07863759994506836, "jsd": 0.14249324798583984}, "epoch_51": {"ndcg": 0.07846858352422714, "jsd": 0.14205460250377655}, "epoch_52": {"ndcg": 0.07827174663543701, "jsd": 0.14141573011875153}, "epoch_53": {"ndcg": 0.07826890051364899, "jsd": 0.14083372056484222}, "epoch_54": {"ndcg": 0.0780269205570221, "jsd": 0.14030258357524872}, "epoch_55": {"ndcg": 0.07775568217039108, "jsd": 0.13985159993171692}, "epoch_56": {"ndcg": 0.07770241796970367, "jsd": 0.1392783522605896}, "epoch_57": {"ndcg": 0.07745731621980667, "jsd": 0.13868314027786255}, "epoch_58": {"ndcg": 0.077391617000103, "jsd": 0.13834556937217712}, "epoch_59": {"ndcg": 0.07709618657827377, "jsd": 0.13774867355823517}, "epoch_60": {"ndcg": 0.0769990086555481, "jsd": 0.1371171772480011}, "epoch_61": {"ndcg": 0.07683572918176651, "jsd": 0.13663926720619202}, "epoch_62": {"ndcg": 0.07666754722595215, "jsd": 0.1360916942358017}, "epoch_63": {"ndcg": 0.07653055340051651, "jsd": 0.13565561175346375}, "epoch_64": {"ndcg": 0.0763954222202301, "jsd": 0.1353754848241806}, "epoch_65": {"ndcg": 0.07613910734653473, "jsd": 0.13494203984737396}, "epoch_66": {"ndcg": 0.07601172477006912, "jsd": 0.13446249067783356}, "epoch_67": {"ndcg": 0.0757506713271141, "jsd": 0.13404296338558197}, "epoch_68": {"ndcg": 0.0756220743060112, "jsd": 0.13368728756904602}, "epoch_69": {"ndcg": 0.07559221982955933, "jsd": 0.13337627053260803}, "epoch_70": {"ndcg": 0.0753137543797493, "jsd": 0.1328914910554886}, "epoch_71": {"ndcg": 0.07524905353784561, "jsd": 0.13260193169116974}, "epoch_72": {"ndcg": 0.0751601830124855, "jsd": 0.13222260773181915}, "epoch_73": {"ndcg": 0.07497761398553848, "jsd": 0.13195061683654785}, "epoch_74": {"ndcg": 0.07485353201627731, "jsd": 0.13152554631233215}, "epoch_75": {"ndcg": 0.07474689930677414, "jsd": 0.13120028376579285}, "epoch_76": {"ndcg": 0.07456863671541214, "jsd": 0.13081668317317963}, "epoch_77": {"ndcg": 0.07447517663240433, "jsd": 0.13060040771961212}, "epoch_78": {"ndcg": 0.07439817488193512, "jsd": 0.13021384179592133}, "epoch_79": {"ndcg": 0.07411956042051315, "jsd": 0.12961624562740326}, "epoch_80": {"ndcg": 0.0739385336637497, "jsd": 0.12940943241119385}, "epoch_81": {"ndcg": 0.07388170063495636, "jsd": 0.1290251910686493}, "epoch_82": {"ndcg": 0.07363801449537277, "jsd": 0.12877419590950012}, "epoch_83": {"ndcg": 0.07356996089220047, "jsd": 0.12843678891658783}, "epoch_84": {"ndcg": 0.07344518601894379, "jsd": 0.12821684777736664}, "epoch_85": {"ndcg": 0.07337705045938492, "jsd": 0.12793192267417908}, "epoch_86": {"ndcg": 0.07314430177211761, "jsd": 0.12758181989192963}, "epoch_87": {"ndcg": 0.07306525856256485, "jsd": 0.12734460830688477}, "epoch_88": {"ndcg": 0.07284286618232727, "jsd": 0.1270458996295929}, "epoch_89": {"ndcg": 0.07281564176082611, "jsd": 0.12678195536136627}, "epoch_90": {"ndcg": 0.07262309640645981, "jsd": 0.12657038867473602}, "epoch_91": {"ndcg": 0.0725536122918129, "jsd": 0.12639223039150238}, "epoch_92": {"ndcg": 0.0723559632897377, "jsd": 0.12589718401432037}, "epoch_94": {"ndcg": 0.07230808585882187, "jsd": 0.1256323754787445}, "epoch_95": {"ndcg": 0.07218588143587112, "jsd": 0.12540976703166962}, "epoch_96": {"ndcg": 0.07208087295293808, "jsd": 0.12516263127326965}, "epoch_97": {"ndcg": 0.07187332957983017, "jsd": 0.1250801682472229}, "epoch_98": {"ndcg": 0.07166019827127457, "jsd": 0.1247967854142189}, "epoch_99": {"ndcg": 0.07165797054767609, "jsd": 0.12454953789710999}, "epoch_100": {"ndcg": 0.07139105349779129, "jsd": 0.12430630624294281}, "epoch_102": {"ndcg": 0.07127229869365692, "jsd": 0.12402676045894623}, "epoch_103": {"ndcg": 0.07103992998600006, "jsd": 0.12381117790937424}, "epoch_104": {"ndcg": 0.07105080783367157, "jsd": 0.12365518510341644}, "epoch_105": {"ndcg": 0.07088170945644379, "jsd": 0.12353604286909103}, "epoch_106": {"ndcg": 0.07080714404582977, "jsd": 0.12330624461174011}, "epoch_107": {"ndcg": 0.07067485898733139, "jsd": 0.12322604656219482}, "epoch_108": {"ndcg": 0.07059444487094879, "jsd": 0.12305372208356857}, "epoch_109": {"ndcg": 0.07048766314983368, "jsd": 0.12295544892549515}, "epoch_110": {"ndcg": 0.0703466609120369, "jsd": 0.12286804616451263}, "epoch_111": {"ndcg": 0.07031576335430145, "jsd": 0.12270663678646088}, "epoch_112": {"ndcg": 0.07023120671510696, "jsd": 0.12264975160360336}, "epoch_113": {"ndcg": 0.07007969170808792, "jsd": 0.12237927317619324}, "epoch_114": {"ndcg": 0.07010098546743393,