{"base_recommendations": {"ndcg": 0.08531249314546585, "jsd": 0.20248612761497498}, "postprocessed": {}, "finetuned": {"epoch_1": {"ndcg": 0.08528852462768555, "jsd": 0.2016717940568924}, "epoch_2": {"ndcg": 0.08522462099790573, "jsd": 0.20034125447273254}, "epoch_3": {"ndcg": 0.08520664274692535, "jsd": 0.1986282616853714}, "epoch_4": {"ndcg": 0.08521605283021927, "jsd": 0.19697590172290802}, "epoch_5": {"ndcg": 0.08515918254852295, "jsd": 0.1948653906583786}, "epoch_6": {"ndcg": 0.08520190417766571, "jsd": 0.19269561767578125}, "epoch_7": {"ndcg": 0.08529288321733475, "jsd": 0.19053281843662262}, "epoch_8": {"ndcg": 0.08507294952869415, "jsd": 0.18868160247802734}, "epoch_9": {"ndcg": 0.0849195346236229, "jsd": 0.186985045671463}, "epoch_10": {"ndcg": 0.08477900177240372, "jsd": 0.18505685031414032}, "epoch_11": {"ndcg": 0.08453875035047531, "jsd": 0.18349722027778625}, "epoch_12": {"ndcg": 0.08455840498209, "jsd": 0.18151934444904327}, "epoch_13": {"ndcg": 0.08479705452919006, "jsd": 0.17960187792778015}, "epoch_14": {"ndcg": 0.08473755419254303, "jsd": 0.1779194325208664}, "epoch_15": {"ndcg": 0.08455553650856018, "jsd": 0.17623703181743622}, "epoch_16": {"ndcg": 0.08438634872436523, "jsd": 0.17463751137256622}, "epoch_17": {"ndcg": 0.08430545777082443, "jsd": 0.17311957478523254}, "epoch_18": {"ndcg": 0.08428435027599335, "jsd": 0.17177538573741913}, "epoch_19": {"ndcg": 0.08410944044589996, "jsd": 0.1702355146408081}, "epoch_20": {"ndcg": 0.08389640599489212, "jsd": 0.16898488998413086}, "epoch_21": {"ndcg": 0.08376625180244446, "jsd": 0.167735293507576}, "epoch_22": {"ndcg": 0.08369465917348862, "jsd": 0.16676461696624756}, "epoch_23": {"ndcg": 0.08345463126897812, "jsd": 0.16558082401752472}, "epoch_24": {"ndcg": 0.08336017280817032, "jsd": 0.1643795520067215}, "epoch_25": {"ndcg": 0.08336369693279266, "jsd": 0.16307196021080017}, "epoch_26": {"ndcg": 0.0832393690943718, "jsd": 0.16181297600269318}, "epoch_27": {"ndcg": 0.08312585949897766, "jsd": 0.16087977588176727}, "epoch_28": {"ndcg": 0.08299662172794342, "jsd": 0.15997855365276337}, "epoch_29": {"ndcg": 0.0828167051076889, "jsd": 0.15912143886089325}, "epoch_30": {"ndcg": 0.0826699361205101, "jsd": 0.1581241637468338}, "epoch_31": {"ndcg": 0.0826859176158905, "jsd": 0.15709719061851501}, "epoch_32": {"ndcg": 0.08257696032524109, "jsd": 0.1560715287923813}, "epoch_33": {"ndcg": 0.0823102816939354, "jsd": 0.1551269292831421}, "epoch_34": {"ndcg": 0.08223411440849304, "jsd": 0.15420930087566376}, "epoch_35": {"ndcg": 0.08200223743915558, "jsd": 0.15341056883335114}, "epoch_36": {"ndcg": 0.08203721046447754, "jsd": 0.1527603566646576}, "epoch_37": {"ndcg": 0.08181508630514145, "jsd": 0.15181347727775574}, "epoch_38": {"ndcg": 0.0817376896739006, "jsd": 0.1509575992822647}, "epoch_39": {"ndcg": 0.08157528936862946, "jsd": 0.150181382894516}, "epoch_40": {"ndcg": 0.08148249238729477, "jsd": 0.14952783286571503}, "epoch_41": {"ndcg": 0.08139912039041519, "jsd": 0.1489386409521103}, "epoch_42": {"ndcg": 0.08127810060977936, "jsd": 0.14828725159168243}, "epoch_43": {"ndcg": 0.0811200961470604, "jsd": 0.14756429195404053}, "epoch_44": {"ndcg": 0.08108409494161606, "jsd": 0.1467887908220291}, "epoch_45": {"ndcg": 0.08094809949398041, "jsd": 0.1460827738046646}, "epoch_46": {"ndcg": 0.0808800756931305, "jsd": 0.1455225795507431}, "epoch_47": {"ndcg": 0.08074547350406647, "jsd": 0.1448678970336914}, "epoch_48": {"ndcg": 0.08058786392211914, "jsd": 0.14445514976978302}, "epoch_49": {"ndcg": 0.08042125403881073, "jsd": 0.1437073051929474}, "epoch_50": {"ndcg": 0.08041135966777802, "jsd": 0.14323312044143677}, "epoch_51": {"ndcg": 0.0802234634757042, "jsd": 0.14276212453842163}, "epoch_52": {"ndcg": 0.08018786460161209, "jsd": 0.14218348264694214}, "epoch_53": {"ndcg": 0.0799781084060669, "jsd": 0.14171308279037476}, "epoch_54": {"ndcg": 0.0799320712685585, "jsd": 0.14115695655345917}, "epoch_55": {"ndcg": 0.07978007197380066, "jsd": 0.1408040076494217}, "epoch_56": {"ndcg": 0.07959242910146713, "jsd": 0.1402355581521988}, "epoch_57": {"ndcg": 0.07961168885231018, "jsd": 0.13984937965869904}, "epoch_58": {"ndcg": 0.07949075847864151, "jsd": 0.13938955962657928}, "epoch_59": {"ndcg": 0.07941674441099167, "jsd": 0.13909004628658295}, "epoch_60": {"ndcg": 0.07919582724571228, "jsd": 0.13869045674800873}, "epoch_61": {"ndcg": 0.07911963015794754, "jsd": 0.1383865475654602}, "epoch_62": {"ndcg": 0.07897050678730011, "jsd": 0.1380605250597}, "epoch_63": {"ndcg": 0.07883009314537048, "jsd": 0.13776768743991852}, "epoch_64": {"ndcg": 0.07863836735486984, "jsd": 0.1374797821044922}, "epoch_65": {"ndcg": 0.07847954332828522, "jsd": 0.1372530162334442}, "epoch_66": {"ndcg": 0.07835454493761063, "jsd": 0.1370164006948471}, "epoch_67": {"ndcg": 0.07836785912513733, "jsd": 0.13684558868408203}, "epoch_68": {"ndcg": 0.07809162139892578, "jsd": 0.1365472376346588}, "epoch_69": {"ndcg": 0.07800287008285522, "jsd": 0.13637806475162506}, "epoch_70": {"ndcg": 0.07800859957933426, "jsd": 0.1361292451620102}, "epoch_71": {"ndcg": 0.07798805832862854, "jsd": 0.13584738969802856}, "epoch_72": {"ndcg": 0.07785813510417938, "jsd": 0.13558483123779297}, "epoch_73": {"ndcg": 0.07784686237573624, "jsd": 0.1353949010372162}, "epoch_74": {"ndcg": 0.07770734280347824, "jsd": 0.13513921201229095}, "epoch_75": {"ndcg": 0.07762288302183151, "jsd": 0.13508903980255127}, "epoch_76": {"ndcg": 0.07761316746473312, "jsd": 0.1346830427646637}, "epoch_77": {"ndcg": 0.07742895185947418, "jsd": 0.1345674842596054}, "epoch_78": {"ndcg": 0.07737258821725845, "jsd": 0.1343645304441452}, "epoch_79": {"ndcg": 0.07732834666967392, "jsd": 0.13414865732192993}, "epoch_80": {"ndcg": 0.07729746401309967, "jsd": 0.13401548564434052}, "epoch_81": {"ndcg": 0.07706392556428909, "jsd": 0.13386154174804688}, "epoch_82": {"ndcg": 0.07719524949789047, "jsd": 0.13384200632572174}, "epoch_83": {"ndcg": 0.07708249986171722, "jsd": 0.13356760144233704}, "epoch_84": {"ndcg": 0.0770861804485321, "jsd": 0.1334216147661209}, "epoch_85": {"ndcg": 0.07688602060079575, "jsd": 0.13318346440792084}, "epoch_86": {"ndcg": 0.07691226154565811, "jsd": 0.13305014371871948}, "epoch_87": {"ndcg": 0.07685274630784988, "jsd": 0.13279618322849274}, "epoch_88": {"ndcg": 0.07669892907142639, "jsd": 0.13271677494049072}, "epoch_89": {"ndcg": 0.07656776905059814, "jsd": 0.13242298364639282}, "epoch_91": {"ndcg": 0.07644619047641754, "jsd": 0.1321488916873932}, "epoch_92": {"ndcg": 0.07638184726238251, "jsd": 0.1320093423128128}, "epoch_93": {"ndcg": 0.07641852647066116, "jsd": 0.1319517344236374}, "epoch_94": {"ndcg": 0.07622882723808289, "jsd": 0.13177107274532318}, "epoch_96": {"ndcg": 0.07608549296855927, "jsd": 0.13166701793670654}, "epoch_97": {"ndcg": 0.0760287418961525, "jsd": 0.13157673180103302}, "epoch_98": {"ndcg": 0.07601739466190338, "jsd": 0.13144811987876892}, "epoch_100": {"ndcg": 0.07590702921152115, "jsd": 0.13129569590091705}, "epoch_101": {"ndcg": 0.07582883536815643, "jsd": 0.13128426671028137}, "epoch_102": {"ndcg": 0.07588433474302292, "jsd": 0.13125762343406677}, "epoch_103": {"ndcg": 0.07573900371789932, "jsd": 0.13105349242687225}, "epoch_104": {"ndcg": 0.07568421214818954, "jsd": 0.13099274039268494}, "epoch_105": {"ndcg": 0.07570139318704605, "jsd": 0.1309645026922226}, "epoch_106": {"ndcg": 0.07561790198087692, "jsd": 0.13084717094898224}, "epoch_107": {"ndcg": 0.07569535821676254, "jsd": 0.1308221071958542}, "epoch_109": {"ndcg": 0.07531722635030746, "jsd": 0.1307627409696579}, "epoch_110": {"ndcg": 0.07544630765914917, "jsd": 0.1307450383901596}, "epoch_112": {"ndcg": 0.07517844438552856, "jsd": 0.1307375580072403}, "epoch_113": {"ndcg": 0.07520762085914612, "jsd": 0.13069094717502594}, "epoch_119": {"ndcg": 0.07472041994333267, "jsd": 0.13068760931491852}, "epoch_120": {"ndcg": 0.07464390993118286, "jsd": 0.13054651021957397}}}