{"base_recommendations": {"ndcg": 0.08531249314546585, "jsd": 0.20248612761497498}, "postprocessed": {}, "finetuned": {"epoch_1": {"ndcg": 0.08411867171525955, "jsd": 0.18085798621177673}, "epoch_2": {"ndcg": 0.08293374627828598, "jsd": 0.1602448970079422}, "epoch_3": {"ndcg": 0.0812954381108284, "jsd": 0.14624810218811035}, "epoch_4": {"ndcg": 0.0795237123966217, "jsd": 0.13815687596797943}, "epoch_5": {"ndcg": 0.07857168465852737, "jsd": 0.13231724500656128}, "epoch_6": {"ndcg": 0.07789798080921173, "jsd": 0.12750406563282013}, "epoch_7": {"ndcg": 0.07718940824270248, "jsd": 0.12456002831459045}, "epoch_8": {"ndcg": 0.07644616067409515, "jsd": 0.12152080982923508}, "epoch_9": {"ndcg": 0.07588792592287064, "jsd": 0.1187986508011818}, "epoch_10": {"ndcg": 0.07546252012252808, "jsd": 0.11688282340765}, "epoch_11": {"ndcg": 0.07503952085971832, "jsd": 0.11495796591043472}, "epoch_12": {"ndcg": 0.07441643625497818, "jsd": 0.11317075788974762}, "epoch_13": {"ndcg": 0.07381879538297653, "jsd": 0.1115608885884285}, "epoch_14": {"ndcg": 0.07362214475870132, "jsd": 0.11074664443731308}, "epoch_15": {"ndcg": 0.07316397875547409, "jsd": 0.11019878834486008}, "epoch_16": {"ndcg": 0.07274247705936432, "jsd": 0.10980133712291718}}}