{"base_recommendations": {"ndcg": 0.08531249314546585, "jsd": 0.20248612761497498}, "postprocessed": {}, "finetuned": {"epoch_1": {"ndcg": 0.08531836420297623, "jsd": 0.20141340792179108}, "epoch_2": {"ndcg": 0.08529247343540192, "jsd": 0.19934339821338654}, "epoch_3": {"ndcg": 0.08547034114599228, "jsd": 0.19695842266082764}, "epoch_4": {"ndcg": 0.08562320470809937, "jsd": 0.1946372240781784}, "epoch_5": {"ndcg": 0.08560936897993088, "jsd": 0.1917991191148758}, "epoch_6": {"ndcg": 0.08564622700214386, "jsd": 0.18895719945430756}, "epoch_7": {"ndcg": 0.0857706293463707, "jsd": 0.18637798726558685}, "epoch_8": {"ndcg": 0.0857275128364563, "jsd": 0.1838224232196808}, "epoch_9": {"ndcg": 0.08554649353027344, "jsd": 0.18142111599445343}, "epoch_10": {"ndcg": 0.08528173714876175, "jsd": 0.17886477708816528}, "epoch_11": {"ndcg": 0.08542998880147934, "jsd": 0.1762208789587021}, "epoch_12": {"ndcg": 0.0854935497045517, "jsd": 0.1742793470621109}, "epoch_13": {"ndcg": 0.08546113222837448, "jsd": 0.1719963550567627}, "epoch_14": {"ndcg": 0.08551643043756485, "jsd": 0.17007331550121307}, "epoch_15": {"ndcg": 0.08554168790578842, "jsd": 0.16787299513816833}, "epoch_16": {"ndcg": 0.0855942964553833, "jsd": 0.16575998067855835}, "epoch_17": {"ndcg": 0.08554760366678238, "jsd": 0.1637226641178131}, "epoch_18": {"ndcg": 0.08554637432098389, "jsd": 0.1618313193321228}, "epoch_19": {"ndcg": 0.08541931211948395, "jsd": 0.16014304757118225}, "epoch_20": {"ndcg": 0.08553220331668854, "jsd": 0.15851379930973053}, "epoch_21": {"ndcg": 0.08563148975372314, "jsd": 0.15693357586860657}, "epoch_22": {"ndcg": 0.08568409085273743, "jsd": 0.1556372195482254}, "epoch_23": {"ndcg": 0.08567069470882416, "jsd": 0.15414124727249146}, "epoch_24": {"ndcg": 0.08553513139486313, "jsd": 0.1528296321630478}, "epoch_25": {"ndcg": 0.08557120710611343, "jsd": 0.15140533447265625}, "epoch_26": {"ndcg": 0.08545849472284317, "jsd": 0.15005409717559814}, "epoch_27": {"ndcg": 0.08541195094585419, "jsd": 0.1490059792995453}, "epoch_28": {"ndcg": 0.08530271798372269, "jsd": 0.14775027334690094}, "epoch_29": {"ndcg": 0.08540574461221695, "jsd": 0.14668086171150208}, "epoch_30": {"ndcg": 0.08536231517791748, "jsd": 0.1454717367887497}, "epoch_31": {"ndcg": 0.08540027588605881, "jsd": 0.14438968896865845}, "epoch_32": {"ndcg": 0.08543825149536133, "jsd": 0.14349700510501862}, "epoch_33": {"ndcg": 0.08561989665031433, "jsd": 0.14239053428173065}, "epoch_34": {"ndcg": 0.08551232516765594, "jsd": 0.14133399724960327}, "epoch_35": {"ndcg": 0.08545643836259842, "jsd": 0.14042876660823822}, "epoch_36": {"ndcg": 0.08538038283586502, "jsd": 0.13938909769058228}, "epoch_37": {"ndcg": 0.08548562973737717, "jsd": 0.1386079043149948}, "epoch_38": {"ndcg": 0.08544310182332993, "jsd": 0.1376953125}, "epoch_39": {"ndcg": 0.08545158058404922, "jsd": 0.1369679719209671}, "epoch_40": {"ndcg": 0.0854005292057991, "jsd": 0.13597902655601501}, "epoch_41": {"ndcg": 0.08541221171617508, "jsd": 0.13549329340457916}, "epoch_42": {"ndcg": 0.08546603471040726, "jsd": 0.1348767727613449}, "epoch_43": {"ndcg": 0.0853862464427948, "jsd": 0.1342579424381256}, "epoch_44": {"ndcg": 0.08530059456825256, "jsd": 0.13371333479881287}, "epoch_45": {"ndcg": 0.08511217683553696, "jsd": 0.1330992430448532}, "epoch_46": {"ndcg": 0.08527171611785889, "jsd": 0.13262447714805603}, "epoch_47": {"ndcg": 0.08525396883487701, "jsd": 0.13198420405387878}, "epoch_48": {"ndcg": 0.08530786633491516, "jsd": 0.13137905299663544}, "epoch_49": {"ndcg": 0.08523695170879364, "jsd": 0.13078531622886658}, "epoch_50": {"ndcg": 0.08518905192613602, "jsd": 0.13030125200748444}, "epoch_51": {"ndcg": 0.08512440323829651, "jsd": 0.12976597249507904}, "epoch_52": {"ndcg": 0.08515460044145584, "jsd": 0.12925782799720764}, "epoch_53": {"ndcg": 0.0850856602191925, "jsd": 0.12876468896865845}, "epoch_54": {"ndcg": 0.08504951000213623, "jsd": 0.12814950942993164}, "epoch_55": {"ndcg": 0.08492149412631989, "jsd": 0.1278655230998993}, "epoch_56": {"ndcg": 0.0849243625998497, "jsd": 0.12745092809200287}, "epoch_57": {"ndcg": 0.08479167520999908, "jsd": 0.12707403302192688}, "epoch_58": {"ndcg": 0.08479169011116028, "jsd": 0.1266975998878479}, "epoch_59": {"ndcg": 0.08468164503574371, "jsd": 0.12623216211795807}, "epoch_60": {"ndcg": 0.08459475636482239, "jsd": 0.1259244680404663}, "epoch_61": {"ndcg": 0.08470357209444046, "jsd": 0.12563420832157135}, "epoch_62": {"ndcg": 0.08474968373775482, "jsd": 0.1253584325313568}, "epoch_63": {"ndcg": 0.08471918106079102, "jsd": 0.12508061528205872}, "epoch_64": {"ndcg": 0.08469109237194061, "jsd": 0.12479744851589203}, "epoch_65": {"ndcg": 0.08455802500247955, "jsd": 0.12454944103956223}, "epoch_66": {"ndcg": 0.08465903252363205, "jsd": 0.12432373315095901}, "epoch_67": {"ndcg": 0.08458925783634186, "jsd": 0.12414325028657913}, "epoch_68": {"ndcg": 0.08475667983293533, "jsd": 0.12399717420339584}, "epoch_69": {"ndcg": 0.08480072021484375, "jsd": 0.1237843707203865}, "epoch_70": {"ndcg": 0.0847083181142807, "jsd": 0.12357780337333679}, "epoch_71": {"ndcg": 0.08459010720252991, "jsd": 0.12328218668699265}, "epoch_72": {"ndcg": 0.08472547680139542, "jsd": 0.12321758270263672}, "epoch_73": {"ndcg": 0.0846647098660469, "jsd": 0.12292302399873734}, "epoch_74": {"ndcg": 0.08466777950525284, "jsd": 0.12280765920877457}, "epoch_75": {"ndcg": 0.0845549926161766, "jsd": 0.12267997860908508}, "epoch_76": {"ndcg": 0.08460189402103424, "jsd": 0.12254169583320618}, "epoch_77": {"ndcg": 0.08448347449302673, "jsd": 0.12232785671949387}, "epoch_78": {"ndcg": 0.08466507494449615, "jsd": 0.12219582498073578}, "epoch_79": {"ndcg": 0.08448191732168198, "jsd": 0.1219618022441864}, "epoch_80": {"ndcg": 0.08451011776924133, "jsd": 0.12181837111711502}, "epoch_81": {"ndcg": 0.08452261239290237, "jsd": 0.12168361991643906}, "epoch_82": {"ndcg": 0.08451991528272629, "jsd": 0.12165739387273788}, "epoch_83": {"ndcg": 0.08457065373659134, "jsd": 0.1214161142706871}, "epoch_84": {"ndcg": 0.08458851277828217, "jsd": 0.12135399878025055}, "epoch_85": {"ndcg": 0.08446333557367325, "jsd": 0.1211228221654892}, "epoch_86": {"ndcg": 0.08445724099874496, "jsd": 0.12104617059230804}, "epoch_87": {"ndcg": 0.08439948409795761, "jsd": 0.1208629459142685}, "epoch_88": {"ndcg": 0.08431293070316315, "jsd": 0.12080074846744537}, "epoch_89": {"ndcg": 0.08446085453033447, "jsd": 0.12063609063625336}, "epoch_90": {"ndcg": 0.08438941091299057, "jsd": 0.12047694623470306}, "epoch_91": {"ndcg": 0.08435610681772232, "jsd": 0.12038964778184891}, "epoch_92": {"ndcg": 0.08428260684013367, "jsd": 0.1203785389661789}, "epoch_93": {"ndcg": 0.08426883816719055, "jsd": 0.1203160509467125}, "epoch_94": {"ndcg": 0.08422248065471649, "jsd": 0.1202208399772644}, "epoch_95": {"ndcg": 0.08421924710273743, "jsd": 0.1200934648513794}, "epoch_97": {"ndcg": 0.0842486321926117, "jsd": 0.11994130909442902}, "epoch_98": {"ndcg": 0.08417324721813202, "jsd": 0.11984962224960327}, "epoch_99": {"ndcg": 0.08422306180000305, "jsd": 0.11980212479829788}, "epoch_100": {"ndcg": 0.08418319374322891, "jsd": 0.11968312412500381}, "epoch_101": {"ndcg": 0.08424247801303864, "jsd": 0.11963774263858795}, "epoch_102": {"ndcg": 0.08423461019992828, "jsd": 0.11960087716579437}, "epoch_103": {"ndcg": 0.08421200513839722, "jsd": 0.11948155611753464}, "epoch_104": {"ndcg": 0.0843111053109169, "jsd": 0.1194261685013771}, "epoch_105": {"ndcg": 0.08432308584451675, "jsd": 0.11928056925535202}, "epoch_106": {"ndcg": 0.08427311480045319, "jsd": 0.11921410262584686}, "epoch_108": {"ndcg": 0.08418352901935577, "jsd": 0.11921133100986481}, "epoch_109": {"ndcg": 0.08430349826812744, "jsd": 0.11906128376722336}, "epoch_112": {"ndcg": 0.08418624848127365, "jsd": 0.11899646371603012}, "epoch_113": {"ndcg": 0.0842474102973938, "jsd": 0.11897674202919006}, "epoch_114": {"ndcg": 0.0842084065079689, "jsd": 0.11895479261875153}, "epoch_115": {"ndcg": 0.08415550738573074, "jsd": 0.11892492324113846}, "epoch_116": {"ndcg": 0.08428919315338135,