{"base_recommendations": {"ndcg": 0.08531249314546585, "jsd": 0.20248612761497498}, "postprocessed": {}, "finetuned": {"epoch_1": {"ndcg": 0.08403205126523972, "jsd": 0.17373745143413544}, "epoch_2": {"ndcg": 0.08187840133905411, "jsd": 0.14915858209133148}, "epoch_3": {"ndcg": 0.07942153513431549, "jsd": 0.13282881677150726}, "epoch_4": {"ndcg": 0.0774187222123146, "jsd": 0.12169129401445389}, "epoch_5": {"ndcg": 0.07633108645677567, "jsd": 0.11343500018119812}, "epoch_6": {"ndcg": 0.07571358233690262, "jsd": 0.10720397531986237}, "epoch_7": {"ndcg": 0.07509922981262207, "jsd": 0.10180766880512238}, "epoch_8": {"ndcg": 0.07445874810218811, "jsd": 0.09668948501348495}, "epoch_9": {"ndcg": 0.07402370870113373, "jsd": 0.09214778989553452}, "epoch_10": {"ndcg": 0.07336902618408203, "jsd": 0.08856327831745148}, "epoch_11": {"ndcg": 0.07280535250902176, "jsd": 0.08470217883586884}, "epoch_12": {"ndcg": 0.07242554426193237, "jsd": 0.08167929202318192}, "epoch_13": {"ndcg": 0.07199271768331528, "jsd": 0.07885106652975082}, "epoch_14": {"ndcg": 0.07126697152853012, "jsd": 0.07672785967588425}, "epoch_15": {"ndcg": 0.07113265991210938, "jsd": 0.07492584735155106}, "epoch_16": {"ndcg": 0.0704876258969307, "jsd": 0.07331027090549469}, "epoch_17": {"ndcg": 0.0704900324344635, "jsd": 0.07259614020586014}, "epoch_18": {"ndcg": 0.06997453421354294, "jsd": 0.07153031975030899}, "epoch_19": {"ndcg": 0.06950294971466064, "jsd": 0.07059179246425629}, "epoch_20": {"ndcg": 0.06910679489374161, "jsd": 0.06985889375209808}, "epoch_21": {"ndcg": 0.06862333416938782, "jsd": 0.06935655325651169}, "epoch_22": {"ndcg": 0.06830509752035141, "jsd": 0.06909630447626114}, "epoch_23": {"ndcg": 0.06816071271896362, "jsd": 0.06863479316234589}, "epoch_24": {"ndcg": 0.06786645203828812, "jsd": 0.06861001253128052}, "epoch_25": {"ndcg": 0.06772004812955856, "jsd": 0.06810588389635086}, "epoch_26": {"ndcg": 0.06769602000713348, "jsd": 0.06805936247110367}, "epoch_27": {"ndcg": 0.06740792840719223, "jsd": 0.06801904737949371}}}