{"base_recommendations": {"ndcg": 0.08531249314546585, "jsd": 0.20248612761497498}, "postprocessed": {}, "finetuned": {"epoch_1": {"ndcg": 0.08413757383823395, "jsd": 0.17687088251113892}, "epoch_2": {"ndcg": 0.08205573260784149, "jsd": 0.15324202179908752}, "epoch_3": {"ndcg": 0.0801716148853302, "jsd": 0.13874894380569458}, "epoch_4": {"ndcg": 0.0782603845000267, "jsd": 0.1290636956691742}, "epoch_5": {"ndcg": 0.07701293379068375, "jsd": 0.12212847918272018}, "epoch_6": {"ndcg": 0.07622838020324707, "jsd": 0.11639199405908585}, "epoch_7": {"ndcg": 0.07542406022548676, "jsd": 0.11165472120046616}, "epoch_8": {"ndcg": 0.07436621189117432, "jsd": 0.10760828852653503}, "epoch_9": {"ndcg": 0.0736084058880806, "jsd": 0.1036466434597969}, "epoch_10": {"ndcg": 0.07303436845541, "jsd": 0.10037784278392792}, "epoch_11": {"ndcg": 0.07238303869962692, "jsd": 0.09707283228635788}, "epoch_12": {"ndcg": 0.07176477462053299, "jsd": 0.09424778074026108}, "epoch_13": {"ndcg": 0.07155466079711914, "jsd": 0.09159128367900848}, "epoch_14": {"ndcg": 0.07123835384845734, "jsd": 0.08945149928331375}, "epoch_15": {"ndcg": 0.07067378610372543, "jsd": 0.08756428211927414}, "epoch_16": {"ndcg": 0.07035965472459793, "jsd": 0.08656898885965347}, "epoch_17": {"ndcg": 0.07024318724870682, "jsd": 0.08522689342498779}, "epoch_18": {"ndcg": 0.06973192095756531, "jsd": 0.08401284366846085}, "epoch_19": {"ndcg": 0.06984804570674896, "jsd": 0.08302371203899384}, "epoch_20": {"ndcg": 0.0695476159453392, "jsd": 0.08219712972640991}, "epoch_21": {"ndcg": 0.06951818615198135, "jsd": 0.08169115334749222}, "epoch_22": {"ndcg": 0.06945379078388214, "jsd": 0.08111550658941269}, "epoch_23": {"ndcg": 0.06927923858165741, "jsd": 0.08026077598333359}, "epoch_24": {"ndcg": 0.06935570389032364, "jsd": 0.07994288206100464}, "epoch_25": {"ndcg": 0.06893910467624664, "jsd": 0.07946864515542984}, "epoch_26": {"ndcg": 0.06900936365127563, "jsd": 0.07917372137308121}, "epoch_27": {"ndcg": 0.06881330162286758, "jsd": 0.07889308780431747}, "epoch_28": {"ndcg": 0.06913276761770248, "jsd": 0.07874315977096558}, "epoch_29": {"ndcg": 0.06866230070590973, "jsd": 0.0783468559384346}, "epoch_30": {"ndcg": 0.0683482363820076, "jsd": 0.0779251679778099}, "epoch_32": {"ndcg": 0.0683991089463234, "jsd": 0.07782471925020218}, "epoch_33": {"ndcg": 0.06838196516036987, "jsd": 0.07754172384738922}, "epoch_38": {"ndcg": 0.06799706071615219, "jsd": 0.07745002955198288}, "epoch_40": {"ndcg": 0.06771087646484375, "jsd": 0.07745209336280823}, "epoch_41": {"ndcg": 0.06773559749126434, "jsd": 0.07740269601345062}}}