{"base_recommendations": {"ndcg": 0.08531249314546585, "jsd": 0.20248612761497498}, "postprocessed": {}, "finetuned": {"epoch_1": {"ndcg": 0.0852409079670906, "jsd": 0.2009558081626892}, "epoch_2": {"ndcg": 0.08515399694442749, "jsd": 0.19813919067382812}, "epoch_3": {"ndcg": 0.08512572944164276, "jsd": 0.19452634453773499}, "epoch_4": {"ndcg": 0.0850517526268959, "jsd": 0.19079343974590302}, "epoch_5": {"ndcg": 0.08515755832195282, "jsd": 0.18696556985378265}, "epoch_6": {"ndcg": 0.08501686155796051, "jsd": 0.1828915774822235}, "epoch_7": {"ndcg": 0.08504684269428253, "jsd": 0.17887401580810547}, "epoch_8": {"ndcg": 0.08478040248155594, "jsd": 0.17513391375541687}, "epoch_9": {"ndcg": 0.08472559601068497, "jsd": 0.17173972725868225}, "epoch_10": {"ndcg": 0.0844857320189476, "jsd": 0.1684098243713379}, "epoch_11": {"ndcg": 0.08443834632635117, "jsd": 0.1652849316596985}, "epoch_12": {"ndcg": 0.08431036025285721, "jsd": 0.16218246519565582}, "epoch_13": {"ndcg": 0.0843222439289093, "jsd": 0.1594601571559906}, "epoch_14": {"ndcg": 0.08425399661064148, "jsd": 0.15665963292121887}, "epoch_15": {"ndcg": 0.08440200984477997, "jsd": 0.15413229167461395}, "epoch_16": {"ndcg": 0.08430664241313934, "jsd": 0.15172865986824036}, "epoch_17": {"ndcg": 0.08416087925434113, "jsd": 0.149579718708992}, "epoch_18": {"ndcg": 0.08408341556787491, "jsd": 0.14754854142665863}, "epoch_19": {"ndcg": 0.08401632308959961, "jsd": 0.14575304090976715}, "epoch_20": {"ndcg": 0.08390349894762039, "jsd": 0.14386966824531555}, "epoch_21": {"ndcg": 0.08396084606647491, "jsd": 0.14229735732078552}, "epoch_22": {"ndcg": 0.08383796364068985, "jsd": 0.14078406989574432}, "epoch_23": {"ndcg": 0.08389580249786377, "jsd": 0.13946650922298431}, "epoch_24": {"ndcg": 0.083876833319664, "jsd": 0.13813568651676178}, "epoch_25": {"ndcg": 0.08382552117109299, "jsd": 0.13690799474716187}, "epoch_26": {"ndcg": 0.08376092463731766, "jsd": 0.13588348031044006}, "epoch_27": {"ndcg": 0.08363141119480133, "jsd": 0.13474901020526886}, "epoch_28": {"ndcg": 0.08372694253921509, "jsd": 0.13358543813228607}, "epoch_29": {"ndcg": 0.08365119248628616, "jsd": 0.13267631828784943}, "epoch_30": {"ndcg": 0.08362199366092682, "jsd": 0.13178053498268127}, "epoch_31": {"ndcg": 0.08370714634656906, "jsd": 0.1308494210243225}, "epoch_32": {"ndcg": 0.08372796326875687, "jsd": 0.1298651546239853}, "epoch_33": {"ndcg": 0.08372258394956589, "jsd": 0.12905102968215942}, "epoch_34": {"ndcg": 0.08354607224464417, "jsd": 0.12836672365665436}, "epoch_35": {"ndcg": 0.08356023579835892, "jsd": 0.127766951918602}, "epoch_36": {"ndcg": 0.08345887064933777, "jsd": 0.12712354958057404}, "epoch_37": {"ndcg": 0.08346761018037796, "jsd": 0.12634405493736267}, "epoch_38": {"ndcg": 0.08363459259271622, "jsd": 0.12564876675605774}, "epoch_39": {"ndcg": 0.08356483280658722, "jsd": 0.12511488795280457}, "epoch_40": {"ndcg": 0.0836390033364296, "jsd": 0.12448750436306}, "epoch_41": {"ndcg": 0.0836067870259285, "jsd": 0.12381396442651749}, "epoch_42": {"ndcg": 0.08362532407045364, "jsd": 0.12336739152669907}, "epoch_43": {"ndcg": 0.08364295959472656, "jsd": 0.12279963493347168}, "epoch_44": {"ndcg": 0.08369694650173187, "jsd": 0.12246028333902359}, "epoch_45": {"ndcg": 0.08377125859260559, "jsd": 0.12204129248857498}, "epoch_46": {"ndcg": 0.08372139930725098, "jsd": 0.12156824767589569}, "epoch_47": {"ndcg": 0.08377528190612793, "jsd": 0.12118601053953171}, "epoch_48": {"ndcg": 0.08374246209859848, "jsd": 0.12078806757926941}, "epoch_49": {"ndcg": 0.08374620229005814, "jsd": 0.12044703960418701}, "epoch_50": {"ndcg": 0.08369019627571106, "jsd": 0.11997866630554199}, "epoch_51": {"ndcg": 0.08352848887443542, "jsd": 0.11965799331665039}, "epoch_52": {"ndcg": 0.08358538150787354, "jsd": 0.11916483938694}, "epoch_53": {"ndcg": 0.08363894373178482, "jsd": 0.11887393146753311}, "epoch_54": {"ndcg": 0.08363083004951477, "jsd": 0.1184883564710617}, "epoch_55": {"ndcg": 0.08356037735939026, "jsd": 0.11820529401302338}, "epoch_56": {"ndcg": 0.0836654007434845, "jsd": 0.11783257871866226}, "epoch_57": {"ndcg": 0.08366923779249191, "jsd": 0.11751535534858704}, "epoch_58": {"ndcg": 0.08375382423400879, "jsd": 0.11726582795381546}, "epoch_59": {"ndcg": 0.08365491032600403, "jsd": 0.11692225933074951}, "epoch_60": {"ndcg": 0.0838131383061409, "jsd": 0.11675009876489639}, "epoch_61": {"ndcg": 0.08374941349029541, "jsd": 0.11654379963874817}, "epoch_62": {"ndcg": 0.08393896371126175, "jsd": 0.11626438796520233}, "epoch_63": {"ndcg": 0.08384484052658081, "jsd": 0.11615657806396484}, "epoch_64": {"ndcg": 0.08382657170295715, "jsd": 0.11590517312288284}, "epoch_65": {"ndcg": 0.08387042582035065, "jsd": 0.11554523557424545}, "epoch_66": {"ndcg": 0.08380114287137985, "jsd": 0.1153009906411171}, "epoch_67": {"ndcg": 0.08384214341640472, "jsd": 0.11511524766683578}, "epoch_68": {"ndcg": 0.08389002829790115, "jsd": 0.11468435823917389}, "epoch_69": {"ndcg": 0.08384927362203598, "jsd": 0.11453267931938171}, "epoch_70": {"ndcg": 0.08393045514822006, "jsd": 0.11427891999483109}, "epoch_71": {"ndcg": 0.08389609307050705, "jsd": 0.11411586403846741}, "epoch_72": {"ndcg": 0.08382751792669296, "jsd": 0.1138322502374649}, "epoch_73": {"ndcg": 0.08384893089532852, "jsd": 0.11375553905963898}, "epoch_74": {"ndcg": 0.08387787640094757, "jsd": 0.11343048512935638}, "epoch_75": {"ndcg": 0.08382003009319305, "jsd": 0.11325223743915558}, "epoch_76": {"ndcg": 0.08383640646934509, "jsd": 0.11317095905542374}, "epoch_77": {"ndcg": 0.08371657133102417, "jsd": 0.1128455251455307}, "epoch_78": {"ndcg": 0.08388951420783997, "jsd": 0.11275658756494522}, "epoch_79": {"ndcg": 0.08374156057834625, "jsd": 0.11283799260854721}, "epoch_80": {"ndcg": 0.08378875255584717, "jsd": 0.11244375258684158}, "epoch_81": {"ndcg": 0.08366284519433975, "jsd": 0.11218135803937912}, "epoch_82": {"ndcg": 0.08375884592533112, "jsd": 0.11205042898654938}, "epoch_83": {"ndcg": 0.08363863080739975, "jsd": 0.11187563091516495}, "epoch_84": {"ndcg": 0.08371209353208542, "jsd": 0.11172845214605331}, "epoch_85": {"ndcg": 0.08364454656839371, "jsd": 0.11155736446380615}, "epoch_86": {"ndcg": 0.08372652530670166, "jsd": 0.11146964132785797}, "epoch_87": {"ndcg": 0.0836077481508255, "jsd": 0.11130012571811676}, "epoch_88": {"ndcg": 0.08354608714580536, "jsd": 0.11118699610233307}, "epoch_89": {"ndcg": 0.08347687870264053, "jsd": 0.11108074337244034}, "epoch_90": {"ndcg": 0.08364446461200714, "jsd": 0.11106474697589874}, "epoch_91": {"ndcg": 0.0835706815123558, "jsd": 0.1108747199177742}, "epoch_92": {"ndcg": 0.08365485072135925, "jsd": 0.11065402626991272}, "epoch_93": {"ndcg": 0.08357922732830048, "jsd": 0.11052883416414261}, "epoch_94": {"ndcg": 0.08362121134996414, "jsd": 0.1104380413889885}, "epoch_95": {"ndcg": 0.08355102688074112, "jsd": 0.11029055714607239}, "epoch_96": {"ndcg": 0.08347178995609283, "jsd": 0.10996397584676743}, "epoch_97": {"ndcg": 0.08341417461633682, "jsd": 0.10979810357093811}, "epoch_98": {"ndcg": 0.0835118293762207, "jsd": 0.10977865755558014}, "epoch_99": {"ndcg": 0.08338090777397156, "jsd": 0.10954642295837402}, "epoch_100": {"ndcg": 0.08340571075677872, "jsd": 0.10948840528726578}, "epoch_101": {"ndcg": 0.08336612582206726, "jsd": 0.10932723432779312}, "epoch_102": {"ndcg": 0.08355017006397247, "jsd": 0.10930517315864563}, "epoch_103": {"ndcg": 0.08334864675998688, "jsd": 0.10911080986261368}, "epoch_104": {"ndcg": 0.08335369825363159, "jsd": 0.10909393429756165}, "epoch_105": {"ndcg": 0.08323594182729721, "jsd": 0.10895097255706787}, "epoch_106": {"ndcg": 0.08332675695419312, "jsd": 0.10890065133571625}, "epoch_107": {"ndcg": 0.08321817964315414, "jsd": 0.10875875502824783}, "epoch_108": {"ndcg": 0.08334854990243912, "jsd": 0.10861141979694366}, "epoch_109": {"ndcg": 0.08320002257823944, "jsd": 0.1084611713886261}, "epoch_110": {"ndcg": 0.08331294357776642, "jsd": 0.10835675895214081}, "epoch_111": {"ndcg": 0.08321043848991394, "jsd": 0.10813787579536438},