{
  "base_recommendations": {
    "ndcg": 0.2663273811340332,
    "jsd": 0.12193825840950012,
    "ndcg_usergroup_1": 0.21388721466064453,
    "jsd_usergroup_1": 0.11441239714622498,
    "ndcg_usergroup_2": 0.256170392036438,
    "jsd_usergroup_2": 0.12063903361558914,
    "ndcg_usergroup_3": 0.34923845529556274,
    "jsd_usergroup_3": 0.13336177170276642
  },
  "postprocessed": {
    "0.1": {
      "ndcg": 0.25363877415657043,
      "jsd": 0.0924922525882721,
      "ndcg_usergroup_1": 0.2026253491640091,
      "jsd_usergroup_1": 0.0807916596531868,
      "ndcg_usergroup_2": 0.24173955619335175,
      "jsd_usergroup_2": 0.09403182566165924,
      "ndcg_usergroup_3": 0.34034985303878784,
      "jsd_usergroup_3": 0.09957408159971237
    },
    "0.2": {
      "ndcg": 0.24964433908462524,
      "jsd": 0.07293335348367691,
      "ndcg_usergroup_1": 0.1992044597864151,
      "jsd_usergroup_1": 0.06432372331619263,
      "ndcg_usergroup_2": 0.2381168007850647,
      "jsd_usergroup_2": 0.07504516839981079,
      "ndcg_usergroup_3": 0.3346668779850006,
      "jsd_usergroup_3": 0.07520752400159836
    },
    "0.3": {
      "ndcg": 0.24614472687244415,
      "jsd": 0.05718039721250534,
      "ndcg_usergroup_1": 0.1979352831840515,
      "jsd_usergroup_1": 0.05386188253760338,
      "ndcg_usergroup_2": 0.2345639318227768,
      "jsd_usergroup_2": 0.05941668897867203,
      "ndcg_usergroup_3": 0.3290964961051941,
      "jsd_usergroup_3": 0.05379003658890724
    },
    "0.4": {
      "ndcg": 0.2427997887134552,
      "jsd": 0.044227659702301025,
      "ndcg_usergroup_1": 0.1962805539369583,
      "jsd_usergroup_1": 0.04536399245262146,
      "ndcg_usergroup_2": 0.23153117299079895,
      "jsd_usergroup_2": 0.04589223116636276,
      "ndcg_usergroup_3": 0.32312485575675964,
      "jsd_usergroup_3": 0.03809761628508568
    },
    "0.5": {
      "ndcg": 0.23922814428806305,
      "jsd": 0.03294512629508972,
      "ndcg_usergroup_1": 0.19442278146743774,
      "jsd_usergroup_1": 0.037711068987846375,
      "ndcg_usergroup_2": 0.22800754010677338,
      "jsd_usergroup_2": 0.03380274027585983,
      "ndcg_usergroup_3": 0.31769540905952454,
      "jsd_usergroup_3": 0.025606326758861542
    },
    "0.6": {
      "ndcg": 0.2362469881772995,
      "jsd": 0.02443549409508705,
      "ndcg_usergroup_1": 0.1929800808429718,
      "jsd_usergroup_1": 0.0312778539955616,
      "ndcg_usergroup_2": 0.22481787204742432,
      "jsd_usergroup_2": 0.024337254464626312,
      "ndcg_usergroup_3": 0.3138011395931244,
      "jsd_usergroup_3": 0.017887845635414124
    },
    "0.7": {
      "ndcg": 0.23336222767829895,
      "jsd": 0.018628457561135292,
      "ndcg_usergroup_1": 0.19087140262126923,
      "jsd_usergroup_1": 0.025456370785832405,
      "ndcg_usergroup_2": 0.22199079394340515,
      "jsd_usergroup_2": 0.018243469297885895,
      "ndcg_usergroup_3": 0.3099673390388489,
      "jsd_usergroup_3": 0.012955497950315475
    },
    "0.8": {
      "ndcg": 0.23109087347984314,
      "jsd": 0.014962849207222462,
      "ndcg_usergroup_1": 0.19004808366298676,
      "jsd_usergroup_1": 0.020648974925279617,
      "ndcg_usergroup_2": 0.2196783423423767,
      "jsd_usergroup_2": 0.015043720602989197,
      "ndcg_usergroup_3": 0.3063712418079376,
      "jsd_usergroup_3": 0.00903410091996193
    },
    "0.9": {
      "ndcg": 0.22883741557598114,
      "jsd": 0.0129689397290349,
      "ndcg_usergroup_1": 0.18883544206619263,
      "jsd_usergroup_1": 0.018755149096250534,
      "ndcg_usergroup_2": 0.21752429008483887,
      "jsd_usergroup_2": 0.013205578550696373,
      "ndcg_usergroup_3": 0.3027787506580353,
      "jsd_usergroup_3": 0.006472811568528414
    }
  },
  "finetuned": {
    "epoch_1": {
      "ndcg": 0.14777104556560516,
      "jsd": 0.11311478167772293,
      "ndcg_usergroup_1": 0.15535643696784973,
      "jsd_usergroup_1": 0.08540453761816025,
      "ndcg_usergroup_2": 0.1393914669752121,
      "jsd_usergroup_2": 0.11451030522584915,
      "ndcg_usergroup_3": 0.1653243601322174,
      "jsd_usergroup_3": 0.13663843274116516
    },
    "epoch_2": {
      "ndcg": 0.2097638100385666,
      "jsd": 0.12331145256757736,
      "ndcg_usergroup_1": 0.18509936332702637,
      "jsd_usergroup_1": 0.0931757390499115,
      "ndcg_usergroup_2": 0.2023536115884781,
      "jsd_usergroup_2": 0.1240733414888382,
      "ndcg_usergroup_3": 0.2566588819026947,
      "jsd_usergroup_3": 0.15116147696971893
    },
    "epoch_3": {
      "ndcg": 0.2242605835199356,
      "jsd": 0.1255081295967102,
      "ndcg_usergroup_1": 0.19143858551979065,
      "jsd_usergroup_1": 0.09955944120883942,
      "ndcg_usergroup_2": 0.21498453617095947,
      "jsd_usergroup_2": 0.1256462037563324,
      "ndcg_usergroup_3": 0.2849106192588806,
      "jsd_usergroup_3": 0.1510426253080368
    },
    "epoch_4": {
      "ndcg": 0.23081180453300476,
      "jsd": 0.11877618730068207,
      "ndcg_usergroup_1": 0.19693297147750854,
      "jsd_usergroup_1": 0.09327090531587601,
      "ndcg_usergroup_2": 0.22347953915596008,
      "jsd_usergroup_2": 0.11974561959505081,
      "ndcg_usergroup_3": 0.286687433719635,
      "jsd_usergroup_3": 0.1413731575012207
    },
    "epoch_5": {
      "ndcg": 0.23320873081684113,
      "jsd": 0.12795564532279968,
      "ndcg_usergroup_1": 0.1967509537935257,
      "jsd_usergroup_1": 0.09680768847465515,
      "ndcg_usergroup_2": 0.22583304345607758,
      "jsd_usergroup_2": 0.12952129542827606,
      "ndcg_usergroup_3": 0.2917935252189636,
      "jsd_usergroup_3": 0.15440666675567627
    },
    "epoch_6": {
      "ndcg": 0.2299368977546692,
      "jsd": 0.11961173266172409,
      "ndcg_usergroup_1": 0.1992253214120865,
      "jsd_usergroup_1": 0.09277747571468353,
      "ndcg_usergroup_2": 0.22377991676330566,
      "jsd_usergroup_2": 0.11915586143732071,
      "ndcg_usergroup_3": 0.2791192829608917,
      "jsd_usergroup_3": 0.1478135883808136
    },
    "epoch_8": {
      "ndcg": 0.2219163477420807,
      "jsd": 0.11295037716627121,
      "ndcg_usergroup_1": 0.19146651029586792,
      "jsd_usergroup_1": 0.08390152454376221,
      "ndcg_usergroup_2": 0.21799983084201813,
      "jsd_usergroup_2": 0.11190474033355713,
      "ndcg_usergroup_3": 0.26411575078964233,
      "jsd_usergroup_3": 0.14513614773750305
    },
    "epoch_10": {
      "ndcg": 0.21252627670764923,
      "jsd": 0.10727248340845108,
      "ndcg_usergroup_1": 0.18733397126197815,
      "jsd_usergroup_1": 0.08070716261863708,
      "ndcg_usergroup_2": 0.20911334455013275,
      "jsd_usergroup_2": 0.10552579909563065,
      "ndcg_usergroup_3": 0.24795739352703094,
      "jsd_usergroup_3": 0.13907785713672638
    },
    "epoch_12": {
      "ndcg": 0.20857465267181396,
      "jsd": 0.10377960652112961,
      "ndcg_usergroup_1": 0.17769506573677063,
      "jsd_usergroup_1": 0.06922677904367447,
      "ndcg_usergroup_2": 0.2012818306684494,
      "jsd_usergroup_2": 0.10254470258951187,
      "ndcg_usergroup_3": 0.26133275032043457,
      "jsd_usergroup_3": 0.14203709363937378
    },
    "epoch_26": {
      "ndcg": 0.18978799879550934,
      "jsd": 0.10065995901823044,
      "ndcg_usergroup_1": 0.1592644900083542,
      "jsd_usergroup_1": 0.06712804734706879,
      "ndcg_usergroup_2": 0.1788979321718216,
      "jsd_usergroup_2": 0.09768655151128769,
      "ndcg_usergroup_3": 0.252981573343277,
      "jsd_usergroup_3": 0.14311209321022034
    },
    "epoch_35": {
      "ndcg": 0.1892426311969757,
      "jsd": 0.09732937067747116,
      "ndcg_usergroup_1": 0.15400764346122742,
      "jsd_usergroup_1": 0.06542867422103882,
      "ndcg_usergroup_2": 0.18165957927703857,
      "jsd_usergroup_2": 0.09436971694231033,
      "ndcg_usergroup_3": 0.2472267597913742,
      "jsd_usergroup_3": 0.1381090134382248
    },
    "epoch_47": {
      "ndcg": 0.18726754188537598,
      "jsd": 0.09477148205041885,
      "ndcg_usergroup_1": 0.14341051876544952,
      "jsd_usergroup_1": 0.06042483448982239,
      "ndcg_usergroup_2": 0.17742294073104858,