{
  "base_recommendations": {
    "ndcg": 0.2663273811340332,
    "jsd": 0.12193825840950012,
    "ndcg_usergroup_1": 0.21388721466064453,
    "jsd_usergroup_1": 0.11441239714622498,
    "ndcg_usergroup_2": 0.256170392036438,
    "jsd_usergroup_2": 0.12063903361558914,
    "ndcg_usergroup_3": 0.34923845529556274,
    "jsd_usergroup_3": 0.13336177170276642
  },
  "postprocessed": {
    "0.1": {
      "ndcg": 0.25363877415657043,
      "jsd": 0.0924922525882721,
      "ndcg_usergroup_1": 0.2026253491640091,
      "jsd_usergroup_1": 0.0807916596531868,
      "ndcg_usergroup_2": 0.24173955619335175,
      "jsd_usergroup_2": 0.09403182566165924,
      "ndcg_usergroup_3": 0.34034985303878784,
      "jsd_usergroup_3": 0.09957408159971237
    },
    "0.2": {
      "ndcg": 0.24964433908462524,
      "jsd": 0.07293335348367691,
      "ndcg_usergroup_1": 0.1992044597864151,
      "jsd_usergroup_1": 0.06432372331619263,
      "ndcg_usergroup_2": 0.2381168007850647,
      "jsd_usergroup_2": 0.07504516839981079,
      "ndcg_usergroup_3": 0.3346668779850006,
      "jsd_usergroup_3": 0.07520752400159836
    },
    "0.3": {
      "ndcg": 0.24614472687244415,
      "jsd": 0.05718039721250534,
      "ndcg_usergroup_1": 0.1979352831840515,
      "jsd_usergroup_1": 0.05386188253760338,
      "ndcg_usergroup_2": 0.2345639318227768,
      "jsd_usergroup_2": 0.05941668897867203,
      "ndcg_usergroup_3": 0.3290964961051941,
      "jsd_usergroup_3": 0.05379003658890724
    },
    "0.4": {
      "ndcg": 0.2427997887134552,
      "jsd": 0.044227659702301025,
      "ndcg_usergroup_1": 0.1962805539369583,
      "jsd_usergroup_1": 0.04536399245262146,
      "ndcg_usergroup_2": 0.23153117299079895,
      "jsd_usergroup_2": 0.04589223116636276,
      "ndcg_usergroup_3": 0.32312485575675964,
      "jsd_usergroup_3": 0.03809761628508568
    },
    "0.5": {
      "ndcg": 0.23922814428806305,
      "jsd": 0.03294512629508972,
      "ndcg_usergroup_1": 0.19442278146743774,
      "jsd_usergroup_1": 0.037711068987846375,
      "ndcg_usergroup_2": 0.22800754010677338,
      "jsd_usergroup_2": 0.03380274027585983,
      "ndcg_usergroup_3": 0.31769540905952454,
      "jsd_usergroup_3": 0.025606326758861542
    },
    "0.6": {
      "ndcg": 0.2362469881772995,
      "jsd": 0.02443549409508705,
      "ndcg_usergroup_1": 0.1929800808429718,
      "jsd_usergroup_1": 0.0312778539955616,
      "ndcg_usergroup_2": 0.22481787204742432,
      "jsd_usergroup_2": 0.024337254464626312,
      "ndcg_usergroup_3": 0.3138011395931244,
      "jsd_usergroup_3": 0.017887845635414124
    },
    "0.7": {
      "ndcg": 0.23336222767829895,
      "jsd": 0.018628457561135292,
      "ndcg_usergroup_1": 0.19087140262126923,
      "jsd_usergroup_1": 0.025456370785832405,
      "ndcg_usergroup_2": 0.22199079394340515,
      "jsd_usergroup_2": 0.018243469297885895,
      "ndcg_usergroup_3": 0.3099673390388489,
      "jsd_usergroup_3": 0.012955497950315475
    },
    "0.8": {
      "ndcg": 0.23109087347984314,
      "jsd": 0.014962849207222462,
      "ndcg_usergroup_1": 0.19004808366298676,
      "jsd_usergroup_1": 0.020648974925279617,
      "ndcg_usergroup_2": 0.2196783423423767,
      "jsd_usergroup_2": 0.015043720602989197,
      "ndcg_usergroup_3": 0.3063712418079376,
      "jsd_usergroup_3": 0.00903410091996193
    },
    "0.9": {
      "ndcg": 0.22883741557598114,
      "jsd": 0.0129689397290349,
      "ndcg_usergroup_1": 0.18883544206619263,
      "jsd_usergroup_1": 0.018755149096250534,
      "ndcg_usergroup_2": 0.21752429008483887,
      "jsd_usergroup_2": 0.013205578550696373,
      "ndcg_usergroup_3": 0.3027787506580353,
      "jsd_usergroup_3": 0.006472811568528414
    }
  },
  "finetuned": {
    "epoch_1": {
      "ndcg": 0.14957116544246674,
      "jsd": 0.1142074316740036,
      "ndcg_usergroup_1": 0.15800821781158447,
      "jsd_usergroup_1": 0.08654554933309555,
      "ndcg_usergroup_2": 0.14217035472393036,
      "jsd_usergroup_2": 0.11540931463241577,
      "ndcg_usergroup_3": 0.16333647072315216,
      "jsd_usergroup_3": 0.13826365768909454
    },
    "epoch_2": {
      "ndcg": 0.21153895556926727,
      "jsd": 0.1269550621509552,
      "ndcg_usergroup_1": 0.1868293434381485,
      "jsd_usergroup_1": 0.0979359894990921,
      "ndcg_usergroup_2": 0.20376388728618622,
      "jsd_usergroup_2": 0.1276243031024933,
      "ndcg_usergroup_3": 0.25957372784614563,
      "jsd_usergroup_3": 0.15396645665168762
    },
    "epoch_3": {
      "ndcg": 0.22475150227546692,
      "jsd": 0.1283446103334427,
      "ndcg_usergroup_1": 0.19113461673259735,
      "jsd_usergroup_1": 0.09894344210624695,
      "ndcg_usergroup_2": 0.21565276384353638,
      "jsd_usergroup_2": 0.12779903411865234,
      "ndcg_usergroup_3": 0.28566455841064453,
      "jsd_usergroup_3": 0.15938252210617065
    },
    "epoch_4": {
      "ndcg": 0.22527875006198883,
      "jsd": 0.12369944155216217,
      "ndcg_usergroup_1": 0.1951163411140442,
      "jsd_usergroup_1": 0.09624295681715012,
      "ndcg_usergroup_2": 0.21864093840122223,
      "jsd_usergroup_2": 0.12580424547195435,
      "ndcg_usergroup_3": 0.2753545641899109,
      "jsd_usergroup_3": 0.14484144747257233
    },
    "epoch_5": {
      "ndcg": 0.22677725553512573,
      "jsd": 0.12297028303146362,
      "ndcg_usergroup_1": 0.19342556595802307,
      "jsd_usergroup_1": 0.09117619693279266,
      "ndcg_usergroup_2": 0.2180635631084442,
      "jsd_usergroup_2": 0.12210259586572647,
      "ndcg_usergroup_3": 0.28627005219459534,
      "jsd_usergroup_3": 0.15736740827560425
    },
    "epoch_6": {
      "ndcg": 0.2164965122938156,
      "jsd": 0.11684857308864594,
      "ndcg_usergroup_1": 0.1933317482471466,
      "jsd_usergroup_1": 0.08858257532119751,
      "ndcg_usergroup_2": 0.2138075977563858,
      "jsd_usergroup_2": 0.11865798383951187,
      "ndcg_usergroup_3": 0.24772796034812927,
      "jsd_usergroup_3": 0.13968636095523834
    },
    "epoch_10": {
      "ndcg": 0.2023646980524063,
      "jsd": 0.10840942710638046,
      "ndcg_usergroup_1": 0.17950303852558136,
      "jsd_usergroup_1": 0.07555431127548218,
      "ndcg_usergroup_2": 0.1986408680677414,
      "jsd_usergroup_2": 0.10704966634511948,
      "ndcg_usergroup_3": 0.23639769852161407,
      "jsd_usergroup_3": 0.1453438252210617
    },
    "epoch_16": {
      "ndcg": 0.18920393288135529,
      "jsd": 0.10614179819822311,
      "ndcg_usergroup_1": 0.15805968642234802,
      "jsd_usergroup_1": 0.07050977647304535,
      "ndcg_usergroup_2": 0.18093252182006836,
      "jsd_usergroup_2": 0.10311165452003479,
      "ndcg_usergroup_3": 0.24516242742538452,
      "jsd_usergroup_3": 0.15086419880390167
    },
    "epoch_34": {
      "ndcg": 0.18269546329975128,
      "jsd": 0.10192595422267914,
      "ndcg_usergroup_1": 0.14009475708007812,
      "jsd_usergroup_1": 0.06780227273702621,
      "ndcg_usergroup_2": 0.1732226014137268,
      "jsd_usergroup_2": 0.09925992786884308,
      "ndcg_usergroup_3": 0.25371477007865906,
      "jsd_usergroup_3": 0.14404772222042084
    },
    "epoch_42": {
      "ndcg": 0.17657777667045593,
      "jsd": 0.09725970774888992,
      "ndcg_usergroup_1": 0.13190628588199615,
      "jsd_usergroup_1": 0.06635624170303345,
      "ndcg_usergroup_2": 0.16496588289737701,
      "jsd_usergroup_2": 0.09355886280536652,
      "ndcg_usergroup_3": 0.256085067987442,
      "jsd_usergroup_3": 0.13926568627357483
    }
  }
}