{
  "base_recommendations": {
    "ndcg": 0.2663273811340332,
    "jsd": 0.12193825840950012,
    "ndcg_usergroup_1": 0.21388721466064453,
    "jsd_usergroup_1": 0.11441239714622498,
    "ndcg_usergroup_2": 0.256170392036438,
    "jsd_usergroup_2": 0.12063903361558914,
    "ndcg_usergroup_3": 0.34923845529556274,
    "jsd_usergroup_3": 0.13336177170276642
  },
  "postprocessed": {},
  "finetuned": {
    "epoch_1": {
      "ndcg": 0.17557233572006226,
      "jsd": 0.09414791315793991,
      "ndcg_usergroup_1": 0.14981141686439514,
      "jsd_usergroup_1": 0.07931463420391083,
      "ndcg_usergroup_2": 0.16340987384319305,
      "jsd_usergroup_2": 0.09962030500173569,
      "ndcg_usergroup_3": 0.2378206104040146,
      "jsd_usergroup_3": 0.09256403148174286
    },
    "epoch_2": {
      "ndcg": 0.1706233024597168,
      "jsd": 0.09085595607757568,
      "ndcg_usergroup_1": 0.13843007385730743,
      "jsd_usergroup_1": 0.07943794876337051,
      "ndcg_usergroup_2": 0.15928871929645538,
      "jsd_usergroup_2": 0.09342057257890701,
      "ndcg_usergroup_3": 0.236820250749588,
      "jsd_usergroup_3": 0.09458009898662567
    },
    "epoch_3": {
      "ndcg": 0.1781347095966339,
      "jsd": 0.09156989306211472,
      "ndcg_usergroup_1": 0.14016105234622955,
      "jsd_usergroup_1": 0.07729655504226685,
      "ndcg_usergroup_2": 0.16827954351902008,
      "jsd_usergroup_2": 0.0918029397726059,
      "ndcg_usergroup_3": 0.24567380547523499,
      "jsd_usergroup_3": 0.10514409840106964
    },
    "epoch_4": {
      "ndcg": 0.1890038698911667,
      "jsd": 0.09067024290561676,
      "ndcg_usergroup_1": 0.14987197518348694,
      "jsd_usergroup_1": 0.07357599586248398,
      "ndcg_usergroup_2": 0.1791270673274994,
      "jsd_usergroup_2": 0.09117349982261658,
      "ndcg_usergroup_3": 0.25776612758636475,
      "jsd_usergroup_3": 0.10625472664833069
    },
    "epoch_5": {
      "ndcg": 0.1994047909975052,
      "jsd": 0.09049758315086365,
      "ndcg_usergroup_1": 0.1585889309644699,
      "jsd_usergroup_1": 0.07219291478395462,
      "ndcg_usergroup_2": 0.18958593904972076,
      "jsd_usergroup_2": 0.0911191925406456,
      "ndcg_usergroup_3": 0.26967716217041016,
      "jsd_usergroup_3": 0.10693742334842682
    },
    "epoch_6": {
      "ndcg": 0.21067355573177338,
      "jsd": 0.0912124365568161,
      "ndcg_usergroup_1": 0.170562744140625,
      "jsd_usergroup_1": 0.07312104851007462,
      "ndcg_usergroup_2": 0.20111848413944244,
      "jsd_usergroup_2": 0.09217142313718796,
      "ndcg_usergroup_3": 0.27944958209991455,
      "jsd_usergroup_3": 0.10642687231302261
    },
    "epoch_7": {
      "ndcg": 0.21906176209449768,
      "jsd": 0.09152569621801376,
      "ndcg_usergroup_1": 0.17767715454101562,
      "jsd_usergroup_1": 0.07370669394731522,
      "ndcg_usergroup_2": 0.20965616405010223,
      "jsd_usergroup_2": 0.09180252254009247,
      "ndcg_usergroup_3": 0.28866317868232727,
      "jsd_usergroup_3": 0.10851424187421799
    },
    "epoch_8": {
      "ndcg": 0.22365735471248627,
      "jsd": 0.0909799337387085,
      "ndcg_usergroup_1": 0.18077977001667023,
      "jsd_usergroup_1": 0.07499177008867264,
      "ndcg_usergroup_2": 0.21404173970222473,
      "jsd_usergroup_2": 0.09144613891839981,
      "ndcg_usergroup_3": 0.2953817546367645,
      "jsd_usergroup_3": 0.10556947439908981
    },
    "epoch_9": {
      "ndcg": 0.23133014142513275,
      "jsd": 0.09263025224208832,
      "ndcg_usergroup_1": 0.1861514449119568,
      "jsd_usergroup_1": 0.07848495244979858,
      "ndcg_usergroup_2": 0.22220996022224426,
      "jsd_usergroup_2": 0.0931306704878807,
      "ndcg_usergroup_3": 0.3038692772388458,
      "jsd_usergroup_3": 0.1052742600440979
    },
    "epoch_10": {
      "ndcg": 0.23640933632850647,
      "jsd": 0.09328985214233398,
      "ndcg_usergroup_1": 0.19128651916980743,
      "jsd_usergroup_1": 0.08047328889369965,
      "ndcg_usergroup_2": 0.22764544188976288,
      "jsd_usergroup_2": 0.09351454675197601,
      "ndcg_usergroup_3": 0.3078237473964691,
      "jsd_usergroup_3": 0.10543233156204224
    },
    "epoch_11": {
      "ndcg": 0.24184776842594147,
      "jsd": 0.09456174075603485,
      "ndcg_usergroup_1": 0.19649982452392578,
      "jsd_usergroup_1": 0.0818106010556221,
      "ndcg_usergroup_2": 0.23159055411815643,
      "jsd_usergroup_2": 0.09509328007698059,
      "ndcg_usergroup_3": 0.3179672360420227,
      "jsd_usergroup_3": 0.1057182177901268
    },
    "epoch_12": {
      "ndcg": 0.2429361790418625,
      "jsd": 0.09274288266897202,
      "ndcg_usergroup_1": 0.19756610691547394,
      "jsd_usergroup_1": 0.08082333952188492,
      "ndcg_usergroup_2": 0.23321735858917236,
      "jsd_usergroup_2": 0.09327006340026855,
      "ndcg_usergroup_3": 0.3174627125263214,
      "jsd_usergroup_3": 0.10308090597391129
    },
    "epoch_13": {
      "ndcg": 0.24876515567302704,
      "jsd": 0.09539145231246948,
      "ndcg_usergroup_1": 0.20186959207057953,
      "jsd_usergroup_1": 0.08508918434381485,
      "ndcg_usergroup_2": 0.2395075559616089,
      "jsd_usergroup_2": 0.09615742415189743,
      "ndcg_usergroup_3": 0.3234334886074066,
      "jsd_usergroup_3": 0.10339577496051788
    },
    "epoch_14": {
      "ndcg": 0.2505248785018921,
      "jsd": 0.09664791822433472,
      "ndcg_usergroup_1": 0.20373372733592987,
      "jsd_usergroup_1": 0.08506135642528534,
      "ndcg_usergroup_2": 0.24028953909873962,
      "jsd_usergroup_2": 0.09725532680749893,
      "ndcg_usergroup_3": 0.3280218839645386,
      "jsd_usergroup_3": 0.10641225427389145
    },
    "epoch_15": {
      "ndcg": 0.25515255331993103,
      "jsd": 0.09760235249996185,
      "ndcg_usergroup_1": 0.20711806416511536,
      "jsd_usergroup_1": 0.08649487793445587,
      "ndcg_usergroup_2": 0.24518026411533356,
      "jsd_usergroup_2": 0.09837762266397476,
      "ndcg_usergroup_3": 0.33310383558273315,
      "jsd_usergroup_3": 0.10638397186994553
    },
    "epoch_16": {
      "ndcg": 0.2596598267555237,
      "jsd": 0.10175900906324387,
      "ndcg_usergroup_1": 0.20909233391284943,
      "jsd_usergroup_1": 0.09414135664701462,
      "ndcg_usergroup_2": 0.2498619705438614,
      "jsd_usergroup_2": 0.10234041512012482,
      "ndcg_usergroup_3": 0.3396208882331848,
      "jsd_usergroup_3": 0.10763237625360489
    },
    "epoch_17": {
      "ndcg": 0.2608999013900757,
      "jsd": 0.1020541787147522,
      "ndcg_usergroup_1": 0.21083620190620422,
      "jsd_usergroup_1": 0.09210878610610962,
      "ndcg_usergroup_2": 0.2508258819580078,
      "jsd_usergroup_2": 0.10299813002347946,
      "ndcg_usergroup_3": 0.34118565917015076,
      "jsd_usergroup_3": 0.10916768014431
    },
    "epoch_18": {
      "ndcg": 0.263886421918869,
      "jsd": 0.10297798365354538,
      "ndcg_usergroup_1": 0.21410003304481506,
      "jsd_usergroup_1": 0.09459006786346436,
      "ndcg_usergroup_2": 0.2537558376789093,
      "jsd_usergroup_2": 0.10319028049707413,
      "ndcg_usergroup_3": 0.3440646231174469,
      "jsd_usergroup_3": 0.11072903126478195
    },
    "epoch_19": {
      "ndcg": 0.2645972669124603,
      "jsd": 0.10373587906360626,
      "ndcg_usergroup_1": 0.21317720413208008,
      "jsd_usergroup_1": 0.09495807439088821,
      "ndcg_usergroup_2": 0.25436222553253174,
      "jsd_usergroup_2": 0.10409047454595566,
      "ndcg_usergroup_3": 0.3467225432395935,
      "jsd_usergroup_3": 0.11144988983869553
    },
    "epoch_20": {
      "ndcg": 0.2624500095844269,
      "jsd": 0.10139275342226028,
      "ndcg_usergroup_1": 0.21065211296081543,
      "jsd_usergroup_1": 0.08964692056179047,
      "ndcg_usergroup_2": 0.2527955174446106,
      "jsd_usergroup_2": 0.10103607177734375,
      "ndcg_usergroup_3": 0.3432113528251648,
      "jsd_usergroup_3": 0.11420860141515732
    },
    "epoch_21": {
      "ndcg": 0.2649451494216919,
      "jsd": 0.10521109402179718,
      "ndcg_usergroup_1": 0.21296212077140808,
      "jsd_usergroup_1": 0.09561895579099655,