{
  "base_recommendations": {
    "ndcg": 0.2663273811340332,
    "jsd": 0.12193825840950012,
    "ndcg_usergroup_1": 0.21388721466064453,
    "jsd_usergroup_1": 0.11441239714622498,
    "ndcg_usergroup_2": 0.256170392036438,
    "jsd_usergroup_2": 0.12063903361558914,
    "ndcg_usergroup_3": 0.34923845529556274,
    "jsd_usergroup_3": 0.13336177170276642
  },
  "postprocessed": {},
  "finetuned": {
    "epoch_1": {
      "ndcg": 0.18619325757026672,
      "jsd": 0.09372294694185257,
      "ndcg_usergroup_1": 0.1684756875038147,
      "jsd_usergroup_1": 0.07598742097616196,
      "ndcg_usergroup_2": 0.179412841796875,
      "jsd_usergroup_2": 0.09239455312490463,
      "ndcg_usergroup_3": 0.2242521047592163,
      "jsd_usergroup_3": 0.115443654358387
    },
    "epoch_2": {
      "ndcg": 0.2379712611436844,
      "jsd": 0.11048846691846848,
      "ndcg_usergroup_1": 0.19590897858142853,
      "jsd_usergroup_1": 0.08722364902496338,
      "ndcg_usergroup_2": 0.22937944531440735,
      "jsd_usergroup_2": 0.10840729624032974,
      "ndcg_usergroup_3": 0.3058090806007385,
      "jsd_usergroup_3": 0.13999684154987335
    },
    "epoch_3": {
      "ndcg": 0.2538157105445862,
      "jsd": 0.11593440175056458,
      "ndcg_usergroup_1": 0.20286953449249268,
      "jsd_usergroup_1": 0.09463167935609818,
      "ndcg_usergroup_2": 0.2455652505159378,
      "jsd_usergroup_2": 0.11431808769702911,
      "ndcg_usergroup_3": 0.329513281583786,
      "jsd_usergroup_3": 0.142085999250412
    },
    "epoch_4": {
      "ndcg": 0.2560964524745941,
      "jsd": 0.10888870060443878,
      "ndcg_usergroup_1": 0.20695485174655914,
      "jsd_usergroup_1": 0.0903497263789177,
      "ndcg_usergroup_2": 0.24601715803146362,
      "jsd_usergroup_2": 0.10708129405975342,
      "ndcg_usergroup_3": 0.33547601103782654,
      "jsd_usergroup_3": 0.13284985721111298
    },
    "epoch_5": {
      "ndcg": 0.2550663352012634,
      "jsd": 0.1027732789516449,
      "ndcg_usergroup_1": 0.20574496686458588,
      "jsd_usergroup_1": 0.08086629956960678,
      "ndcg_usergroup_2": 0.2458873987197876,
      "jsd_usergroup_2": 0.1008463129401207,
      "ndcg_usergroup_3": 0.3319244086742401,
      "jsd_usergroup_3": 0.13046112656593323
    },
    "epoch_6": {
      "ndcg": 0.258110374212265,
      "jsd": 0.10960450768470764,
      "ndcg_usergroup_1": 0.20912158489227295,
      "jsd_usergroup_1": 0.09233684837818146,
      "ndcg_usergroup_2": 0.2495030015707016,
      "jsd_usergroup_2": 0.10856684297323227,
      "ndcg_usergroup_3": 0.33292126655578613,
      "jsd_usergroup_3": 0.12998512387275696
    },
    "epoch_7": {
      "ndcg": 0.25550463795661926,
      "jsd": 0.1002812311053276,
      "ndcg_usergroup_1": 0.20592035353183746,
      "jsd_usergroup_1": 0.0770292803645134,
      "ndcg_usergroup_2": 0.24797111749649048,
      "jsd_usergroup_2": 0.09879779815673828,
      "ndcg_usergroup_3": 0.3276893198490143,
      "jsd_usergroup_3": 0.1279834359884262
    },
    "epoch_8": {
      "ndcg": 0.24888911843299866,
      "jsd": 0.09655323624610901,
      "ndcg_usergroup_1": 0.2005319744348526,
      "jsd_usergroup_1": 0.07080581039190292,
      "ndcg_usergroup_2": 0.24104087054729462,
      "jsd_usergroup_2": 0.09538711607456207,
      "ndcg_usergroup_3": 0.32079097628593445,
      "jsd_usergroup_3": 0.12579898536205292
    },
    "epoch_10": {
      "ndcg": 0.23661084473133087,
      "jsd": 0.08883547782897949,
      "ndcg_usergroup_1": 0.1904231160879135,
      "jsd_usergroup_1": 0.07026724517345428,
      "ndcg_usergroup_2": 0.22843295335769653,
      "jsd_usergroup_2": 0.08853971213102341,
      "ndcg_usergroup_3": 0.30733221769332886,
      "jsd_usergroup_3": 0.10829099267721176
    },
    "epoch_14": {
      "ndcg": 0.2142760306596756,
      "jsd": 0.08621396124362946,
      "ndcg_usergroup_1": 0.16693192720413208,
      "jsd_usergroup_1": 0.062418919056653976,
      "ndcg_usergroup_2": 0.20692016184329987,
      "jsd_usergroup_2": 0.08504322916269302,
      "ndcg_usergroup_3": 0.28368765115737915,
      "jsd_usergroup_3": 0.11352122575044632
    },
    "epoch_16": {
      "ndcg": 0.20042061805725098,
      "jsd": 0.08208726346492767,
      "ndcg_usergroup_1": 0.15187357366085052,
      "jsd_usergroup_1": 0.06236455217003822,
      "ndcg_usergroup_2": 0.19136127829551697,
      "jsd_usergroup_2": 0.0802421122789383,
      "ndcg_usergroup_3": 0.27614569664001465,
      "jsd_usergroup_3": 0.10734540224075317
    },
    "epoch_25": {
      "ndcg": 0.18319152295589447,
      "jsd": 0.08204229921102524,
      "ndcg_usergroup_1": 0.12300913035869598,
      "jsd_usergroup_1": 0.06434420496225357,
      "ndcg_usergroup_2": 0.17368213832378387,
      "jsd_usergroup_2": 0.08013485372066498,
      "ndcg_usergroup_3": 0.27190205454826355,
      "jsd_usergroup_3": 0.10546272248029709
    }
  }
}