{
  "base_recommendations": {
    "ndcg": 0.2663273811340332,
    "jsd": 0.12193825840950012,
    "ndcg_usergroup_1": 0.21388721466064453,
    "jsd_usergroup_1": 0.11441239714622498,
    "ndcg_usergroup_2": 0.256170392036438,
    "jsd_usergroup_2": 0.12063903361558914,
    "ndcg_usergroup_3": 0.34923845529556274,
    "jsd_usergroup_3": 0.13336177170276642
  },
  "postprocessed": {},
  "finetuned": {
    "epoch_1": {
      "ndcg": 0.19047722220420837,
      "jsd": 0.10843837261199951,
      "ndcg_usergroup_1": 0.17453598976135254,
      "jsd_usergroup_1": 0.08358173817396164,
      "ndcg_usergroup_2": 0.18464218080043793,
      "jsd_usergroup_2": 0.10630638152360916,
      "ndcg_usergroup_3": 0.22392353415489197,
      "jsd_usergroup_3": 0.13969093561172485
    },
    "epoch_2": {
      "ndcg": 0.23667675256729126,
      "jsd": 0.11939962953329086,
      "ndcg_usergroup_1": 0.1991150975227356,
      "jsd_usergroup_1": 0.08971115946769714,
      "ndcg_usergroup_2": 0.22731547057628632,
      "jsd_usergroup_2": 0.11786643415689468,
      "ndcg_usergroup_3": 0.30232229828834534,
      "jsd_usergroup_3": 0.15368770062923431
    },
    "epoch_3": {
      "ndcg": 0.2439233660697937,
      "jsd": 0.12444750964641571,
      "ndcg_usergroup_1": 0.19724109768867493,
      "jsd_usergroup_1": 0.09104540199041367,
      "ndcg_usergroup_2": 0.23574288189411163,
      "jsd_usergroup_2": 0.12218086421489716,
      "ndcg_usergroup_3": 0.3151470422744751,
      "jsd_usergroup_3": 0.16464956104755402
    },
    "epoch_4": {
      "ndcg": 0.24431639909744263,
      "jsd": 0.1126733049750328,
      "ndcg_usergroup_1": 0.20413435995578766,
      "jsd_usergroup_1": 0.08956407755613327,
      "ndcg_usergroup_2": 0.23545686900615692,
      "jsd_usergroup_2": 0.11099355667829514,
      "ndcg_usergroup_3": 0.3110769987106323,
      "jsd_usergroup_3": 0.14082174003124237
    },
    "epoch_5": {
      "ndcg": 0.23944838345050812,
      "jsd": 0.10689236968755722,
      "ndcg_usergroup_1": 0.1993633210659027,
      "jsd_usergroup_1": 0.08017817884683609,
      "ndcg_usergroup_2": 0.23139598965644836,
      "jsd_usergroup_2": 0.10655903816223145,
      "ndcg_usergroup_3": 0.30369067192077637,
      "jsd_usergroup_3": 0.1346064656972885
    },
    "epoch_7": {
      "ndcg": 0.22780118882656097,
      "jsd": 0.09950695186853409,
      "ndcg_usergroup_1": 0.1853148341178894,
      "jsd_usergroup_1": 0.06831119954586029,
      "ndcg_usergroup_2": 0.2207442671060562,
      "jsd_usergroup_2": 0.09736382216215134,
      "ndcg_usergroup_3": 0.29145827889442444,
      "jsd_usergroup_3": 0.13713201880455017
    },
    "epoch_9": {
      "ndcg": 0.21406298875808716,
      "jsd": 0.09283613413572311,
      "ndcg_usergroup_1": 0.18186095356941223,
      "jsd_usergroup_1": 0.06800004839897156,
      "ndcg_usergroup_2": 0.20737458765506744,
      "jsd_usergroup_2": 0.09241380542516708,
      "ndcg_usergroup_3": 0.26633012294769287,
      "jsd_usergroup_3": 0.11893916875123978
    },
    "epoch_11": {
      "ndcg": 0.19646790623664856,
      "jsd": 0.0891486182808876,
      "ndcg_usergroup_1": 0.16426704823970795,
      "jsd_usergroup_1": 0.06344936788082123,
      "ndcg_usergroup_2": 0.18752041459083557,
      "jsd_usergroup_2": 0.08844054490327835,
      "ndcg_usergroup_3": 0.25551119446754456,
      "jsd_usergroup_3": 0.11697205901145935
    },
    "epoch_42": {
      "ndcg": 0.1425534337759018,
      "jsd": 0.08744321763515472,
      "ndcg_usergroup_1": 0.08428724110126495,
      "jsd_usergroup_1": 0.0864030048251152,
      "ndcg_usergroup_2": 0.13130147755146027,
      "jsd_usergroup_2": 0.0797804445028305,
      "ndcg_usergroup_3": 0.2345755398273468,
      "jsd_usergroup_3": 0.1114717423915863
    },
    "epoch_58": {
      "ndcg": 0.13468950986862183,
      "jsd": 0.08594013005495071,
      "ndcg_usergroup_1": 0.07707817852497101,
      "jsd_usergroup_1": 0.08574520796537399,
      "ndcg_usergroup_2": 0.12499146908521652,
      "jsd_usergroup_2": 0.0814516693353653,
      "ndcg_usergroup_3": 0.22139497101306915,
      "jsd_usergroup_3": 0.0996003970503807
    }
  }
}