{
  "base_recommendations": {
    "ndcg": 0.2663273811340332,
    "jsd": 0.12193825840950012,
    "ndcg_usergroup_1": 0.21388721466064453,
    "jsd_usergroup_1": 0.11441239714622498,
    "ndcg_usergroup_2": 0.256170392036438,
    "jsd_usergroup_2": 0.12063903361558914,
    "ndcg_usergroup_3": 0.34923845529556274,
    "jsd_usergroup_3": 0.13336177170276642
  },
  "postprocessed": {},
  "finetuned": {
    "epoch_1": {
      "ndcg": 0.2149610072374344,
      "jsd": 0.09960218518972397,
      "ndcg_usergroup_1": 0.1791006624698639,
      "jsd_usergroup_1": 0.08753616362810135,
      "ndcg_usergroup_2": 0.20349861681461334,
      "jsd_usergroup_2": 0.09930592775344849,
      "ndcg_usergroup_3": 0.28520846366882324,
      "jsd_usergroup_3": 0.11255693435668945
    },
    "epoch_3": {
      "ndcg": 0.2195093035697937,
      "jsd": 0.11622494459152222,
      "ndcg_usergroup_1": 0.18599355220794678,
      "jsd_usergroup_1": 0.08831004053354263,
      "ndcg_usergroup_2": 0.20929467678070068,
      "jsd_usergroup_2": 0.11546901613473892,
      "ndcg_usergroup_3": 0.28366905450820923,
      "jsd_usergroup_3": 0.14640764892101288
    },
    "epoch_4": {
      "ndcg": 0.23115283250808716,
      "jsd": 0.125497505068779,
      "ndcg_usergroup_1": 0.193797305226326,
      "jsd_usergroup_1": 0.09303688257932663,
      "ndcg_usergroup_2": 0.22057603299617767,
      "jsd_usergroup_2": 0.12458042055368423,
      "ndcg_usergroup_3": 0.3002387285232544,
      "jsd_usergroup_3": 0.16070933640003204
    },
    "epoch_5": {
      "ndcg": 0.2369432896375656,
      "jsd": 0.1200503334403038,
      "ndcg_usergroup_1": 0.19649019837379456,
      "jsd_usergroup_1": 0.08821069449186325,
      "ndcg_usergroup_2": 0.22575895488262177,
      "jsd_usergroup_2": 0.11809156090021133,
      "ndcg_usergroup_3": 0.3109493553638458,
      "jsd_usergroup_3": 0.15776628255844116
    },
    "epoch_6": {
      "ndcg": 0.24373528361320496,
      "jsd": 0.12785017490386963,
      "ndcg_usergroup_1": 0.20189040899276733,
      "jsd_usergroup_1": 0.09733543545007706,
      "ndcg_usergroup_2": 0.23346063494682312,
      "jsd_usergroup_2": 0.1258336305618286,
      "ndcg_usergroup_3": 0.3164041042327881,
      "jsd_usergroup_3": 0.16441456973552704
    },
    "epoch_7": {
      "ndcg": 0.24947667121887207,
      "jsd": 0.12692099809646606,
      "ndcg_usergroup_1": 0.2054062783718109,
      "jsd_usergroup_1": 0.09494858235120773,
      "ndcg_usergroup_2": 0.23884612321853638,
      "jsd_usergroup_2": 0.1254526823759079,
      "ndcg_usergroup_3": 0.3254387080669403,
      "jsd_usergroup_3": 0.1632983684539795
    },
    "epoch_9": {
      "ndcg": 0.2468801736831665,
      "jsd": 0.11383102089166641,
      "ndcg_usergroup_1": 0.2036433070898056,
      "jsd_usergroup_1": 0.08381664007902145,
      "ndcg_usergroup_2": 0.23690533638000488,
      "jsd_usergroup_2": 0.1127353385090828,
      "ndcg_usergroup_3": 0.3200415074825287,
      "jsd_usergroup_3": 0.1471325010061264
    },
    "epoch_10": {
      "ndcg": 0.24439150094985962,
      "jsd": 0.10940521955490112,
      "ndcg_usergroup_1": 0.20157654583454132,
      "jsd_usergroup_1": 0.08317112177610397,
      "ndcg_usergroup_2": 0.23450013995170593,
      "jsd_usergroup_2": 0.10879075527191162,
      "ndcg_usergroup_3": 0.3168805241584778,
      "jsd_usergroup_3": 0.1374826729297638
    },
    "epoch_12": {
      "ndcg": 0.24223588407039642,
      "jsd": 0.10575943440198898,
      "ndcg_usergroup_1": 0.19875621795654297,
      "jsd_usergroup_1": 0.07645196467638016,
      "ndcg_usergroup_2": 0.2326735556125641,
      "jsd_usergroup_2": 0.10477142035961151,
      "ndcg_usergroup_3": 0.3144025206565857,
      "jsd_usergroup_3": 0.13803096115589142
    },
    "epoch_15": {
      "ndcg": 0.235223650932312,
      "jsd": 0.09875743091106415,
      "ndcg_usergroup_1": 0.1944679617881775,
      "jsd_usergroup_1": 0.07479747384786606,
      "ndcg_usergroup_2": 0.22664374113082886,
      "jsd_usergroup_2": 0.09809747338294983,
      "ndcg_usergroup_3": 0.3017190396785736,
      "jsd_usergroup_3": 0.12469727545976639
    },
    "epoch_16": {
      "ndcg": 0.22843733429908752,
      "jsd": 0.09779904037714005,
      "ndcg_usergroup_1": 0.19221679866313934,
      "jsd_usergroup_1": 0.07037954032421112,
      "ndcg_usergroup_2": 0.22007621824741364,
      "jsd_usergroup_2": 0.0961284339427948,
      "ndcg_usergroup_3": 0.2897412180900574,
      "jsd_usergroup_3": 0.13023032248020172
    },
    "epoch_18": {
      "ndcg": 0.2228395789861679,
      "jsd": 0.09506756067276001,
      "ndcg_usergroup_1": 0.18220064043998718,
      "jsd_usergroup_1": 0.06776535511016846,
      "ndcg_usergroup_2": 0.21427646279335022,
      "jsd_usergroup_2": 0.09431321173906326,
      "ndcg_usergroup_3": 0.2891679108142853,
      "jsd_usergroup_3": 0.1246328130364418
    },
    "epoch_19": {
      "ndcg": 0.22482842206954956,
      "jsd": 0.09389889240264893,
      "ndcg_usergroup_1": 0.18822023272514343,
      "jsd_usergroup_1": 0.0676296204328537,
      "ndcg_usergroup_2": 0.21570056676864624,
      "jsd_usergroup_2": 0.09396736323833466,
      "ndcg_usergroup_3": 0.2888200581073761,
      "jsd_usergroup_3": 0.11996272951364517
    },
    "epoch_22": {
      "ndcg": 0.21353720128536224,
      "jsd": 0.08937042951583862,
      "ndcg_usergroup_1": 0.17573963105678558,
      "jsd_usergroup_1": 0.06298748403787613,
      "ndcg_usergroup_2": 0.20425823330879211,
      "jsd_usergroup_2": 0.08838871121406555,
      "ndcg_usergroup_3": 0.27917158603668213,
      "jsd_usergroup_3": 0.11869847029447556
    },
    "epoch_24": {
      "ndcg": 0.21036070585250854,
      "jsd": 0.088401198387146,
      "ndcg_usergroup_1": 0.17215920984745026,
      "jsd_usergroup_1": 0.06242634728550911,
      "ndcg_usergroup_2": 0.20105721056461334,
      "jsd_usergroup_2": 0.0877646878361702,
      "ndcg_usergroup_3": 0.27647262811660767,
      "jsd_usergroup_3": 0.11628555506467819
    },
    "epoch_26": {
      "ndcg": 0.20456640422344208,
      "jsd": 0.0878281444311142,
      "ndcg_usergroup_1": 0.169314906001091,
      "jsd_usergroup_1": 0.06225348636507988,
      "ndcg_usergroup_2": 0.19253608584403992,
      "jsd_usergroup_2": 0.08892539888620377,
      "ndcg_usergroup_3": 0.27590876817703247,
      "jsd_usergroup_3": 0.1101110503077507
    },
    "epoch_30": {
      "ndcg": 0.19566349685192108,
      "jsd": 0.08699177205562592,
      "ndcg_usergroup_1": 0.1523946076631546,
      "jsd_usergroup_1": 0.059115756303071976,
      "ndcg_usergroup_2": 0.187292218208313,
      "jsd_usergroup_2": 0.0864052027463913,
      "ndcg_usergroup_3": 0.26404622197151184,
      "jsd_usergroup_3": 0.11662746965885162
    },
    "epoch_32": {
      "ndcg": 0.1931469738483429,
      "jsd": 0.08622598648071289,
      "ndcg_usergroup_1": 0.1544567197561264,
      "jsd_usergroup_1": 0.05944639816880226,
      "ndcg_usergroup_2": 0.18239028751850128,
      "jsd_usergroup_2": 0.08412566035985947,
      "ndcg_usergroup_3": 0.2641071677207947,
      "jsd_usergroup_3": 0.11930650472640991
    },
    "epoch_33": {
      "ndcg": 0.19330082833766937,
      "jsd": 0.08454389125108719,
      "ndcg_usergroup_1": 0.15089812874794006,
      "jsd_usergroup_1": 0.058108482509851456,
      "ndcg_usergroup_2": 0.1824762225151062,
      "jsd_usergroup_2": 0.08390925824642181,
      "ndcg_usergroup_3": 0.2681773602962494,
      "jsd_usergroup_3": 0.11288321018218994
    },
    "epoch_34": {
      "ndcg": 0.1922834813594818,
      "jsd": 0.08278964459896088,
      "ndcg_usergroup_1": 0.15229885280132294,
      "jsd_usergroup_1": 0.058732062578201294,
      "ndcg_usergroup_2": 0.18126912415027618,
      "jsd_usergroup_2": 0.0816236063838005,
      "ndcg_usergroup_3": 0.26531118154525757,
      "jsd_usergroup_3": 0.11034531891345978
    },
    "epoch_38": {
      "ndcg": 0.18149825930595398,
      "jsd": 0.08248903602361679,
      "ndcg_usergroup_1": 0.13845854997634888,
      "jsd_usergroup_1": 0.0579303577542305,