{
  "base_recommendations": {
    "ndcg": 0.2663273811340332,
    "jsd": 0.12193825840950012,
    "ndcg_usergroup_1": 0.21388721466064453,
    "jsd_usergroup_1": 0.11441239714622498,
    "ndcg_usergroup_2": 0.256170392036438,
    "jsd_usergroup_2": 0.12063903361558914,
    "ndcg_usergroup_3": 0.34923845529556274,
    "jsd_usergroup_3": 0.13336177170276642
  },
  "postprocessed": {},
  "finetuned": {
    "epoch_1": {
      "ndcg": 0.20702357590198517,
      "jsd": 0.09650171548128128,
      "ndcg_usergroup_1": 0.1734209507703781,
      "jsd_usergroup_1": 0.08377259969711304,
      "ndcg_usergroup_2": 0.19529211521148682,
      "jsd_usergroup_2": 0.0968666672706604,
      "ndcg_usergroup_3": 0.2758205831050873,
      "jsd_usergroup_3": 0.10813595354557037
    },
    "epoch_2": {
      "ndcg": 0.2057478129863739,
      "jsd": 0.10366296023130417,
      "ndcg_usergroup_1": 0.1756872683763504,
      "jsd_usergroup_1": 0.08492986112833023,
      "ndcg_usergroup_2": 0.19557489454746246,
      "jsd_usergroup_2": 0.10249129682779312,
      "ndcg_usergroup_3": 0.2663271427154541,
      "jsd_usergroup_3": 0.12591102719306946
    },
    "epoch_3": {
      "ndcg": 0.21728451550006866,
      "jsd": 0.1110924556851387,
      "ndcg_usergroup_1": 0.18237438797950745,
      "jsd_usergroup_1": 0.08377207815647125,
      "ndcg_usergroup_2": 0.20728297531604767,
      "jsd_usergroup_2": 0.10977935791015625,
      "ndcg_usergroup_3": 0.28219932317733765,
      "jsd_usergroup_3": 0.1423521488904953
    },
    "epoch_4": {
      "ndcg": 0.2298288345336914,
      "jsd": 0.11780557036399841,
      "ndcg_usergroup_1": 0.1925051361322403,
      "jsd_usergroup_1": 0.08736663311719894,
      "ndcg_usergroup_2": 0.2195792943239212,
      "jsd_usergroup_2": 0.11608822643756866,
      "ndcg_usergroup_3": 0.29790112376213074,
      "jsd_usergroup_3": 0.1533965766429901
    },
    "epoch_5": {
      "ndcg": 0.23527589440345764,
      "jsd": 0.11282739043235779,
      "ndcg_usergroup_1": 0.19390887022018433,
      "jsd_usergroup_1": 0.08272654563188553,
      "ndcg_usergroup_2": 0.2250928282737732,
      "jsd_usergroup_2": 0.11107396334409714,
      "ndcg_usergroup_3": 0.3071921467781067,
      "jsd_usergroup_3": 0.1481885462999344
    },
    "epoch_6": {
      "ndcg": 0.24380643665790558,
      "jsd": 0.12321069836616516,
      "ndcg_usergroup_1": 0.2020311951637268,
      "jsd_usergroup_1": 0.09446901828050613,
      "ndcg_usergroup_2": 0.23353564739227295,
      "jsd_usergroup_2": 0.12123497575521469,
      "ndcg_usergroup_3": 0.31639397144317627,
      "jsd_usergroup_3": 0.15787950158119202
    },
    "epoch_7": {
      "ndcg": 0.2482917308807373,
      "jsd": 0.1183229386806488,
      "ndcg_usergroup_1": 0.20457473397254944,
      "jsd_usergroup_1": 0.0907047688961029,
      "ndcg_usergroup_2": 0.2374935895204544,
      "jsd_usergroup_2": 0.11612346023321152,
      "ndcg_usergroup_3": 0.3244031071662903,
      "jsd_usergroup_3": 0.15253950655460358
    },
    "epoch_8": {
      "ndcg": 0.24922145903110504,
      "jsd": 0.1168016642332077,
      "ndcg_usergroup_1": 0.2027222365140915,
      "jsd_usergroup_1": 0.09067348390817642,
      "ndcg_usergroup_2": 0.23879742622375488,
      "jsd_usergroup_2": 0.1148863434791565,
      "ndcg_usergroup_3": 0.326992928981781,
      "jsd_usergroup_3": 0.14867578446865082
    },
    "epoch_9": {
      "ndcg": 0.2494094967842102,
      "jsd": 0.11048157513141632,
      "ndcg_usergroup_1": 0.20392753183841705,
      "jsd_usergroup_1": 0.08346781134605408,
      "ndcg_usergroup_2": 0.2396998405456543,
      "jsd_usergroup_2": 0.1084861159324646,
      "ndcg_usergroup_3": 0.3240204155445099,
      "jsd_usergroup_3": 0.14348173141479492
    },
    "epoch_10": {
      "ndcg": 0.24828313291072845,
      "jsd": 0.10571004450321198,
      "ndcg_usergroup_1": 0.20367833971977234,
      "jsd_usergroup_1": 0.08104259520769119,
      "ndcg_usergroup_2": 0.2388869673013687,
      "jsd_usergroup_2": 0.10409269481897354,
      "ndcg_usergroup_3": 0.3210763931274414,
      "jsd_usergroup_3": 0.13522957265377045
    },
    "epoch_12": {
      "ndcg": 0.24822592735290527,
      "jsd": 0.10520342737436295,
      "ndcg_usergroup_1": 0.19995945692062378,
      "jsd_usergroup_1": 0.07757893949747086,
      "ndcg_usergroup_2": 0.2390524446964264,
      "jsd_usergroup_2": 0.10306422412395477,
      "ndcg_usergroup_3": 0.324012815952301,
      "jsd_usergroup_3": 0.13924549520015717
    },
    "epoch_13": {
      "ndcg": 0.2509509027004242,
      "jsd": 0.10677312314510345,
      "ndcg_usergroup_1": 0.20550094544887543,
      "jsd_usergroup_1": 0.08076690882444382,
      "ndcg_usergroup_2": 0.2422291338443756,
      "jsd_usergroup_2": 0.10578303039073944,
      "ndcg_usergroup_3": 0.32256609201431274,
      "jsd_usergroup_3": 0.13574960827827454
    },
    "epoch_15": {
      "ndcg": 0.2396782785654068,
      "jsd": 0.09577598422765732,
      "ndcg_usergroup_1": 0.19416043162345886,
      "jsd_usergroup_1": 0.0730666071176529,
      "ndcg_usergroup_2": 0.23251302540302277,
      "jsd_usergroup_2": 0.09474600851535797,
      "ndcg_usergroup_3": 0.30669185519218445,
      "jsd_usergroup_3": 0.12157529592514038
    },
    "epoch_19": {
      "ndcg": 0.23081326484680176,
      "jsd": 0.08858867734670639,
      "ndcg_usergroup_1": 0.19250310957431793,
      "jsd_usergroup_1": 0.0652744472026825,
      "ndcg_usergroup_2": 0.22375057637691498,
      "jsd_usergroup_2": 0.08897311985492706,
      "ndcg_usergroup_3": 0.2903115451335907,
      "jsd_usergroup_3": 0.11074956506490707
    },
    "epoch_24": {
      "ndcg": 0.21931371092796326,
      "jsd": 0.08817993849515915,
      "ndcg_usergroup_1": 0.17629098892211914,
      "jsd_usergroup_1": 0.06216433271765709,
      "ndcg_usergroup_2": 0.21023498475551605,
      "jsd_usergroup_2": 0.0878780409693718,
      "ndcg_usergroup_3": 0.28957265615463257,
      "jsd_usergroup_3": 0.11510120332241058
    },
    "epoch_25": {
      "ndcg": 0.21689029037952423,
      "jsd": 0.08599577099084854,
      "ndcg_usergroup_1": 0.1754658967256546,
      "jsd_usergroup_1": 0.06209596246480942,
      "ndcg_usergroup_2": 0.20920531451702118,
      "jsd_usergroup_2": 0.08673954755067825,
      "ndcg_usergroup_3": 0.2813696265220642,
      "jsd_usergroup_3": 0.10766424983739853
    },
    "epoch_27": {
      "ndcg": 0.21248528361320496,
      "jsd": 0.08512722700834274,
      "ndcg_usergroup_1": 0.1672212779521942,
      "jsd_usergroup_1": 0.06047023832798004,
      "ndcg_usergroup_2": 0.20408505201339722,
      "jsd_usergroup_2": 0.08510645478963852,
      "ndcg_usergroup_3": 0.28294995427131653,
      "jsd_usergroup_3": 0.10984650999307632
    },
    "epoch_30": {
      "ndcg": 0.208216592669487,
      "jsd": 0.08406130969524384,
      "ndcg_usergroup_1": 0.16135773062705994,
      "jsd_usergroup_1": 0.0598350428044796,
      "ndcg_usergroup_2": 0.19948731362819672,
      "jsd_usergroup_2": 0.0839647725224495,
      "ndcg_usergroup_3": 0.28126320242881775,
      "jsd_usergroup_3": 0.1085771694779396
    },
    "epoch_32": {
      "ndcg": 0.2028554230928421,
      "jsd": 0.08285302668809891,
      "ndcg_usergroup_1": 0.15992999076843262,
      "jsd_usergroup_1": 0.058653801679611206,
      "ndcg_usergroup_2": 0.1941612809896469,
      "jsd_usergroup_2": 0.08190791308879852,
      "ndcg_usergroup_3": 0.27186319231987,
      "jsd_usergroup_3": 0.10988758504390717
    },
    "epoch_34": {
      "ndcg": 0.20287200808525085,
      "jsd": 0.0817677229642868,
      "ndcg_usergroup_1": 0.15649360418319702,
      "jsd_usergroup_1": 0.05805201083421707,
      "ndcg_usergroup_2": 0.19315867125988007,
      "jsd_usergroup_2": 0.08174189180135727,
      "ndcg_usergroup_3": 0.27839037775993347,
      "jsd_usergroup_3": 0.10556092113256454
    },
    "epoch_39": {
      "ndcg": 0.1956784725189209,
      "jsd": 0.07883281260728836,
      "ndcg_usergroup_1": 0.1484641432762146,
      "jsd_usergroup_1": 0.05643859878182411,