{
  "base_recommendations": {
    "ndcg": 0.2663273811340332,
    "jsd": 0.12193825840950012,
    "ndcg_usergroup_1": 0.21388721466064453,
    "jsd_usergroup_1": 0.11441239714622498,
    "ndcg_usergroup_2": 0.256170392036438,
    "jsd_usergroup_2": 0.12063903361558914,
    "ndcg_usergroup_3": 0.34923845529556274,
    "jsd_usergroup_3": 0.13336177170276642
  },
  "postprocessed": {},
  "finetuned": {
    "epoch_1": {
      "ndcg": 0.14326119422912598,
      "jsd": 0.1086273044347763,
      "ndcg_usergroup_1": 0.1471165269613266,
      "jsd_usergroup_1": 0.08135523647069931,
      "ndcg_usergroup_2": 0.13488616049289703,
      "jsd_usergroup_2": 0.10988888144493103,
      "ndcg_usergroup_3": 0.16453097760677338,
      "jsd_usergroup_3": 0.13211461901664734
    },
    "epoch_2": {
      "ndcg": 0.2043224573135376,
      "jsd": 0.12033145874738693,
      "ndcg_usergroup_1": 0.17647108435630798,
      "jsd_usergroup_1": 0.08729269355535507,
      "ndcg_usergroup_2": 0.19732430577278137,
      "jsd_usergroup_2": 0.12239111959934235,
      "ndcg_usergroup_3": 0.2531682252883911,
      "jsd_usergroup_3": 0.14719124138355255
    },
    "epoch_3": {
      "ndcg": 0.22421665489673615,
      "jsd": 0.11962790787220001,
      "ndcg_usergroup_1": 0.18910865485668182,
      "jsd_usergroup_1": 0.09575542062520981,
      "ndcg_usergroup_2": 0.21621662378311157,
      "jsd_usergroup_2": 0.11933989822864532,
      "ndcg_usergroup_3": 0.28332483768463135,
      "jsd_usergroup_3": 0.14436441659927368
    },
    "epoch_4": {
      "ndcg": 0.23582564294338226,
      "jsd": 0.12021396309137344,
      "ndcg_usergroup_1": 0.19672651588916779,
      "jsd_usergroup_1": 0.09574952721595764,
      "ndcg_usergroup_2": 0.22873425483703613,
      "jsd_usergroup_2": 0.12143951654434204,
      "ndcg_usergroup_3": 0.29619887471199036,
      "jsd_usergroup_3": 0.14100171625614166
    },
    "epoch_5": {
      "ndcg": 0.23638351261615753,
      "jsd": 0.11496487259864807,
      "ndcg_usergroup_1": 0.19426606595516205,
      "jsd_usergroup_1": 0.09318308532238007,
      "ndcg_usergroup_2": 0.2306734323501587,
      "jsd_usergroup_2": 0.11477575451135635,
      "ndcg_usergroup_3": 0.2956310510635376,
      "jsd_usergroup_3": 0.13731396198272705
    },
    "epoch_6": {
      "ndcg": 0.24083389341831207,
      "jsd": 0.1134270578622818,
      "ndcg_usergroup_1": 0.1979970484972,
      "jsd_usergroup_1": 0.09144961088895798,
      "ndcg_usergroup_2": 0.23521265387535095,
      "jsd_usergroup_2": 0.1141849011182785,
      "ndcg_usergroup_3": 0.30053451657295227,
      "jsd_usergroup_3": 0.1331309676170349
    },
    "epoch_7": {
      "ndcg": 0.2438303381204605,
      "jsd": 0.11721171438694,
      "ndcg_usergroup_1": 0.20131608843803406,
      "jsd_usergroup_1": 0.09305109083652496,
      "ndcg_usergroup_2": 0.24073036015033722,
      "jsd_usergroup_2": 0.11827261000871658,
      "ndcg_usergroup_3": 0.2956445813179016,
      "jsd_usergroup_3": 0.1381896734237671
    },
    "epoch_8": {
      "ndcg": 0.2411498725414276,
      "jsd": 0.11223413795232773,
      "ndcg_usergroup_1": 0.20099253952503204,
      "jsd_usergroup_1": 0.08807205408811569,
      "ndcg_usergroup_2": 0.2360295206308365,
      "jsd_usergroup_2": 0.11186324059963226,
      "ndcg_usergroup_3": 0.2966683506965637,
      "jsd_usergroup_3": 0.13750889897346497
    },
    "epoch_9": {
      "ndcg": 0.23941831290721893,
      "jsd": 0.10896610468626022,
      "ndcg_usergroup_1": 0.20176300406455994,
      "jsd_usergroup_1": 0.08311361819505692,
      "ndcg_usergroup_2": 0.23692795634269714,
      "jsd_usergroup_2": 0.10920560359954834,
      "ndcg_usergroup_3": 0.2845446765422821,
      "jsd_usergroup_3": 0.13410009443759918
    },
    "epoch_10": {
      "ndcg": 0.2354910522699356,
      "jsd": 0.10716433823108673,
      "ndcg_usergroup_1": 0.20074763894081116,
      "jsd_usergroup_1": 0.08166278153657913,
      "ndcg_usergroup_2": 0.22989289462566376,
      "jsd_usergroup_2": 0.10559356212615967,
      "ndcg_usergroup_3": 0.2870289385318756,
      "jsd_usergroup_3": 0.13737815618515015
    },
    "epoch_15": {
      "ndcg": 0.22364263236522675,
      "jsd": 0.10708815604448318,
      "ndcg_usergroup_1": 0.19007979333400726,
      "jsd_usergroup_1": 0.08607667684555054,
      "ndcg_usergroup_2": 0.2191743701696396,
      "jsd_usergroup_2": 0.10658019781112671,
      "ndcg_usergroup_3": 0.2706102430820465,
      "jsd_usergroup_3": 0.12962350249290466
    },
    "epoch_17": {
      "ndcg": 0.21903306245803833,
      "jsd": 0.10353757441043854,
      "ndcg_usergroup_1": 0.18486358225345612,
      "jsd_usergroup_1": 0.07342720031738281,
      "ndcg_usergroup_2": 0.2130454033613205,
      "jsd_usergroup_2": 0.10331869125366211,
      "ndcg_usergroup_3": 0.2711655795574188,
      "jsd_usergroup_3": 0.13430458307266235
    },
    "epoch_20": {
      "ndcg": 0.2170087993144989,
      "jsd": 0.10151369124650955,
      "ndcg_usergroup_1": 0.17168328166007996,
      "jsd_usergroup_1": 0.06793758273124695,
      "ndcg_usergroup_2": 0.21118564903736115,
      "jsd_usergroup_2": 0.09992699325084686,
      "ndcg_usergroup_3": 0.2798037528991699,
      "jsd_usergroup_3": 0.13984990119934082
    },
    "epoch_22": {
      "ndcg": 0.22510701417922974,
      "jsd": 0.10152707993984222,
      "ndcg_usergroup_1": 0.17957252264022827,
      "jsd_usergroup_1": 0.07122509926557541,
      "ndcg_usergroup_2": 0.2184535264968872,
      "jsd_usergroup_2": 0.10046066343784332,
      "ndcg_usergroup_3": 0.2906019687652588,
      "jsd_usergroup_3": 0.13502833247184753
    },
    "epoch_24": {
      "ndcg": 0.22010329365730286,
      "jsd": 0.10041626542806625,
      "ndcg_usergroup_1": 0.17833814024925232,
      "jsd_usergroup_1": 0.07171827554702759,
      "ndcg_usergroup_2": 0.21251791715621948,
      "jsd_usergroup_2": 0.09837009012699127,
      "ndcg_usergroup_3": 0.2846245765686035,
      "jsd_usergroup_3": 0.13525277376174927
    },
    "epoch_26": {
      "ndcg": 0.21762675046920776,
      "jsd": 0.09594801813364029,
      "ndcg_usergroup_1": 0.17358992993831635,
      "jsd_usergroup_1": 0.06594792753458023,
      "ndcg_usergroup_2": 0.2091454565525055,
      "jsd_usergroup_2": 0.09381198137998581,
      "ndcg_usergroup_3": 0.28710752725601196,
      "jsd_usergroup_3": 0.1323561817407608
    },
    "epoch_31": {
      "ndcg": 0.21691089868545532,
      "jsd": 0.0969090685248375,
      "ndcg_usergroup_1": 0.16921162605285645,
      "jsd_usergroup_1": 0.06609444320201874,
      "ndcg_usergroup_2": 0.2082410752773285,
      "jsd_usergroup_2": 0.09505018591880798,
      "ndcg_usergroup_3": 0.2906196415424347,
      "jsd_usergroup_3": 0.13330033421516418
    },
    "epoch_33": {
      "ndcg": 0.21616621315479279,
      "jsd": 0.09606871008872986,
      "ndcg_usergroup_1": 0.16918252408504486,
      "jsd_usergroup_1": 0.06864967197179794,
      "ndcg_usergroup_2": 0.2074568122625351,
      "jsd_usergroup_2": 0.0941818431019783,
      "ndcg_usergroup_3": 0.289278119802475,
      "jsd_usergroup_3": 0.12914834916591644
    },
    "epoch_34": {
      "ndcg": 0.21630637347698212,
      "jsd": 0.09441593289375305,
      "ndcg_usergroup_1": 0.1675320863723755,
      "jsd_usergroup_1": 0.06341616809368134,
      "ndcg_usergroup_2": 0.20718835294246674,
      "jsd_usergroup_2": 0.09309624880552292,
      "ndcg_usergroup_3": 0.2924346327781677,
      "jsd_usergroup_3": 0.12937471270561218
    },
    "epoch_41": {
      "ndcg": 0.21322037279605865,
      "jsd": 0.09191927313804626,
      "ndcg_usergroup_1": 0.16291452944278717,
      "jsd_usergroup_1": 0.06343217194080353,
      "ndcg_usergroup_2": 0.20302943885326385,
      "jsd_usergroup_2": 0.08972840011119843,
      "ndcg_usergroup_3": 0.2940991222858429,
      "jsd_usergroup_3": 0.12697896361351013
    },
    "epoch_43": {
      "ndcg": 0.2148904800415039,
      "jsd": 0.0931410863995552,
      "ndcg_usergroup_1": 0.1655137836933136,
      "jsd_usergroup_1": 0.06193172559142113,