{
  "base_recommendations": {
    "ndcg": 0.2663273811340332,
    "jsd": 0.12193825840950012,
    "ndcg_usergroup_1": 0.21388721466064453,
    "jsd_usergroup_1": 0.11441239714622498,
    "ndcg_usergroup_2": 0.256170392036438,
    "jsd_usergroup_2": 0.12063903361558914,
    "ndcg_usergroup_3": 0.34923845529556274,
    "jsd_usergroup_3": 0.13336177170276642
  },
  "postprocessed": {},
  "finetuned": {
    "epoch_1": {
      "ndcg": 0.22548100352287292,
      "jsd": 0.1034654751420021,
      "ndcg_usergroup_1": 0.19001181423664093,
      "jsd_usergroup_1": 0.08588376641273499,
      "ndcg_usergroup_2": 0.21285480260849,
      "jsd_usergroup_2": 0.10194823890924454,
      "ndcg_usergroup_3": 0.29882875084877014,
      "jsd_usergroup_3": 0.12559890747070312
    },
    "epoch_7": {
      "ndcg": 0.23039478063583374,
      "jsd": 0.12910853326320648,
      "ndcg_usergroup_1": 0.1922091394662857,
      "jsd_usergroup_1": 0.09691484272480011,
      "ndcg_usergroup_2": 0.2195539027452469,
      "jsd_usergroup_2": 0.12859821319580078,
      "ndcg_usergroup_3": 0.30110302567481995,
      "jsd_usergroup_3": 0.16283322870731354
    },
    "epoch_8": {
      "ndcg": 0.2324254810810089,
      "jsd": 0.12618254125118256,
      "ndcg_usergroup_1": 0.19403058290481567,
      "jsd_usergroup_1": 0.09722230583429337,
      "ndcg_usergroup_2": 0.2219037562608719,
      "jsd_usergroup_2": 0.12542767822742462,
      "ndcg_usergroup_3": 0.30238550901412964,
      "jsd_usergroup_3": 0.15740738809108734
    },
    "epoch_9": {
      "ndcg": 0.23372270166873932,
      "jsd": 0.12362198531627655,
      "ndcg_usergroup_1": 0.19581304490566254,
      "jsd_usergroup_1": 0.09377147257328033,
      "ndcg_usergroup_2": 0.222623810172081,
      "jsd_usergroup_2": 0.122996985912323,
      "ndcg_usergroup_3": 0.30492886900901794,
      "jsd_usergroup_3": 0.15534745156764984
    },
    "epoch_10": {
      "ndcg": 0.235779270529747,
      "jsd": 0.12446503341197968,
      "ndcg_usergroup_1": 0.19572949409484863,
      "jsd_usergroup_1": 0.09596492350101471,
      "ndcg_usergroup_2": 0.22616352140903473,
      "jsd_usergroup_2": 0.12399531155824661,
      "ndcg_usergroup_3": 0.3046763241291046,
      "jsd_usergroup_3": 0.15437433123588562
    },
    "epoch_11": {
      "ndcg": 0.23692072927951813,
      "jsd": 0.1244046539068222,
      "ndcg_usergroup_1": 0.19712834060192108,
      "jsd_usergroup_1": 0.09503775089979172,
      "ndcg_usergroup_2": 0.22641032934188843,
      "jsd_usergroup_2": 0.12363071739673615,
      "ndcg_usergroup_3": 0.3082442581653595,
      "jsd_usergroup_3": 0.15609335899353027
    },
    "epoch_12": {
      "ndcg": 0.2360725700855255,
      "jsd": 0.12008709460496902,
      "ndcg_usergroup_1": 0.1947123259305954,
      "jsd_usergroup_1": 0.0911192074418068,
      "ndcg_usergroup_2": 0.22663363814353943,
      "jsd_usergroup_2": 0.11890975385904312,
      "ndcg_usergroup_3": 0.3057495653629303,
      "jsd_usergroup_3": 0.15258698165416718
    },
    "epoch_13": {
      "ndcg": 0.23810884356498718,
      "jsd": 0.12082450836896896,
      "ndcg_usergroup_1": 0.1966772973537445,
      "jsd_usergroup_1": 0.0926855131983757,
      "ndcg_usergroup_2": 0.22950825095176697,
      "jsd_usergroup_2": 0.12172582745552063,
      "ndcg_usergroup_3": 0.3053421080112457,
      "jsd_usergroup_3": 0.14625953137874603
    },
    "epoch_20": {
      "ndcg": 0.22809961438179016,
      "jsd": 0.10558231174945831,
      "ndcg_usergroup_1": 0.19117112457752228,
      "jsd_usergroup_1": 0.07725284993648529,
      "ndcg_usergroup_2": 0.21967609226703644,
      "jsd_usergroup_2": 0.10513303428888321,
      "ndcg_usergroup_3": 0.2902987003326416,
      "jsd_usergroup_3": 0.1352596879005432
    },
    "epoch_32": {
      "ndcg": 0.2179299145936966,
      "jsd": 0.10090037435293198,
      "ndcg_usergroup_1": 0.18387557566165924,
      "jsd_usergroup_1": 0.07063878327608109,
      "ndcg_usergroup_2": 0.20898626744747162,
      "jsd_usergroup_2": 0.09987442195415497,
      "ndcg_usergroup_3": 0.2788151502609253,
      "jsd_usergroup_3": 0.13423976302146912
    },
    "epoch_35": {
      "ndcg": 0.21548712253570557,
      "jsd": 0.10077229887247086,
      "ndcg_usergroup_1": 0.18096567690372467,
      "jsd_usergroup_1": 0.07055026292800903,
      "ndcg_usergroup_2": 0.20579344034194946,
      "jsd_usergroup_2": 0.0994899570941925,
      "ndcg_usergroup_3": 0.27908971905708313,
      "jsd_usergroup_3": 0.13484133780002594
    },
    "epoch_41": {
      "ndcg": 0.21505793929100037,
      "jsd": 0.10061271488666534,
      "ndcg_usergroup_1": 0.17902293801307678,
      "jsd_usergroup_1": 0.06842350214719772,
      "ndcg_usergroup_2": 0.20555201172828674,
      "jsd_usergroup_2": 0.10041627287864685,
      "ndcg_usergroup_3": 0.2796107828617096,
      "jsd_usergroup_3": 0.13339124619960785
    },
    "epoch_44": {
      "ndcg": 0.21250955760478973,
      "jsd": 0.09929686784744263,
      "ndcg_usergroup_1": 0.17580577731132507,
      "jsd_usergroup_1": 0.06945087015628815,
      "ndcg_usergroup_2": 0.20434872806072235,
      "jsd_usergroup_2": 0.09822399914264679,
      "ndcg_usergroup_3": 0.27369582653045654,
      "jsd_usergroup_3": 0.13236145675182343
    },
    "epoch_46": {
      "ndcg": 0.2112007886171341,
      "jsd": 0.09810380637645721,
      "ndcg_usergroup_1": 0.17529767751693726,
      "jsd_usergroup_1": 0.06668997555971146,
      "ndcg_usergroup_2": 0.2016265094280243,
      "jsd_usergroup_2": 0.0968053787946701,
      "ndcg_usergroup_3": 0.27582666277885437,
      "jsd_usergroup_3": 0.1334129273891449
    },
    "epoch_49": {
      "ndcg": 0.2070525735616684,
      "jsd": 0.09672271460294724,
      "ndcg_usergroup_1": 0.17257171869277954,
      "jsd_usergroup_1": 0.06530385464429855,
      "ndcg_usergroup_2": 0.19659261405467987,
      "jsd_usergroup_2": 0.09608909487724304,
      "ndcg_usergroup_3": 0.2729133069515228,
      "jsd_usergroup_3": 0.1300424486398697
    },
    "epoch_55": {
      "ndcg": 0.2065715491771698,
      "jsd": 0.09636449068784714,
      "ndcg_usergroup_1": 0.17230874300003052,
      "jsd_usergroup_1": 0.0662003830075264,
      "ndcg_usergroup_2": 0.19744537770748138,
      "jsd_usergroup_2": 0.09551990777254105,
      "ndcg_usergroup_3": 0.26821282505989075,
      "jsd_usergroup_3": 0.12906232476234436
    },
    "epoch_59": {
      "ndcg": 0.20438426733016968,
      "jsd": 0.09547727555036545,
      "ndcg_usergroup_1": 0.16687102615833282,
      "jsd_usergroup_1": 0.06501208245754242,
      "ndcg_usergroup_2": 0.19516988098621368,
      "jsd_usergroup_2": 0.09356357902288437,
      "ndcg_usergroup_3": 0.2695407271385193,
      "jsd_usergroup_3": 0.13168352842330933
    },
    "epoch_70": {
      "ndcg": 0.20213204622268677,
      "jsd": 0.09546927362680435,
      "ndcg_usergroup_1": 0.16414861381053925,
      "jsd_usergroup_1": 0.06498761475086212,
      "ndcg_usergroup_2": 0.19235922396183014,
      "jsd_usergroup_2": 0.09446492791175842,
      "ndcg_usergroup_3": 0.26943397521972656,
      "jsd_usergroup_3": 0.12896393239498138
    },
    "epoch_73": {
      "ndcg": 0.20181085169315338,
      "jsd": 0.09541628509759903,
      "ndcg_usergroup_1": 0.1639655977487564,
      "jsd_usergroup_1": 0.06364620476961136,
      "ndcg_usergroup_2": 0.19176416099071503,
      "jsd_usergroup_2": 0.0943668857216835,
      "ndcg_usergroup_3": 0.26979610323905945,
      "jsd_usergroup_3": 0.1303345412015915
    },
    "epoch_75": {
      "ndcg": 0.1985151320695877,
      "jsd": 0.09310907125473022,
      "ndcg_usergroup_1": 0.16155438125133514,
      "jsd_usergroup_1": 0.0629706010222435,
      "ndcg_usergroup_2": 0.18906432390213013,
      "jsd_usergroup_2": 0.09193964302539825,
      "ndcg_usergroup_3": 0.263828307390213,
      "jsd_usergroup_3": 0.12675581872463226
    },
    "epoch_86": {
      "ndcg": 0.19682736694812775,
      "jsd": 0.09292740374803543,
      "ndcg_usergroup_1": 0.1580982357263565,
      "jsd_usergroup_1": 0.06353921443223953,