{
  "base_recommendations": {
    "ndcg": 0.2663273811340332,
    "jsd": 0.12193825840950012,
    "ndcg_usergroup_1": 0.21388721466064453,
    "jsd_usergroup_1": 0.11441239714622498,
    "ndcg_usergroup_2": 0.256170392036438,
    "jsd_usergroup_2": 0.12063903361558914,
    "ndcg_usergroup_3": 0.34923845529556274,
    "jsd_usergroup_3": 0.13336177170276642
  },
  "postprocessed": {},
  "finetuned": {
    "epoch_1": {
      "ndcg": 0.19489575922489166,
      "jsd": 0.11143498122692108,
      "ndcg_usergroup_1": 0.1836240142583847,
      "jsd_usergroup_1": 0.08971855789422989,
      "ndcg_usergroup_2": 0.18650135397911072,
      "jsd_usergroup_2": 0.10881385952234268,
      "ndcg_usergroup_3": 0.23135070502758026,
      "jsd_usergroup_3": 0.14101475477218628
    },
    "epoch_2": {
      "ndcg": 0.22217707335948944,
      "jsd": 0.14685048162937164,
      "ndcg_usergroup_1": 0.19760462641716003,
      "jsd_usergroup_1": 0.1146140918135643,
      "ndcg_usergroup_2": 0.21313025057315826,
      "jsd_usergroup_2": 0.1457003802061081,
      "ndcg_usergroup_3": 0.2738899290561676,
      "jsd_usergroup_3": 0.18253715336322784
    },
    "epoch_3": {
      "ndcg": 0.20840099453926086,
      "jsd": 0.11510448157787323,
      "ndcg_usergroup_1": 0.18858511745929718,
      "jsd_usergroup_1": 0.08770249038934708,
      "ndcg_usergroup_2": 0.19985157251358032,
      "jsd_usergroup_2": 0.11171822249889374,
      "ndcg_usergroup_3": 0.2538650631904602,
      "jsd_usergroup_3": 0.15266519784927368
    },
    "epoch_7": {
      "ndcg": 0.16341271996498108,
      "jsd": 0.10486618429422379,
      "ndcg_usergroup_1": 0.14804014563560486,
      "jsd_usergroup_1": 0.07579252868890762,
      "ndcg_usergroup_2": 0.15633821487426758,
      "jsd_usergroup_2": 0.10463868081569672,
      "ndcg_usergroup_3": 0.20000876486301422,
      "jsd_usergroup_3": 0.13462233543395996
    }
  }
}