{
  "base_recommendations": {
    "ndcg": 0.2663273811340332,
    "jsd": 0.12193825840950012,
    "ndcg_usergroup_1": 0.21388721466064453,
    "jsd_usergroup_1": 0.11441239714622498,
    "ndcg_usergroup_2": 0.256170392036438,
    "jsd_usergroup_2": 0.12063903361558914,
    "ndcg_usergroup_3": 0.34923845529556274,
    "jsd_usergroup_3": 0.13336177170276642
  },
  "postprocessed": {},
  "finetuned": {
    "epoch_1": {
      "ndcg": 0.21135888993740082,
      "jsd": 0.10025526583194733,
      "ndcg_usergroup_1": 0.1785537451505661,
      "jsd_usergroup_1": 0.08143413811922073,
      "ndcg_usergroup_2": 0.19936399161815643,
      "jsd_usergroup_2": 0.09954485297203064,
      "ndcg_usergroup_3": 0.28014862537384033,
      "jsd_usergroup_3": 0.12120763212442398
    },
    "epoch_5": {
      "ndcg": 0.21202552318572998,
      "jsd": 0.11777031421661377,
      "ndcg_usergroup_1": 0.17400279641151428,
      "jsd_usergroup_1": 0.08651653677225113,
      "ndcg_usergroup_2": 0.20178921520709991,
      "jsd_usergroup_2": 0.11744683235883713,
      "ndcg_usergroup_3": 0.28075718879699707,
      "jsd_usergroup_3": 0.14999455213546753
    },
    "epoch_6": {
      "ndcg": 0.21985900402069092,
      "jsd": 0.11865153908729553,
      "ndcg_usergroup_1": 0.1833585500717163,
      "jsd_usergroup_1": 0.08992725610733032,
      "ndcg_usergroup_2": 0.20893242955207825,
      "jsd_usergroup_2": 0.11851313710212708,
      "ndcg_usergroup_3": 0.28913912177085876,
      "jsd_usergroup_3": 0.14779101312160492
    },
    "epoch_7": {
      "ndcg": 0.22773906588554382,
      "jsd": 0.12291984260082245,
      "ndcg_usergroup_1": 0.18799389898777008,
      "jsd_usergroup_1": 0.09550394862890244,
      "ndcg_usergroup_2": 0.21675564348697662,
      "jsd_usergroup_2": 0.12264738976955414,
      "ndcg_usergroup_3": 0.30043452978134155,
      "jsd_usergroup_3": 0.1511530876159668
    },
    "epoch_8": {
      "ndcg": 0.23329870402812958,
      "jsd": 0.12172791361808777,
      "ndcg_usergroup_1": 0.192240908741951,
      "jsd_usergroup_1": 0.09551000595092773,
      "ndcg_usergroup_2": 0.22246327996253967,
      "jsd_usergroup_2": 0.12127681821584702,
      "ndcg_usergroup_3": 0.3068627417087555,
      "jsd_usergroup_3": 0.14929908514022827
    },
    "epoch_9": {
      "ndcg": 0.23650509119033813,
      "jsd": 0.11893443763256073,
      "ndcg_usergroup_1": 0.19368478655815125,
      "jsd_usergroup_1": 0.09345822781324387,
      "ndcg_usergroup_2": 0.22712808847427368,
      "jsd_usergroup_2": 0.1195371225476265,
      "ndcg_usergroup_3": 0.3074563145637512,
      "jsd_usergroup_3": 0.1426025778055191
    },
    "epoch_10": {
      "ndcg": 0.2403029501438141,
      "jsd": 0.12069834023714066,
      "ndcg_usergroup_1": 0.1964404135942459,
      "jsd_usergroup_1": 0.09506484121084213,
      "ndcg_usergroup_2": 0.23094682395458221,
      "jsd_usergroup_2": 0.12157004326581955,
      "ndcg_usergroup_3": 0.31223389506340027,
      "jsd_usergroup_3": 0.14371667802333832
    },
    "epoch_11": {
      "ndcg": 0.2436712682247162,
      "jsd": 0.12005382776260376,
      "ndcg_usergroup_1": 0.19680872559547424,
      "jsd_usergroup_1": 0.09269881993532181,
      "ndcg_usergroup_2": 0.23418913781642914,
      "jsd_usergroup_2": 0.12043058127164841,
      "ndcg_usergroup_3": 0.3189800977706909,
      "jsd_usergroup_3": 0.14627858996391296
    },
    "epoch_12": {
      "ndcg": 0.2438916712999344,
      "jsd": 0.11334582418203354,
      "ndcg_usergroup_1": 0.1973736733198166,
      "jsd_usergroup_1": 0.08884575217962265,
      "ndcg_usergroup_2": 0.23481649160385132,
      "jsd_usergroup_2": 0.11348439753055573,
      "ndcg_usergroup_3": 0.3176352083683014,
      "jsd_usergroup_3": 0.13743017613887787
    },
    "epoch_13": {
      "ndcg": 0.24627330899238586,
      "jsd": 0.11432131379842758,
      "ndcg_usergroup_1": 0.19985097646713257,
      "jsd_usergroup_1": 0.08986832946538925,
      "ndcg_usergroup_2": 0.2369430512189865,
      "jsd_usergroup_2": 0.11392940580844879,
      "ndcg_usergroup_3": 0.32068634033203125,
      "jsd_usergroup_3": 0.1399500072002411
    },
    "epoch_14": {
      "ndcg": 0.2466912865638733,
      "jsd": 0.11343159526586533,
      "ndcg_usergroup_1": 0.2020498365163803,
      "jsd_usergroup_1": 0.08844257146120071,
      "ndcg_usergroup_2": 0.2383299022912979,
      "jsd_usergroup_2": 0.11405815184116364,
      "ndcg_usergroup_3": 0.3164169490337372,
      "jsd_usergroup_3": 0.13654090464115143
    },
    "epoch_15": {
      "ndcg": 0.24753479659557343,
      "jsd": 0.11019126325845718,
      "ndcg_usergroup_1": 0.20261311531066895,
      "jsd_usergroup_1": 0.08753505349159241,
      "ndcg_usergroup_2": 0.23897232115268707,
      "jsd_usergroup_2": 0.11009932309389114,
      "ndcg_usergroup_3": 0.3181437849998474,
      "jsd_usergroup_3": 0.13312330842018127
    },
    "epoch_16": {
      "ndcg": 0.24877303838729858,
      "jsd": 0.11156736314296722,
      "ndcg_usergroup_1": 0.20021210610866547,
      "jsd_usergroup_1": 0.0868002250790596,
      "ndcg_usergroup_2": 0.2408314198255539,
      "jsd_usergroup_2": 0.11161444336175919,
      "ndcg_usergroup_3": 0.32115882635116577,
      "jsd_usergroup_3": 0.13619327545166016
    },
    "epoch_17": {
      "ndcg": 0.24794736504554749,
      "jsd": 0.10966522246599197,
      "ndcg_usergroup_1": 0.20122085511684418,
      "jsd_usergroup_1": 0.08508621901273727,
      "ndcg_usergroup_2": 0.2404276728630066,
      "jsd_usergroup_2": 0.11006306111812592,
      "ndcg_usergroup_3": 0.3172329068183899,
      "jsd_usergroup_3": 0.13305072486400604
    },
    "epoch_19": {
      "ndcg": 0.2485540360212326,
      "jsd": 0.10914222151041031,
      "ndcg_usergroup_1": 0.2035357803106308,
      "jsd_usergroup_1": 0.08226000517606735,
      "ndcg_usergroup_2": 0.24069790542125702,
      "jsd_usergroup_2": 0.10927386581897736,
      "ndcg_usergroup_3": 0.31714075803756714,
      "jsd_usergroup_3": 0.13562951982021332
    },
    "epoch_20": {
      "ndcg": 0.24570319056510925,
      "jsd": 0.10620910674333572,
      "ndcg_usergroup_1": 0.2007078230381012,
      "jsd_usergroup_1": 0.0788780078291893,
      "ndcg_usergroup_2": 0.23813463747501373,
      "jsd_usergroup_2": 0.10601149499416351,
      "ndcg_usergroup_3": 0.3134041726589203,
      "jsd_usergroup_3": 0.13413302600383759
    },
    "epoch_21": {
      "ndcg": 0.24977615475654602,
      "jsd": 0.10973725467920303,
      "ndcg_usergroup_1": 0.20168878138065338,
      "jsd_usergroup_1": 0.08285079151391983,
      "ndcg_usergroup_2": 0.24251338839530945,
      "jsd_usergroup_2": 0.11034679412841797,
      "ndcg_usergroup_3": 0.31965184211730957,
      "jsd_usergroup_3": 0.13479502499103546
    },
    "epoch_22": {
      "ndcg": 0.2445867359638214,
      "jsd": 0.10496591776609421,
      "ndcg_usergroup_1": 0.20099475979804993,
      "jsd_usergroup_1": 0.07787161320447922,
      "ndcg_usergroup_2": 0.23717305064201355,
      "jsd_usergroup_2": 0.10528652369976044,
      "ndcg_usergroup_3": 0.31041964888572693,
      "jsd_usergroup_3": 0.13109835982322693
    },
    "epoch_23": {
      "ndcg": 0.24646498262882233,
      "jsd": 0.10375857353210449,
      "ndcg_usergroup_1": 0.19797155261039734,
      "jsd_usergroup_1": 0.07561604678630829,
      "ndcg_usergroup_2": 0.23813660442829132,
      "jsd_usergroup_2": 0.10416210442781448,
      "ndcg_usergroup_3": 0.3199433982372284,
      "jsd_usergroup_3": 0.1306905448436737
    },
    "epoch_27": {
      "ndcg": 0.2415459007024765,
      "jsd": 0.10183843225240707,
      "ndcg_usergroup_1": 0.1970231533050537,
      "jsd_usergroup_1": 0.07318545877933502,
      "ndcg_usergroup_2": 0.23458561301231384,
      "jsd_usergroup_2": 0.1025371253490448,
      "ndcg_usergroup_3": 0.30694955587387085,
      "jsd_usergroup_3": 0.12839536368846893
    },
    "epoch_31": {
      "ndcg": 0.24031786620616913,
      "jsd": 0.10020922124385834,
      "ndcg_usergroup_1": 0.19395911693572998,
      "jsd_usergroup_1": 0.06983953714370728,