{
  "base_recommendations": {
    "ndcg": 0.2663273811340332,
    "jsd": 0.12193825840950012,
    "ndcg_usergroup_1": 0.21388721466064453,
    "jsd_usergroup_1": 0.11441239714622498,
    "ndcg_usergroup_2": 0.256170392036438,
    "jsd_usergroup_2": 0.12063903361558914,
    "ndcg_usergroup_3": 0.34923845529556274,
    "jsd_usergroup_3": 0.13336177170276642
  },
  "postprocessed": {},
  "finetuned": {
    "epoch_1": {
      "ndcg": 0.1956758201122284,
      "jsd": 0.09377779066562653,
      "ndcg_usergroup_1": 0.16525447368621826,
      "jsd_usergroup_1": 0.08097618073225021,
      "ndcg_usergroup_2": 0.18365070223808289,
      "jsd_usergroup_2": 0.09486602991819382,
      "ndcg_usergroup_3": 0.26217252016067505,
      "jsd_usergroup_3": 0.10331466794013977
    },
    "epoch_2": {
      "ndcg": 0.19435057044029236,
      "jsd": 0.09854932874441147,
      "ndcg_usergroup_1": 0.16780124604701996,
      "jsd_usergroup_1": 0.08194365352392197,
      "ndcg_usergroup_2": 0.1846543699502945,
      "jsd_usergroup_2": 0.09756777435541153,
      "ndcg_usergroup_3": 0.24998852610588074,
      "jsd_usergroup_3": 0.118099644780159
    },
    "epoch_3": {
      "ndcg": 0.20914246141910553,
      "jsd": 0.10574086010456085,
      "ndcg_usergroup_1": 0.17934603989124298,
      "jsd_usergroup_1": 0.08141041547060013,
      "ndcg_usergroup_2": 0.1990208625793457,
      "jsd_usergroup_2": 0.10386359691619873,
      "ndcg_usergroup_3": 0.26930370926856995,
      "jsd_usergroup_3": 0.13570308685302734
    },
    "epoch_4": {
      "ndcg": 0.22671008110046387,
      "jsd": 0.11218837648630142,
      "ndcg_usergroup_1": 0.18969480693340302,
      "jsd_usergroup_1": 0.08445076644420624,
      "ndcg_usergroup_2": 0.2167469561100006,
      "jsd_usergroup_2": 0.11015453189611435,
      "ndcg_usergroup_3": 0.29361462593078613,
      "jsd_usergroup_3": 0.1460275948047638
    },
    "epoch_5": {
      "ndcg": 0.2337394654750824,
      "jsd": 0.10854341834783554,
      "ndcg_usergroup_1": 0.1928819864988327,
      "jsd_usergroup_1": 0.08307583630084991,
      "ndcg_usergroup_2": 0.22332823276519775,
      "jsd_usergroup_2": 0.10588805377483368,
      "ndcg_usergroup_3": 0.3058307468891144,
      "jsd_usergroup_3": 0.14197705686092377
    },
    "epoch_6": {
      "ndcg": 0.24211251735687256,
      "jsd": 0.11429867893457413,
      "ndcg_usergroup_1": 0.19870546460151672,
      "jsd_usergroup_1": 0.09036707133054733,
      "ndcg_usergroup_2": 0.23185983300209045,
      "jsd_usergroup_2": 0.1116214245557785,
      "ndcg_usergroup_3": 0.31627780199050903,
      "jsd_usergroup_3": 0.1462620496749878
    },
    "epoch_7": {
      "ndcg": 0.24873390793800354,
      "jsd": 0.11447716504335403,
      "ndcg_usergroup_1": 0.20614007115364075,
      "jsd_usergroup_1": 0.0902419164776802,
      "ndcg_usergroup_2": 0.23848403990268707,
      "jsd_usergroup_2": 0.11144564300775528,
      "ndcg_usergroup_3": 0.32207727432250977,
      "jsd_usergroup_3": 0.14780695736408234
    },
    "epoch_8": {
      "ndcg": 0.2501472532749176,
      "jsd": 0.11012587696313858,
      "ndcg_usergroup_1": 0.204098179936409,
      "jsd_usergroup_1": 0.08776914328336716,
      "ndcg_usergroup_2": 0.23998378217220306,
      "jsd_usergroup_2": 0.1075374111533165,
      "ndcg_usergroup_3": 0.32668671011924744,
      "jsd_usergroup_3": 0.14024800062179565
    },
    "epoch_9": {
      "ndcg": 0.2513675391674042,
      "jsd": 0.105660580098629,
      "ndcg_usergroup_1": 0.2054678499698639,
      "jsd_usergroup_1": 0.08306770026683807,
      "ndcg_usergroup_2": 0.24149607121944427,
      "jsd_usergroup_2": 0.10318121314048767,
      "ndcg_usergroup_3": 0.32688164710998535,
      "jsd_usergroup_3": 0.13569150865077972
    },
    "epoch_10": {
      "ndcg": 0.25209131836891174,
      "jsd": 0.1045767217874527,
      "ndcg_usergroup_1": 0.20591352880001068,
      "jsd_usergroup_1": 0.08153983950614929,
      "ndcg_usergroup_2": 0.24234864115715027,
      "jsd_usergroup_2": 0.10287483781576157,
      "ndcg_usergroup_3": 0.3274971544742584,
      "jsd_usergroup_3": 0.1327192485332489
    },
    "epoch_11": {
      "ndcg": 0.255903959274292,
      "jsd": 0.10781422257423401,
      "ndcg_usergroup_1": 0.20859797298908234,
      "jsd_usergroup_1": 0.08644657582044601,
      "ndcg_usergroup_2": 0.24624966084957123,
      "jsd_usergroup_2": 0.10494297742843628,
      "ndcg_usergroup_3": 0.33217281103134155,
      "jsd_usergroup_3": 0.137795552611351
    },
    "epoch_12": {
      "ndcg": 0.2543885111808777,
      "jsd": 0.10214916616678238,
      "ndcg_usergroup_1": 0.2044868767261505,
      "jsd_usergroup_1": 0.07669223845005035,
      "ndcg_usergroup_2": 0.24439503252506256,
      "jsd_usergroup_2": 0.10063666850328445,
      "ndcg_usergroup_3": 0.3342704772949219,
      "jsd_usergroup_3": 0.1321435570716858
    },
    "epoch_13": {
      "ndcg": 0.2576378583908081,
      "jsd": 0.10412298887968063,
      "ndcg_usergroup_1": 0.21078673005104065,
      "jsd_usergroup_1": 0.08278902620077133,
      "ndcg_usergroup_2": 0.24851419031620026,
      "jsd_usergroup_2": 0.1019887924194336,
      "ndcg_usergroup_3": 0.331859827041626,
      "jsd_usergroup_3": 0.13185955584049225
    },
    "epoch_15": {
      "ndcg": 0.2523656189441681,
      "jsd": 0.09689911454916,
      "ndcg_usergroup_1": 0.20256328582763672,
      "jsd_usergroup_1": 0.0720011442899704,
      "ndcg_usergroup_2": 0.24335996806621552,
      "jsd_usergroup_2": 0.09501639753580093,
      "ndcg_usergroup_3": 0.3291849195957184,
      "jsd_usergroup_3": 0.127445250749588
    },
    "epoch_17": {
      "ndcg": 0.25265365839004517,
      "jsd": 0.09513542056083679,
      "ndcg_usergroup_1": 0.20268434286117554,
      "jsd_usergroup_1": 0.0714607834815979,
      "ndcg_usergroup_2": 0.2438078075647354,
      "jsd_usergroup_2": 0.09386277198791504,
      "ndcg_usergroup_3": 0.3291604816913605,
      "jsd_usergroup_3": 0.12262796610593796
    },
    "epoch_19": {
      "ndcg": 0.24221669137477875,
      "jsd": 0.08816780149936676,
      "ndcg_usergroup_1": 0.1964838057756424,
      "jsd_usergroup_1": 0.0648096352815628,
      "ndcg_usergroup_2": 0.23373554646968842,
      "jsd_usergroup_2": 0.08757299184799194,
      "ndcg_usergroup_3": 0.3133930563926697,
      "jsd_usergroup_3": 0.11331037431955338
    },
    "epoch_22": {
      "ndcg": 0.23655535280704498,
      "jsd": 0.08574333041906357,
      "ndcg_usergroup_1": 0.19175392389297485,
      "jsd_usergroup_1": 0.0646464079618454,
      "ndcg_usergroup_2": 0.22770532965660095,
      "jsd_usergroup_2": 0.0846802145242691,
      "ndcg_usergroup_3": 0.3079068064689636,
      "jsd_usergroup_3": 0.11002960056066513
    },
    "epoch_24": {
      "ndcg": 0.23221585154533386,
      "jsd": 0.08531035482883453,
      "ndcg_usergroup_1": 0.18635894358158112,
      "jsd_usergroup_1": 0.061151016503572464,
      "ndcg_usergroup_2": 0.2237168848514557,
      "jsd_usergroup_2": 0.08474640548229218,
      "ndcg_usergroup_3": 0.3035697042942047,
      "jsd_usergroup_3": 0.11116156727075577
    },
    "epoch_25": {
      "ndcg": 0.22972646355628967,
      "jsd": 0.08401123434305191,
      "ndcg_usergroup_1": 0.17863859236240387,
      "jsd_usergroup_1": 0.06097286939620972,
      "ndcg_usergroup_2": 0.2215736359357834,
      "jsd_usergroup_2": 0.08369393646717072,
      "ndcg_usergroup_3": 0.3052728474140167,
      "jsd_usergroup_3": 0.1080014556646347
    },
    "epoch_27": {
      "ndcg": 0.225236177444458,
      "jsd": 0.08238101750612259,
      "ndcg_usergroup_1": 0.17818354070186615,
      "jsd_usergroup_1": 0.05921453610062599,
      "ndcg_usergroup_2": 0.216457337141037,
      "jsd_usergroup_2": 0.08315335959196091,
      "ndcg_usergroup_3": 0.29862529039382935,
      "jsd_usergroup_3": 0.10323046147823334
    },
    "epoch_29": {
      "ndcg": 0.22078053653240204,
      "jsd": 0.08000091463327408,
      "ndcg_usergroup_1": 0.17357872426509857,
      "jsd_usergroup_1": 0.05828620120882988,
      "ndcg_usergroup_2": 0.21313953399658203,