{
  "base_recommendations": {
    "ndcg": 0.2663273811340332,
    "jsd": 0.12193825840950012,
    "ndcg_usergroup_1": 0.21388721466064453,
    "jsd_usergroup_1": 0.11441239714622498,
    "ndcg_usergroup_2": 0.256170392036438,
    "jsd_usergroup_2": 0.12063903361558914,
    "ndcg_usergroup_3": 0.34923845529556274,
    "jsd_usergroup_3": 0.13336177170276642
  },
  "postprocessed": {},
  "finetuned": {
    "epoch_1": {
      "ndcg": 0.1773928850889206,
      "jsd": 0.0903344601392746,
      "ndcg_usergroup_1": 0.14051806926727295,
      "jsd_usergroup_1": 0.0784294381737709,
      "ndcg_usergroup_2": 0.16721007227897644,
      "jsd_usergroup_2": 0.09200247377157211,
      "ndcg_usergroup_3": 0.2448161542415619,
      "jsd_usergroup_3": 0.09723544865846634
    },
    "epoch_2": {
      "ndcg": 0.20320452749729156,
      "jsd": 0.09166283905506134,
      "ndcg_usergroup_1": 0.1655467450618744,
      "jsd_usergroup_1": 0.07422938942909241,
      "ndcg_usergroup_2": 0.19265161454677582,
      "jsd_usergroup_2": 0.09116291999816895,
      "ndcg_usergroup_3": 0.2725210189819336,
      "jsd_usergroup_3": 0.11059605330228806
    },
    "epoch_3": {
      "ndcg": 0.22304359078407288,
      "jsd": 0.09436015039682388,
      "ndcg_usergroup_1": 0.18043318390846252,
      "jsd_usergroup_1": 0.07760568708181381,
      "ndcg_usergroup_2": 0.21213003993034363,
      "jsd_usergroup_2": 0.09367763251066208,
      "ndcg_usergroup_3": 0.2983946204185486,
      "jsd_usergroup_3": 0.11316221207380295
    },
    "epoch_4": {
      "ndcg": 0.23349884152412415,
      "jsd": 0.09467638283967972,
      "ndcg_usergroup_1": 0.19022640585899353,
      "jsd_usergroup_1": 0.08167611062526703,
      "ndcg_usergroup_2": 0.22302484512329102,
      "jsd_usergroup_2": 0.09409153461456299,
      "ndcg_usergroup_3": 0.30819323658943176,
      "jsd_usergroup_3": 0.1094312071800232
    },
    "epoch_5": {
      "ndcg": 0.24270464479923248,
      "jsd": 0.09398400783538818,
      "ndcg_usergroup_1": 0.19567544758319855,
      "jsd_usergroup_1": 0.08162467926740646,
      "ndcg_usergroup_2": 0.2318282276391983,
      "jsd_usergroup_2": 0.09398039430379868,
      "ndcg_usergroup_3": 0.32236313819885254,
      "jsd_usergroup_3": 0.10635415464639664
    },
    "epoch_6": {
      "ndcg": 0.2504333555698395,
      "jsd": 0.09789828956127167,
      "ndcg_usergroup_1": 0.20535887777805328,
      "jsd_usergroup_1": 0.09029867500066757,
      "ndcg_usergroup_2": 0.2403390258550644,
      "jsd_usergroup_2": 0.0980939194560051,
      "ndcg_usergroup_3": 0.3257907032966614,
      "jsd_usergroup_3": 0.10491105169057846
    },
    "epoch_7": {
      "ndcg": 0.2570778429508209,
      "jsd": 0.10238142311573029,
      "ndcg_usergroup_1": 0.20727913081645966,
      "jsd_usergroup_1": 0.09312385320663452,
      "ndcg_usergroup_2": 0.24735672771930695,
      "jsd_usergroup_2": 0.10229520499706268,
      "ndcg_usergroup_3": 0.3360399007797241,
      "jsd_usergroup_3": 0.11189763993024826
    },
    "epoch_8": {
      "ndcg": 0.2613069713115692,
      "jsd": 0.10500752180814743,
      "ndcg_usergroup_1": 0.2098195105791092,
      "jsd_usergroup_1": 0.09446316212415695,
      "ndcg_usergroup_2": 0.2504281997680664,
      "jsd_usergroup_2": 0.10558436065912247,
      "ndcg_usergroup_3": 0.34543073177337646,
      "jsd_usergroup_3": 0.11382137984037399
    },
    "epoch_9": {
      "ndcg": 0.2625958323478699,
      "jsd": 0.103596992790699,
      "ndcg_usergroup_1": 0.21010622382164001,
      "jsd_usergroup_1": 0.094752736389637,
      "ndcg_usergroup_2": 0.25250470638275146,
      "jsd_usergroup_2": 0.10315517336130142,
      "ndcg_usergroup_3": 0.34535878896713257,
      "jsd_usergroup_3": 0.11376669257879257
    },
    "epoch_11": {
      "ndcg": 0.26545512676239014,
      "jsd": 0.10933984816074371,
      "ndcg_usergroup_1": 0.21224157512187958,
      "jsd_usergroup_1": 0.1011095941066742,
      "ndcg_usergroup_2": 0.25614213943481445,
      "jsd_usergroup_2": 0.10904427617788315,
      "ndcg_usergroup_3": 0.34660765528678894,
      "jsd_usergroup_3": 0.11845681071281433
    },
    "epoch_12": {
      "ndcg": 0.26546597480773926,
      "jsd": 0.10994300991296768,
      "ndcg_usergroup_1": 0.21329455077648163,
      "jsd_usergroup_1": 0.09727878868579865,
      "ndcg_usergroup_2": 0.2562262713909149,
      "jsd_usergroup_2": 0.10943599790334702,
      "ndcg_usergroup_3": 0.34535667300224304,
      "jsd_usergroup_3": 0.12412828207015991
    },
    "epoch_33": {
      "ndcg": 0.23700250685214996,
      "jsd": 0.0912368893623352,
      "ndcg_usergroup_1": 0.18439167737960815,
      "jsd_usergroup_1": 0.06115442141890526,
      "ndcg_usergroup_2": 0.2257504165172577,
      "jsd_usergroup_2": 0.09018275886774063,
      "ndcg_usergroup_3": 0.3233696520328522,
      "jsd_usergroup_3": 0.12448175996541977
    },
    "epoch_34": {
      "ndcg": 0.2307649552822113,
      "jsd": 0.09023777395486832,
      "ndcg_usergroup_1": 0.1769336313009262,
      "jsd_usergroup_1": 0.06277298182249069,
      "ndcg_usergroup_2": 0.21866421401500702,
      "jsd_usergroup_2": 0.08883911371231079,
      "ndcg_usergroup_3": 0.3208985924720764,
      "jsd_usergroup_3": 0.12189852446317673
    },
    "epoch_36": {
      "ndcg": 0.22703999280929565,
      "jsd": 0.08710919320583344,
      "ndcg_usergroup_1": 0.17001135647296906,
      "jsd_usergroup_1": 0.06123541668057442,
      "ndcg_usergroup_2": 0.21399790048599243,
      "jsd_usergroup_2": 0.08629767596721649,
      "ndcg_usergroup_3": 0.32319483160972595,
      "jsd_usergroup_3": 0.11541758477687836
    },
    "epoch_42": {
      "ndcg": 0.2184363752603531,
      "jsd": 0.0865793377161026,
      "ndcg_usergroup_1": 0.1527542620897293,
      "jsd_usergroup_1": 0.062453288584947586,
      "ndcg_usergroup_2": 0.20454278588294983,
      "jsd_usergroup_2": 0.08590139448642731,
      "ndcg_usergroup_3": 0.32579925656318665,
      "jsd_usergroup_3": 0.11273923516273499
    },
    "epoch_46": {
      "ndcg": 0.20721836388111115,
      "jsd": 0.08447743952274323,
      "ndcg_usergroup_1": 0.14379513263702393,
      "jsd_usergroup_1": 0.06582731008529663,
      "ndcg_usergroup_2": 0.19294755160808563,
      "jsd_usergroup_2": 0.08337181806564331,
      "ndcg_usergroup_3": 0.31345391273498535,
      "jsd_usergroup_3": 0.10644441843032837
    }
  }
}