{
  "base_recommendations": {
    "ndcg": 0.2663273811340332,
    "jsd": 0.12193825840950012,
    "ndcg_usergroup_1": 0.21388721466064453,
    "jsd_usergroup_1": 0.11441239714622498,
    "ndcg_usergroup_2": 0.256170392036438,
    "jsd_usergroup_2": 0.12063903361558914,
    "ndcg_usergroup_3": 0.34923845529556274,
    "jsd_usergroup_3": 0.13336177170276642
  },
  "postprocessed": {},
  "finetuned": {
    "epoch_1": {
      "ndcg": 0.2517111599445343,
      "jsd": 0.1046333983540535,
      "ndcg_usergroup_1": 0.20613843202590942,
      "jsd_usergroup_1": 0.09230702370405197,
      "ndcg_usergroup_2": 0.24037760496139526,
      "jsd_usergroup_2": 0.10334667563438416,
      "ndcg_usergroup_3": 0.3312844932079315,
      "jsd_usergroup_3": 0.12081997841596603
    },
    "epoch_2": {
      "ndcg": 0.2340555638074875,
      "jsd": 0.09826911240816116,
      "ndcg_usergroup_1": 0.19293951988220215,
      "jsd_usergroup_1": 0.08272572606801987,
      "ndcg_usergroup_2": 0.22121983766555786,
      "jsd_usergroup_2": 0.09786681085824966,
      "ndcg_usergroup_3": 0.31367865204811096,
      "jsd_usergroup_3": 0.11501938849687576
    },
    "epoch_3": {
      "ndcg": 0.22094538807868958,
      "jsd": 0.0980110615491867,
      "ndcg_usergroup_1": 0.1843252331018448,
      "jsd_usergroup_1": 0.07963509857654572,
      "ndcg_usergroup_2": 0.20622088015079498,
      "jsd_usergroup_2": 0.09832216054201126,
      "ndcg_usergroup_3": 0.30173900723457336,
      "jsd_usergroup_3": 0.11545377224683762
    },
    "epoch_4": {
      "ndcg": 0.21143656969070435,
      "jsd": 0.09795534610748291,
      "ndcg_usergroup_1": 0.17660290002822876,
      "jsd_usergroup_1": 0.07901310175657272,
      "ndcg_usergroup_2": 0.19720305502414703,
      "jsd_usergroup_2": 0.0983467549085617,
      "ndcg_usergroup_3": 0.28897079825401306,
      "jsd_usergroup_3": 0.11572334170341492
    }
  }
}