{
  "base_recommendations": {
    "ndcg": 0.2663273811340332,
    "jsd": 0.12193825840950012,
    "ndcg_usergroup_1": 0.21388721466064453,
    "jsd_usergroup_1": 0.11441239714622498,
    "ndcg_usergroup_2": 0.256170392036438,
    "jsd_usergroup_2": 0.12063903361558914,
    "ndcg_usergroup_3": 0.34923845529556274,
    "jsd_usergroup_3": 0.13336177170276642
  },
  "postprocessed": {},
  "finetuned": {
    "epoch_1": {
      "ndcg": 0.22438865900039673,
      "jsd": 0.10407163202762604,
      "ndcg_usergroup_1": 0.18674245476722717,
      "jsd_usergroup_1": 0.09253649413585663,
      "ndcg_usergroup_2": 0.21225446462631226,
      "jsd_usergroup_2": 0.10368005186319351,
      "ndcg_usergroup_3": 0.2984374761581421,
      "jsd_usergroup_3": 0.11678148806095123
    },
    "epoch_3": {
      "ndcg": 0.22232939302921295,
      "jsd": 0.12096432596445084,
      "ndcg_usergroup_1": 0.1891447901725769,
      "jsd_usergroup_1": 0.09549802541732788,
      "ndcg_usergroup_2": 0.21167588233947754,
      "jsd_usergroup_2": 0.11953948438167572,
      "ndcg_usergroup_3": 0.28747451305389404,
      "jsd_usergroup_3": 0.15070514380931854
    },
    "epoch_4": {
      "ndcg": 0.2325931042432785,
      "jsd": 0.1349543333053589,
      "ndcg_usergroup_1": 0.19597527384757996,
      "jsd_usergroup_1": 0.10505933314561844,
      "ndcg_usergroup_2": 0.2221367508172989,
      "jsd_usergroup_2": 0.1339399218559265,
      "ndcg_usergroup_3": 0.30057990550994873,
      "jsd_usergroup_3": 0.16789250075817108
    },
    "epoch_5": {
      "ndcg": 0.23667027056217194,
      "jsd": 0.12596753239631653,
      "ndcg_usergroup_1": 0.1968081295490265,
      "jsd_usergroup_1": 0.09640764445066452,
      "ndcg_usergroup_2": 0.22581057250499725,
      "jsd_usergroup_2": 0.12444188445806503,
      "ndcg_usergroup_3": 0.30911144614219666,
      "jsd_usergroup_3": 0.16010433435440063
    },
    "epoch_6": {
      "ndcg": 0.24308298528194427,
      "jsd": 0.13591589033603668,
      "ndcg_usergroup_1": 0.20483385026454926,
      "jsd_usergroup_1": 0.10444721579551697,
      "ndcg_usergroup_2": 0.23240503668785095,
      "jsd_usergroup_2": 0.13532006740570068,
      "ndcg_usergroup_3": 0.3133659064769745,
      "jsd_usergroup_3": 0.1691719889640808
    },
    "epoch_8": {
      "ndcg": 0.24385659396648407,
      "jsd": 0.13037529587745667,
      "ndcg_usergroup_1": 0.2056296318769455,
      "jsd_usergroup_1": 0.10074782371520996,
      "ndcg_usergroup_2": 0.23288653790950775,
      "jsd_usergroup_2": 0.12874656915664673,
      "ndcg_usergroup_3": 0.3149937391281128,
      "jsd_usergroup_3": 0.16488897800445557
    },
    "epoch_12": {
      "ndcg": 0.23183608055114746,
      "jsd": 0.10842514783143997,
      "ndcg_usergroup_1": 0.19530504941940308,
      "jsd_usergroup_1": 0.08003456145524979,
      "ndcg_usergroup_2": 0.22102193534374237,
      "jsd_usergroup_2": 0.10661502927541733,
      "ndcg_usergroup_3": 0.3008095324039459,
      "jsd_usergroup_3": 0.1422460675239563
    },
    "epoch_15": {
      "ndcg": 0.22230564057826996,
      "jsd": 0.1004190593957901,
      "ndcg_usergroup_1": 0.18722926080226898,
      "jsd_usergroup_1": 0.07177557796239853,
      "ndcg_usergroup_2": 0.2125478982925415,
      "jsd_usergroup_2": 0.099136583507061,
      "ndcg_usergroup_3": 0.28665533661842346,
      "jsd_usergroup_3": 0.13290996849536896
    },
    "epoch_22": {
      "ndcg": 0.20603634417057037,
      "jsd": 0.09797406941652298,
      "ndcg_usergroup_1": 0.1749441921710968,
      "jsd_usergroup_1": 0.06670400500297546,
      "ndcg_usergroup_2": 0.1969788521528244,
      "jsd_usergroup_2": 0.09766601771116257,
      "ndcg_usergroup_3": 0.2643009126186371,
      "jsd_usergroup_3": 0.13016828894615173
    },
    "epoch_23": {
      "ndcg": 0.20162150263786316,
      "jsd": 0.09659957885742188,
      "ndcg_usergroup_1": 0.16908316314220428,
      "jsd_usergroup_1": 0.06581801176071167,
      "ndcg_usergroup_2": 0.19224363565444946,
      "jsd_usergroup_2": 0.09682607650756836,
      "ndcg_usergroup_3": 0.26229342818260193,
      "jsd_usergroup_3": 0.12670157849788666
    },
    "epoch_24": {
      "ndcg": 0.20032911002635956,
      "jsd": 0.09612835943698883,
      "ndcg_usergroup_1": 0.1667318046092987,
      "jsd_usergroup_1": 0.06506548821926117,
      "ndcg_usergroup_2": 0.19096677005290985,
      "jsd_usergroup_2": 0.09600356966257095,
      "ndcg_usergroup_3": 0.26201340556144714,
      "jsd_usergroup_3": 0.12756559252738953
    },
    "epoch_26": {
      "ndcg": 0.19308894872665405,
      "jsd": 0.09485451877117157,
      "ndcg_usergroup_1": 0.1650715321302414,
      "jsd_usergroup_1": 0.06314650177955627,
      "ndcg_usergroup_2": 0.18288908898830414,
      "jsd_usergroup_2": 0.09432537108659744,
      "ndcg_usergroup_3": 0.25170600414276123,
      "jsd_usergroup_3": 0.12814998626708984
    },
    "epoch_28": {
      "ndcg": 0.1933903843164444,
      "jsd": 0.09299761056900024,
      "ndcg_usergroup_1": 0.15660956501960754,
      "jsd_usergroup_1": 0.06196120008826256,
      "ndcg_usergroup_2": 0.18334613740444183,
      "jsd_usergroup_2": 0.0902375653386116,
      "ndcg_usergroup_3": 0.26030388474464417,
      "jsd_usergroup_3": 0.13231416046619415
    },
    "epoch_32": {
      "ndcg": 0.18738466501235962,
      "jsd": 0.09261743724346161,
      "ndcg_usergroup_1": 0.15162374079227448,
      "jsd_usergroup_1": 0.060933541506528854,
      "ndcg_usergroup_2": 0.17505379021167755,
      "jsd_usergroup_2": 0.09005491435527802,
      "ndcg_usergroup_3": 0.26013821363449097,
      "jsd_usergroup_3": 0.13198889791965485
    },
    "epoch_34": {
      "ndcg": 0.18462973833084106,
      "jsd": 0.08935415744781494,
      "ndcg_usergroup_1": 0.1476052701473236,
      "jsd_usergroup_1": 0.05943144112825394,
      "ndcg_usergroup_2": 0.17402705550193787,
      "jsd_usergroup_2": 0.08792946487665176,
      "ndcg_usergroup_3": 0.2534621059894562,
      "jsd_usergroup_3": 0.12355098128318787
    },
    "epoch_36": {
      "ndcg": 0.17863956093788147,
      "jsd": 0.08876905590295792,
      "ndcg_usergroup_1": 0.1394939124584198,
      "jsd_usergroup_1": 0.06116854399442673,
      "ndcg_usergroup_2": 0.16928622126579285,
      "jsd_usergroup_2": 0.08715375512838364,
      "ndcg_usergroup_3": 0.24584506452083588,
      "jsd_usergroup_3": 0.12121549248695374
    },
    "epoch_42": {
      "ndcg": 0.17538581788539886,
      "jsd": 0.08788617700338364,
      "ndcg_usergroup_1": 0.1352989822626114,
      "jsd_usergroup_1": 0.058728352189064026,
      "ndcg_usergroup_2": 0.16375072300434113,
      "jsd_usergroup_2": 0.08725576847791672,
      "ndcg_usergroup_3": 0.2503778338432312,
      "jsd_usergroup_3": 0.1189352348446846
    },
    "epoch_55": {
      "ndcg": 0.16491545736789703,
      "jsd": 0.0869295671582222,
      "ndcg_usergroup_1": 0.12744438648223877,
      "jsd_usergroup_1": 0.06075010821223259,
      "ndcg_usergroup_2": 0.15519599616527557,
      "jsd_usergroup_2": 0.08588869869709015,
      "ndcg_usergroup_3": 0.23154489696025848,
      "jsd_usergroup_3": 0.11623160541057587
    },
    "epoch_58": {
      "ndcg": 0.1603938788175583,
      "jsd": 0.08675753325223923,
      "ndcg_usergroup_1": 0.12283922731876373,
      "jsd_usergroup_1": 0.06028946489095688,
      "ndcg_usergroup_2": 0.15015196800231934,
      "jsd_usergroup_2": 0.08476270735263824,
      "ndcg_usergroup_3": 0.22867421805858612,
      "jsd_usergroup_3": 0.11921008676290512
    },
    "epoch_63": {
      "ndcg": 0.1614305078983307,
      "jsd": 0.08419565856456757,
      "ndcg_usergroup_1": 0.1255389302968979,
      "jsd_usergroup_1": 0.06007539480924606,
      "ndcg_usergroup_2": 0.1502685546875,
      "jsd_usergroup_2": 0.08349818736314774,
      "ndcg_usergroup_3": 0.23080788552761078,
      "jsd_usergroup_3": 0.11040831357240677
    },
    "epoch_102": {
      "ndcg": 0.15077464282512665,
      "jsd": 0.08288698643445969,
      "ndcg_usergroup_1": 0.1195603683590889,
      "jsd_usergroup_1": 0.05691198632121086,