{
  "base_recommendations": {
    "ndcg": 0.2663273811340332,
    "jsd": 0.12193825840950012,
    "ndcg_usergroup_1": 0.21388721466064453,
    "jsd_usergroup_1": 0.11441239714622498,
    "ndcg_usergroup_2": 0.256170392036438,
    "jsd_usergroup_2": 0.12063903361558914,
    "ndcg_usergroup_3": 0.34923845529556274,
    "jsd_usergroup_3": 0.13336177170276642
  },
  "postprocessed": {},
  "finetuned": {
    "epoch_1": {
      "ndcg": 0.19274145364761353,
      "jsd": 0.09895502030849457,
      "ndcg_usergroup_1": 0.17182427644729614,
      "jsd_usergroup_1": 0.08442782610654831,
      "ndcg_usergroup_2": 0.18097712099552155,
      "jsd_usergroup_2": 0.10075921565294266,
      "ndcg_usergroup_3": 0.24895164370536804,
      "jsd_usergroup_3": 0.10806959122419357
    },
    "epoch_8": {
      "ndcg": 0.19404834508895874,
      "jsd": 0.10728525370359421,
      "ndcg_usergroup_1": 0.14970903098583221,
      "jsd_usergroup_1": 0.08274292945861816,
      "ndcg_usergroup_2": 0.18251526355743408,
      "jsd_usergroup_2": 0.10716992616653442,
      "ndcg_usergroup_3": 0.2729867994785309,
      "jsd_usergroup_3": 0.1321735680103302
    },
    "epoch_9": {
      "ndcg": 0.19982819259166718,
      "jsd": 0.10783173143863678,
      "ndcg_usergroup_1": 0.15193752944469452,
      "jsd_usergroup_1": 0.08270029723644257,
      "ndcg_usergroup_2": 0.18891766667366028,
      "jsd_usergroup_2": 0.10829312354326248,
      "ndcg_usergroup_3": 0.28045037388801575,
      "jsd_usergroup_3": 0.1315789669752121
    },
    "epoch_10": {
      "ndcg": 0.20499727129936218,
      "jsd": 0.10616128146648407,
      "ndcg_usergroup_1": 0.15526163578033447,
      "jsd_usergroup_1": 0.08191951364278793,
      "ndcg_usergroup_2": 0.19440846145153046,
      "jsd_usergroup_2": 0.10690603405237198,
      "ndcg_usergroup_3": 0.2864992022514343,
      "jsd_usergroup_3": 0.12816882133483887
    },
    "epoch_11": {
      "ndcg": 0.20922407507896423,
      "jsd": 0.10634817183017731,
      "ndcg_usergroup_1": 0.1566343456506729,
      "jsd_usergroup_1": 0.08198976516723633,
      "ndcg_usergroup_2": 0.1993289738893509,
      "jsd_usergroup_2": 0.10663244873285294,
      "ndcg_usergroup_3": 0.2914990186691284,
      "jsd_usergroup_3": 0.1298537254333496
    },
    "epoch_12": {
      "ndcg": 0.21472705900669098,
      "jsd": 0.10656722635030746,
      "ndcg_usergroup_1": 0.15992064774036407,
      "jsd_usergroup_1": 0.08174706995487213,
      "ndcg_usergroup_2": 0.2045879364013672,
      "jsd_usergroup_2": 0.10638050734996796,
      "ndcg_usergroup_3": 0.2999507784843445,
      "jsd_usergroup_3": 0.13194750249385834
    },
    "epoch_13": {
      "ndcg": 0.21734680235385895,
      "jsd": 0.10400892049074173,
      "ndcg_usergroup_1": 0.16171562671661377,
      "jsd_usergroup_1": 0.08075748383998871,
      "ndcg_usergroup_2": 0.20822665095329285,
      "jsd_usergroup_2": 0.10400435328483582,
      "ndcg_usergroup_3": 0.30033838748931885,
      "jsd_usergroup_3": 0.1272740364074707
    },
    "epoch_14": {
      "ndcg": 0.22302493453025818,
      "jsd": 0.10506032407283783,
      "ndcg_usergroup_1": 0.1650993824005127,
      "jsd_usergroup_1": 0.0814007893204689,
      "ndcg_usergroup_2": 0.21416307985782623,
      "jsd_usergroup_2": 0.10440444201231003,
      "ndcg_usergroup_3": 0.30753591656684875,
      "jsd_usergroup_3": 0.13068750500679016
    },
    "epoch_15": {
      "ndcg": 0.22663241624832153,
      "jsd": 0.1043427512049675,
      "ndcg_usergroup_1": 0.1676134467124939,
      "jsd_usergroup_1": 0.08261587470769882,
      "ndcg_usergroup_2": 0.21772421896457672,
      "jsd_usergroup_2": 0.10396897792816162,
      "ndcg_usergroup_3": 0.31237587332725525,
      "jsd_usergroup_3": 0.12719088792800903
    },
    "epoch_16": {
      "ndcg": 0.23265041410923004,
      "jsd": 0.10749530047178268,
      "ndcg_usergroup_1": 0.17370794713497162,
      "jsd_usergroup_1": 0.08470293879508972,
      "ndcg_usergroup_2": 0.22366644442081451,
      "jsd_usergroup_2": 0.1068902388215065,
      "ndcg_usergroup_3": 0.31854480504989624,
      "jsd_usergroup_3": 0.1321028172969818
    },
    "epoch_17": {
      "ndcg": 0.23326747119426727,
      "jsd": 0.10501033812761307,
      "ndcg_usergroup_1": 0.1755346655845642,
      "jsd_usergroup_1": 0.08369198441505432,
      "ndcg_usergroup_2": 0.22465673089027405,
      "jsd_usergroup_2": 0.10484573245048523,
      "ndcg_usergroup_3": 0.3168324828147888,
      "jsd_usergroup_3": 0.12682251632213593
    },
    "epoch_18": {
      "ndcg": 0.23775000870227814,
      "jsd": 0.10519711673259735,
      "ndcg_usergroup_1": 0.17913581430912018,
      "jsd_usergroup_1": 0.08426797389984131,
      "ndcg_usergroup_2": 0.22934488952159882,
      "jsd_usergroup_2": 0.10509911924600601,
      "ndcg_usergroup_3": 0.32157960534095764,
      "jsd_usergroup_3": 0.12642019987106323
    },
    "epoch_19": {
      "ndcg": 0.24086591601371765,
      "jsd": 0.10555940866470337,
      "ndcg_usergroup_1": 0.18193978071212769,
      "jsd_usergroup_1": 0.08909161388874054,
      "ndcg_usergroup_2": 0.23304830491542816,
      "jsd_usergroup_2": 0.10568366944789886,
      "ndcg_usergroup_3": 0.3232448697090149,
      "jsd_usergroup_3": 0.12165442109107971
    },
    "epoch_20": {
      "ndcg": 0.24261590838432312,
      "jsd": 0.10624376684427261,
      "ndcg_usergroup_1": 0.18391311168670654,
      "jsd_usergroup_1": 0.08917034417390823,
      "ndcg_usergroup_2": 0.2342454195022583,
      "jsd_usergroup_2": 0.10520534962415695,
      "ndcg_usergroup_3": 0.326430082321167,
      "jsd_usergroup_3": 0.12643244862556458
    },
    "epoch_21": {
      "ndcg": 0.24566537141799927,
      "jsd": 0.10587261617183685,
      "ndcg_usergroup_1": 0.1852073222398758,
      "jsd_usergroup_1": 0.08659612387418747,
      "ndcg_usergroup_2": 0.23836499452590942,
      "jsd_usergroup_2": 0.10514280945062637,
      "ndcg_usergroup_3": 0.3280245363712311,
      "jsd_usergroup_3": 0.12733852863311768
    },
    "epoch_22": {
      "ndcg": 0.2489423155784607,
      "jsd": 0.10721252113580704,
      "ndcg_usergroup_1": 0.1902187466621399,
      "jsd_usergroup_1": 0.09093477576971054,
      "ndcg_usergroup_2": 0.24104124307632446,
      "jsd_usergroup_2": 0.10628850758075714,
      "ndcg_usergroup_3": 0.33136895298957825,
      "jsd_usergroup_3": 0.12626224756240845
    },
    "epoch_24": {
      "ndcg": 0.2520346939563751,
      "jsd": 0.10681220889091492,
      "ndcg_usergroup_1": 0.19354286789894104,
      "jsd_usergroup_1": 0.09082847088575363,
      "ndcg_usergroup_2": 0.24360156059265137,
      "jsd_usergroup_2": 0.10610134899616241,
      "ndcg_usergroup_3": 0.3358258306980133,
      "jsd_usergroup_3": 0.12492848187685013
    },
    "epoch_25": {
      "ndcg": 0.25203537940979004,
      "jsd": 0.1058988869190216,
      "ndcg_usergroup_1": 0.19492539763450623,
      "jsd_usergroup_1": 0.08957525342702866,
      "ndcg_usergroup_2": 0.24464982748031616,
      "jsd_usergroup_2": 0.10541979968547821,
      "ndcg_usergroup_3": 0.33130207657814026,
      "jsd_usergroup_3": 0.12365975230932236
    },
    "epoch_26": {
      "ndcg": 0.2524835169315338,
      "jsd": 0.1064474955201149,
      "ndcg_usergroup_1": 0.1963663399219513,
      "jsd_usergroup_1": 0.09004434198141098,
      "ndcg_usergroup_2": 0.2453078180551529,
      "jsd_usergroup_2": 0.10654260963201523,
      "ndcg_usergroup_3": 0.3301277756690979,
      "jsd_usergroup_3": 0.12256531417369843
    },
    "epoch_27": {
      "ndcg": 0.2546773850917816,
      "jsd": 0.10763069242238998,
      "ndcg_usergroup_1": 0.19740967452526093,
      "jsd_usergroup_1": 0.08896280825138092,
      "ndcg_usergroup_2": 0.24682608246803284,
      "jsd_usergroup_2": 0.10740715265274048,
      "ndcg_usergroup_3": 0.3354990482330322,
      "jsd_usergroup_3": 0.12696917355060577
    },
    "epoch_28": {
      "ndcg": 0.25550878047943115,
      "jsd": 0.10651060193777084,
      "ndcg_usergroup_1": 0.1967383176088333,
      "jsd_usergroup_1": 0.08969026058912277,