{
  "base_recommendations": {
    "ndcg": 0.2663273811340332,
    "jsd": 0.12193825840950012,
    "ndcg_usergroup_1": 0.21388721466064453,
    "jsd_usergroup_1": 0.11441239714622498,
    "ndcg_usergroup_2": 0.256170392036438,
    "jsd_usergroup_2": 0.12063903361558914,
    "ndcg_usergroup_3": 0.34923845529556274,
    "jsd_usergroup_3": 0.13336177170276642
  },
  "postprocessed": {},
  "finetuned": {
    "epoch_1": {
      "ndcg": 0.25542452931404114,
      "jsd": 0.10760066658258438,
      "ndcg_usergroup_1": 0.2085118144750595,
      "jsd_usergroup_1": 0.09606412053108215,
      "ndcg_usergroup_2": 0.2441277801990509,
      "jsd_usergroup_2": 0.10630851984024048,
      "ndcg_usergroup_3": 0.33622750639915466,
      "jsd_usergroup_3": 0.12301363050937653
    },
    "epoch_2": {
      "ndcg": 0.24050119519233704,
      "jsd": 0.10097074508666992,
      "ndcg_usergroup_1": 0.19719423353672028,
      "jsd_usergroup_1": 0.08615563809871674,
      "ndcg_usergroup_2": 0.2272329330444336,
      "jsd_usergroup_2": 0.09984814375638962,
      "ndcg_usergroup_3": 0.3236129581928253,
      "jsd_usergroup_3": 0.11915358155965805
    },
    "epoch_3": {
      "ndcg": 0.22972336411476135,
      "jsd": 0.09950360655784607,
      "ndcg_usergroup_1": 0.1892959177494049,
      "jsd_usergroup_1": 0.0823800265789032,
      "ndcg_usergroup_2": 0.2157479226589203,
      "jsd_usergroup_2": 0.09869314730167389,
      "ndcg_usergroup_3": 0.31207704544067383,
      "jsd_usergroup_3": 0.11905854940414429
    }
  }
}