{
  "base_recommendations": {
    "ndcg": 0.2663273811340332,
    "jsd": 0.12193825840950012,
    "ndcg_usergroup_1": 0.21388721466064453,
    "jsd_usergroup_1": 0.11441239714622498,
    "ndcg_usergroup_2": 0.256170392036438,
    "jsd_usergroup_2": 0.12063903361558914,
    "ndcg_usergroup_3": 0.34923845529556274,
    "jsd_usergroup_3": 0.13336177170276642
  },
  "postprocessed": {},
  "finetuned": {
    "epoch_1": {
      "ndcg": 0.19239404797554016,
      "jsd": 0.11033525317907333,
      "ndcg_usergroup_1": 0.17852374911308289,
      "jsd_usergroup_1": 0.08540555089712143,
      "ndcg_usergroup_2": 0.1848684549331665,
      "jsd_usergroup_2": 0.10822931677103043,
      "ndcg_usergroup_3": 0.22884111106395721,
      "jsd_usergroup_3": 0.14158277213573456
    },
    "epoch_2": {
      "ndcg": 0.23346281051635742,
      "jsd": 0.1330919712781906,
      "ndcg_usergroup_1": 0.19887085258960724,
      "jsd_usergroup_1": 0.10048647224903107,
      "ndcg_usergroup_2": 0.2246164083480835,
      "jsd_usergroup_2": 0.13206106424331665,
      "ndcg_usergroup_3": 0.2945939600467682,
      "jsd_usergroup_3": 0.16879019141197205
    },
    "epoch_4": {
      "ndcg": 0.2311166226863861,
      "jsd": 0.12192066013813019,
      "ndcg_usergroup_1": 0.19931507110595703,
      "jsd_usergroup_1": 0.09449770301580429,
      "ndcg_usergroup_2": 0.2223220318555832,
      "jsd_usergroup_2": 0.12040755897760391,
      "ndcg_usergroup_3": 0.2893017828464508,
      "jsd_usergroup_3": 0.15388287603855133
    },
    "epoch_5": {
      "ndcg": 0.21685808897018433,
      "jsd": 0.11541835218667984,
      "ndcg_usergroup_1": 0.19291843473911285,
      "jsd_usergroup_1": 0.0884251520037651,
      "ndcg_usergroup_2": 0.20685851573944092,
      "jsd_usergroup_2": 0.11417555063962936,
      "ndcg_usergroup_3": 0.27079635858535767,
      "jsd_usergroup_3": 0.1461399346590042
    },
    "epoch_6": {
      "ndcg": 0.20623710751533508,
      "jsd": 0.10635530948638916,
      "ndcg_usergroup_1": 0.17988964915275574,
      "jsd_usergroup_1": 0.0785907730460167,
      "ndcg_usergroup_2": 0.2002841681241989,
      "jsd_usergroup_2": 0.10536325722932816,
      "ndcg_usergroup_3": 0.25044336915016174,
      "jsd_usergroup_3": 0.13709595799446106
    },
    "epoch_7": {
      "ndcg": 0.19778746366500854,
      "jsd": 0.10316061973571777,
      "ndcg_usergroup_1": 0.1695307344198227,
      "jsd_usergroup_1": 0.06774242222309113,
      "ndcg_usergroup_2": 0.18506291508674622,
      "jsd_usergroup_2": 0.10066235065460205,
      "ndcg_usergroup_3": 0.2642178535461426,
      "jsd_usergroup_3": 0.14607363939285278
    },
    "epoch_9": {
      "ndcg": 0.17008918523788452,
      "jsd": 0.09889859706163406,
      "ndcg_usergroup_1": 0.14298352599143982,
      "jsd_usergroup_1": 0.06503777205944061,
      "ndcg_usergroup_2": 0.16021014750003815,
      "jsd_usergroup_2": 0.09572911262512207,
      "ndcg_usergroup_3": 0.22683195769786835,
      "jsd_usergroup_3": 0.1422678679227829
    },
    "epoch_37": {
      "ndcg": 0.13287395238876343,
      "jsd": 0.09576699137687683,
      "ndcg_usergroup_1": 0.08651608228683472,
      "jsd_usergroup_1": 0.07439520955085754,
      "ndcg_usergroup_2": 0.1208752766251564,
      "jsd_usergroup_2": 0.08951635658740997,
      "ndcg_usergroup_3": 0.21522782742977142,
      "jsd_usergroup_3": 0.1358906775712967
    },
    "epoch_43": {
      "ndcg": 0.1378459483385086,
      "jsd": 0.09521692991256714,
      "ndcg_usergroup_1": 0.0858086347579956,
      "jsd_usergroup_1": 0.07080423086881638,
      "ndcg_usergroup_2": 0.12750451266765594,
      "jsd_usergroup_2": 0.08995711803436279,
      "ndcg_usergroup_3": 0.22090749442577362,
      "jsd_usergroup_3": 0.13540907204151154
    },
    "epoch_62": {
      "ndcg": 0.13047689199447632,
      "jsd": 0.09476817399263382,
      "ndcg_usergroup_1": 0.07965796440839767,
      "jsd_usergroup_1": 0.07583155483007431,
      "ndcg_usergroup_2": 0.11997193098068237,
      "jsd_usergroup_2": 0.08809810131788254,
      "ndcg_usergroup_3": 0.21281063556671143,
      "jsd_usergroup_3": 0.13371498882770538
    },
    "epoch_65": {
      "ndcg": 0.11953330039978027,
      "jsd": 0.09461332857608795,
      "ndcg_usergroup_1": 0.06695663928985596,
      "jsd_usergroup_1": 0.0845881924033165,
      "ndcg_usergroup_2": 0.10775666683912277,
      "jsd_usergroup_2": 0.08636423945426941,
      "ndcg_usergroup_3": 0.2074398547410965,
      "jsd_usergroup_3": 0.12938570976257324
    },
    "epoch_68": {
      "ndcg": 0.12458431720733643,
      "jsd": 0.09351380169391632,
      "ndcg_usergroup_1": 0.07349368929862976,
      "jsd_usergroup_1": 0.07655125111341476,
      "ndcg_usergroup_2": 0.11344564706087112,
      "jsd_usergroup_2": 0.08816169947385788,
      "ndcg_usergroup_3": 0.2090909779071808,
      "jsd_usergroup_3": 0.126532644033432
    },
    "epoch_71": {
      "ndcg": 0.12415282428264618,
      "jsd": 0.0926232561469078,
      "ndcg_usergroup_1": 0.07113588601350784,
      "jsd_usergroup_1": 0.07929055392742157,
      "ndcg_usergroup_2": 0.1134733334183693,
      "jsd_usergroup_2": 0.08638666570186615,
      "ndcg_usergroup_3": 0.20920822024345398,
      "jsd_usergroup_3": 0.1246657744050026
    },
    "epoch_76": {
      "ndcg": 0.10284505039453506,
      "jsd": 0.06857305765151978,
      "ndcg_usergroup_1": 0.055681657046079636,
      "jsd_usergroup_1": 0.08972974121570587,
      "ndcg_usergroup_2": 0.09206882119178772,
      "jsd_usergroup_2": 0.05628568306565285,
      "ndcg_usergroup_3": 0.18233712017536163,
      "jsd_usergroup_3": 0.08427850902080536
    }
  }
}