{
  "base_recommendations": {
    "ndcg": 0.2663273811340332,
    "jsd": 0.12193825840950012,
    "ndcg_usergroup_1": 0.21388721466064453,
    "jsd_usergroup_1": 0.11441239714622498,
    "ndcg_usergroup_2": 0.256170392036438,
    "jsd_usergroup_2": 0.12063903361558914,
    "ndcg_usergroup_3": 0.34923845529556274,
    "jsd_usergroup_3": 0.13336177170276642
  },
  "postprocessed": {},
  "finetuned": {
    "epoch_1": {
      "ndcg": 0.19180366396903992,
      "jsd": 0.10832343995571136,
      "ndcg_usergroup_1": 0.17755630612373352,
      "jsd_usergroup_1": 0.08271476626396179,
      "ndcg_usergroup_2": 0.18467296659946442,
      "jsd_usergroup_2": 0.10638824850320816,
      "ndcg_usergroup_3": 0.22744308412075043,
      "jsd_usergroup_3": 0.13973763585090637
    },
    "epoch_2": {
      "ndcg": 0.23594558238983154,
      "jsd": 0.12251055240631104,
      "ndcg_usergroup_1": 0.19950377941131592,
      "jsd_usergroup_1": 0.09141635149717331,
      "ndcg_usergroup_2": 0.22695893049240112,
      "jsd_usergroup_2": 0.1217237040400505,
      "ndcg_usergroup_3": 0.2993473708629608,
      "jsd_usergroup_3": 0.15596531331539154
    },
    "epoch_3": {
      "ndcg": 0.23872438073158264,
      "jsd": 0.13036002218723297,
      "ndcg_usergroup_1": 0.19408611953258514,
      "jsd_usergroup_1": 0.09480762481689453,
      "ndcg_usergroup_2": 0.23131996393203735,
      "jsd_usergroup_2": 0.12737756967544556,
      "ndcg_usergroup_3": 0.3055759072303772,
      "jsd_usergroup_3": 0.17485971748828888
    },
    "epoch_4": {
      "ndcg": 0.24112004041671753,
      "jsd": 0.11203600466251373,
      "ndcg_usergroup_1": 0.2018667310476303,
      "jsd_usergroup_1": 0.0883042961359024,
      "ndcg_usergroup_2": 0.23317965865135193,
      "jsd_usergroup_2": 0.11112233251333237,
      "ndcg_usergroup_3": 0.30419445037841797,
      "jsd_usergroup_3": 0.13850870728492737
    },
    "epoch_7": {
      "ndcg": 0.2188705950975418,
      "jsd": 0.10116593539714813,
      "ndcg_usergroup_1": 0.1829303652048111,
      "jsd_usergroup_1": 0.07002924382686615,
      "ndcg_usergroup_2": 0.211600199341774,
      "jsd_usergroup_2": 0.098354272544384,
      "ndcg_usergroup_3": 0.2766220271587372,
      "jsd_usergroup_3": 0.14073754847049713
    },
    "epoch_9": {
      "ndcg": 0.19583247601985931,
      "jsd": 0.09305086731910706,
      "ndcg_usergroup_1": 0.16746075451374054,
      "jsd_usergroup_1": 0.0662449300289154,
      "ndcg_usergroup_2": 0.18590299785137177,
      "jsd_usergroup_2": 0.09084857255220413,
      "ndcg_usergroup_3": 0.2539927065372467,
      "jsd_usergroup_3": 0.12646371126174927
    },
    "epoch_13": {
      "ndcg": 0.1758001744747162,
      "jsd": 0.09300157427787781,
      "ndcg_usergroup_1": 0.14615552127361298,
      "jsd_usergroup_1": 0.06291297823190689,
      "ndcg_usergroup_2": 0.16683845221996307,
      "jsd_usergroup_2": 0.09132910519838333,
      "ndcg_usergroup_3": 0.232329860329628,
      "jsd_usergroup_3": 0.12810759246349335
    },
    "epoch_22": {
      "ndcg": 0.15934838354587555,
      "jsd": 0.09279739111661911,
      "ndcg_usergroup_1": 0.11878211796283722,
      "jsd_usergroup_1": 0.06542515009641647,
      "ndcg_usergroup_2": 0.1473575234413147,
      "jsd_usergroup_2": 0.08984222263097763,
      "ndcg_usergroup_3": 0.23588718473911285,
      "jsd_usergroup_3": 0.1290351003408432
    },
    "epoch_24": {
      "ndcg": 0.15148288011550903,
      "jsd": 0.09201988577842712,
      "ndcg_usergroup_1": 0.10730458050966263,
      "jsd_usergroup_1": 0.07085967063903809,
      "ndcg_usergroup_2": 0.1408046931028366,
      "jsd_usergroup_2": 0.08975876867771149,
      "ndcg_usergroup_3": 0.2276957929134369,
      "jsd_usergroup_3": 0.11996347457170486
    },
    "epoch_36": {
      "ndcg": 0.1405676305294037,
      "jsd": 0.09156019240617752,
      "ndcg_usergroup_1": 0.09315716475248337,
      "jsd_usergroup_1": 0.06865718960762024,
      "ndcg_usergroup_2": 0.1273837834596634,
      "jsd_usergroup_2": 0.08833033591508865,
      "ndcg_usergroup_3": 0.22752957046031952,
      "jsd_usergroup_3": 0.12415282428264618
    },
    "epoch_43": {
      "ndcg": 0.14068759977817535,
      "jsd": 0.09099899232387543,
      "ndcg_usergroup_1": 0.08906059712171555,
      "jsd_usergroup_1": 0.07874565571546555,
      "ndcg_usergroup_2": 0.1298525631427765,
      "jsd_usergroup_2": 0.08526831120252609,
      "ndcg_usergroup_3": 0.22481971979141235,
      "jsd_usergroup_3": 0.1204444169998169
    },
    "epoch_51": {
      "ndcg": 0.13156729936599731,
      "jsd": 0.090022973716259,
      "ndcg_usergroup_1": 0.08873254805803299,
      "jsd_usergroup_1": 0.08190982788801193,
      "ndcg_usergroup_2": 0.11758720874786377,
      "jsd_usergroup_2": 0.08466050773859024,
      "ndcg_usergroup_3": 0.21634234488010406,
      "jsd_usergroup_3": 0.11422350257635117
    },
    "epoch_65": {
      "ndcg": 0.13035306334495544,
      "jsd": 0.08881080895662308,
      "ndcg_usergroup_1": 0.08065249025821686,
      "jsd_usergroup_1": 0.07976943999528885,
      "ndcg_usergroup_2": 0.118743896484375,
      "jsd_usergroup_2": 0.08147489279508591,
      "ndcg_usergroup_3": 0.21488110721111298,
      "jsd_usergroup_3": 0.11985993385314941
    },
    "epoch_66": {
      "ndcg": 0.12531787157058716,
      "jsd": 0.08657025545835495,
      "ndcg_usergroup_1": 0.08232736587524414,
      "jsd_usergroup_1": 0.08173749595880508,
      "ndcg_usergroup_2": 0.11122077703475952,
      "jsd_usergroup_2": 0.08083000034093857,
      "ndcg_usergroup_3": 0.21059969067573547,
      "jsd_usergroup_3": 0.10862381011247635
    }
  }
}