{
  "base_recommendations": {
    "ndcg": 0.2663273811340332,
    "jsd": 0.12193825840950012,
    "ndcg_usergroup_1": 0.21388721466064453,
    "jsd_usergroup_1": 0.11441239714622498,
    "ndcg_usergroup_2": 0.256170392036438,
    "jsd_usergroup_2": 0.12063903361558914,
    "ndcg_usergroup_3": 0.34923845529556274,
    "jsd_usergroup_3": 0.13336177170276642
  },
  "postprocessed": {},
  "finetuned": {
    "epoch_1": {
      "ndcg": 0.2574264705181122,
      "jsd": 0.11020159721374512,
      "ndcg_usergroup_1": 0.2090132087469101,
      "jsd_usergroup_1": 0.09854331612586975,
      "ndcg_usergroup_2": 0.24631716310977936,
      "jsd_usergroup_2": 0.10899883508682251,
      "ndcg_usergroup_3": 0.33916762471199036,
      "jsd_usergroup_3": 0.12546813488006592
    },
    "epoch_2": {
      "ndcg": 0.24523992836475372,
      "jsd": 0.10313276201486588,
      "ndcg_usergroup_1": 0.19951725006103516,
      "jsd_usergroup_1": 0.08916506171226501,
      "ndcg_usergroup_2": 0.23242174088954926,
      "jsd_usergroup_2": 0.10160882025957108,
      "ndcg_usergroup_3": 0.3294171094894409,
      "jsd_usergroup_3": 0.12167225778102875
    },
    "epoch_3": {
      "ndcg": 0.2344309389591217,
      "jsd": 0.10125227272510529,
      "ndcg_usergroup_1": 0.19243140518665314,
      "jsd_usergroup_1": 0.08490677922964096,
      "ndcg_usergroup_2": 0.2207356095314026,
      "jsd_usergroup_2": 0.10017897188663483,
      "ndcg_usergroup_3": 0.31751638650894165,
      "jsd_usergroup_3": 0.12081767618656158
    }
  }
}