{
  "base_recommendations": {
    "ndcg": 0.2663273811340332,
    "jsd": 0.12193825840950012,
    "ndcg_usergroup_1": 0.21388721466064453,
    "jsd_usergroup_1": 0.11441239714622498,
    "ndcg_usergroup_2": 0.256170392036438,
    "jsd_usergroup_2": 0.12063903361558914,
    "ndcg_usergroup_3": 0.34923845529556274,
    "jsd_usergroup_3": 0.13336177170276642
  },
  "postprocessed": {},
  "finetuned": {
    "epoch_1": {
      "ndcg": 0.2609681487083435,
      "jsd": 0.11377525329589844,
      "ndcg_usergroup_1": 0.2108641415834427,
      "jsd_usergroup_1": 0.10420959442853928,
      "ndcg_usergroup_2": 0.25015902519226074,
      "jsd_usergroup_2": 0.11237912625074387,
      "ndcg_usergroup_3": 0.3434996008872986,
      "jsd_usergroup_3": 0.1275293081998825
    },
    "epoch_2": {
      "ndcg": 0.252888023853302,
      "jsd": 0.1083499863743782,
      "ndcg_usergroup_1": 0.20571228861808777,
      "jsd_usergroup_1": 0.09633076936006546,
      "ndcg_usergroup_2": 0.24089688062667847,
      "jsd_usergroup_2": 0.10706809908151627,
      "ndcg_usergroup_3": 0.33603718876838684,
      "jsd_usergroup_3": 0.12421482801437378
    },
    "epoch_3": {
      "ndcg": 0.24336184561252594,
      "jsd": 0.10635608434677124,
      "ndcg_usergroup_1": 0.19885164499282837,
      "jsd_usergroup_1": 0.0910508930683136,
      "ndcg_usergroup_2": 0.23063915967941284,
      "jsd_usergroup_2": 0.10529886186122894,
      "ndcg_usergroup_3": 0.3260401487350464,
      "jsd_usergroup_3": 0.12483293563127518
    },
    "epoch_4": {
      "ndcg": 0.23683719336986542,
      "jsd": 0.10592594742774963,
      "ndcg_usergroup_1": 0.19439512491226196,
      "jsd_usergroup_1": 0.08895626664161682,
      "ndcg_usergroup_2": 0.22309677302837372,
      "jsd_usergroup_2": 0.10459393262863159,
      "ndcg_usergroup_3": 0.3205004930496216,
      "jsd_usergroup_3": 0.12689167261123657
    }
  }
}