{
  "base_recommendations": {
    "ndcg": 0.2663273811340332,
    "jsd": 0.12193825840950012,
    "ndcg_usergroup_1": 0.21388721466064453,
    "jsd_usergroup_1": 0.11441239714622498,
    "ndcg_usergroup_2": 0.256170392036438,
    "jsd_usergroup_2": 0.12063903361558914,
    "ndcg_usergroup_3": 0.34923845529556274,
    "jsd_usergroup_3": 0.13336177170276642
  },
  "postprocessed": {},
  "finetuned": {
    "epoch_1": {
      "ndcg": 0.24848879873752594,
      "jsd": 0.10499490052461624,
      "ndcg_usergroup_1": 0.201017364859581,
      "jsd_usergroup_1": 0.0945526510477066,
      "ndcg_usergroup_2": 0.23719140887260437,
      "jsd_usergroup_2": 0.10408501327037811,
      "ndcg_usergroup_3": 0.3298523426055908,
      "jsd_usergroup_3": 0.11816678941249847
    },
    "epoch_2": {
      "ndcg": 0.2319517880678177,
      "jsd": 0.09962069243192673,
      "ndcg_usergroup_1": 0.18832634389400482,
      "jsd_usergroup_1": 0.08857347816228867,
      "ndcg_usergroup_2": 0.21929915249347687,
      "jsd_usergroup_2": 0.0989709123969078,
      "ndcg_usergroup_3": 0.3135351240634918,
      "jsd_usergroup_3": 0.11261721700429916
    },
    "epoch_3": {
      "ndcg": 0.22304832935333252,
      "jsd": 0.09904241561889648,
      "ndcg_usergroup_1": 0.1836538016796112,
      "jsd_usergroup_1": 0.08673166483640671,
      "ndcg_usergroup_2": 0.21029673516750336,
      "jsd_usergroup_2": 0.09890014678239822,
      "ndcg_usergroup_3": 0.3006976246833801,
      "jsd_usergroup_3": 0.11177998036146164
    },
    "epoch_24": {
      "ndcg": 0.24280211329460144,
      "jsd": 0.12652172148227692,
      "ndcg_usergroup_1": 0.20277321338653564,
      "jsd_usergroup_1": 0.09600922465324402,
      "ndcg_usergroup_2": 0.23250065743923187,
      "jsd_usergroup_2": 0.12619821727275848,
      "ndcg_usergroup_3": 0.31373536586761475,
      "jsd_usergroup_3": 0.1580047458410263
    },
    "epoch_28": {
      "ndcg": 0.2433864176273346,
      "jsd": 0.12356787174940109,
      "ndcg_usergroup_1": 0.2014254778623581,
      "jsd_usergroup_1": 0.09407959133386612,
      "ndcg_usergroup_2": 0.23365020751953125,
      "jsd_usergroup_2": 0.12297450751066208,
      "ndcg_usergroup_3": 0.3145560622215271,
      "jsd_usergroup_3": 0.15483620762825012
    },
    "epoch_29": {
      "ndcg": 0.24392114579677582,
      "jsd": 0.12252983450889587,
      "ndcg_usergroup_1": 0.20248021185398102,
      "jsd_usergroup_1": 0.09508369117975235,
      "ndcg_usergroup_2": 0.23347708582878113,
      "jsd_usergroup_2": 0.12247535586357117,
      "ndcg_usergroup_3": 0.31669408082962036,
      "jsd_usergroup_3": 0.15013939142227173
    },
    "epoch_30": {
      "ndcg": 0.24349834024906158,
      "jsd": 0.12158472090959549,
      "ndcg_usergroup_1": 0.2012350857257843,
      "jsd_usergroup_1": 0.09224426746368408,
      "ndcg_usergroup_2": 0.23328512907028198,
      "jsd_usergroup_2": 0.12073460221290588,
      "ndcg_usergroup_3": 0.31640133261680603,
      "jsd_usergroup_3": 0.1534755527973175
    },
    "epoch_31": {
      "ndcg": 0.24378244578838348,
      "jsd": 0.12325628846883774,
      "ndcg_usergroup_1": 0.2014881819486618,
      "jsd_usergroup_1": 0.09569279849529266,
      "ndcg_usergroup_2": 0.23429203033447266,
      "jsd_usergroup_2": 0.12340015172958374,
      "ndcg_usergroup_3": 0.31454789638519287,
      "jsd_usergroup_3": 0.15038816630840302
    },
    "epoch_32": {
      "ndcg": 0.24588316679000854,
      "jsd": 0.12476198375225067,
      "ndcg_usergroup_1": 0.20423081517219543,
      "jsd_usergroup_1": 0.09629620611667633,
      "ndcg_usergroup_2": 0.23553261160850525,
      "jsd_usergroup_2": 0.12398471683263779,
      "ndcg_usergroup_3": 0.31858712434768677,
      "jsd_usergroup_3": 0.15555956959724426
    },
    "epoch_35": {
      "ndcg": 0.24441273510456085,
      "jsd": 0.12104011327028275,
      "ndcg_usergroup_1": 0.20182989537715912,
      "jsd_usergroup_1": 0.09346440434455872,
      "ndcg_usergroup_2": 0.23458148539066315,
      "jsd_usergroup_2": 0.12102917581796646,
      "ndcg_usergroup_3": 0.3164893686771393,
      "jsd_usergroup_3": 0.14864864945411682
    },
    "epoch_37": {
      "ndcg": 0.2455596923828125,
      "jsd": 0.12273449450731277,
      "ndcg_usergroup_1": 0.2030428797006607,
      "jsd_usergroup_1": 0.0940132737159729,
      "ndcg_usergroup_2": 0.23574912548065186,
      "jsd_usergroup_2": 0.12235714495182037,
      "ndcg_usergroup_3": 0.31750813126564026,
      "jsd_usergroup_3": 0.15258774161338806
    }
  }
}