{
  "base_recommendations": {
    "ndcg": 0.2663273811340332,
    "jsd": 0.12193825840950012,
    "ndcg_usergroup_1": 0.21388721466064453,
    "jsd_usergroup_1": 0.11441239714622498,
    "ndcg_usergroup_2": 0.256170392036438,
    "jsd_usergroup_2": 0.12063903361558914,
    "ndcg_usergroup_3": 0.34923845529556274,
    "jsd_usergroup_3": 0.13336177170276642
  },
  "postprocessed": {},
  "finetuned": {
    "epoch_1": {
      "ndcg": 0.18779797852039337,
      "jsd": 0.09344874322414398,
      "ndcg_usergroup_1": 0.1588953286409378,
      "jsd_usergroup_1": 0.0799289420247078,
      "ndcg_usergroup_2": 0.17542089521884918,
      "jsd_usergroup_2": 0.09534471482038498,
      "ndcg_usergroup_3": 0.2538319230079651,
      "jsd_usergroup_3": 0.10128064453601837
    },
    "epoch_2": {
      "ndcg": 0.18937699496746063,
      "jsd": 0.09314054250717163,
      "ndcg_usergroup_1": 0.16264092922210693,
      "jsd_usergroup_1": 0.07504243403673172,
      "ndcg_usergroup_2": 0.17974373698234558,
      "jsd_usergroup_2": 0.09228409826755524,
      "ndcg_usergroup_3": 0.24501284956932068,
      "jsd_usergroup_3": 0.11380795389413834
    },
    "epoch_3": {
      "ndcg": 0.20577798783779144,
      "jsd": 0.0983051210641861,
      "ndcg_usergroup_1": 0.17401351034641266,
      "jsd_usergroup_1": 0.075546033680439,
      "ndcg_usergroup_2": 0.19576312601566315,
      "jsd_usergroup_2": 0.09626127779483795,
      "ndcg_usergroup_3": 0.2675871253013611,
      "jsd_usergroup_3": 0.12719577550888062
    },
    "epoch_4": {
      "ndcg": 0.22320568561553955,
      "jsd": 0.10422669351100922,
      "ndcg_usergroup_1": 0.18466177582740784,
      "jsd_usergroup_1": 0.07938908785581589,
      "ndcg_usergroup_2": 0.21316921710968018,
      "jsd_usergroup_2": 0.10190415382385254,
      "ndcg_usergroup_3": 0.2918589115142822,
      "jsd_usergroup_3": 0.13603192567825317
    },
    "epoch_5": {
      "ndcg": 0.23210518062114716,
      "jsd": 0.10320893675088882,
      "ndcg_usergroup_1": 0.1890636682510376,
      "jsd_usergroup_1": 0.07905270159244537,
      "ndcg_usergroup_2": 0.22281888127326965,
      "jsd_usergroup_2": 0.10103990882635117,
      "ndcg_usergroup_3": 0.3030056953430176,
      "jsd_usergroup_3": 0.13387222588062286
    },
    "epoch_6": {
      "ndcg": 0.24184684455394745,
      "jsd": 0.10842824727296829,
      "ndcg_usergroup_1": 0.1959538757801056,
      "jsd_usergroup_1": 0.08591699600219727,
      "ndcg_usergroup_2": 0.23239299654960632,
      "jsd_usergroup_2": 0.10618975013494492,
      "ndcg_usergroup_3": 0.31610143184661865,
      "jsd_usergroup_3": 0.13765496015548706
    },
    "epoch_7": {
      "ndcg": 0.24879319965839386,
      "jsd": 0.11106584966182709,
      "ndcg_usergroup_1": 0.20137865841388702,
      "jsd_usergroup_1": 0.08965065330266953,
      "ndcg_usergroup_2": 0.23920053243637085,
      "jsd_usergroup_2": 0.10843069106340408,
      "ndcg_usergroup_3": 0.3249857723712921,
      "jsd_usergroup_3": 0.14038652181625366
    },
    "epoch_8": {
      "ndcg": 0.2519077658653259,
      "jsd": 0.10704734921455383,
      "ndcg_usergroup_1": 0.20566874742507935,
      "jsd_usergroup_1": 0.08675575256347656,
      "ndcg_usergroup_2": 0.24182842671871185,
      "jsd_usergroup_2": 0.10449565947055817,
      "ndcg_usergroup_3": 0.3283848166465759,
      "jsd_usergroup_3": 0.1349940001964569
    },
    "epoch_9": {
      "ndcg": 0.25422924757003784,
      "jsd": 0.10397272557020187,
      "ndcg_usergroup_1": 0.20597580075263977,
      "jsd_usergroup_1": 0.0835481658577919,
      "ndcg_usergroup_2": 0.24462836980819702,
      "jsd_usergroup_2": 0.1015721783041954,
      "ndcg_usergroup_3": 0.33128541707992554,
      "jsd_usergroup_3": 0.13159888982772827
    },
    "epoch_10": {
      "ndcg": 0.2570681571960449,
      "jsd": 0.10366245359182358,
      "ndcg_usergroup_1": 0.20823156833648682,
      "jsd_usergroup_1": 0.08390937000513077,
      "ndcg_usergroup_2": 0.24716314673423767,
      "jsd_usergroup_2": 0.10161896795034409,
      "ndcg_usergroup_3": 0.33561989665031433,
      "jsd_usergroup_3": 0.12954594194889069
    },
    "epoch_11": {
      "ndcg": 0.25906601548194885,
      "jsd": 0.10384136438369751,
      "ndcg_usergroup_1": 0.2080022692680359,
      "jsd_usergroup_1": 0.0859386995434761,
      "ndcg_usergroup_2": 0.24956844747066498,
      "jsd_usergroup_2": 0.10119955986738205,
      "ndcg_usergroup_3": 0.33862239122390747,
      "jsd_usergroup_3": 0.12966947257518768
    },
    "epoch_12": {
      "ndcg": 0.258848637342453,
      "jsd": 0.10121025890111923,
      "ndcg_usergroup_1": 0.2081134021282196,
      "jsd_usergroup_1": 0.08035784959793091,
      "ndcg_usergroup_2": 0.24840401113033295,
      "jsd_usergroup_2": 0.09897828847169876,
      "ndcg_usergroup_3": 0.3409177362918854,
      "jsd_usergroup_3": 0.12875859439373016
    },
    "epoch_13": {
      "ndcg": 0.26190170645713806,
      "jsd": 0.1022900864481926,
      "ndcg_usergroup_1": 0.21170777082443237,
      "jsd_usergroup_1": 0.08249905705451965,
      "ndcg_usergroup_2": 0.2523638904094696,
      "jsd_usergroup_2": 0.10136321187019348,
      "ndcg_usergroup_3": 0.34070920944213867,
      "jsd_usergroup_3": 0.1248617097735405
    },
    "epoch_14": {
      "ndcg": 0.25814515352249146,
      "jsd": 0.10122810304164886,
      "ndcg_usergroup_1": 0.20926252007484436,
      "jsd_usergroup_1": 0.0817447081208229,
      "ndcg_usergroup_2": 0.24854010343551636,
      "jsd_usergroup_2": 0.09964470565319061,
      "ndcg_usergroup_3": 0.335843026638031,
      "jsd_usergroup_3": 0.1254616528749466
    },
    "epoch_15": {
      "ndcg": 0.25697028636932373,
      "jsd": 0.0955749899148941,
      "ndcg_usergroup_1": 0.20393937826156616,
      "jsd_usergroup_1": 0.0743691623210907,
      "ndcg_usergroup_2": 0.2476433962583542,
      "jsd_usergroup_2": 0.09392265975475311,
      "ndcg_usergroup_3": 0.3379819393157959,
      "jsd_usergroup_3": 0.12173781543970108
    },
    "epoch_17": {
      "ndcg": 0.2580433487892151,
      "jsd": 0.09301168471574783,
      "ndcg_usergroup_1": 0.20736145973205566,
      "jsd_usergroup_1": 0.07322892546653748,
      "ndcg_usergroup_2": 0.24916408956050873,
      "jsd_usergroup_2": 0.09218233823776245,
      "ndcg_usergroup_3": 0.3353630602359772,
      "jsd_usergroup_3": 0.11528252810239792
    },
    "epoch_19": {
      "ndcg": 0.24876108765602112,
      "jsd": 0.08677017688751221,
      "ndcg_usergroup_1": 0.20081250369548798,
      "jsd_usergroup_1": 0.06571999937295914,
      "ndcg_usergroup_2": 0.23871353268623352,
      "jsd_usergroup_2": 0.08642913401126862,
      "ndcg_usergroup_3": 0.32685232162475586,
      "jsd_usergroup_3": 0.10884349048137665
    },
    "epoch_22": {
      "ndcg": 0.24361121654510498,
      "jsd": 0.08573957532644272,
      "ndcg_usergroup_1": 0.1960819810628891,
      "jsd_usergroup_1": 0.06573192030191422,
      "ndcg_usergroup_2": 0.2334863245487213,
      "jsd_usergroup_2": 0.08550917357206345,
      "ndcg_usergroup_3": 0.3215150833129883,
      "jsd_usergroup_3": 0.10643841326236725
    },
    "epoch_24": {
      "ndcg": 0.240828275680542,
      "jsd": 0.08480741083621979,
      "ndcg_usergroup_1": 0.1897335946559906,
      "jsd_usergroup_1": 0.062072161585092545,
      "ndcg_usergroup_2": 0.23068760335445404,
      "jsd_usergroup_2": 0.08408084511756897,
      "ndcg_usergroup_3": 0.32234489917755127,
      "jsd_usergroup_3": 0.10972233861684799
    },
    "epoch_25": {
      "ndcg": 0.23922747373580933,
      "jsd": 0.0829063355922699,
      "ndcg_usergroup_1": 0.19066926836967468,
      "jsd_usergroup_1": 0.060525503009557724,
      "ndcg_usergroup_2": 0.2295154631137848,
      "jsd_usergroup_2": 0.0836419090628624,
      "ndcg_usergroup_3": 0.31692174077033997,
      "jsd_usergroup_3": 0.10308042168617249
    },
    "epoch_26": {
      "ndcg": 0.2359282523393631,
      "jsd": 0.08283477276563644,
      "ndcg_usergroup_1": 0.18829557299613953,
      "jsd_usergroup_1": 0.05950915068387985,