{
  "base_recommendations": {
    "ndcg": 0.2663273811340332,
    "jsd": 0.12193825840950012,
    "ndcg_usergroup_1": 0.21388721466064453,
    "jsd_usergroup_1": 0.11441239714622498,
    "ndcg_usergroup_2": 0.256170392036438,
    "jsd_usergroup_2": 0.12063903361558914,
    "ndcg_usergroup_3": 0.34923845529556274,
    "jsd_usergroup_3": 0.13336177170276642
  },
  "postprocessed": {},
  "finetuned": {
    "epoch_1": {
      "ndcg": 0.2057875543832779,
      "jsd": 0.0986270159482956,
      "ndcg_usergroup_1": 0.17573967576026917,
      "jsd_usergroup_1": 0.07986340671777725,
      "ndcg_usergroup_2": 0.1939431130886078,
      "jsd_usergroup_2": 0.09875577688217163,
      "ndcg_usergroup_3": 0.2713688015937805,
      "jsd_usergroup_3": 0.11700434237718582
    },
    "epoch_5": {
      "ndcg": 0.208344966173172,
      "jsd": 0.11428915709257126,
      "ndcg_usergroup_1": 0.16997714340686798,
      "jsd_usergroup_1": 0.08144469559192657,
      "ndcg_usergroup_2": 0.19813455641269684,
      "jsd_usergroup_2": 0.11442338675260544,
      "ndcg_usergroup_3": 0.2773439884185791,
      "jsd_usergroup_3": 0.1467309594154358
    },
    "epoch_6": {
      "ndcg": 0.2166064977645874,
      "jsd": 0.11533375829458237,
      "ndcg_usergroup_1": 0.178335040807724,
      "jsd_usergroup_1": 0.08657818287611008,
      "ndcg_usergroup_2": 0.20585335791110992,
      "jsd_usergroup_2": 0.1152741014957428,
      "ndcg_usergroup_3": 0.2871374189853668,
      "jsd_usergroup_3": 0.14426831901073456
    },
    "epoch_7": {
      "ndcg": 0.22513163089752197,
      "jsd": 0.1205783486366272,
      "ndcg_usergroup_1": 0.18511320650577545,
      "jsd_usergroup_1": 0.09300494939088821,
      "ndcg_usergroup_2": 0.21404948830604553,
      "jsd_usergroup_2": 0.12061288207769394,
      "ndcg_usergroup_3": 0.29839643836021423,
      "jsd_usergroup_3": 0.14804817736148834
    },
    "epoch_8": {
      "ndcg": 0.22999045252799988,
      "jsd": 0.1176522970199585,
      "ndcg_usergroup_1": 0.19033163785934448,
      "jsd_usergroup_1": 0.09157585352659225,
      "ndcg_usergroup_2": 0.21969473361968994,
      "jsd_usergroup_2": 0.11805642396211624,
      "ndcg_usergroup_3": 0.30053648352622986,
      "jsd_usergroup_3": 0.1425163596868515
    },
    "epoch_9": {
      "ndcg": 0.23535771667957306,
      "jsd": 0.11852210760116577,
      "ndcg_usergroup_1": 0.19246618449687958,
      "jsd_usergroup_1": 0.09340944141149521,
      "ndcg_usergroup_2": 0.22650779783725739,
      "jsd_usergroup_2": 0.11898811161518097,
      "ndcg_usergroup_3": 0.30479902029037476,
      "jsd_usergroup_3": 0.14223675429821014
    },
    "epoch_10": {
      "ndcg": 0.23934471607208252,
      "jsd": 0.118764229118824,
      "ndcg_usergroup_1": 0.19430693984031677,
      "jsd_usergroup_1": 0.09377910196781158,
      "ndcg_usergroup_2": 0.2304455041885376,
      "jsd_usergroup_2": 0.1194109320640564,
      "ndcg_usergroup_3": 0.31108009815216064,
      "jsd_usergroup_3": 0.14180922508239746
    },
    "epoch_11": {
      "ndcg": 0.24357105791568756,
      "jsd": 0.11916907131671906,
      "ndcg_usergroup_1": 0.1946181207895279,
      "jsd_usergroup_1": 0.09282734990119934,
      "ndcg_usergroup_2": 0.23485589027404785,
      "jsd_usergroup_2": 0.1195191890001297,
      "ndcg_usergroup_3": 0.31866949796676636,
      "jsd_usergroup_3": 0.14446042478084564
    },
    "epoch_12": {
      "ndcg": 0.2445763647556305,
      "jsd": 0.11443085223436356,
      "ndcg_usergroup_1": 0.19629351794719696,
      "jsd_usergroup_1": 0.08903824537992477,
      "ndcg_usergroup_2": 0.23559115827083588,
      "jsd_usergroup_2": 0.11423396319150925,
      "ndcg_usergroup_3": 0.3198148012161255,
      "jsd_usergroup_3": 0.14041414856910706
    },
    "epoch_13": {
      "ndcg": 0.24535568058490753,
      "jsd": 0.1121571734547615,
      "ndcg_usergroup_1": 0.19903437793254852,
      "jsd_usergroup_1": 0.08949825167655945,
      "ndcg_usergroup_2": 0.23610375821590424,
      "jsd_usergroup_2": 0.11180992424488068,
      "ndcg_usergroup_3": 0.31943273544311523,
      "jsd_usergroup_3": 0.13585785031318665
    },
    "epoch_14": {
      "ndcg": 0.24838583171367645,
      "jsd": 0.11220791935920715,
      "ndcg_usergroup_1": 0.20034907758235931,
      "jsd_usergroup_1": 0.08953540027141571,
      "ndcg_usergroup_2": 0.24055148661136627,
      "jsd_usergroup_2": 0.11220517754554749,
      "ndcg_usergroup_3": 0.3199254870414734,
      "jsd_usergroup_3": 0.1348886340856552
    },
    "epoch_15": {
      "ndcg": 0.2498621642589569,
      "jsd": 0.11139578372240067,
      "ndcg_usergroup_1": 0.20160919427871704,
      "jsd_usergroup_1": 0.08752010762691498,
      "ndcg_usergroup_2": 0.24182681739330292,
      "jsd_usergroup_2": 0.11153705418109894,
      "ndcg_usergroup_3": 0.3222211003303528,
      "jsd_usergroup_3": 0.13484765589237213
    },
    "epoch_16": {
      "ndcg": 0.2505868375301361,
      "jsd": 0.11061439663171768,
      "ndcg_usergroup_1": 0.20344293117523193,
      "jsd_usergroup_1": 0.08598259091377258,
      "ndcg_usergroup_2": 0.2429288625717163,
      "jsd_usergroup_2": 0.11001908779144287,
      "ndcg_usergroup_3": 0.3207045793533325,
      "jsd_usergroup_3": 0.1370321661233902
    },
    "epoch_17": {
      "ndcg": 0.25211265683174133,
      "jsd": 0.1078648567199707,
      "ndcg_usergroup_1": 0.20318882167339325,
      "jsd_usergroup_1": 0.08428946137428284,
      "ndcg_usergroup_2": 0.244263157248497,
      "jsd_usergroup_2": 0.10832937061786652,
      "ndcg_usergroup_3": 0.3245850205421448,
      "jsd_usergroup_3": 0.13004668056964874
    },
    "epoch_18": {
      "ndcg": 0.2531549632549286,
      "jsd": 0.11012483388185501,
      "ndcg_usergroup_1": 0.20239552855491638,
      "jsd_usergroup_1": 0.08755961805582047,
      "ndcg_usergroup_2": 0.24627257883548737,
      "jsd_usergroup_2": 0.10930066555738449,
      "ndcg_usergroup_3": 0.3245614171028137,
      "jsd_usergroup_3": 0.13516251742839813
    },
    "epoch_19": {
      "ndcg": 0.25352978706359863,
      "jsd": 0.10936737060546875,
      "ndcg_usergroup_1": 0.2063484936952591,
      "jsd_usergroup_1": 0.08389193564653397,
      "ndcg_usergroup_2": 0.24551725387573242,
      "jsd_usergroup_2": 0.10951828956604004,
      "ndcg_usergroup_3": 0.3247487246990204,
      "jsd_usergroup_3": 0.13439007103443146
    },
    "epoch_20": {
      "ndcg": 0.25162243843078613,
      "jsd": 0.10501807183027267,
      "ndcg_usergroup_1": 0.20439617335796356,
      "jsd_usergroup_1": 0.07887712866067886,
      "ndcg_usergroup_2": 0.2441655397415161,
      "jsd_usergroup_2": 0.10554442554712296,
      "ndcg_usergroup_3": 0.3212193548679352,
      "jsd_usergroup_3": 0.12957991659641266
    },
    "epoch_22": {
      "ndcg": 0.2530876696109772,
      "jsd": 0.10495372861623764,
      "ndcg_usergroup_1": 0.20435547828674316,
      "jsd_usergroup_1": 0.07879975438117981,
      "ndcg_usergroup_2": 0.24666152894496918,
      "jsd_usergroup_2": 0.10579510778188705,
      "ndcg_usergroup_3": 0.321098268032074,
      "jsd_usergroup_3": 0.1285836100578308
    },
    "epoch_23": {
      "ndcg": 0.2531982362270355,
      "jsd": 0.1045600175857544,
      "ndcg_usergroup_1": 0.2031458169221878,
      "jsd_usergroup_1": 0.07854589074850082,
      "ndcg_usergroup_2": 0.24614132940769196,
      "jsd_usergroup_2": 0.10446617007255554,
      "ndcg_usergroup_3": 0.32442134618759155,
      "jsd_usergroup_3": 0.13085566461086273
    },
    "epoch_25": {
      "ndcg": 0.25162920355796814,
      "jsd": 0.10364731401205063,
      "ndcg_usergroup_1": 0.20269444584846497,
      "jsd_usergroup_1": 0.07758351415395737,
      "ndcg_usergroup_2": 0.2449365258216858,
      "jsd_usergroup_2": 0.10437346994876862,
      "ndcg_usergroup_3": 0.32064196467399597,
      "jsd_usergroup_3": 0.12753267586231232
    },
    "epoch_27": {
      "ndcg": 0.2470424473285675,
      "jsd": 0.10032438486814499,
      "ndcg_usergroup_1": 0.1992941051721573,
      "jsd_usergroup_1": 0.07258880138397217,