{
  "base_recommendations": {
    "ndcg": 0.2663273811340332,
    "jsd": 0.12193825840950012,
    "ndcg_usergroup_1": 0.21388721466064453,
    "jsd_usergroup_1": 0.11441239714622498,
    "ndcg_usergroup_2": 0.256170392036438,
    "jsd_usergroup_2": 0.12063903361558914,
    "ndcg_usergroup_3": 0.34923845529556274,
    "jsd_usergroup_3": 0.13336177170276642
  },
  "postprocessed": {},
  "finetuned": {
    "epoch_1": {
      "ndcg": 0.17385517060756683,
      "jsd": 0.09370759129524231,
      "ndcg_usergroup_1": 0.1483880579471588,
      "jsd_usergroup_1": 0.07869590073823929,
      "ndcg_usergroup_2": 0.16215501725673676,
      "jsd_usergroup_2": 0.09789212048053741,
      "ndcg_usergroup_3": 0.2344226986169815,
      "jsd_usergroup_3": 0.09616567939519882
    },
    "epoch_2": {
      "ndcg": 0.17554502189159393,
      "jsd": 0.08934880048036575,
      "ndcg_usergroup_1": 0.14707420766353607,
      "jsd_usergroup_1": 0.07376307249069214,
      "ndcg_usergroup_2": 0.16631200909614563,
      "jsd_usergroup_2": 0.09038767218589783,
      "ndcg_usergroup_3": 0.23171478509902954,
      "jsd_usergroup_3": 0.10181794315576553
    },
    "epoch_3": {
      "ndcg": 0.1916738748550415,
      "jsd": 0.09008301049470901,
      "ndcg_usergroup_1": 0.15922462940216064,
      "jsd_usergroup_1": 0.0708933100104332,
      "ndcg_usergroup_2": 0.18214264512062073,
      "jsd_usergroup_2": 0.08855579793453217,
      "ndcg_usergroup_3": 0.25271686911582947,
      "jsd_usergroup_3": 0.11385437846183777
    },
    "epoch_4": {
      "ndcg": 0.2139788120985031,
      "jsd": 0.094461590051651,
      "ndcg_usergroup_1": 0.1786135584115982,
      "jsd_usergroup_1": 0.0740889385342598,
      "ndcg_usergroup_2": 0.20443910360336304,
      "jsd_usergroup_2": 0.09226344525814056,
      "ndcg_usergroup_3": 0.27796313166618347,
      "jsd_usergroup_3": 0.12142867594957352
    },
    "epoch_5": {
      "ndcg": 0.22407211363315582,
      "jsd": 0.09482506662607193,
      "ndcg_usergroup_1": 0.18423865735530853,
      "jsd_usergroup_1": 0.07659140229225159,
      "ndcg_usergroup_2": 0.21574391424655914,
      "jsd_usergroup_2": 0.09282451868057251,
      "ndcg_usergroup_3": 0.2888900637626648,
      "jsd_usergroup_3": 0.11906041204929352
    },
    "epoch_6": {
      "ndcg": 0.23451559245586395,
      "jsd": 0.09770679473876953,
      "ndcg_usergroup_1": 0.19111429154872894,
      "jsd_usergroup_1": 0.07931660115718842,
      "ndcg_usergroup_2": 0.22619831562042236,
      "jsd_usergroup_2": 0.09677644073963165,
      "ndcg_usergroup_3": 0.30286866426467896,
      "jsd_usergroup_3": 0.11888804286718369
    },
    "epoch_7": {
      "ndcg": 0.24269793927669525,
      "jsd": 0.10233931243419647,
      "ndcg_usergroup_1": 0.19812481105327606,
      "jsd_usergroup_1": 0.08560438454151154,
      "ndcg_usergroup_2": 0.2345309853553772,
      "jsd_usergroup_2": 0.10068951547145844,
      "ndcg_usergroup_3": 0.3117719292640686,
      "jsd_usergroup_3": 0.12402361631393433
    },
    "epoch_8": {
      "ndcg": 0.24620071053504944,
      "jsd": 0.09893783926963806,
      "ndcg_usergroup_1": 0.20034371316432953,
      "jsd_usergroup_1": 0.08404608070850372,
      "ndcg_usergroup_2": 0.23696580529212952,
      "jsd_usergroup_2": 0.09769222140312195,
      "ndcg_usergroup_3": 0.31976231932640076,
      "jsd_usergroup_3": 0.11756642162799835
    },
    "epoch_9": {
      "ndcg": 0.2539898455142975,
      "jsd": 0.10178670287132263,
      "ndcg_usergroup_1": 0.20778445899486542,
      "jsd_usergroup_1": 0.08770250529050827,
      "ndcg_usergroup_2": 0.24468176066875458,
      "jsd_usergroup_2": 0.10041601955890656,
      "ndcg_usergroup_3": 0.3281194865703583,
      "jsd_usergroup_3": 0.11998295038938522
    },
    "epoch_10": {
      "ndcg": 0.2568071484565735,
      "jsd": 0.10121805965900421,
      "ndcg_usergroup_1": 0.20960372686386108,
      "jsd_usergroup_1": 0.0882590264081955,
      "ndcg_usergroup_2": 0.247406467795372,
      "jsd_usergroup_2": 0.10025660693645477,
      "ndcg_usergroup_3": 0.3322125971317291,
      "jsd_usergroup_3": 0.11706143617630005
    },
    "epoch_11": {
      "ndcg": 0.26036232709884644,
      "jsd": 0.10217764973640442,
      "ndcg_usergroup_1": 0.21274137496948242,
      "jsd_usergroup_1": 0.09067027270793915,
      "ndcg_usergroup_2": 0.25003042817115784,
      "jsd_usergroup_2": 0.10083430260419846,
      "ndcg_usergroup_3": 0.33897900581359863,
      "jsd_usergroup_3": 0.11771505326032639
    },
    "epoch_12": {
      "ndcg": 0.2609919607639313,
      "jsd": 0.10112778097391129,
      "ndcg_usergroup_1": 0.20923833549022675,
      "jsd_usergroup_1": 0.08603700995445251,
      "ndcg_usergroup_2": 0.25126025080680847,
      "jsd_usergroup_2": 0.10056562721729279,
      "ndcg_usergroup_3": 0.34194067120552063,
      "jsd_usergroup_3": 0.11790496855974197
    },
    "epoch_13": {
      "ndcg": 0.264675498008728,
      "jsd": 0.10072511434555054,
      "ndcg_usergroup_1": 0.21380531787872314,
      "jsd_usergroup_1": 0.08886313438415527,
      "ndcg_usergroup_2": 0.25513604283332825,
      "jsd_usergroup_2": 0.10083766281604767,
      "ndcg_usergroup_3": 0.3441638648509979,
      "jsd_usergroup_3": 0.11224948614835739
    },
    "epoch_14": {
      "ndcg": 0.2619026303291321,
      "jsd": 0.10224789381027222,
      "ndcg_usergroup_1": 0.20906078815460205,
      "jsd_usergroup_1": 0.08758608996868134,
      "ndcg_usergroup_2": 0.2523382902145386,
      "jsd_usergroup_2": 0.10187135636806488,
      "ndcg_usergroup_3": 0.34343740344047546,
      "jsd_usergroup_3": 0.11803926527500153
    },
    "epoch_15": {
      "ndcg": 0.26477211713790894,
      "jsd": 0.10109522193670273,
      "ndcg_usergroup_1": 0.20869159698486328,
      "jsd_usergroup_1": 0.08596865087747574,
      "ndcg_usergroup_2": 0.2549992501735687,
      "jsd_usergroup_2": 0.10050850361585617,
      "ndcg_usergroup_3": 0.35017120838165283,
      "jsd_usergroup_3": 0.11798188835382462
    },
    "epoch_16": {
      "ndcg": 0.26509106159210205,
      "jsd": 0.10148612409830093,
      "ndcg_usergroup_1": 0.21115776896476746,
      "jsd_usergroup_1": 0.08991421014070511,
      "ndcg_usergroup_2": 0.25484681129455566,
      "jsd_usergroup_2": 0.10057474672794342,
      "ndcg_usergroup_3": 0.3497569262981415,
      "jsd_usergroup_3": 0.11579220741987228
    },
    "epoch_17": {
      "ndcg": 0.2662610709667206,
      "jsd": 0.1001627966761589,
      "ndcg_usergroup_1": 0.21312905848026276,
      "jsd_usergroup_1": 0.0846804529428482,
      "ndcg_usergroup_2": 0.2566067576408386,
      "jsd_usergroup_2": 0.10034367442131042,
      "ndcg_usergroup_3": 0.34835606813430786,
      "jsd_usergroup_3": 0.11510245501995087
    },
    "epoch_19": {
      "ndcg": 0.262144535779953,
      "jsd": 0.09346860647201538,
      "ndcg_usergroup_1": 0.21118032932281494,
      "jsd_usergroup_1": 0.0754922553896904,
      "ndcg_usergroup_2": 0.251144140958786,
      "jsd_usergroup_2": 0.09316791594028473,
      "ndcg_usergroup_3": 0.34610989689826965,
      "jsd_usergroup_3": 0.11234697699546814
    },
    "epoch_21": {
      "ndcg": 0.2650509476661682,
      "jsd": 0.0979592427611351,
      "ndcg_usergroup_1": 0.20998640358448029,
      "jsd_usergroup_1": 0.07820868492126465,
      "ndcg_usergroup_2": 0.25481313467025757,
      "jsd_usergroup_2": 0.09800726920366287,
      "ndcg_usergroup_3": 0.35082900524139404,
      "jsd_usergroup_3": 0.11756573617458344
    },
    "epoch_22": {
      "ndcg": 0.2609651982784271,
      "jsd": 0.0922304317355156,
      "ndcg_usergroup_1": 0.20892594754695892,
      "jsd_usergroup_1": 0.07472536712884903,
      "ndcg_usergroup_2": 0.2505896985530853,
      "jsd_usergroup_2": 0.0911143571138382,
      "ndcg_usergroup_3": 0.34413090348243713,
      "jsd_usergroup_3": 0.11308368295431137
    },
    "epoch_24": {
      "ndcg": 0.2565537989139557,
      "jsd": 0.091005340218544,
      "ndcg_usergroup_1": 0.20413248240947723,
      "jsd_usergroup_1": 0.07059285789728165,