{
  "base_recommendations": {
    "ndcg": 0.2663273811340332,
    "jsd": 0.12193825840950012,
    "ndcg_usergroup_1": 0.21388721466064453,
    "jsd_usergroup_1": 0.11441239714622498,
    "ndcg_usergroup_2": 0.256170392036438,
    "jsd_usergroup_2": 0.12063903361558914,
    "ndcg_usergroup_3": 0.34923845529556274,
    "jsd_usergroup_3": 0.13336177170276642
  },
  "postprocessed": {},
  "finetuned": {
    "epoch_1": {
      "ndcg": 0.24411816895008087,
      "jsd": 0.10189951956272125,
      "ndcg_usergroup_1": 0.19725401699543,
      "jsd_usergroup_1": 0.0903346985578537,
      "ndcg_usergroup_2": 0.2325872927904129,
      "jsd_usergroup_2": 0.10091996937990189,
      "ndcg_usergroup_3": 0.3255749046802521,
      "jsd_usergroup_3": 0.11640297621488571
    },
    "epoch_2": {
      "ndcg": 0.2249123901128769,
      "jsd": 0.09722299128770828,
      "ndcg_usergroup_1": 0.1849348545074463,
      "jsd_usergroup_1": 0.08504568040370941,
      "ndcg_usergroup_2": 0.21173587441444397,
      "jsd_usergroup_2": 0.09718147665262222,
      "ndcg_usergroup_3": 0.3044193983078003,
      "jsd_usergroup_3": 0.10952486842870712
    },
    "epoch_3": {
      "ndcg": 0.2139139175415039,
      "jsd": 0.09713670611381531,
      "ndcg_usergroup_1": 0.17637117207050323,
      "jsd_usergroup_1": 0.08389107882976532,
      "ndcg_usergroup_2": 0.20131830871105194,
      "jsd_usergroup_2": 0.09778463840484619,
      "ndcg_usergroup_3": 0.2892433702945709,
      "jsd_usergroup_3": 0.10843850672245026
    },
    "epoch_21": {
      "ndcg": 0.24056077003479004,
      "jsd": 0.11779636144638062,
      "ndcg_usergroup_1": 0.1989947110414505,
      "jsd_usergroup_1": 0.08804395794868469,
      "ndcg_usergroup_2": 0.22985431551933289,
      "jsd_usergroup_2": 0.11683481931686401,
      "ndcg_usergroup_3": 0.314246267080307,
      "jsd_usergroup_3": 0.15043334662914276
    },
    "epoch_22": {
      "ndcg": 0.24271517992019653,
      "jsd": 0.11993934214115143,
      "ndcg_usergroup_1": 0.20002244412899017,
      "jsd_usergroup_1": 0.08959771692752838,
      "ndcg_usergroup_2": 0.23214496672153473,
      "jsd_usergroup_2": 0.11918743699789047,
      "ndcg_usergroup_3": 0.3171185255050659,
      "jsd_usergroup_3": 0.15253663063049316
    },
    "epoch_23": {
      "ndcg": 0.2439836710691452,
      "jsd": 0.1186859980225563,
      "ndcg_usergroup_1": 0.20005661249160767,
      "jsd_usergroup_1": 0.08897559344768524,
      "ndcg_usergroup_2": 0.23377864062786102,
      "jsd_usergroup_2": 0.11800836026668549,
      "ndcg_usergroup_3": 0.3185258209705353,
      "jsd_usergroup_3": 0.15042923390865326
    },
    "epoch_24": {
      "ndcg": 0.24504829943180084,
      "jsd": 0.11898698657751083,
      "ndcg_usergroup_1": 0.2024659365415573,
      "jsd_usergroup_1": 0.08938173204660416,
      "ndcg_usergroup_2": 0.23437418043613434,
      "jsd_usergroup_2": 0.118044413626194,
      "ndcg_usergroup_3": 0.3196529746055603,
      "jsd_usergroup_3": 0.1514199823141098
    },
    "epoch_25": {
      "ndcg": 0.24673306941986084,
      "jsd": 0.11894407123327255,
      "ndcg_usergroup_1": 0.2032962590456009,
      "jsd_usergroup_1": 0.09063220769166946,
      "ndcg_usergroup_2": 0.2366074025630951,
      "jsd_usergroup_2": 0.11840130388736725,
      "ndcg_usergroup_3": 0.32054683566093445,
      "jsd_usergroup_3": 0.14888422191143036
    },
    "epoch_27": {
      "ndcg": 0.2478698343038559,
      "jsd": 0.11837637424468994,
      "ndcg_usergroup_1": 0.20453858375549316,
      "jsd_usergroup_1": 0.0906263068318367,
      "ndcg_usergroup_2": 0.23756365478038788,
      "jsd_usergroup_2": 0.11778222769498825,
      "ndcg_usergroup_3": 0.3221195638179779,
      "jsd_usergroup_3": 0.14790885150432587
    },
    "epoch_30": {
      "ndcg": 0.2490636259317398,
      "jsd": 0.11767197400331497,
      "ndcg_usergroup_1": 0.20290148258209229,
      "jsd_usergroup_1": 0.0891980454325676,
      "ndcg_usergroup_2": 0.23853792250156403,
      "jsd_usergroup_2": 0.11690960824489594,
      "ndcg_usergroup_3": 0.3268028497695923,
      "jsd_usergroup_3": 0.14843302965164185
    },
    "epoch_31": {
      "ndcg": 0.24968856573104858,
      "jsd": 0.1169973835349083,
      "ndcg_usergroup_1": 0.2034531831741333,
      "jsd_usergroup_1": 0.08908926695585251,
      "ndcg_usergroup_2": 0.23957394063472748,
      "jsd_usergroup_2": 0.11668158322572708,
      "ndcg_usergroup_3": 0.3262677788734436,
      "jsd_usergroup_3": 0.14585290849208832
    },
    "epoch_32": {
      "ndcg": 0.2499178946018219,
      "jsd": 0.11671306192874908,
      "ndcg_usergroup_1": 0.2067316174507141,
      "jsd_usergroup_1": 0.08968895673751831,
      "ndcg_usergroup_2": 0.23914282023906708,
      "jsd_usergroup_2": 0.11589985340833664,
      "ndcg_usergroup_3": 0.32542940974235535,
      "jsd_usergroup_3": 0.14617682993412018
    },
    "epoch_33": {
      "ndcg": 0.24940897524356842,
      "jsd": 0.11286214739084244,
      "ndcg_usergroup_1": 0.20496833324432373,
      "jsd_usergroup_1": 0.08579292893409729,
      "ndcg_usergroup_2": 0.23884747922420502,
      "jsd_usergroup_2": 0.11167717725038528,
      "ndcg_usergroup_3": 0.3255341351032257,
      "jsd_usergroup_3": 0.14348624646663666
    },
    "epoch_35": {
      "ndcg": 0.24971136450767517,
      "jsd": 0.11472444981336594,
      "ndcg_usergroup_1": 0.20447003841400146,
      "jsd_usergroup_1": 0.08706066012382507,
      "ndcg_usergroup_2": 0.23917970061302185,
      "jsd_usergroup_2": 0.11391454190015793,
      "ndcg_usergroup_3": 0.32654762268066406,
      "jsd_usergroup_3": 0.14481794834136963
    },
    "epoch_37": {
      "ndcg": 0.2505365312099457,
      "jsd": 0.11538778990507126,
      "ndcg_usergroup_1": 0.20562005043029785,
      "jsd_usergroup_1": 0.08820565044879913,
      "ndcg_usergroup_2": 0.24012359976768494,
      "jsd_usergroup_2": 0.11477980762720108,
      "ndcg_usergroup_3": 0.32669174671173096,
      "jsd_usergroup_3": 0.14439383149147034
    },
    "epoch_42": {
      "ndcg": 0.25057730078697205,
      "jsd": 0.11263147741556168,
      "ndcg_usergroup_1": 0.20649665594100952,
      "jsd_usergroup_1": 0.08545628935098648,
      "ndcg_usergroup_2": 0.23969516158103943,
      "jsd_usergroup_2": 0.11143113672733307,
      "ndcg_usergroup_3": 0.32730427384376526,
      "jsd_usergroup_3": 0.1434076875448227
    },
    "epoch_63": {
      "ndcg": 0.24448049068450928,
      "jsd": 0.10279034823179245,
      "ndcg_usergroup_1": 0.19921785593032837,
      "jsd_usergroup_1": 0.07550148665904999,
      "ndcg_usergroup_2": 0.23486493527889252,
      "jsd_usergroup_2": 0.10235796123743057,
      "ndcg_usergroup_3": 0.3185896575450897,
      "jsd_usergroup_3": 0.13137640058994293
    },
    "epoch_79": {
      "ndcg": 0.23988115787506104,
      "jsd": 0.10125970095396042,
      "ndcg_usergroup_1": 0.1935289204120636,
      "jsd_usergroup_1": 0.07293043285608292,
      "ndcg_usergroup_2": 0.23119992017745972,
      "jsd_usergroup_2": 0.10080055892467499,
      "ndcg_usergroup_3": 0.31227701902389526,
      "jsd_usergroup_3": 0.13096638023853302
    },
    "epoch_81": {
      "ndcg": 0.24074521660804749,
      "jsd": 0.10154560953378677,
      "ndcg_usergroup_1": 0.19463257491588593,
      "jsd_usergroup_1": 0.07267074286937714,
      "ndcg_usergroup_2": 0.23158816993236542,
      "jsd_usergroup_2": 0.10148445516824722,
      "ndcg_usergroup_3": 0.31432896852493286,
      "jsd_usergroup_3": 0.13060393929481506
    },
    "epoch_84": {
      "ndcg": 0.23874180018901825,
      "jsd": 0.10032859444618225,
      "ndcg_usergroup_1": 0.19327734410762787,
      "jsd_usergroup_1": 0.07260606437921524,
      "ndcg_usergroup_2": 0.230082705616951,
      "jsd_usergroup_2": 0.10075072944164276,
      "ndcg_usergroup_3": 0.3101836144924164,
      "jsd_usergroup_3": 0.12678471207618713
    },
    "epoch_92": {
      "ndcg": 0.2368706911802292,
      "jsd": 0.09768038243055344,
      "ndcg_usergroup_1": 0.1914488971233368,
      "jsd_usergroup_1": 0.06955742835998535,