{
  "base_recommendations": {
    "ndcg": 0.2663273811340332,
    "jsd": 0.12193825840950012,
    "ndcg_usergroup_1": 0.21388721466064453,
    "jsd_usergroup_1": 0.11441239714622498,
    "ndcg_usergroup_2": 0.256170392036438,
    "jsd_usergroup_2": 0.12063903361558914,
    "ndcg_usergroup_3": 0.34923845529556274,
    "jsd_usergroup_3": 0.13336177170276642
  },
  "postprocessed": {},
  "finetuned": {
    "epoch_1": {
      "ndcg": 0.15032339096069336,
      "jsd": 0.08637687563896179,
      "ndcg_usergroup_1": 0.15795613825321198,
      "jsd_usergroup_1": 0.06834477186203003,
      "ndcg_usergroup_2": 0.14414715766906738,
      "jsd_usergroup_2": 0.08878607302904129,
      "ndcg_usergroup_3": 0.16121941804885864,
      "jsd_usergroup_3": 0.09718140959739685
    },
    "epoch_2": {
      "ndcg": 0.20888406038284302,
      "jsd": 0.06719201803207397,
      "ndcg_usergroup_1": 0.19051657617092133,
      "jsd_usergroup_1": 0.06658554077148438,
      "ndcg_usergroup_2": 0.19845843315124512,
      "jsd_usergroup_2": 0.06606875360012054,
      "ndcg_usergroup_3": 0.2585284113883972,
      "jsd_usergroup_3": 0.07116831839084625
    },
    "epoch_4": {
      "ndcg": 0.23080679774284363,
      "jsd": 0.06382627785205841,
      "ndcg_usergroup_1": 0.20291589200496674,
      "jsd_usergroup_1": 0.07130908221006393,
      "ndcg_usergroup_2": 0.2201308012008667,
      "jsd_usergroup_2": 0.06190500035881996,
      "ndcg_usergroup_3": 0.29072561860084534,
      "jsd_usergroup_3": 0.06210731342434883
    },
    "epoch_6": {
      "ndcg": 0.23389917612075806,
      "jsd": 0.0664486363530159,
      "ndcg_usergroup_1": 0.20094811916351318,
      "jsd_usergroup_1": 0.07424185425043106,
      "ndcg_usergroup_2": 0.2245272845029831,
      "jsd_usergroup_2": 0.0635635182261467,
      "ndcg_usergroup_3": 0.294965922832489,
      "jsd_usergroup_3": 0.06731075793504715
    }
  }
}