{
  "base_recommendations": {
    "ndcg": 0.2663273811340332,
    "jsd": 0.12193825840950012,
    "ndcg_usergroup_1": 0.21388721466064453,
    "jsd_usergroup_1": 0.11441239714622498,
    "ndcg_usergroup_2": 0.256170392036438,
    "jsd_usergroup_2": 0.12063903361558914,
    "ndcg_usergroup_3": 0.34923845529556274,
    "jsd_usergroup_3": 0.13336177170276642
  },
  "postprocessed": {},
  "finetuned": {
    "epoch_1": {
      "ndcg": 0.20001569390296936,
      "jsd": 0.0902412086725235,
      "ndcg_usergroup_1": 0.16866809129714966,
      "jsd_usergroup_1": 0.07872382551431656,
      "ndcg_usergroup_2": 0.18874630331993103,
      "jsd_usergroup_2": 0.09165522456169128,
      "ndcg_usergroup_3": 0.26517146825790405,
      "jsd_usergroup_3": 0.09751655906438828
    },
    "epoch_2": {
      "ndcg": 0.1834389567375183,
      "jsd": 0.07582004368305206,
      "ndcg_usergroup_1": 0.16420723497867584,
      "jsd_usergroup_1": 0.06809347867965698,
      "ndcg_usergroup_2": 0.17429743707180023,
      "jsd_usergroup_2": 0.07699216157197952,
      "ndcg_usergroup_3": 0.2300952672958374,
      "jsd_usergroup_3": 0.08003029227256775
    },
    "epoch_3": {
      "ndcg": 0.17586617171764374,
      "jsd": 0.0684816837310791,
      "ndcg_usergroup_1": 0.16219855844974518,
      "jsd_usergroup_1": 0.06304830312728882,
      "ndcg_usergroup_2": 0.16697701811790466,
      "jsd_usergroup_2": 0.07025950402021408,
      "ndcg_usergroup_3": 0.21620123088359833,
      "jsd_usergroup_3": 0.06858158856630325
    },
    "epoch_4": {
      "ndcg": 0.1771625131368637,
      "jsd": 0.06346544623374939,
      "ndcg_usergroup_1": 0.16713787615299225,
      "jsd_usergroup_1": 0.0599435530602932,
      "ndcg_usergroup_2": 0.16803093254566193,
      "jsd_usergroup_2": 0.0647149607539177,
      "ndcg_usergroup_3": 0.21458187699317932,
      "jsd_usergroup_3": 0.06323878467082977
    },
    "epoch_5": {
      "ndcg": 0.18233473598957062,
      "jsd": 0.05917472764849663,
      "ndcg_usergroup_1": 0.16756220161914825,
      "jsd_usergroup_1": 0.058224357664585114,
      "ndcg_usergroup_2": 0.17423184216022491,
      "jsd_usergroup_2": 0.0597548745572567,
      "ndcg_usergroup_3": 0.22141589224338531,
      "jsd_usergroup_3": 0.058384668081998825
    },
    "epoch_6": {
      "ndcg": 0.18508319556713104,
      "jsd": 0.05838168412446976,
      "ndcg_usergroup_1": 0.1761549562215805,
      "jsd_usergroup_1": 0.05652908980846405,
      "ndcg_usergroup_2": 0.1764068603515625,
      "jsd_usergroup_2": 0.05790247395634651,
      "ndcg_usergroup_3": 0.22004039585590363,
      "jsd_usergroup_3": 0.0616719014942646
    },
    "epoch_7": {
      "ndcg": 0.1964743584394455,
      "jsd": 0.05231153219938278,
      "ndcg_usergroup_1": 0.18133553862571716,
      "jsd_usergroup_1": 0.05412258952856064,
      "ndcg_usergroup_2": 0.18716801702976227,
      "jsd_usergroup_2": 0.05167832598090172,
      "ndcg_usergroup_3": 0.2395322471857071,
      "jsd_usergroup_3": 0.052400097250938416
    },
    "epoch_9": {
      "ndcg": 0.20136739313602448,
      "jsd": 0.05130878463387489,
      "ndcg_usergroup_1": 0.18802550435066223,
      "jsd_usergroup_1": 0.051420658826828,
      "ndcg_usergroup_2": 0.1922527253627777,
      "jsd_usergroup_2": 0.0511493943631649,
      "ndcg_usergroup_3": 0.24205335974693298,
      "jsd_usergroup_3": 0.051675088703632355
    },
    "epoch_11": {
      "ndcg": 0.20610125362873077,
      "jsd": 0.0497518889605999,
      "ndcg_usergroup_1": 0.18823635578155518,
      "jsd_usergroup_1": 0.050266336649656296,
      "ndcg_usergroup_2": 0.19764433801174164,
      "jsd_usergroup_2": 0.04877428710460663,
      "ndcg_usergroup_3": 0.2493368536233902,
      "jsd_usergroup_3": 0.052170246839523315
    },
    "epoch_13": {
      "ndcg": 0.2104678899049759,
      "jsd": 0.04833078011870384,
      "ndcg_usergroup_1": 0.1963597536087036,
      "jsd_usergroup_1": 0.049444183707237244,
      "ndcg_usergroup_2": 0.20230352878570557,
      "jsd_usergroup_2": 0.04688625782728195,
      "ndcg_usergroup_3": 0.24906910955905914,
      "jsd_usergroup_3": 0.05155092105269432
    },
    "epoch_18": {
      "ndcg": 0.20482060313224792,
      "jsd": 0.047805555164813995,
      "ndcg_usergroup_1": 0.18700234591960907,
      "jsd_usergroup_1": 0.04567890614271164,
      "ndcg_usergroup_2": 0.19592586159706116,
      "jsd_usergroup_2": 0.047565802931785583,
      "ndcg_usergroup_3": 0.24932309985160828,
      "jsd_usergroup_3": 0.05065144971013069
    },
    "epoch_21": {
      "ndcg": 0.20176030695438385,
      "jsd": 0.04776410385966301,
      "ndcg_usergroup_1": 0.18651463091373444,
      "jsd_usergroup_1": 0.04360206425189972,
      "ndcg_usergroup_2": 0.19297908246517181,
      "jsd_usergroup_2": 0.046733587980270386,
      "ndcg_usergroup_3": 0.2433495968580246,
      "jsd_usergroup_3": 0.05501769855618477
    },
    "epoch_23": {
      "ndcg": 0.19539587199687958,
      "jsd": 0.04762490466237068,
      "ndcg_usergroup_1": 0.17427895963191986,
      "jsd_usergroup_1": 0.04109762981534004,
      "ndcg_usergroup_2": 0.1869465410709381,
      "jsd_usergroup_2": 0.04823846369981766,
      "ndcg_usergroup_3": 0.24186070263385773,
      "jsd_usergroup_3": 0.05231150984764099
    },
    "epoch_33": {
      "ndcg": 0.18620388209819794,
      "jsd": 0.04758763313293457,
      "ndcg_usergroup_1": 0.16278280317783356,
      "jsd_usergroup_1": 0.039074379950761795,
      "ndcg_usergroup_2": 0.17748065292835236,
      "jsd_usergroup_2": 0.04841722548007965,
      "ndcg_usergroup_3": 0.23579461872577667,
      "jsd_usergroup_3": 0.053612109273672104
    },
    "epoch_37": {
      "ndcg": 0.1823277771472931,
      "jsd": 0.046947676688432693,
      "ndcg_usergroup_1": 0.15747801959514618,
      "jsd_usergroup_1": 0.03993283957242966,
      "ndcg_usergroup_2": 0.17371037602424622,
      "jsd_usergroup_2": 0.04787379130721092,
      "ndcg_usergroup_3": 0.23302969336509705,
      "jsd_usergroup_3": 0.05118415877223015
    }
  }
}