{
  "base_recommendations": {
    "ndcg": 0.2663273811340332,
    "jsd": 0.12193825840950012,
    "ndcg_usergroup_1": 0.21388721466064453,
    "jsd_usergroup_1": 0.11441239714622498,
    "ndcg_usergroup_2": 0.256170392036438,
    "jsd_usergroup_2": 0.12063903361558914,
    "ndcg_usergroup_3": 0.34923845529556274,
    "jsd_usergroup_3": 0.13336177170276642
  },
  "postprocessed": {},
  "finetuned": {
    "epoch_1": {
      "ndcg": 0.2401968240737915,
      "jsd": 0.09821349382400513,
      "ndcg_usergroup_1": 0.19529254734516144,
      "jsd_usergroup_1": 0.08699356764554977,
      "ndcg_usergroup_2": 0.22870559990406036,
      "jsd_usergroup_2": 0.0972512885928154,
      "ndcg_usergroup_3": 0.319574773311615,
      "jsd_usergroup_3": 0.11232000589370728
    },
    "epoch_2": {
      "ndcg": 0.21783383190631866,
      "jsd": 0.09302026778459549,
      "ndcg_usergroup_1": 0.18086063861846924,
      "jsd_usergroup_1": 0.07980170845985413,
      "ndcg_usergroup_2": 0.20488734543323517,
      "jsd_usergroup_2": 0.09412525594234467,
      "ndcg_usergroup_3": 0.29364651441574097,
      "jsd_usergroup_3": 0.10292378813028336
    },
    "epoch_3": {
      "ndcg": 0.20268628001213074,
      "jsd": 0.09105341881513596,
      "ndcg_usergroup_1": 0.17139895260334015,
      "jsd_usergroup_1": 0.07858769595623016,
      "ndcg_usergroup_2": 0.18988512456417084,
      "jsd_usergroup_2": 0.09367028623819351,
      "ndcg_usergroup_3": 0.27237701416015625,
      "jsd_usergroup_3": 0.09566852450370789
    },
    "epoch_4": {
      "ndcg": 0.1930917352437973,
      "jsd": 0.08838485926389694,
      "ndcg_usergroup_1": 0.16542038321495056,
      "jsd_usergroup_1": 0.07839027047157288,
      "ndcg_usergroup_2": 0.18091298639774323,
      "jsd_usergroup_2": 0.09103062748908997,
      "ndcg_usergroup_3": 0.25729936361312866,
      "jsd_usergroup_3": 0.09044212847948074
    },
    "epoch_5": {
      "ndcg": 0.18674138188362122,
      "jsd": 0.08532940596342087,
      "ndcg_usergroup_1": 0.16452498733997345,
      "jsd_usergroup_1": 0.07871000468730927,
      "ndcg_usergroup_2": 0.17460717260837555,
      "jsd_usergroup_2": 0.08744938671588898,
      "ndcg_usergroup_3": 0.24536046385765076,
      "jsd_usergroup_3": 0.08558885008096695
    },
    "epoch_6": {
      "ndcg": 0.18267224729061127,
      "jsd": 0.0821995958685875,
      "ndcg_usergroup_1": 0.1635993868112564,
      "jsd_usergroup_1": 0.07725081592798233,
      "ndcg_usergroup_2": 0.1714431792497635,
      "jsd_usergroup_2": 0.08400705456733704,
      "ndcg_usergroup_3": 0.2354322224855423,
      "jsd_usergroup_3": 0.08172600716352463
    },
    "epoch_7": {
      "ndcg": 0.1784197837114334,
      "jsd": 0.07922033220529556,
      "ndcg_usergroup_1": 0.16201084852218628,
      "jsd_usergroup_1": 0.0757586732506752,
      "ndcg_usergroup_2": 0.16743119060993195,
      "jsd_usergroup_2": 0.08076354116201401,
      "ndcg_usergroup_3": 0.22779452800750732,
      "jsd_usergroup_3": 0.0780523493885994
    },
    "epoch_8": {
      "ndcg": 0.17510294914245605,
      "jsd": 0.0755947083234787,
      "ndcg_usergroup_1": 0.1608729511499405,
      "jsd_usergroup_1": 0.0693066418170929,
      "ndcg_usergroup_2": 0.16524527966976166,
      "jsd_usergroup_2": 0.07798989117145538,
      "ndcg_usergroup_3": 0.218905970454216,
      "jsd_usergroup_3": 0.07469720393419266
    },
    "epoch_9": {
      "ndcg": 0.1738545298576355,
      "jsd": 0.07375600188970566,
      "ndcg_usergroup_1": 0.1614290475845337,
      "jsd_usergroup_1": 0.06844515353441238,
      "ndcg_usergroup_2": 0.16463488340377808,
      "jsd_usergroup_2": 0.07561538368463516,
      "ndcg_usergroup_3": 0.21393893659114838,
      "jsd_usergroup_3": 0.07348868995904922
    },
    "epoch_10": {
      "ndcg": 0.17317089438438416,
      "jsd": 0.07221067696809769,
      "ndcg_usergroup_1": 0.15979866683483124,
      "jsd_usergroup_1": 0.06667976081371307,
      "ndcg_usergroup_2": 0.1646719127893448,
      "jsd_usergroup_2": 0.07460460811853409,
      "ndcg_usergroup_3": 0.21203990280628204,
      "jsd_usergroup_3": 0.07055976986885071
    },
    "epoch_11": {
      "ndcg": 0.17340625822544098,
      "jsd": 0.06914009898900986,
      "ndcg_usergroup_1": 0.162027046084404,
      "jsd_usergroup_1": 0.06582164019346237,
      "ndcg_usergroup_2": 0.16490384936332703,
      "jsd_usergroup_2": 0.07069938629865646,
      "ndcg_usergroup_3": 0.21029271185398102,
      "jsd_usergroup_3": 0.06778068095445633
    },
    "epoch_12": {
      "ndcg": 0.17334210872650146,
      "jsd": 0.06821520626544952,
      "ndcg_usergroup_1": 0.16272889077663422,
      "jsd_usergroup_1": 0.06417915970087051,
      "ndcg_usergroup_2": 0.1648150235414505,
      "jsd_usergroup_2": 0.06999892741441727,
      "ndcg_usergroup_3": 0.20953653752803802,
      "jsd_usergroup_3": 0.0669001042842865
    },
    "epoch_13": {
      "ndcg": 0.17189274728298187,
      "jsd": 0.06665170192718506,
      "ndcg_usergroup_1": 0.16066515445709229,
      "jsd_usergroup_1": 0.0627388134598732,
      "ndcg_usergroup_2": 0.1636468470096588,
      "jsd_usergroup_2": 0.06787246465682983,
      "ndcg_usergroup_3": 0.20785802602767944,
      "jsd_usergroup_3": 0.06690225005149841
    },
    "epoch_14": {
      "ndcg": 0.17286370694637299,
      "jsd": 0.06537146866321564,
      "ndcg_usergroup_1": 0.16247238218784332,
      "jsd_usergroup_1": 0.06240599602460861,
      "ndcg_usergroup_2": 0.16479884088039398,
      "jsd_usergroup_2": 0.06678188592195511,
      "ndcg_usergroup_3": 0.20744962990283966,
      "jsd_usergroup_3": 0.06410564482212067
    },
    "epoch_15": {
      "ndcg": 0.17586871981620789,
      "jsd": 0.06320697069168091,
      "ndcg_usergroup_1": 0.16553203761577606,
      "jsd_usergroup_1": 0.06050870195031166,
      "ndcg_usergroup_2": 0.16790811717510223,
      "jsd_usergroup_2": 0.06424614787101746,
      "ndcg_usergroup_3": 0.21008719503879547,
      "jsd_usergroup_3": 0.06278770416975021
    },
    "epoch_16": {
      "ndcg": 0.17786960303783417,
      "jsd": 0.0616043396294117,
      "ndcg_usergroup_1": 0.16834768652915955,
      "jsd_usergroup_1": 0.058925971388816833,
      "ndcg_usergroup_2": 0.1697581708431244,
      "jsd_usergroup_2": 0.0621928945183754,
      "ndcg_usergroup_3": 0.21172575652599335,
      "jsd_usergroup_3": 0.06251703947782516
    },
    "epoch_17": {
      "ndcg": 0.17635393142700195,
      "jsd": 0.0613543875515461,
      "ndcg_usergroup_1": 0.16512595117092133,
      "jsd_usergroup_1": 0.059025026857852936,
      "ndcg_usergroup_2": 0.16843578219413757,
      "jsd_usergroup_2": 0.06199232488870621,
      "ndcg_usergroup_3": 0.2113363891839981,
      "jsd_usergroup_3": 0.06176995113492012
    },
    "epoch_18": {
      "ndcg": 0.1782723218202591,
      "jsd": 0.059623830020427704,
      "ndcg_usergroup_1": 0.16731175780296326,
      "jsd_usergroup_1": 0.05789100006222725,
      "ndcg_usergroup_2": 0.16973131895065308,
      "jsd_usergroup_2": 0.05991767719388008,
      "ndcg_usergroup_3": 0.21485580503940582,
      "jsd_usergroup_3": 0.06047512963414192
    },
    "epoch_19": {
      "ndcg": 0.18003089725971222,
      "jsd": 0.05908292159438133,
      "ndcg_usergroup_1": 0.16799210011959076,
      "jsd_usergroup_1": 0.05634851008653641,
      "ndcg_usergroup_2": 0.1720047891139984,
      "jsd_usergroup_2": 0.05947084724903107,
      "ndcg_usergroup_3": 0.21614797413349152,
      "jsd_usergroup_3": 0.06065354868769646
    },
    "epoch_20": {
      "ndcg": 0.1824502944946289,
      "jsd": 0.05763564631342888,
      "ndcg_usergroup_1": 0.16946415603160858,
      "jsd_usergroup_1": 0.055227600038051605,
      "ndcg_usergroup_2": 0.17374368011951447,
      "jsd_usergroup_2": 0.05786999687552452,
      "ndcg_usergroup_3": 0.22155635058879852,
      "jsd_usergroup_3": 0.059340622276067734
    },
    "epoch_22": {
      "ndcg": 0.18481284379959106,
      "jsd": 0.056403983384370804,
      "ndcg_usergroup_1": 0.17289520800113678,
      "jsd_usergroup_1": 0.05481833592057228,