{
  "base_recommendations": {
    "ndcg": 0.2663273811340332,
    "jsd": 0.12193825840950012,
    "ndcg_usergroup_1": 0.21388721466064453,
    "jsd_usergroup_1": 0.11441239714622498,
    "ndcg_usergroup_2": 0.256170392036438,
    "jsd_usergroup_2": 0.12063903361558914,
    "ndcg_usergroup_3": 0.34923845529556274,
    "jsd_usergroup_3": 0.13336177170276642
  },
  "postprocessed": {},
  "finetuned": {
    "epoch_1": {
      "ndcg": 0.1514284610748291,
      "jsd": 0.1002010628581047,
      "ndcg_usergroup_1": 0.14464733004570007,
      "jsd_usergroup_1": 0.08752754330635071,
      "ndcg_usergroup_2": 0.14434365928173065,
      "jsd_usergroup_2": 0.10601228475570679,
      "ndcg_usergroup_3": 0.1794639229774475,
      "jsd_usergroup_3": 0.09544090181589127
    },
    "epoch_2": {
      "ndcg": 0.1929568499326706,
      "jsd": 0.07322823256254196,
      "ndcg_usergroup_1": 0.17870046198368073,
      "jsd_usergroup_1": 0.06178377941250801,
      "ndcg_usergroup_2": 0.18704859912395477,
      "jsd_usergroup_2": 0.07416284084320068,
      "ndcg_usergroup_3": 0.22493794560432434,
      "jsd_usergroup_3": 0.08186886459589005
    },
    "epoch_4": {
      "ndcg": 0.22600314021110535,
      "jsd": 0.10029806196689606,
      "ndcg_usergroup_1": 0.1951882690191269,
      "jsd_usergroup_1": 0.08595223724842072,
      "ndcg_usergroup_2": 0.21760696172714233,
      "jsd_usergroup_2": 0.10138658434152603,
      "ndcg_usergroup_3": 0.28200656175613403,
      "jsd_usergroup_3": 0.11137834936380386
    }
  }
}