{
  "base_recommendations": {
    "ndcg": 0.2663273811340332,
    "jsd": 0.12193825840950012,
    "ndcg_usergroup_1": 0.21388721466064453,
    "jsd_usergroup_1": 0.11441239714622498,
    "ndcg_usergroup_2": 0.256170392036438,
    "jsd_usergroup_2": 0.12063903361558914,
    "ndcg_usergroup_3": 0.34923845529556274,
    "jsd_usergroup_3": 0.13336177170276642
  },
  "postprocessed": {},
  "finetuned": {
    "epoch_1": {
      "ndcg": 0.16598796844482422,
      "jsd": 0.10178766399621964,
      "ndcg_usergroup_1": 0.16148927807807922,
      "jsd_usergroup_1": 0.07714997977018356,
      "ndcg_usergroup_2": 0.15935087203979492,
      "jsd_usergroup_2": 0.10171878337860107,
      "ndcg_usergroup_3": 0.1903979629278183,
      "jsd_usergroup_3": 0.1266319900751114
    },
    "epoch_2": {
      "ndcg": 0.16285575926303864,
      "jsd": 0.08357873558998108,
      "ndcg_usergroup_1": 0.1493142694234848,
      "jsd_usergroup_1": 0.06528114527463913,
      "ndcg_usergroup_2": 0.15542373061180115,
      "jsd_usergroup_2": 0.08460764586925507,
      "ndcg_usergroup_3": 0.19869334995746613,
      "jsd_usergroup_3": 0.09878960996866226
    },
    "epoch_4": {
      "ndcg": 0.1519414484500885,
      "jsd": 0.0816269963979721,
      "ndcg_usergroup_1": 0.15167959034442902,
      "jsd_usergroup_1": 0.06345433741807938,
      "ndcg_usergroup_2": 0.14621812105178833,
      "jsd_usergroup_2": 0.0827740877866745,
      "ndcg_usergroup_3": 0.1693732589483261,
      "jsd_usergroup_3": 0.09635837376117706
    },
    "epoch_5": {
      "ndcg": 0.1428738385438919,
      "jsd": 0.07931596785783768,
      "ndcg_usergroup_1": 0.1416938304901123,
      "jsd_usergroup_1": 0.0643661841750145,
      "ndcg_usergroup_2": 0.1400562971830368,
      "jsd_usergroup_2": 0.08161080628633499,
      "ndcg_usergroup_3": 0.152506485581398,
      "jsd_usergroup_3": 0.0873812586069107
    },
    "epoch_10": {
      "ndcg": 0.12764063477516174,
      "jsd": 0.07860851287841797,
      "ndcg_usergroup_1": 0.14022430777549744,
      "jsd_usergroup_1": 0.06436821818351746,
      "ndcg_usergroup_2": 0.12824520468711853,
      "jsd_usergroup_2": 0.08180928975343704,
      "ndcg_usergroup_3": 0.11324328929185867,
      "jsd_usergroup_3": 0.08324649930000305
    },
    "epoch_14": {
      "ndcg": 0.13738055527210236,
      "jsd": 0.07027844339609146,
      "ndcg_usergroup_1": 0.13339582085609436,
      "jsd_usergroup_1": 0.06079116091132164,
      "ndcg_usergroup_2": 0.1313997209072113,
      "jsd_usergroup_2": 0.070049948990345,
      "ndcg_usergroup_3": 0.1593077927827835,
      "jsd_usergroup_3": 0.08045123517513275
    }
  }
}