{
  "base_recommendations": {
    "ndcg": 0.2663273811340332,
    "jsd": 0.12193825840950012,
    "ndcg_usergroup_1": 0.21388721466064453,
    "jsd_usergroup_1": 0.11441239714622498,
    "ndcg_usergroup_2": 0.256170392036438,
    "jsd_usergroup_2": 0.12063903361558914,
    "ndcg_usergroup_3": 0.34923845529556274,
    "jsd_usergroup_3": 0.13336177170276642
  },
  "postprocessed": {},
  "finetuned": {
    "epoch_1": {
      "ndcg": 0.15375912189483643,
      "jsd": 0.08512561023235321,
      "ndcg_usergroup_1": 0.16403155028820038,
      "jsd_usergroup_1": 0.07055800408124924,
      "ndcg_usergroup_2": 0.14749500155448914,
      "jsd_usergroup_2": 0.08619432151317596,
      "ndcg_usergroup_3": 0.16227905452251434,
      "jsd_usergroup_3": 0.09648709744215012
    },
    "epoch_2": {
      "ndcg": 0.2100735753774643,
      "jsd": 0.06831827759742737,
      "ndcg_usergroup_1": 0.1916908621788025,
      "jsd_usergroup_1": 0.07236751168966293,
      "ndcg_usergroup_2": 0.20195981860160828,
      "jsd_usergroup_2": 0.06728596240282059,
      "ndcg_usergroup_3": 0.25279751420021057,
      "jsd_usergroup_3": 0.06736601144075394
    },
    "epoch_4": {
      "ndcg": 0.2314976155757904,
      "jsd": 0.06624554097652435,
      "ndcg_usergroup_1": 0.20660138130187988,
      "jsd_usergroup_1": 0.07903536409139633,
      "ndcg_usergroup_2": 0.22383882105350494,
      "jsd_usergroup_2": 0.06493085622787476,
      "ndcg_usergroup_3": 0.27937012910842896,
      "jsd_usergroup_3": 0.05739980190992355
    },
    "epoch_5": {
      "ndcg": 0.20876412093639374,
      "jsd": 0.06561991572380066,
      "ndcg_usergroup_1": 0.1992151141166687,
      "jsd_usergroup_1": 0.0636422261595726,
      "ndcg_usergroup_2": 0.20361007750034332,
      "jsd_usergroup_2": 0.06182882934808731,
      "ndcg_usergroup_3": 0.23377522826194763,
      "jsd_usergroup_3": 0.07897085696458817
    },
    "epoch_6": {
      "ndcg": 0.23870563507080078,
      "jsd": 0.069727323949337,
      "ndcg_usergroup_1": 0.20897658169269562,
      "jsd_usergroup_1": 0.09060505032539368,
      "ndcg_usergroup_2": 0.2323823869228363,
      "jsd_usergroup_2": 0.06660163402557373,
      "ndcg_usergroup_3": 0.28740447759628296,
      "jsd_usergroup_3": 0.05822669342160225
    },
    "epoch_8": {
      "ndcg": 0.22832359373569489,
      "jsd": 0.06392856687307358,
      "ndcg_usergroup_1": 0.2013373225927353,
      "jsd_usergroup_1": 0.06899390369653702,
      "ndcg_usergroup_2": 0.2236325442790985,
      "jsd_usergroup_2": 0.06156155839562416,
      "ndcg_usergroup_3": 0.2693830132484436,
      "jsd_usergroup_3": 0.0659642219543457
    }
  }
}