{
  "base_recommendations": {
    "ndcg": 0.2663273811340332,
    "jsd": 0.12193825840950012,
    "ndcg_usergroup_1": 0.21388721466064453,
    "jsd_usergroup_1": 0.11441239714622498,
    "ndcg_usergroup_2": 0.256170392036438,
    "jsd_usergroup_2": 0.12063903361558914,
    "ndcg_usergroup_3": 0.34923845529556274,
    "jsd_usergroup_3": 0.13336177170276642
  },
  "postprocessed": {},
  "finetuned": {
    "epoch_1": {
      "ndcg": 0.23928745090961456,
      "jsd": 0.1017259731888771,
      "ndcg_usergroup_1": 0.19804607331752777,
      "jsd_usergroup_1": 0.08646075427532196,
      "ndcg_usergroup_2": 0.22647333145141602,
      "jsd_usergroup_2": 0.10105423629283905,
      "ndcg_usergroup_3": 0.318971186876297,
      "jsd_usergroup_3": 0.11900638043880463
    },
    "epoch_2": {
      "ndcg": 0.21382099390029907,
      "jsd": 0.09420182555913925,
      "ndcg_usergroup_1": 0.1798730492591858,
      "jsd_usergroup_1": 0.07703762501478195,
      "ndcg_usergroup_2": 0.2027675062417984,
      "jsd_usergroup_2": 0.09421606361865997,
      "ndcg_usergroup_3": 0.28092941641807556,
      "jsd_usergroup_3": 0.1113232970237732
    },
    "epoch_3": {
      "ndcg": 0.19866041839122772,
      "jsd": 0.08803056180477142,
      "ndcg_usergroup_1": 0.16721194982528687,
      "jsd_usergroup_1": 0.07129327207803726,
      "ndcg_usergroup_2": 0.18777890503406525,
      "jsd_usergroup_2": 0.0879863053560257,
      "ndcg_usergroup_3": 0.2627534568309784,
      "jsd_usergroup_3": 0.10490060597658157
    },
    "epoch_4": {
      "ndcg": 0.18640051782131195,
      "jsd": 0.08148624747991562,
      "ndcg_usergroup_1": 0.15895970165729523,
      "jsd_usergroup_1": 0.0680609866976738,
      "ndcg_usergroup_2": 0.1773299276828766,
      "jsd_usergroup_2": 0.08327100425958633,
      "ndcg_usergroup_3": 0.24105308949947357,
      "jsd_usergroup_3": 0.0895572379231453
    },
    "epoch_5": {
      "ndcg": 0.18031246960163116,
      "jsd": 0.07781796902418137,
      "ndcg_usergroup_1": 0.15365251898765564,
      "jsd_usergroup_1": 0.06495262682437897,
      "ndcg_usergroup_2": 0.1714358627796173,
      "jsd_usergroup_2": 0.08013632893562317,
      "ndcg_usergroup_3": 0.23360222578048706,
      "jsd_usergroup_3": 0.08372824639081955
    },
    "epoch_6": {
      "ndcg": 0.17734064161777496,
      "jsd": 0.07504852861166,
      "ndcg_usergroup_1": 0.15598668158054352,
      "jsd_usergroup_1": 0.06487680971622467,
      "ndcg_usergroup_2": 0.1673170030117035,
      "jsd_usergroup_2": 0.07623615860939026,
      "ndcg_usergroup_3": 0.22876553237438202,
      "jsd_usergroup_3": 0.08165733516216278
    },
    "epoch_7": {
      "ndcg": 0.17751137912273407,
      "jsd": 0.07196467369794846,
      "ndcg_usergroup_1": 0.1569669395685196,
      "jsd_usergroup_1": 0.06202653422951698,
      "ndcg_usergroup_2": 0.1686362475156784,
      "jsd_usergroup_2": 0.07353830337524414,
      "ndcg_usergroup_3": 0.22468116879463196,
      "jsd_usergroup_3": 0.07718190550804138
    },
    "epoch_8": {
      "ndcg": 0.17069637775421143,
      "jsd": 0.0703035444021225,
      "ndcg_usergroup_1": 0.15490230917930603,
      "jsd_usergroup_1": 0.06297831237316132,
      "ndcg_usergroup_2": 0.1616838574409485,
      "jsd_usergroup_2": 0.07218807935714722,
      "ndcg_usergroup_3": 0.21352796256542206,
      "jsd_usergroup_3": 0.07197517156600952
    },
    "epoch_10": {
      "ndcg": 0.17320507764816284,
      "jsd": 0.06729951500892639,
      "ndcg_usergroup_1": 0.15894947946071625,
      "jsd_usergroup_1": 0.05992673337459564,
      "ndcg_usergroup_2": 0.16183732450008392,
      "jsd_usergroup_2": 0.06870987266302109,
      "ndcg_usergroup_3": 0.2215639054775238,
      "jsd_usergroup_3": 0.07044122368097305
    },
    "epoch_11": {
      "ndcg": 0.17028290033340454,
      "jsd": 0.0670853704214096,
      "ndcg_usergroup_1": 0.15373466908931732,
      "jsd_usergroup_1": 0.06186523288488388,
      "ndcg_usergroup_2": 0.15896761417388916,
      "jsd_usergroup_2": 0.06886706501245499,
      "ndcg_usergroup_3": 0.22077688574790955,
      "jsd_usergroup_3": 0.0669604018330574
    },
    "epoch_12": {
      "ndcg": 0.16647671163082123,
      "jsd": 0.06576770544052124,
      "ndcg_usergroup_1": 0.15136082470417023,
      "jsd_usergroup_1": 0.0594707652926445,
      "ndcg_usergroup_2": 0.15608514845371246,
      "jsd_usergroup_2": 0.06744801998138428,
      "ndcg_usergroup_3": 0.21276721358299255,
      "jsd_usergroup_3": 0.06702370941638947
    },
    "epoch_13": {
      "ndcg": 0.1670808345079422,
      "jsd": 0.06380460411310196,
      "ndcg_usergroup_1": 0.15719956159591675,
      "jsd_usergroup_1": 0.05622675642371178,
      "ndcg_usergroup_2": 0.15801715850830078,
      "jsd_usergroup_2": 0.06543877720832825,
      "ndcg_usergroup_3": 0.20415310561656952,
      "jsd_usergroup_3": 0.06647996604442596
    },
    "epoch_15": {
      "ndcg": 0.1698918491601944,
      "jsd": 0.06188493221998215,
      "ndcg_usergroup_1": 0.15315566956996918,
      "jsd_usergroup_1": 0.05616877228021622,
      "ndcg_usergroup_2": 0.16087383031845093,
      "jsd_usergroup_2": 0.0630449578166008,
      "ndcg_usergroup_3": 0.21368208527565002,
      "jsd_usergroup_3": 0.06412100046873093
    },
    "epoch_16": {
      "ndcg": 0.16499468684196472,
      "jsd": 0.06131253391504288,
      "ndcg_usergroup_1": 0.1496392786502838,
      "jsd_usergroup_1": 0.057282645255327225,
      "ndcg_usergroup_2": 0.1567239761352539,
      "jsd_usergroup_2": 0.06276360154151917,
      "ndcg_usergroup_3": 0.20516207814216614,
      "jsd_usergroup_3": 0.06098920479416847
    },
    "epoch_18": {
      "ndcg": 0.1703193187713623,
      "jsd": 0.05779881775379181,
      "ndcg_usergroup_1": 0.15658417344093323,
      "jsd_usergroup_1": 0.05184011533856392,
      "ndcg_usergroup_2": 0.16179771721363068,
      "jsd_usergroup_2": 0.05950319394469261,
      "ndcg_usergroup_3": 0.20961922407150269,
      "jsd_usergroup_3": 0.05864438787102699
    },
    "epoch_20": {
      "ndcg": 0.16859526932239532,
      "jsd": 0.057268109172582626,
      "ndcg_usergroup_1": 0.155376136302948,
      "jsd_usergroup_1": 0.052542123943567276,
      "ndcg_usergroup_2": 0.16060754656791687,
      "jsd_usergroup_2": 0.05797801911830902,
      "ndcg_usergroup_3": 0.2057776004076004,
      "jsd_usergroup_3": 0.05986437201499939
    },
    "epoch_28": {
      "ndcg": 0.16112163662910461,
      "jsd": 0.056660521775484085,
      "ndcg_usergroup_1": 0.15278658270835876,
      "jsd_usergroup_1": 0.05395754054188728,
      "ndcg_usergroup_2": 0.1511787474155426,
      "jsd_usergroup_2": 0.057070083916187286,
      "ndcg_usergroup_3": 0.1992853879928589,
      "jsd_usergroup_3": 0.05813482403755188
    },
    "epoch_35": {
      "ndcg": 0.15910303592681885,
      "jsd": 0.055860597640275955,
      "ndcg_usergroup_1": 0.14809800684452057,
      "jsd_usergroup_1": 0.05131787806749344,
      "ndcg_usergroup_2": 0.14862167835235596,
      "jsd_usergroup_2": 0.0560484454035759,
      "ndcg_usergroup_3": 0.2015521079301834,
      "jsd_usergroup_3": 0.05983976647257805
    },
    "epoch_44": {
      "ndcg": 0.15275217592716217,
      "jsd": 0.05555516853928566,
      "ndcg_usergroup_1": 0.14850936830043793,
      "jsd_usergroup_1": 0.05149279907345772,
      "ndcg_usergroup_2": 0.14056843519210815,
      "jsd_usergroup_2": 0.05638148635625839,
      "ndcg_usergroup_3": 0.19354617595672607,
      "jsd_usergroup_3": 0.0571385957300663
    },
    "epoch_48": {
      "ndcg": 0.1512756645679474,
      "jsd": 0.05480189993977547,
      "ndcg_usergroup_1": 0.14190834760665894,
      "jsd_usergroup_1": 0.05102326348423958,
      "ndcg_usergroup_2": 0.13924354314804077,
      "jsd_usergroup_2": 0.05558722838759422,
      "ndcg_usergroup_3": 0.1967393308877945,
      "jsd_usergroup_3": 0.05622454360127449
    },
    "epoch_51": {
      "ndcg": 0.1538316160440445,
      "jsd": 0.05452875792980194,
      "ndcg_usergroup_1": 0.14060886204242706,
      "jsd_usergroup_1": 0.05306795984506607,