{
  "base_recommendations": {
    "ndcg": 0.2663273811340332,
    "jsd": 0.12193825840950012,
    "ndcg_usergroup_1": 0.21388721466064453,
    "jsd_usergroup_1": 0.11441239714622498,
    "ndcg_usergroup_2": 0.256170392036438,
    "jsd_usergroup_2": 0.12063903361558914,
    "ndcg_usergroup_3": 0.34923845529556274,
    "jsd_usergroup_3": 0.13336177170276642
  },
  "postprocessed": {},
  "finetuned": {
    "epoch_1": {
      "ndcg": 0.19326315820217133,
      "jsd": 0.09802236407995224,
      "ndcg_usergroup_1": 0.17261770367622375,
      "jsd_usergroup_1": 0.08477839082479477,
      "ndcg_usergroup_2": 0.1817193627357483,
      "jsd_usergroup_2": 0.09972970932722092,
      "ndcg_usergroup_3": 0.248539999127388,
      "jsd_usergroup_3": 0.1061442419886589
    },
    "epoch_9": {
      "ndcg": 0.19950194656848907,
      "jsd": 0.10210093855857849,
      "ndcg_usergroup_1": 0.16122549772262573,
      "jsd_usergroup_1": 0.09619101136922836,
      "ndcg_usergroup_2": 0.18908655643463135,
      "jsd_usergroup_2": 0.10379916429519653,
      "ndcg_usergroup_3": 0.26902464032173157,
      "jsd_usergroup_3": 0.1029161810874939
    },
    "epoch_10": {
      "ndcg": 0.20433543622493744,
      "jsd": 0.10069192200899124,
      "ndcg_usergroup_1": 0.1638924777507782,
      "jsd_usergroup_1": 0.09778615087270737,
      "ndcg_usergroup_2": 0.19409401714801788,
      "jsd_usergroup_2": 0.10171332955360413,
      "ndcg_usergroup_3": 0.27550265192985535,
      "jsd_usergroup_3": 0.10053345561027527
    },
    "epoch_11": {
      "ndcg": 0.2077615112066269,
      "jsd": 0.10084482282400131,
      "ndcg_usergroup_1": 0.16658544540405273,
      "jsd_usergroup_1": 0.09990836679935455,
      "ndcg_usergroup_2": 0.1979101449251175,
      "jsd_usergroup_2": 0.1008126437664032,
      "ndcg_usergroup_3": 0.27849167585372925,
      "jsd_usergroup_3": 0.10187779366970062
    },
    "epoch_12": {
      "ndcg": 0.21324847638607025,
      "jsd": 0.10196291655302048,
      "ndcg_usergroup_1": 0.17017892003059387,
      "jsd_usergroup_1": 0.10029350966215134,
      "ndcg_usergroup_2": 0.20429526269435883,
      "jsd_usergroup_2": 0.10266630351543427,
      "ndcg_usergroup_3": 0.2831777036190033,
      "jsd_usergroup_3": 0.10152214020490646
    },
    "epoch_13": {
      "ndcg": 0.21545569598674774,
      "jsd": 0.10037154704332352,
      "ndcg_usergroup_1": 0.17211075127124786,
      "jsd_usergroup_1": 0.1023709774017334,
      "ndcg_usergroup_2": 0.20718854665756226,
      "jsd_usergroup_2": 0.10077247023582458,
      "ndcg_usergroup_3": 0.2836020290851593,
      "jsd_usergroup_3": 0.09716935455799103
    },
    "epoch_14": {
      "ndcg": 0.22128579020500183,
      "jsd": 0.10106868296861649,
      "ndcg_usergroup_1": 0.1747836172580719,
      "jsd_usergroup_1": 0.10161013156175613,
      "ndcg_usergroup_2": 0.21323631703853607,
      "jsd_usergroup_2": 0.10097739100456238,
      "ndcg_usergroup_3": 0.29193636775016785,
      "jsd_usergroup_3": 0.10080108791589737
    },
    "epoch_15": {
      "ndcg": 0.22524172067642212,
      "jsd": 0.10208918154239655,
      "ndcg_usergroup_1": 0.17508269846439362,
      "jsd_usergroup_1": 0.10558448731899261,
      "ndcg_usergroup_2": 0.2172754555940628,
      "jsd_usergroup_2": 0.10178493708372116,
      "ndcg_usergroup_3": 0.299299418926239,
      "jsd_usergroup_3": 0.09950660169124603
    },
    "epoch_16": {
      "ndcg": 0.2299274057149887,
      "jsd": 0.10480441898107529,
      "ndcg_usergroup_1": 0.17834064364433289,
      "jsd_usergroup_1": 0.1114552840590477,
      "ndcg_usergroup_2": 0.22342929244041443,
      "jsd_usergroup_2": 0.10442934930324554,
      "ndcg_usergroup_3": 0.3010084629058838,
      "jsd_usergroup_3": 0.0992787629365921
    },
    "epoch_17": {
      "ndcg": 0.23082995414733887,
      "jsd": 0.10252448916435242,
      "ndcg_usergroup_1": 0.17756478488445282,
      "jsd_usergroup_1": 0.10708636790513992,
      "ndcg_usergroup_2": 0.2246059775352478,
      "jsd_usergroup_2": 0.10248083621263504,
      "ndcg_usergroup_3": 0.3027670681476593,
      "jsd_usergroup_3": 0.09809352457523346
    },
    "epoch_18": {
      "ndcg": 0.23251035809516907,
      "jsd": 0.10113127529621124,
      "ndcg_usergroup_1": 0.17864419519901276,
      "jsd_usergroup_1": 0.10857919603586197,
      "ndcg_usergroup_2": 0.22761446237564087,
      "jsd_usergroup_2": 0.09995412081480026,
      "ndcg_usergroup_3": 0.3010641932487488,
      "jsd_usergroup_3": 0.09721484035253525
    },
    "epoch_19": {
      "ndcg": 0.23584336042404175,
      "jsd": 0.10228281468153,
      "ndcg_usergroup_1": 0.18083332479000092,
      "jsd_usergroup_1": 0.11469357460737228,
      "ndcg_usergroup_2": 0.23126405477523804,
      "jsd_usergroup_2": 0.1006186455488205,
      "ndcg_usergroup_3": 0.30459141731262207,
      "jsd_usergroup_3": 0.09486457705497742
    },
    "epoch_20": {
      "ndcg": 0.2377241998910904,
      "jsd": 0.10196666419506073,
      "ndcg_usergroup_1": 0.1800374984741211,
      "jsd_usergroup_1": 0.11013437807559967,
      "ndcg_usergroup_2": 0.23320680856704712,
      "jsd_usergroup_2": 0.10131552815437317,
      "ndcg_usergroup_3": 0.30896300077438354,
      "jsd_usergroup_3": 0.09575236588716507
    },
    "epoch_21": {
      "ndcg": 0.23839816451072693,
      "jsd": 0.10384414345026016,
      "ndcg_usergroup_1": 0.18132877349853516,
      "jsd_usergroup_1": 0.11400598287582397,
      "ndcg_usergroup_2": 0.23536887764930725,
      "jsd_usergroup_2": 0.10314242541790009,
      "ndcg_usergroup_3": 0.3045554757118225,
      "jsd_usergroup_3": 0.09578748047351837
    },
    "epoch_22": {
      "ndcg": 0.24268342554569244,
      "jsd": 0.10394881665706635,
      "ndcg_usergroup_1": 0.18187716603279114,
      "jsd_usergroup_1": 0.11588691920042038,
      "ndcg_usergroup_2": 0.23958182334899902,
      "jsd_usergroup_2": 0.10257285833358765,
      "ndcg_usergroup_3": 0.3127944767475128,
      "jsd_usergroup_3": 0.09613851457834244
    },
    "epoch_23": {
      "ndcg": 0.2425297051668167,
      "jsd": 0.10828784853219986,
      "ndcg_usergroup_1": 0.18191200494766235,
      "jsd_usergroup_1": 0.12087409943342209,
      "ndcg_usergroup_2": 0.23939958214759827,
      "jsd_usergroup_2": 0.1081174686551094,
      "ndcg_usergroup_3": 0.3125377893447876,
      "jsd_usergroup_3": 0.09621267765760422
    },
    "epoch_24": {
      "ndcg": 0.24195480346679688,
      "jsd": 0.10350827127695084,
      "ndcg_usergroup_1": 0.1798115223646164,
      "jsd_usergroup_1": 0.11238209158182144,
      "ndcg_usergroup_2": 0.23862017691135406,
      "jsd_usergroup_2": 0.101695716381073,
      "ndcg_usergroup_3": 0.3141019642353058,
      "jsd_usergroup_3": 0.10007209330797195
    },
    "epoch_25": {
      "ndcg": 0.2440851330757141,
      "jsd": 0.10757329314947128,
      "ndcg_usergroup_1": 0.18139350414276123,
      "jsd_usergroup_1": 0.12016675621271133,
      "ndcg_usergroup_2": 0.24063727259635925,
      "jsd_usergroup_2": 0.10607010871171951,
      "ndcg_usergroup_3": 0.31712037324905396,
      "jsd_usergroup_3": 0.09948942810297012
    },
    "epoch_26": {
      "ndcg": 0.24607951939105988,
      "jsd": 0.10711509734392166,
      "ndcg_usergroup_1": 0.18644680082798004,
      "jsd_usergroup_1": 0.12047680467367172,
      "ndcg_usergroup_2": 0.24290814995765686,
      "jsd_usergroup_2": 0.10621178150177002,
      "ndcg_usergroup_3": 0.31522637605667114,
      "jsd_usergroup_3": 0.09646337479352951
    },
    "epoch_28": {
      "ndcg": 0.2469823658466339,
      "jsd": 0.10779869556427002,
      "ndcg_usergroup_1": 0.18535637855529785,
      "jsd_usergroup_1": 0.11835777759552002,
      "ndcg_usergroup_2": 0.24284635484218597,
      "jsd_usergroup_2": 0.10716230422258377,
      "ndcg_usergroup_3": 0.3210163116455078,
      "jsd_usergroup_3": 0.09914877265691757
    },
    "epoch_29": {
      "ndcg": 0.24900324642658234,
      "jsd": 0.10973304510116577,
      "ndcg_usergroup_1": 0.18775762617588043,
      "jsd_usergroup_1": 0.1212935522198677,