{
  "base_recommendations": {
    "ndcg": 0.2663273811340332,
    "jsd": 0.12193825840950012,
    "ndcg_usergroup_1": 0.21388721466064453,
    "jsd_usergroup_1": 0.11441239714622498,
    "ndcg_usergroup_2": 0.256170392036438,
    "jsd_usergroup_2": 0.12063903361558914,
    "ndcg_usergroup_3": 0.34923845529556274,
    "jsd_usergroup_3": 0.13336177170276642
  },
  "postprocessed": {},
  "finetuned": {
    "epoch_1": {
      "ndcg": 0.17857328057289124,
      "jsd": 0.09134563058614731,
      "ndcg_usergroup_1": 0.15475906431674957,
      "jsd_usergroup_1": 0.07803172618150711,
      "ndcg_usergroup_2": 0.16690589487552643,
      "jsd_usergroup_2": 0.09609006345272064,
      "ndcg_usergroup_3": 0.2373896986246109,
      "jsd_usergroup_3": 0.0904262438416481
    },
    "epoch_2": {
      "ndcg": 0.17080308496952057,
      "jsd": 0.08454766124486923,
      "ndcg_usergroup_1": 0.14999407529830933,
      "jsd_usergroup_1": 0.07619249075651169,
      "ndcg_usergroup_2": 0.1598721742630005,
      "jsd_usergroup_2": 0.08736534416675568,
      "ndcg_usergroup_3": 0.22440484166145325,
      "jsd_usergroup_3": 0.08444978296756744
    },
    "epoch_3": {
      "ndcg": 0.17478904128074646,
      "jsd": 0.08318810909986496,
      "ndcg_usergroup_1": 0.15519067645072937,
      "jsd_usergroup_1": 0.07749620825052261,
      "ndcg_usergroup_2": 0.16301608085632324,
      "jsd_usergroup_2": 0.08412118256092072,
      "ndcg_usergroup_3": 0.2297063171863556,
      "jsd_usergroup_3": 0.08608080446720123
    },
    "epoch_4": {
      "ndcg": 0.18524079024791718,
      "jsd": 0.08359947800636292,
      "ndcg_usergroup_1": 0.16294686496257782,
      "jsd_usergroup_1": 0.08189580589532852,
      "ndcg_usergroup_2": 0.1738257259130478,
      "jsd_usergroup_2": 0.08316453546285629,
      "ndcg_usergroup_3": 0.2417798787355423,
      "jsd_usergroup_3": 0.08660797774791718
    },
    "epoch_5": {
      "ndcg": 0.1949654519557953,
      "jsd": 0.08311387896537781,
      "ndcg_usergroup_1": 0.17091266810894012,
      "jsd_usergroup_1": 0.08427451550960541,
      "ndcg_usergroup_2": 0.18429498374462128,
      "jsd_usergroup_2": 0.0823366791009903,
      "ndcg_usergroup_3": 0.2510295510292053,
      "jsd_usergroup_3": 0.08428484946489334
    },
    "epoch_6": {
      "ndcg": 0.2056867778301239,
      "jsd": 0.08456755429506302,
      "ndcg_usergroup_1": 0.18286971747875214,
      "jsd_usergroup_1": 0.08985081315040588,
      "ndcg_usergroup_2": 0.19479554891586304,
      "jsd_usergroup_2": 0.08355174213647842,
      "ndcg_usergroup_3": 0.2611774802207947,
      "jsd_usergroup_3": 0.08233171701431274
    },
    "epoch_7": {
      "ndcg": 0.21376383304595947,
      "jsd": 0.0868358463048935,
      "ndcg_usergroup_1": 0.18547573685646057,
      "jsd_usergroup_1": 0.09444234520196915,
      "ndcg_usergroup_2": 0.20361633598804474,
      "jsd_usergroup_2": 0.08544506132602692,
      "ndcg_usergroup_3": 0.27249443531036377,
      "jsd_usergroup_3": 0.08340170234441757
    },
    "epoch_8": {
      "ndcg": 0.2196422666311264,
      "jsd": 0.08787830173969269,
      "ndcg_usergroup_1": 0.189667209982872,
      "jsd_usergroup_1": 0.09785326570272446,
      "ndcg_usergroup_2": 0.2096129208803177,
      "jsd_usergroup_2": 0.08630236238241196,
      "ndcg_usergroup_3": 0.27970534563064575,
      "jsd_usergroup_3": 0.08263111114501953
    },
    "epoch_9": {
      "ndcg": 0.22884704172611237,
      "jsd": 0.09188323467969894,
      "ndcg_usergroup_1": 0.1937580108642578,
      "jsd_usergroup_1": 0.1060343012213707,
      "ndcg_usergroup_2": 0.22070714831352234,
      "jsd_usergroup_2": 0.09017965197563171,
      "ndcg_usergroup_3": 0.2883557081222534,
      "jsd_usergroup_3": 0.0828428864479065
    },
    "epoch_10": {
      "ndcg": 0.23330745100975037,
      "jsd": 0.09320937842130661,
      "ndcg_usergroup_1": 0.19628338515758514,
      "jsd_usergroup_1": 0.11040408164262772,
      "ndcg_usergroup_2": 0.22565829753875732,
      "jsd_usergroup_2": 0.09215444326400757,
      "ndcg_usergroup_3": 0.2932789921760559,
      "jsd_usergroup_3": 0.07917948812246323
    },
    "epoch_11": {
      "ndcg": 0.24012818932533264,
      "jsd": 0.0963195413351059,
      "ndcg_usergroup_1": 0.20243842899799347,
      "jsd_usergroup_1": 0.1179661676287651,
      "ndcg_usergroup_2": 0.23167204856872559,
      "jsd_usergroup_2": 0.09444070607423782,
      "ndcg_usergroup_3": 0.30318641662597656,
      "jsd_usergroup_3": 0.08030937612056732
    },
    "epoch_12": {
      "ndcg": 0.24413250386714935,
      "jsd": 0.09985384345054626,
      "ndcg_usergroup_1": 0.20500044524669647,
      "jsd_usergroup_1": 0.12278667837381363,
      "ndcg_usergroup_2": 0.23580197989940643,
      "jsd_usergroup_2": 0.09850235283374786,
      "ndcg_usergroup_3": 0.3082561194896698,
      "jsd_usergroup_3": 0.08097546547651291
    },
    "epoch_13": {
      "ndcg": 0.24656566977500916,
      "jsd": 0.09903853386640549,
      "ndcg_usergroup_1": 0.20765046775341034,
      "jsd_usergroup_1": 0.12209463864564896,
      "ndcg_usergroup_2": 0.23862525820732117,
      "jsd_usergroup_2": 0.09758472442626953,
      "ndcg_usergroup_3": 0.30930203199386597,
      "jsd_usergroup_3": 0.08034388720989227
    },
    "epoch_14": {
      "ndcg": 0.2513974905014038,
      "jsd": 0.10315927863121033,
      "ndcg_usergroup_1": 0.2090490162372589,
      "jsd_usergroup_1": 0.12724260985851288,
      "ndcg_usergroup_2": 0.24315975606441498,
      "jsd_usergroup_2": 0.1015775203704834,
      "ndcg_usergroup_3": 0.3184591233730316,
      "jsd_usergroup_3": 0.08382115513086319
    },
    "epoch_16": {
      "ndcg": 0.25388726592063904,
      "jsd": 0.10036581754684448,
      "ndcg_usergroup_1": 0.20849844813346863,
      "jsd_usergroup_1": 0.12155122309923172,
      "ndcg_usergroup_2": 0.24655187129974365,
      "jsd_usergroup_2": 0.098033107817173,
      "ndcg_usergroup_3": 0.3212822377681732,
      "jsd_usergroup_3": 0.08617852628231049
    },
    "epoch_17": {
      "ndcg": 0.2586461007595062,
      "jsd": 0.10534975677728653,
      "ndcg_usergroup_1": 0.21250981092453003,
      "jsd_usergroup_1": 0.12848544120788574,
      "ndcg_usergroup_2": 0.25050216913223267,
      "jsd_usergroup_2": 0.10329467803239822,
      "ndcg_usergroup_3": 0.32921406626701355,
      "jsd_usergroup_3": 0.08837930858135223
    },
    "epoch_18": {
      "ndcg": 0.26126423478126526,
      "jsd": 0.10788124799728394,
      "ndcg_usergroup_1": 0.21529620885849,
      "jsd_usergroup_1": 0.12928707897663116,
      "ndcg_usergroup_2": 0.25353819131851196,
      "jsd_usergroup_2": 0.10695859044790268,
      "ndcg_usergroup_3": 0.33041027188301086,
      "jsd_usergroup_3": 0.08924339711666107
    },
    "epoch_19": {
      "ndcg": 0.26481905579566956,
      "jsd": 0.11382646858692169,
      "ndcg_usergroup_1": 0.21764671802520752,
      "jsd_usergroup_1": 0.14119109511375427,
      "ndcg_usergroup_2": 0.2567976713180542,
      "jsd_usergroup_2": 0.11233169585466385,
      "ndcg_usergroup_3": 0.3360555171966553,
      "jsd_usergroup_3": 0.09094614535570145
    },
    "epoch_20": {
      "ndcg": 0.2622310519218445,
      "jsd": 0.10998691618442535,
      "ndcg_usergroup_1": 0.21287089586257935,
      "jsd_usergroup_1": 0.1315191090106964,
      "ndcg_usergroup_2": 0.2552851438522339,
      "jsd_usergroup_2": 0.10689922422170639,
      "ndcg_usergroup_3": 0.33242887258529663,
      "jsd_usergroup_3": 0.09771778434515
    },
    "epoch_21": {
      "ndcg": 0.2641083300113678,
      "jsd": 0.11016468703746796,
      "ndcg_usergroup_1": 0.2146724909543991,
      "jsd_usergroup_1": 0.13008221983909607,
      "ndcg_usergroup_2": 0.25603142380714417,
      "jsd_usergroup_2": 0.10859695076942444,
      "ndcg_usergroup_3": 0.33777478337287903,
      "jsd_usergroup_3": 0.09495039284229279
    },
    "epoch_22": {
      "ndcg": 0.2642369866371155,
      "jsd": 0.11354197561740875,
      "ndcg_usergroup_1": 0.21610090136528015,
      "jsd_usergroup_1": 0.1376490741968155,