{
  "base_recommendations": {
    "ndcg": 0.2663273811340332,
    "jsd": 0.12193825840950012,
    "ndcg_usergroup_1": 0.21388721466064453,
    "jsd_usergroup_1": 0.11441239714622498,
    "ndcg_usergroup_2": 0.256170392036438,
    "jsd_usergroup_2": 0.12063903361558914,
    "ndcg_usergroup_3": 0.34923845529556274,
    "jsd_usergroup_3": 0.13336177170276642
  },
  "postprocessed": {},
  "finetuned": {
    "epoch_1": {
      "ndcg": 0.13696083426475525,
      "jsd": 0.10431979596614838,
      "ndcg_usergroup_1": 0.14583078026771545,
      "jsd_usergroup_1": 0.08236172795295715,
      "ndcg_usergroup_2": 0.12794581055641174,
      "jsd_usergroup_2": 0.10841147601604462,
      "ndcg_usergroup_3": 0.15513594448566437,
      "jsd_usergroup_3": 0.11400282382965088
    },
    "epoch_2": {
      "ndcg": 0.1685815453529358,
      "jsd": 0.0811232477426529,
      "ndcg_usergroup_1": 0.16055944561958313,
      "jsd_usergroup_1": 0.067181795835495,
      "ndcg_usergroup_2": 0.16270235180854797,
      "jsd_usergroup_2": 0.08316562324762344,
      "ndcg_usergroup_3": 0.19424116611480713,
      "jsd_usergroup_3": 0.08893757313489914
    },
    "epoch_3": {
      "ndcg": 0.15576070547103882,
      "jsd": 0.07236345112323761,
      "ndcg_usergroup_1": 0.16170664131641388,
      "jsd_usergroup_1": 0.06020462512969971,
      "ndcg_usergroup_2": 0.14671239256858826,
      "jsd_usergroup_2": 0.07525117695331573,
      "ndcg_usergroup_3": 0.17695963382720947,
      "jsd_usergroup_3": 0.07585911452770233
    },
    "epoch_6": {
      "ndcg": 0.18286734819412231,
      "jsd": 0.08590029180049896,
      "ndcg_usergroup_1": 0.1637818068265915,
      "jsd_usergroup_1": 0.05665160343050957,
      "ndcg_usergroup_2": 0.174543559551239,
      "jsd_usergroup_2": 0.08659851551055908,
      "ndcg_usergroup_3": 0.22692431509494781,
      "jsd_usergroup_3": 0.11305435001850128
    }
  }
}