{
  "base_recommendations": {
    "ndcg": 0.2663273811340332,
    "jsd": 0.12193825840950012,
    "ndcg_usergroup_1": 0.21388721466064453,
    "jsd_usergroup_1": 0.11441239714622498,
    "ndcg_usergroup_2": 0.256170392036438,
    "jsd_usergroup_2": 0.12063903361558914,
    "ndcg_usergroup_3": 0.34923845529556274,
    "jsd_usergroup_3": 0.13336177170276642
  },
  "postprocessed": {},
  "finetuned": {
    "epoch_1": {
      "ndcg": 0.15106423199176788,
      "jsd": 0.09062863886356354,
      "ndcg_usergroup_1": 0.1511431336402893,
      "jsd_usergroup_1": 0.07438165694475174,
      "ndcg_usergroup_2": 0.14448699355125427,
      "jsd_usergroup_2": 0.09521758556365967,
      "ndcg_usergroup_3": 0.1707170307636261,
      "jsd_usergroup_3": 0.09310869127511978
    },
    "epoch_2": {
      "ndcg": 0.19881048798561096,
      "jsd": 0.06584305316209793,
      "ndcg_usergroup_1": 0.1831054389476776,
      "jsd_usergroup_1": 0.06234242394566536,
      "ndcg_usergroup_2": 0.19220449030399323,
      "jsd_usergroup_2": 0.06455651670694351,
      "ndcg_usergroup_3": 0.2343335747718811,
      "jsd_usergroup_3": 0.07320328056812286
    },
    "epoch_4": {
      "ndcg": 0.205682173371315,
      "jsd": 0.06577298045158386,
      "ndcg_usergroup_1": 0.18448343873023987,
      "jsd_usergroup_1": 0.06335633993148804,
      "ndcg_usergroup_2": 0.19450105726718903,
      "jsd_usergroup_2": 0.06490669399499893,
      "ndcg_usergroup_3": 0.2604241669178009,
      "jsd_usergroup_3": 0.07078849524259567
    },
    "epoch_6": {
      "ndcg": 0.21946777403354645,
      "jsd": 0.10331382602453232,
      "ndcg_usergroup_1": 0.1806701421737671,
      "jsd_usergroup_1": 0.06207473576068878,
      "ndcg_usergroup_2": 0.20938639342784882,
      "jsd_usergroup_2": 0.09965547174215317,
      "ndcg_usergroup_3": 0.2885095477104187,
      "jsd_usergroup_3": 0.1555279642343521
    }
  }
}