{
  "base_recommendations": {
    "ndcg": 0.2663273811340332,
    "jsd": 0.12193825840950012,
    "ndcg_usergroup_1": 0.21388721466064453,
    "jsd_usergroup_1": 0.11441239714622498,
    "ndcg_usergroup_2": 0.256170392036438,
    "jsd_usergroup_2": 0.12063903361558914,
    "ndcg_usergroup_3": 0.34923845529556274,
    "jsd_usergroup_3": 0.13336177170276642
  },
  "postprocessed": {},
  "finetuned": {
    "epoch_1": {
      "ndcg": 0.23505516350269318,
      "jsd": 0.0938754454255104,
      "ndcg_usergroup_1": 0.19423002004623413,
      "jsd_usergroup_1": 0.08346372842788696,
      "ndcg_usergroup_2": 0.22418302297592163,
      "jsd_usergroup_2": 0.09384464472532272,
      "ndcg_usergroup_3": 0.3084968030452728,
      "jsd_usergroup_3": 0.1043795496225357
    },
    "epoch_2": {
      "ndcg": 0.20907136797904968,
      "jsd": 0.09062930941581726,
      "ndcg_usergroup_1": 0.1755312979221344,
      "jsd_usergroup_1": 0.07646790891885757,
      "ndcg_usergroup_2": 0.19694198668003082,
      "jsd_usergroup_2": 0.09399348497390747,
      "ndcg_usergroup_3": 0.27899956703186035,
      "jsd_usergroup_3": 0.09469814598560333
    },
    "epoch_5": {
      "ndcg": 0.17705082893371582,
      "jsd": 0.09042944759130478,
      "ndcg_usergroup_1": 0.1538199931383133,
      "jsd_usergroup_1": 0.07796983420848846,
      "ndcg_usergroup_2": 0.16496415436267853,
      "jsd_usergroup_2": 0.0949750542640686,
      "ndcg_usergroup_3": 0.236541748046875,
      "jsd_usergroup_3": 0.08925218135118484
    },
    "epoch_6": {
      "ndcg": 0.17507576942443848,
      "jsd": 0.08785437792539597,
      "ndcg_usergroup_1": 0.15349990129470825,
      "jsd_usergroup_1": 0.07697948813438416,
      "ndcg_usergroup_2": 0.16287539899349213,
      "jsd_usergroup_2": 0.09166949987411499,
      "ndcg_usergroup_3": 0.23325277864933014,
      "jsd_usergroup_3": 0.08728388696908951
    },
    "epoch_7": {
      "ndcg": 0.17144404351711273,
      "jsd": 0.08634950965642929,
      "ndcg_usergroup_1": 0.1499985009431839,
      "jsd_usergroup_1": 0.07561372220516205,
      "ndcg_usergroup_2": 0.16001178324222565,
      "jsd_usergroup_2": 0.09007609635591507,
      "ndcg_usergroup_3": 0.2271864116191864,
      "jsd_usergroup_3": 0.08590547740459442
    },
    "epoch_8": {
      "ndcg": 0.16993241012096405,
      "jsd": 0.0850587785243988,
      "ndcg_usergroup_1": 0.1493738442659378,
      "jsd_usergroup_1": 0.07601290196180344,
      "ndcg_usergroup_2": 0.15810301899909973,
      "jsd_usergroup_2": 0.08840359002351761,
      "ndcg_usergroup_3": 0.22597910463809967,
      "jsd_usergroup_3": 0.08407023549079895
    },
    "epoch_9": {
      "ndcg": 0.17010104656219482,
      "jsd": 0.08380088955163956,
      "ndcg_usergroup_1": 0.15035119652748108,
      "jsd_usergroup_1": 0.07498034089803696,
      "ndcg_usergroup_2": 0.15867215394973755,
      "jsd_usergroup_2": 0.08708471059799194,
      "ndcg_usergroup_3": 0.2241375595331192,
      "jsd_usergroup_3": 0.0827699527144432
    },
    "epoch_10": {
      "ndcg": 0.17050254344940186,
      "jsd": 0.0830787941813469,
      "ndcg_usergroup_1": 0.15116380155086517,
      "jsd_usergroup_1": 0.07518496364355087,
      "ndcg_usergroup_2": 0.1592228263616562,
      "jsd_usergroup_2": 0.0859723761677742,
      "ndcg_usergroup_3": 0.22368040680885315,
      "jsd_usergroup_3": 0.08229188621044159
    },
    "epoch_11": {
      "ndcg": 0.17301705479621887,
      "jsd": 0.08307736366987228,
      "ndcg_usergroup_1": 0.15259839594364166,
      "jsd_usergroup_1": 0.07677579671144485,
      "ndcg_usergroup_2": 0.1616394817829132,
      "jsd_usergroup_2": 0.08542089909315109,
      "ndcg_usergroup_3": 0.22756841778755188,
      "jsd_usergroup_3": 0.0823482945561409
    },
    "epoch_12": {
      "ndcg": 0.17547239363193512,
      "jsd": 0.08242496848106384,
      "ndcg_usergroup_1": 0.1544167697429657,
      "jsd_usergroup_1": 0.07627514749765396,
      "ndcg_usergroup_2": 0.16376803815364838,
      "jsd_usergroup_2": 0.08423782885074615,
      "ndcg_usergroup_3": 0.23164105415344238,
      "jsd_usergroup_3": 0.08313621580600739
    },
    "epoch_13": {
      "ndcg": 0.1788398027420044,
      "jsd": 0.08233770728111267,
      "ndcg_usergroup_1": 0.15685591101646423,
      "jsd_usergroup_1": 0.07746240496635437,
      "ndcg_usergroup_2": 0.1666606217622757,
      "jsd_usergroup_2": 0.08306761831045151,
      "ndcg_usergroup_3": 0.23736122250556946,
      "jsd_usergroup_3": 0.08502327650785446
    },
    "epoch_24": {
      "ndcg": 0.2209911197423935,
      "jsd": 0.0880439430475235,
      "ndcg_usergroup_1": 0.1921233832836151,
      "jsd_usergroup_1": 0.10140927135944366,
      "ndcg_usergroup_2": 0.21143820881843567,
      "jsd_usergroup_2": 0.08569497615098953,
      "ndcg_usergroup_3": 0.2785176932811737,
      "jsd_usergroup_3": 0.08172553032636642
    },
    "epoch_25": {
      "ndcg": 0.22451037168502808,
      "jsd": 0.089300237596035,
      "ndcg_usergroup_1": 0.19360291957855225,
      "jsd_usergroup_1": 0.10384025424718857,
      "ndcg_usergroup_2": 0.21520394086837769,
      "jsd_usergroup_2": 0.0867854431271553,
      "ndcg_usergroup_3": 0.2833370566368103,
      "jsd_usergroup_3": 0.08230458199977875
    },
    "epoch_27": {
      "ndcg": 0.22959324717521667,
      "jsd": 0.09076748788356781,
      "ndcg_usergroup_1": 0.19695943593978882,
      "jsd_usergroup_1": 0.10892514139413834,
      "ndcg_usergroup_2": 0.22122012078762054,
      "jsd_usergroup_2": 0.08852619677782059,
      "ndcg_usergroup_3": 0.28734633326530457,
      "jsd_usergroup_3": 0.07933368533849716
    },
    "epoch_28": {
      "ndcg": 0.23251973092556,
      "jsd": 0.09153003245592117,
      "ndcg_usergroup_1": 0.20033296942710876,
      "jsd_usergroup_1": 0.11134804785251617,
      "ndcg_usergroup_2": 0.22406800091266632,
      "jsd_usergroup_2": 0.088946633040905,
      "ndcg_usergroup_3": 0.2900615632534027,
      "jsd_usergroup_3": 0.0794622153043747
    },
    "epoch_29": {
      "ndcg": 0.23688456416130066,
      "jsd": 0.0938643291592598,
      "ndcg_usergroup_1": 0.20251037180423737,
      "jsd_usergroup_1": 0.11444811522960663,
      "ndcg_usergroup_2": 0.22857484221458435,
      "jsd_usergroup_2": 0.09164950251579285,
      "ndcg_usergroup_3": 0.2961878776550293,
      "jsd_usergroup_3": 0.07992503046989441
    },
    "epoch_30": {
      "ndcg": 0.23937645554542542,
      "jsd": 0.09590740501880646,
      "ndcg_usergroup_1": 0.2037908434867859,
      "jsd_usergroup_1": 0.11781599372625351,
      "ndcg_usergroup_2": 0.23105160892009735,
      "jsd_usergroup_2": 0.09368161857128143,
      "ndcg_usergroup_3": 0.2999366223812103,
      "jsd_usergroup_3": 0.08067616820335388
    },
    "epoch_31": {
      "ndcg": 0.24207675457000732,
      "jsd": 0.09740547090768814,
      "ndcg_usergroup_1": 0.20401832461357117,
      "jsd_usergroup_1": 0.12055088579654694,
      "ndcg_usergroup_2": 0.23458854854106903,
      "jsd_usergroup_2": 0.09544526040554047,
      "ndcg_usergroup_3": 0.30259981751441956,
      "jsd_usergroup_3": 0.08014067262411118
    },
    "epoch_32": {
      "ndcg": 0.2436991184949875,
      "jsd": 0.0983206033706665,
      "ndcg_usergroup_1": 0.20627246797084808,
      "jsd_usergroup_1": 0.12381484359502792,
      "ndcg_usergroup_2": 0.2357037216424942,
      "jsd_usergroup_2": 0.09601655602455139,
      "ndcg_usergroup_3": 0.3051118552684784,
      "jsd_usergroup_3": 0.07973849028348923
    },
    "epoch_33": {
      "ndcg": 0.24411706626415253,
      "jsd": 0.09692955017089844,
      "ndcg_usergroup_1": 0.20488403737545013,
      "jsd_usergroup_1": 0.1222611516714096,
      "ndcg_usergroup_2": 0.23644553124904633,
      "jsd_usergroup_2": 0.09440147876739502,
      "ndcg_usergroup_3": 0.3063647150993347,
      "jsd_usergroup_3": 0.07918214052915573
    },
    "epoch_34": {
      "ndcg": 0.24672390520572662,
      "jsd": 0.10055345296859741,
      "ndcg_usergroup_1": 0.20918816328048706,
      "jsd_usergroup_1": 0.12971524894237518,