{
  "base_recommendations": {
    "ndcg": 0.2663273811340332,
    "jsd": 0.12193825840950012,
    "ndcg_usergroup_1": 0.21388721466064453,
    "jsd_usergroup_1": 0.11441239714622498,
    "ndcg_usergroup_2": 0.256170392036438,
    "jsd_usergroup_2": 0.12063903361558914,
    "ndcg_usergroup_3": 0.34923845529556274,
    "jsd_usergroup_3": 0.13336177170276642
  },
  "postprocessed": {},
  "finetuned": {
    "epoch_1": {
      "ndcg": 0.22203096747398376,
      "jsd": 0.09923961013555527,
      "ndcg_usergroup_1": 0.18770624697208405,
      "jsd_usergroup_1": 0.08342410624027252,
      "ndcg_usergroup_2": 0.20911823213100433,
      "jsd_usergroup_2": 0.0983327254652977,
      "ndcg_usergroup_3": 0.29509395360946655,
      "jsd_usergroup_3": 0.11777576804161072
    },
    "epoch_2": {
      "ndcg": 0.1917305290699005,
      "jsd": 0.0954010859131813,
      "ndcg_usergroup_1": 0.16588813066482544,
      "jsd_usergroup_1": 0.07793440669775009,
      "ndcg_usergroup_2": 0.18114040791988373,
      "jsd_usergroup_2": 0.0955505520105362,
      "ndcg_usergroup_3": 0.24934329092502594,
      "jsd_usergroup_3": 0.11241935938596725
    },
    "epoch_3": {
      "ndcg": 0.1779528111219406,
      "jsd": 0.08667885512113571,
      "ndcg_usergroup_1": 0.15903861820697784,
      "jsd_usergroup_1": 0.07503974437713623,
      "ndcg_usergroup_2": 0.16763003170490265,
      "jsd_usergroup_2": 0.0874028205871582,
      "ndcg_usergroup_3": 0.22783540189266205,
      "jsd_usergroup_3": 0.09614608436822891
    },
    "epoch_4": {
      "ndcg": 0.17288807034492493,
      "jsd": 0.07834047079086304,
      "ndcg_usergroup_1": 0.15955913066864014,
      "jsd_usergroup_1": 0.07173770666122437,
      "ndcg_usergroup_2": 0.1631900817155838,
      "jsd_usergroup_2": 0.080479197204113,
      "ndcg_usergroup_3": 0.21531091630458832,
      "jsd_usergroup_3": 0.07852701842784882
    },
    "epoch_5": {
      "ndcg": 0.17154096066951752,
      "jsd": 0.07266360521316528,
      "ndcg_usergroup_1": 0.1589869111776352,
      "jsd_usergroup_1": 0.0673406794667244,
      "ndcg_usergroup_2": 0.1617944985628128,
      "jsd_usergroup_2": 0.07505544275045395,
      "ndcg_usergroup_3": 0.21333444118499756,
      "jsd_usergroup_3": 0.07081100344657898
    },
    "epoch_6": {
      "ndcg": 0.17712418735027313,
      "jsd": 0.06677751243114471,
      "ndcg_usergroup_1": 0.16433082520961761,
      "jsd_usergroup_1": 0.06313306838274002,
      "ndcg_usergroup_2": 0.16879606246948242,
      "jsd_usergroup_2": 0.06815695762634277,
      "ndcg_usergroup_3": 0.21490192413330078,
      "jsd_usergroup_3": 0.06628359854221344
    },
    "epoch_7": {
      "ndcg": 0.17592811584472656,
      "jsd": 0.06508336216211319,
      "ndcg_usergroup_1": 0.16936787962913513,
      "jsd_usergroup_1": 0.06196122616529465,
      "ndcg_usergroup_2": 0.16750212013721466,
      "jsd_usergroup_2": 0.06588556617498398,
      "ndcg_usergroup_3": 0.20776624977588654,
      "jsd_usergroup_3": 0.06579891592264175
    },
    "epoch_9": {
      "ndcg": 0.19007471203804016,
      "jsd": 0.06293175369501114,
      "ndcg_usergroup_1": 0.17601002752780914,
      "jsd_usergroup_1": 0.059690967202186584,
      "ndcg_usergroup_2": 0.18169179558753967,
      "jsd_usergroup_2": 0.06432612240314484,
      "ndcg_usergroup_3": 0.22928819060325623,
      "jsd_usergroup_3": 0.0619894303381443
    },
    "epoch_10": {
      "ndcg": 0.18042303621768951,
      "jsd": 0.05614408850669861,
      "ndcg_usergroup_1": 0.17507076263427734,
      "jsd_usergroup_1": 0.05351210758090019,
      "ndcg_usergroup_2": 0.17133554816246033,
      "jsd_usergroup_2": 0.05686001479625702,
      "ndcg_usergroup_3": 0.21303780376911163,
      "jsd_usergroup_3": 0.0566282644867897
    },
    "epoch_11": {
      "ndcg": 0.18239451944828033,
      "jsd": 0.05316540226340294,
      "ndcg_usergroup_1": 0.17289775609970093,
      "jsd_usergroup_1": 0.051110584288835526,
      "ndcg_usergroup_2": 0.17252764105796814,
      "jsd_usergroup_2": 0.0535280667245388,
      "ndcg_usergroup_3": 0.22149178385734558,
      "jsd_usergroup_3": 0.05413220822811127
    },
    "epoch_12": {
      "ndcg": 0.1843031793832779,
      "jsd": 0.051651764661073685,
      "ndcg_usergroup_1": 0.17501303553581238,
      "jsd_usergroup_1": 0.04809528589248657,
      "ndcg_usergroup_2": 0.17460934817790985,
      "jsd_usergroup_2": 0.0523642897605896,
      "ndcg_usergroup_3": 0.22267481684684753,
      "jsd_usergroup_3": 0.05307066813111305
    },
    "epoch_14": {
      "ndcg": 0.1862933188676834,
      "jsd": 0.05083603039383888,
      "ndcg_usergroup_1": 0.1787073165178299,
      "jsd_usergroup_1": 0.04855959117412567,
      "ndcg_usergroup_2": 0.17698723077774048,
      "jsd_usergroup_2": 0.05079496651887894,
      "ndcg_usergroup_3": 0.22179757058620453,
      "jsd_usergroup_3": 0.05323566123843193
    },
    "epoch_16": {
      "ndcg": 0.18472088873386383,
      "jsd": 0.04989110678434372,
      "ndcg_usergroup_1": 0.18045853078365326,
      "jsd_usergroup_1": 0.04566514864563942,
      "ndcg_usergroup_2": 0.17721450328826904,
      "jsd_usergroup_2": 0.04894793778657913,
      "ndcg_usergroup_3": 0.2115022838115692,
      "jsd_usergroup_3": 0.05694655701518059
    },
    "epoch_17": {
      "ndcg": 0.18734212219715118,
      "jsd": 0.049009181559085846,
      "ndcg_usergroup_1": 0.1781654804944992,
      "jsd_usergroup_1": 0.04320302978157997,
      "ndcg_usergroup_2": 0.17695066332817078,
      "jsd_usergroup_2": 0.04936089366674423,
      "ndcg_usergroup_3": 0.227693110704422,
      "jsd_usergroup_3": 0.05376019328832626
    },
    "epoch_18": {
      "ndcg": 0.18646246194839478,
      "jsd": 0.048516836017370224,
      "ndcg_usergroup_1": 0.17995083332061768,
      "jsd_usergroup_1": 0.04412718117237091,
      "ndcg_usergroup_2": 0.1774354875087738,
      "jsd_usergroup_2": 0.047755561769008636,
      "ndcg_usergroup_3": 0.22005502879619598,
      "jsd_usergroup_3": 0.05519033223390579
    },
    "epoch_20": {
      "ndcg": 0.18740834295749664,
      "jsd": 0.04901285469532013,
      "ndcg_usergroup_1": 0.1775282621383667,
      "jsd_usergroup_1": 0.04204152524471283,
      "ndcg_usergroup_2": 0.17902429401874542,
      "jsd_usergroup_2": 0.048625700175762177,
      "ndcg_usergroup_3": 0.22244060039520264,
      "jsd_usergroup_3": 0.05714563652873039
    },
    "epoch_22": {
      "ndcg": 0.19061261415481567,
      "jsd": 0.046773917973041534,
      "ndcg_usergroup_1": 0.17949672043323517,
      "jsd_usergroup_1": 0.042030252516269684,
      "ndcg_usergroup_2": 0.18254722654819489,
      "jsd_usergroup_2": 0.046139318495988846,
      "ndcg_usergroup_3": 0.22592465579509735,
      "jsd_usergroup_3": 0.05342138186097145
    },
    "epoch_29": {
      "ndcg": 0.1804065853357315,
      "jsd": 0.04629714787006378,
      "ndcg_usergroup_1": 0.16850215196609497,
      "jsd_usergroup_1": 0.03804175183176994,
      "ndcg_usergroup_2": 0.17197106778621674,
      "jsd_usergroup_2": 0.04648769274353981,
      "ndcg_usergroup_3": 0.21761751174926758,
      "jsd_usergroup_3": 0.053980909287929535
    },
    "epoch_31": {
      "ndcg": 0.1818382889032364,
      "jsd": 0.04486013948917389,
      "ndcg_usergroup_1": 0.17185021936893463,
      "jsd_usergroup_1": 0.03843957185745239,
      "ndcg_usergroup_2": 0.17249135673046112,
      "jsd_usergroup_2": 0.04454023763537407,
      "ndcg_usergroup_3": 0.21986708045005798,
      "jsd_usergroup_3": 0.052240412682294846
    },
    "epoch_45": {
      "ndcg": 0.17610712349414825,
      "jsd": 0.044509392231702805,
      "ndcg_usergroup_1": 0.16759894788265228,
      "jsd_usergroup_1": 0.035955458879470825,
      "ndcg_usergroup_2": 0.16399095952510834,
      "jsd_usergroup_2": 0.04483884945511818,
      "ndcg_usergroup_3": 0.22096383571624756,
      "jsd_usergroup_3": 0.05207493156194687
    },
    "epoch_47": {
      "ndcg": 0.17860043048858643,
      "jsd": 0.0431765615940094,
      "ndcg_usergroup_1": 0.16834858059883118,
      "jsd_usergroup_1": 0.03569355979561806,