{
  "base_recommendations": {
    "ndcg": 0.2663273811340332,
    "jsd": 0.12193825840950012,
    "ndcg_usergroup_1": 0.21388721466064453,
    "jsd_usergroup_1": 0.11441239714622498,
    "ndcg_usergroup_2": 0.256170392036438,
    "jsd_usergroup_2": 0.12063903361558914,
    "ndcg_usergroup_3": 0.34923845529556274,
    "jsd_usergroup_3": 0.13336177170276642
  },
  "postprocessed": {},
  "finetuned": {
    "epoch_1": {
      "ndcg": 0.21649377048015594,
      "jsd": 0.09758108854293823,
      "ndcg_usergroup_1": 0.18470387160778046,
      "jsd_usergroup_1": 0.08145605027675629,
      "ndcg_usergroup_2": 0.20362642407417297,
      "jsd_usergroup_2": 0.0968661978840828,
      "ndcg_usergroup_3": 0.28688567876815796,
      "jsd_usergroup_3": 0.11585076153278351
    },
    "epoch_2": {
      "ndcg": 0.18618346750736237,
      "jsd": 0.09445926547050476,
      "ndcg_usergroup_1": 0.1639675348997116,
      "jsd_usergroup_1": 0.07872990518808365,
      "ndcg_usergroup_2": 0.17598234117031097,
      "jsd_usergroup_2": 0.09465409070253372,
      "ndcg_usergroup_3": 0.23900270462036133,
      "jsd_usergroup_3": 0.10960406810045242
    },
    "epoch_3": {
      "ndcg": 0.17504256963729858,
      "jsd": 0.08782842010259628,
      "ndcg_usergroup_1": 0.1561630666255951,
      "jsd_usergroup_1": 0.07596547156572342,
      "ndcg_usergroup_2": 0.16569821536540985,
      "jsd_usergroup_2": 0.08816055208444595,
      "ndcg_usergroup_3": 0.22195500135421753,
      "jsd_usergroup_3": 0.09869494289159775
    },
    "epoch_4": {
      "ndcg": 0.1726904958486557,
      "jsd": 0.08002157509326935,
      "ndcg_usergroup_1": 0.15999996662139893,
      "jsd_usergroup_1": 0.07433436810970306,
      "ndcg_usergroup_2": 0.16247038543224335,
      "jsd_usergroup_2": 0.08157359063625336,
      "ndcg_usergroup_3": 0.21604131162166595,
      "jsd_usergroup_3": 0.08105271309614182
    },
    "epoch_5": {
      "ndcg": 0.1768273115158081,
      "jsd": 0.07337255775928497,
      "ndcg_usergroup_1": 0.16284246742725372,
      "jsd_usergroup_1": 0.06969872862100601,
      "ndcg_usergroup_2": 0.16710276901721954,
      "jsd_usergroup_2": 0.07511990517377853,
      "ndcg_usergroup_3": 0.21998581290245056,
      "jsd_usergroup_3": 0.07180435955524445
    },
    "epoch_6": {
      "ndcg": 0.17682883143424988,
      "jsd": 0.06984631717205048,
      "ndcg_usergroup_1": 0.16615265607833862,
      "jsd_usergroup_1": 0.06918850541114807,
      "ndcg_usergroup_2": 0.1671617478132248,
      "jsd_usergroup_2": 0.07078635692596436,
      "ndcg_usergroup_3": 0.21650627255439758,
      "jsd_usergroup_3": 0.06768400967121124
    },
    "epoch_7": {
      "ndcg": 0.18513531982898712,
      "jsd": 0.06693313270807266,
      "ndcg_usergroup_1": 0.17434407770633698,
      "jsd_usergroup_1": 0.06824355572462082,
      "ndcg_usergroup_2": 0.1766132414340973,
      "jsd_usergroup_2": 0.06744284182786942,
      "ndcg_usergroup_3": 0.221492737531662,
      "jsd_usergroup_3": 0.06409358233213425
    },
    "epoch_8": {
      "ndcg": 0.18068766593933105,
      "jsd": 0.06353259086608887,
      "ndcg_usergroup_1": 0.17508944869041443,
      "jsd_usergroup_1": 0.061579324305057526,
      "ndcg_usergroup_2": 0.17080499231815338,
      "jsd_usergroup_2": 0.06471358239650726,
      "ndcg_usergroup_3": 0.2159338891506195,
      "jsd_usergroup_3": 0.06194287911057472
    },
    "epoch_9": {
      "ndcg": 0.19417130947113037,
      "jsd": 0.060700684785842896,
      "ndcg_usergroup_1": 0.182860866189003,
      "jsd_usergroup_1": 0.0635961964726448,
      "ndcg_usergroup_2": 0.18412914872169495,
      "jsd_usergroup_2": 0.06107129156589508,
      "ndcg_usergroup_3": 0.23560817539691925,
      "jsd_usergroup_3": 0.056693386286497116
    },
    "epoch_10": {
      "ndcg": 0.1845078468322754,
      "jsd": 0.058956485241651535,
      "ndcg_usergroup_1": 0.18064185976982117,
      "jsd_usergroup_1": 0.05926922336220741,
      "ndcg_usergroup_2": 0.17430232465267181,
      "jsd_usergroup_2": 0.05846454203128815,
      "ndcg_usergroup_3": 0.21899035573005676,
      "jsd_usergroup_3": 0.060119565576314926
    },
    "epoch_11": {
      "ndcg": 0.19274890422821045,
      "jsd": 0.058564137667417526,
      "ndcg_usergroup_1": 0.1851169466972351,
      "jsd_usergroup_1": 0.06083361431956291,
      "ndcg_usergroup_2": 0.18255579471588135,
      "jsd_usergroup_2": 0.0585140623152256,
      "ndcg_usergroup_3": 0.23096023499965668,
      "jsd_usergroup_3": 0.056444887071847916
    },
    "epoch_12": {
      "ndcg": 0.18700774013996124,
      "jsd": 0.057598382234573364,
      "ndcg_usergroup_1": 0.18331372737884521,
      "jsd_usergroup_1": 0.05681443214416504,
      "ndcg_usergroup_2": 0.17691916227340698,
      "jsd_usergroup_2": 0.056966375559568405,
      "ndcg_usergroup_3": 0.22096747159957886,
      "jsd_usergroup_3": 0.06027834117412567
    },
    "epoch_13": {
      "ndcg": 0.19920732080936432,
      "jsd": 0.05588047578930855,
      "ndcg_usergroup_1": 0.18676821887493134,
      "jsd_usergroup_1": 0.056501854211091995,
      "ndcg_usergroup_2": 0.18921925127506256,
      "jsd_usergroup_2": 0.05564434826374054,
      "ndcg_usergroup_3": 0.24161064624786377,
      "jsd_usergroup_3": 0.05596749484539032
    },
    "epoch_14": {
      "ndcg": 0.18856629729270935,
      "jsd": 0.05568978935480118,
      "ndcg_usergroup_1": 0.18607062101364136,
      "jsd_usergroup_1": 0.05366775020956993,
      "ndcg_usergroup_2": 0.17918957769870758,
      "jsd_usergroup_2": 0.05526683107018471,
      "ndcg_usergroup_3": 0.2191920429468155,
      "jsd_usergroup_3": 0.05898068845272064
    },
    "epoch_15": {
      "ndcg": 0.20002757012844086,
      "jsd": 0.054333124309778214,
      "ndcg_usergroup_1": 0.18728211522102356,
      "jsd_usergroup_1": 0.05443533882498741,
      "ndcg_usergroup_2": 0.19067029654979706,
      "jsd_usergroup_2": 0.054225120693445206,
      "ndcg_usergroup_3": 0.24084487557411194,
      "jsd_usergroup_3": 0.05455492064356804
    },
    "epoch_16": {
      "ndcg": 0.186905175447464,
      "jsd": 0.05348141863942146,
      "ndcg_usergroup_1": 0.18539686501026154,
      "jsd_usergroup_1": 0.048508819192647934,
      "ndcg_usergroup_2": 0.17741848528385162,
      "jsd_usergroup_2": 0.053229920566082,
      "ndcg_usergroup_3": 0.21687346696853638,
      "jsd_usergroup_3": 0.05920848622918129
    },
    "epoch_19": {
      "ndcg": 0.20070712268352509,
      "jsd": 0.05379219353199005,
      "ndcg_usergroup_1": 0.189971461892128,
      "jsd_usergroup_1": 0.05179615691304207,
      "ndcg_usergroup_2": 0.1924053430557251,
      "jsd_usergroup_2": 0.053137268871068954,
      "ndcg_usergroup_3": 0.23634807765483856,
      "jsd_usergroup_3": 0.05775298923254013
    },
    "epoch_20": {
      "ndcg": 0.18798567354679108,
      "jsd": 0.05291637033224106,
      "ndcg_usergroup_1": 0.18670757114887238,
      "jsd_usergroup_1": 0.045913394540548325,
      "ndcg_usergroup_2": 0.17796160280704498,
      "jsd_usergroup_2": 0.05288679525256157,
      "ndcg_usergroup_3": 0.21933600306510925,
      "jsd_usergroup_3": 0.060008060187101364
    },
    "epoch_21": {
      "ndcg": 0.19990810751914978,
      "jsd": 0.05087858811020851,
      "ndcg_usergroup_1": 0.1884007304906845,
      "jsd_usergroup_1": 0.048611339181661606,
      "ndcg_usergroup_2": 0.19133102893829346,
      "jsd_usergroup_2": 0.0504254549741745,
      "ndcg_usergroup_3": 0.23714669048786163,
      "jsd_usergroup_3": 0.054505255073308945
    },
    "epoch_23": {
      "ndcg": 0.19915169477462769,
      "jsd": 0.04977811127901077,
      "ndcg_usergroup_1": 0.18721570074558258,
      "jsd_usergroup_1": 0.04554760456085205,
      "ndcg_usergroup_2": 0.19007687270641327,
      "jsd_usergroup_2": 0.049592275172472,
      "ndcg_usergroup_3": 0.23831216990947723,
      "jsd_usergroup_3": 0.054566122591495514
    },
    "epoch_32": {
      "ndcg": 0.19055794179439545,
      "jsd": 0.0494825653731823,
      "ndcg_usergroup_1": 0.1809210479259491,