{
  "base_recommendations": {
    "ndcg": 0.2663273811340332,
    "jsd": 0.12193825840950012,
    "ndcg_usergroup_1": 0.21388721466064453,
    "jsd_usergroup_1": 0.11441239714622498,
    "ndcg_usergroup_2": 0.256170392036438,
    "jsd_usergroup_2": 0.12063903361558914,
    "ndcg_usergroup_3": 0.34923845529556274,
    "jsd_usergroup_3": 0.13336177170276642
  },
  "postprocessed": {},
  "finetuned": {
    "epoch_1": {
      "ndcg": 0.1525363028049469,
      "jsd": 0.11218443512916565,
      "ndcg_usergroup_1": 0.1366657018661499,
      "jsd_usergroup_1": 0.10409041494131088,
      "ndcg_usergroup_2": 0.145636647939682,
      "jsd_usergroup_2": 0.11748061329126358,
      "ndcg_usergroup_3": 0.18910586833953857,
      "jsd_usergroup_3": 0.10438989847898483
    },
    "epoch_2": {
      "ndcg": 0.19217239320278168,
      "jsd": 0.10252822190523148,
      "ndcg_usergroup_1": 0.1810581386089325,
      "jsd_usergroup_1": 0.07308429479598999,
      "ndcg_usergroup_2": 0.18730005621910095,
      "jsd_usergroup_2": 0.10767126828432083,
      "ndcg_usergroup_3": 0.21790364384651184,
      "jsd_usergroup_3": 0.11654298007488251
    },
    "epoch_8": {
      "ndcg": 0.13574987649917603,
      "jsd": 0.09776096045970917,
      "ndcg_usergroup_1": 0.08570671081542969,
      "jsd_usergroup_1": 0.0689454898238182,
      "ndcg_usergroup_2": 0.13265396654605865,
      "jsd_usergroup_2": 0.09237323701381683,
      "ndcg_usergroup_3": 0.1950806826353073,
      "jsd_usergroup_3": 0.14273957908153534
    },
    "epoch_9": {
      "ndcg": 0.10520908236503601,
      "jsd": 0.08881939202547073,
      "ndcg_usergroup_1": 0.11391434073448181,
      "jsd_usergroup_1": 0.07285942882299423,
      "ndcg_usergroup_2": 0.10190477967262268,
      "jsd_usergroup_2": 0.09135367721319199,
      "ndcg_usergroup_3": 0.1064167246222496,
      "jsd_usergroup_3": 0.09717648476362228
    }
  }
}