{
  "base_recommendations": {
    "ndcg": 0.2663273811340332,
    "jsd": 0.12193825840950012,
    "ndcg_usergroup_1": 0.21388721466064453,
    "jsd_usergroup_1": 0.11441239714622498,
    "ndcg_usergroup_2": 0.256170392036438,
    "jsd_usergroup_2": 0.12063903361558914,
    "ndcg_usergroup_3": 0.34923845529556274,
    "jsd_usergroup_3": 0.13336177170276642
  },
  "postprocessed": {},
  "finetuned": {
    "epoch_1": {
      "ndcg": 0.2287493348121643,
      "jsd": 0.09990251809358597,
      "ndcg_usergroup_1": 0.19177691638469696,
      "jsd_usergroup_1": 0.08445026725530624,
      "ndcg_usergroup_2": 0.21625888347625732,
      "jsd_usergroup_2": 0.09896448254585266,
      "ndcg_usergroup_3": 0.30319318175315857,
      "jsd_usergroup_3": 0.11816886067390442
    },
    "epoch_2": {
      "ndcg": 0.20032337307929993,
      "jsd": 0.09427092224359512,
      "ndcg_usergroup_1": 0.1727631688117981,
      "jsd_usergroup_1": 0.07841230183839798,
      "ndcg_usergroup_2": 0.18927974998950958,
      "jsd_usergroup_2": 0.09440205246210098,
      "ndcg_usergroup_3": 0.2610143721103668,
      "jsd_usergroup_3": 0.10973608493804932
    },
    "epoch_3": {
      "ndcg": 0.18390268087387085,
      "jsd": 0.08667571097612381,
      "ndcg_usergroup_1": 0.15957888960838318,
      "jsd_usergroup_1": 0.07577777653932571,
      "ndcg_usergroup_2": 0.17375652492046356,
      "jsd_usergroup_2": 0.08665399253368378,
      "ndcg_usergroup_3": 0.2386648952960968,
      "jsd_usergroup_3": 0.09763879328966141
    },
    "epoch_4": {
      "ndcg": 0.17650054395198822,
      "jsd": 0.07926726341247559,
      "ndcg_usergroup_1": 0.15927733480930328,
      "jsd_usergroup_1": 0.07134644687175751,
      "ndcg_usergroup_2": 0.1673935353755951,
      "jsd_usergroup_2": 0.08011644333600998,
      "ndcg_usergroup_3": 0.2210448831319809,
      "jsd_usergroup_3": 0.08464054018259048
    },
    "epoch_5": {
      "ndcg": 0.17210805416107178,
      "jsd": 0.07401247322559357,
      "ndcg_usergroup_1": 0.15801243484020233,
      "jsd_usergroup_1": 0.06734178215265274,
      "ndcg_usergroup_2": 0.16242888569831848,
      "jsd_usergroup_2": 0.07531607151031494,
      "ndcg_usergroup_3": 0.21524108946323395,
      "jsd_usergroup_3": 0.07677239179611206
    },
    "epoch_6": {
      "ndcg": 0.17205260694026947,
      "jsd": 0.06765180081129074,
      "ndcg_usergroup_1": 0.16024000942707062,
      "jsd_usergroup_1": 0.06325551867485046,
      "ndcg_usergroup_2": 0.16072089970111847,
      "jsd_usergroup_2": 0.06886643916368484,
      "ndcg_usergroup_3": 0.21786034107208252,
      "jsd_usergroup_3": 0.0684041678905487
    },
    "epoch_7": {
      "ndcg": 0.16927973926067352,
      "jsd": 0.0672682523727417,
      "ndcg_usergroup_1": 0.15939128398895264,
      "jsd_usergroup_1": 0.06220897659659386,
      "ndcg_usergroup_2": 0.16001522541046143,
      "jsd_usergroup_2": 0.06865052133798599,
      "ndcg_usergroup_3": 0.20696163177490234,
      "jsd_usergroup_3": 0.06818070262670517
    },
    "epoch_8": {
      "ndcg": 0.1767207235097885,
      "jsd": 0.06304549425840378,
      "ndcg_usergroup_1": 0.16150669753551483,
      "jsd_usergroup_1": 0.058689750730991364,
      "ndcg_usergroup_2": 0.1673978716135025,
      "jsd_usergroup_2": 0.06447330117225647,
      "ndcg_usergroup_3": 0.21990332007408142,
      "jsd_usergroup_3": 0.06311780214309692
    },
    "epoch_9": {
      "ndcg": 0.17200469970703125,
      "jsd": 0.0591389462351799,
      "ndcg_usergroup_1": 0.1619861125946045,
      "jsd_usergroup_1": 0.05664467811584473,
      "ndcg_usergroup_2": 0.16165533661842346,
      "jsd_usergroup_2": 0.06061819940805435,
      "ndcg_usergroup_3": 0.21307136118412018,
      "jsd_usergroup_3": 0.057195425033569336
    },
    "epoch_11": {
      "ndcg": 0.17344312369823456,
      "jsd": 0.056117936968803406,
      "ndcg_usergroup_1": 0.16692021489143372,
      "jsd_usergroup_1": 0.051994893699884415,
      "ndcg_usergroup_2": 0.16262459754943848,
      "jsd_usergroup_2": 0.057891156524419785,
      "ndcg_usergroup_3": 0.21242164075374603,
      "jsd_usergroup_3": 0.05492132529616356
    },
    "epoch_12": {
      "ndcg": 0.1736968755722046,
      "jsd": 0.052870605140924454,
      "ndcg_usergroup_1": 0.1640927642583847,
      "jsd_usergroup_1": 0.0486471988260746,
      "ndcg_usergroup_2": 0.16343314945697784,
      "jsd_usergroup_2": 0.05358432978391647,
      "ndcg_usergroup_3": 0.21409229934215546,
      "jsd_usergroup_3": 0.05495281144976616
    },
    "epoch_15": {
      "ndcg": 0.17009985446929932,
      "jsd": 0.05133695900440216,
      "ndcg_usergroup_1": 0.16578638553619385,
      "jsd_usergroup_1": 0.04729216918349266,
      "ndcg_usergroup_2": 0.16012752056121826,
      "jsd_usergroup_2": 0.05153672769665718,
      "ndcg_usergroup_3": 0.20433031022548676,
      "jsd_usergroup_3": 0.054782431572675705
    },
    "epoch_16": {
      "ndcg": 0.171509250998497,
      "jsd": 0.04929046705365181,
      "ndcg_usergroup_1": 0.16747793555259705,
      "jsd_usergroup_1": 0.04407159611582756,
      "ndcg_usergroup_2": 0.1612360179424286,
      "jsd_usergroup_2": 0.05057690665125847,
      "ndcg_usergroup_3": 0.20636025071144104,
      "jsd_usergroup_3": 0.05065001919865608
    },
    "epoch_17": {
      "ndcg": 0.1710890829563141,
      "jsd": 0.048120323568582535,
      "ndcg_usergroup_1": 0.1653631031513214,
      "jsd_usergroup_1": 0.043929751962423325,
      "ndcg_usergroup_2": 0.16091221570968628,
      "jsd_usergroup_2": 0.0478082075715065,
      "ndcg_usergroup_3": 0.2073456346988678,
      "jsd_usergroup_3": 0.053247250616550446
    },
    "epoch_18": {
      "ndcg": 0.17329691350460052,
      "jsd": 0.04702382907271385,
      "ndcg_usergroup_1": 0.1643657088279724,
      "jsd_usergroup_1": 0.043487247079610825,
      "ndcg_usergroup_2": 0.16366498172283173,
      "jsd_usergroup_2": 0.04727385193109512,
      "ndcg_usergroup_3": 0.21112391352653503,
      "jsd_usergroup_3": 0.049810316413640976
    },
    "epoch_22": {
      "ndcg": 0.17049768567085266,
      "jsd": 0.0464395172894001,
      "ndcg_usergroup_1": 0.16583994030952454,
      "jsd_usergroup_1": 0.03907915577292442,
      "ndcg_usergroup_2": 0.15953853726387024,
      "jsd_usergroup_2": 0.04775051772594452,
      "ndcg_usergroup_3": 0.20803289115428925,
      "jsd_usergroup_3": 0.049866873770952225
    },
    "epoch_23": {
      "ndcg": 0.1726026087999344,
      "jsd": 0.04551873356103897,
      "ndcg_usergroup_1": 0.16416680812835693,
      "jsd_usergroup_1": 0.0386844128370285,
      "ndcg_usergroup_2": 0.16309209167957306,
      "jsd_usergroup_2": 0.0460381843149662,
      "ndcg_usergroup_3": 0.20957006514072418,
      "jsd_usergroup_3": 0.05079468712210655
    },
    "epoch_25": {
      "ndcg": 0.17223301529884338,
      "jsd": 0.04463215917348862,
      "ndcg_usergroup_1": 0.16592884063720703,
      "jsd_usergroup_1": 0.036648593842983246,
      "ndcg_usergroup_2": 0.16198760271072388,
      "jsd_usergroup_2": 0.044976722449064255,
      "ndcg_usergroup_3": 0.20927341282367706,
      "jsd_usergroup_3": 0.051582034677267075
    },
    "epoch_42": {
      "ndcg": 0.16414092481136322,
      "jsd": 0.04453366994857788,
      "ndcg_usergroup_1": 0.158131942152977,
      "jsd_usergroup_1": 0.03551950678229332,
      "ndcg_usergroup_2": 0.15254375338554382,
      "jsd_usergroup_2": 0.045128192752599716,
      "ndcg_usergroup_3": 0.20494142174720764,
      "jsd_usergroup_3": 0.051764264702796936
    },
    "epoch_47": {
      "ndcg": 0.1624377816915512,
      "jsd": 0.044326793402433395,
      "ndcg_usergroup_1": 0.15648429095745087,
      "jsd_usergroup_1": 0.03366829827427864,
      "ndcg_usergroup_2": 0.15133097767829895,
      "jsd_usergroup_2": 0.04517187550663948,
      "ndcg_usergroup_3": 0.20171166956424713,
      "jsd_usergroup_3": 0.05245000496506691
    }
  }
}