{
  "base_recommendations": {
    "ndcg": 0.2663273811340332,
    "jsd": 0.12193825840950012,
    "ndcg_usergroup_1": 0.21388721466064453,
    "jsd_usergroup_1": 0.11441239714622498,
    "ndcg_usergroup_2": 0.256170392036438,
    "jsd_usergroup_2": 0.12063903361558914,
    "ndcg_usergroup_3": 0.34923845529556274,
    "jsd_usergroup_3": 0.13336177170276642
  },
  "postprocessed": {},
  "finetuned": {
    "epoch_1": {
      "ndcg": 0.12231245636940002,
      "jsd": 0.11350978165864944,
      "ndcg_usergroup_1": 0.1408333033323288,
      "jsd_usergroup_1": 0.08547093719244003,
      "ndcg_usergroup_2": 0.11296113580465317,
      "jsd_usergroup_2": 0.11545131355524063,
      "ndcg_usergroup_3": 0.13184554874897003,
      "jsd_usergroup_3": 0.13572396337985992
    },
    "epoch_2": {
      "ndcg": 0.1909843236207962,
      "jsd": 0.09925728291273117,
      "ndcg_usergroup_1": 0.17291297018527985,
      "jsd_usergroup_1": 0.08026444911956787,
      "ndcg_usergroup_2": 0.18318471312522888,
      "jsd_usergroup_2": 0.09842414408922195,
      "ndcg_usergroup_3": 0.23245450854301453,
      "jsd_usergroup_3": 0.12074953317642212
    },
    "epoch_4": {
      "ndcg": 0.2063928097486496,
      "jsd": 0.09277192503213882,
      "ndcg_usergroup_1": 0.1873912513256073,
      "jsd_usergroup_1": 0.0742017924785614,
      "ndcg_usergroup_2": 0.19806581735610962,
      "jsd_usergroup_2": 0.09011032432317734,
      "ndcg_usergroup_3": 0.25037527084350586,
      "jsd_usergroup_3": 0.11932685226202011
    },
    "epoch_5": {
      "ndcg": 0.031405020505189896,
      "jsd": 0.09102057665586472,
      "ndcg_usergroup_1": 0.01792459934949875,
      "jsd_usergroup_1": 0.038070615381002426,
      "ndcg_usergroup_2": 0.02661956287920475,
      "jsd_usergroup_2": 0.08072653412818909,
      "ndcg_usergroup_3": 0.05924179404973984,
      "jsd_usergroup_3": 0.17485268414020538
    }
  }
}