{
  "base_recommendations": {
    "ndcg": 0.2663273811340332,
    "jsd": 0.12193825840950012,
    "ndcg_usergroup_1": 0.21388721466064453,
    "jsd_usergroup_1": 0.11441239714622498,
    "ndcg_usergroup_2": 0.256170392036438,
    "jsd_usergroup_2": 0.12063903361558914,
    "ndcg_usergroup_3": 0.34923845529556274,
    "jsd_usergroup_3": 0.13336177170276642
  },
  "postprocessed": {},
  "finetuned": {
    "epoch_1": {
      "ndcg": 0.17279097437858582,
      "jsd": 0.08288507908582687,
      "ndcg_usergroup_1": 0.15449880063533783,
      "jsd_usergroup_1": 0.07809139788150787,
      "ndcg_usergroup_2": 0.1620122343301773,
      "jsd_usergroup_2": 0.08545679599046707,
      "ndcg_usergroup_3": 0.22341926395893097,
      "jsd_usergroup_3": 0.07996359467506409
    },
    "epoch_2": {
      "ndcg": 0.19725586473941803,
      "jsd": 0.08255792409181595,
      "ndcg_usergroup_1": 0.17422977089881897,
      "jsd_usergroup_1": 0.0851016715168953,
      "ndcg_usergroup_2": 0.18645381927490234,
      "jsd_usergroup_2": 0.08123505115509033,
      "ndcg_usergroup_3": 0.25268813967704773,
      "jsd_usergroup_3": 0.08398280292749405
    },
    "epoch_3": {
      "ndcg": 0.22135703265666962,
      "jsd": 0.09058524668216705,
      "ndcg_usergroup_1": 0.18846406042575836,
      "jsd_usergroup_1": 0.10289730131626129,
      "ndcg_usergroup_2": 0.21177023649215698,
      "jsd_usergroup_2": 0.08902482688426971,
      "ndcg_usergroup_3": 0.28301042318344116,
      "jsd_usergroup_3": 0.08295442163944244
    },
    "epoch_4": {
      "ndcg": 0.23596328496932983,
      "jsd": 0.09669096767902374,
      "ndcg_usergroup_1": 0.1995028853416443,
      "jsd_usergroup_1": 0.11367272585630417,
      "ndcg_usergroup_2": 0.22687457501888275,
      "jsd_usergroup_2": 0.09536159038543701,
      "ndcg_usergroup_3": 0.2996898293495178,
      "jsd_usergroup_3": 0.08369734138250351
    },
    "epoch_5": {
      "ndcg": 0.23934565484523773,
      "jsd": 0.09086586534976959,
      "ndcg_usergroup_1": 0.19820596277713776,
      "jsd_usergroup_1": 0.10415443778038025,
      "ndcg_usergroup_2": 0.2298150509595871,
      "jsd_usergroup_2": 0.08882588148117065,
      "ndcg_usergroup_3": 0.3090771436691284,
      "jsd_usergroup_3": 0.08369723707437515
    },
    "epoch_6": {
      "ndcg": 0.24735453724861145,
      "jsd": 0.0961042195558548,
      "ndcg_usergroup_1": 0.20910437405109406,
      "jsd_usergroup_1": 0.11898507922887802,
      "ndcg_usergroup_2": 0.23776710033416748,
      "jsd_usergroup_2": 0.09384419769048691,
      "ndcg_usergroup_3": 0.3143669664859772,
      "jsd_usergroup_3": 0.08000347018241882
    },
    "epoch_7": {
      "ndcg": 0.2557065784931183,
      "jsd": 0.10978258401155472,
      "ndcg_usergroup_1": 0.2083231806755066,
      "jsd_usergroup_1": 0.14021454751491547,
      "ndcg_usergroup_2": 0.24941124022006989,
      "jsd_usergroup_2": 0.10721512138843536,
      "ndcg_usergroup_3": 0.3219758868217468,
      "jsd_usergroup_3": 0.08705298602581024
    },
    "epoch_9": {
      "ndcg": 0.2579597234725952,
      "jsd": 0.10469422489404678,
      "ndcg_usergroup_1": 0.210335835814476,
      "jsd_usergroup_1": 0.12836016714572906,
      "ndcg_usergroup_2": 0.24931666254997253,
      "jsd_usergroup_2": 0.10133849084377289,
      "ndcg_usergroup_3": 0.33151260018348694,
      "jsd_usergroup_3": 0.09109540283679962
    },
    "epoch_10": {
      "ndcg": 0.26088157296180725,
      "jsd": 0.1108744665980339,
      "ndcg_usergroup_1": 0.21112412214279175,
      "jsd_usergroup_1": 0.1325415074825287,
      "ndcg_usergroup_2": 0.2531379461288452,
      "jsd_usergroup_2": 0.10865238308906555,
      "ndcg_usergroup_3": 0.3338697850704193,
      "jsd_usergroup_3": 0.09587369859218597
    },
    "epoch_11": {
      "ndcg": 0.26327651739120483,
      "jsd": 0.1158655434846878,
      "ndcg_usergroup_1": 0.21529428660869598,
      "jsd_usergroup_1": 0.14040356874465942,
      "ndcg_usergroup_2": 0.2543260157108307,
      "jsd_usergroup_2": 0.11287863552570343,
      "ndcg_usergroup_3": 0.33811014890670776,
      "jsd_usergroup_3": 0.1002882868051529
    },
    "epoch_12": {
      "ndcg": 0.2649492621421814,
      "jsd": 0.12290438264608383,
      "ndcg_usergroup_1": 0.21133260428905487,
      "jsd_usergroup_1": 0.14582839608192444,
      "ndcg_usergroup_2": 0.25672921538352966,
      "jsd_usergroup_2": 0.12112370878458023,
      "ndcg_usergroup_3": 0.34322595596313477,
      "jsd_usergroup_3": 0.10532240569591522
    }
  }
}