{
  "base_recommendations": {
    "ndcg": 0.2663273811340332,
    "jsd": 0.12193825840950012,
    "ndcg_usergroup_1": 0.21388721466064453,
    "jsd_usergroup_1": 0.11441239714622498,
    "ndcg_usergroup_2": 0.256170392036438,
    "jsd_usergroup_2": 0.12063903361558914,
    "ndcg_usergroup_3": 0.34923845529556274,
    "jsd_usergroup_3": 0.13336177170276642
  },
  "postprocessed": {},
  "finetuned": {
    "epoch_1": {
      "ndcg": 0.19039182364940643,
      "jsd": 0.0869363322854042,
      "ndcg_usergroup_1": 0.16468104720115662,
      "jsd_usergroup_1": 0.07592444866895676,
      "ndcg_usergroup_2": 0.17850250005722046,
      "jsd_usergroup_2": 0.08929583430290222,
      "ndcg_usergroup_3": 0.2517704665660858,
      "jsd_usergroup_3": 0.09086973965167999
    },
    "epoch_2": {
      "ndcg": 0.1658209264278412,
      "jsd": 0.07575250416994095,
      "ndcg_usergroup_1": 0.15346625447273254,
      "jsd_usergroup_1": 0.06847656518220901,
      "ndcg_usergroup_2": 0.15763410925865173,
      "jsd_usergroup_2": 0.07775062322616577,
      "ndcg_usergroup_3": 0.202736034989357,
      "jsd_usergroup_3": 0.0770341157913208
    },
    "epoch_3": {
      "ndcg": 0.16329261660575867,
      "jsd": 0.06646938621997833,
      "ndcg_usergroup_1": 0.1569601595401764,
      "jsd_usergroup_1": 0.06105493754148483,
      "ndcg_usergroup_2": 0.15402457118034363,
      "jsd_usergroup_2": 0.06915958225727081,
      "ndcg_usergroup_3": 0.19742916524410248,
      "jsd_usergroup_3": 0.06381325423717499
    },
    "epoch_4": {
      "ndcg": 0.16765710711479187,
      "jsd": 0.06187819689512253,
      "ndcg_usergroup_1": 0.16040241718292236,
      "jsd_usergroup_1": 0.05721784383058548,
      "ndcg_usergroup_2": 0.15934541821479797,
      "jsd_usergroup_2": 0.06295183300971985,
      "ndcg_usergroup_3": 0.19984686374664307,
      "jsd_usergroup_3": 0.06331761926412582
    },
    "epoch_5": {
      "ndcg": 0.17222020030021667,
      "jsd": 0.05996458977460861,
      "ndcg_usergroup_1": 0.16061104834079742,
      "jsd_usergroup_1": 0.05549829453229904,
      "ndcg_usergroup_2": 0.16364465653896332,
      "jsd_usergroup_2": 0.06084705889225006,
      "ndcg_usergroup_3": 0.20955604314804077,
      "jsd_usergroup_3": 0.06178349256515503
    },
    "epoch_6": {
      "ndcg": 0.1793854832649231,
      "jsd": 0.05737830325961113,
      "ndcg_usergroup_1": 0.17493754625320435,
      "jsd_usergroup_1": 0.04977540299296379,
      "ndcg_usergroup_2": 0.16995753347873688,
      "jsd_usergroup_2": 0.05794558674097061,
      "ndcg_usergroup_3": 0.21211719512939453,
      "jsd_usergroup_3": 0.06327935308218002
    },
    "epoch_7": {
      "ndcg": 0.18562740087509155,
      "jsd": 0.052930012345314026,
      "ndcg_usergroup_1": 0.17433282732963562,
      "jsd_usergroup_1": 0.047104451805353165,
      "ndcg_usergroup_2": 0.17552879452705383,
      "jsd_usergroup_2": 0.05429314076900482,
      "ndcg_usergroup_3": 0.22721782326698303,
      "jsd_usergroup_3": 0.05466616526246071
    },
    "epoch_9": {
      "ndcg": 0.19326989352703094,
      "jsd": 0.0521266907453537,
      "ndcg_usergroup_1": 0.1818353533744812,
      "jsd_usergroup_1": 0.046162497252225876,
      "ndcg_usergroup_2": 0.182582825422287,
      "jsd_usergroup_2": 0.05270886793732643,
      "ndcg_usergroup_3": 0.2367655485868454,
      "jsd_usergroup_3": 0.056344375014305115
    },
    "epoch_11": {
      "ndcg": 0.19863350689411163,
      "jsd": 0.05004581809043884,
      "ndcg_usergroup_1": 0.18789705634117126,
      "jsd_usergroup_1": 0.04446321353316307,
      "ndcg_usergroup_2": 0.1871652454137802,
      "jsd_usergroup_2": 0.04961061105132103,
      "ndcg_usergroup_3": 0.24377478659152985,
      "jsd_usergroup_3": 0.05693402886390686
    },
    "epoch_15": {
      "ndcg": 0.1993003636598587,
      "jsd": 0.05194352939724922,
      "ndcg_usergroup_1": 0.185135617852211,
      "jsd_usergroup_1": 0.04201074689626694,
      "ndcg_usergroup_2": 0.1883465200662613,
      "jsd_usergroup_2": 0.0531119704246521,
      "ndcg_usergroup_3": 0.24632656574249268,
      "jsd_usergroup_3": 0.05837099254131317
    }
  }
}