{
  "base_recommendations": {
    "ndcg": 0.2663273811340332,
    "jsd": 0.12193825840950012,
    "ndcg_usergroup_1": 0.21388721466064453,
    "jsd_usergroup_1": 0.11441239714622498,
    "ndcg_usergroup_2": 0.256170392036438,
    "jsd_usergroup_2": 0.12063903361558914,
    "ndcg_usergroup_3": 0.34923845529556274,
    "jsd_usergroup_3": 0.13336177170276642
  },
  "postprocessed": {},
  "finetuned": {
    "epoch_1": {
      "ndcg": 0.25060001015663147,
      "jsd": 0.10115516930818558,
      "ndcg_usergroup_1": 0.20234832167625427,
      "jsd_usergroup_1": 0.08767274767160416,
      "ndcg_usergroup_2": 0.23970119655132294,
      "jsd_usergroup_2": 0.10057847946882248,
      "ndcg_usergroup_3": 0.33154818415641785,
      "jsd_usergroup_3": 0.11636768281459808
    },
    "epoch_2": {
      "ndcg": 0.23247550427913666,
      "jsd": 0.09222882986068726,
      "ndcg_usergroup_1": 0.1864393800497055,
      "jsd_usergroup_1": 0.07519355416297913,
      "ndcg_usergroup_2": 0.22110675275325775,
      "jsd_usergroup_2": 0.0930524542927742,
      "ndcg_usergroup_3": 0.31261783838272095,
      "jsd_usergroup_3": 0.10679324716329575
    },
    "epoch_3": {
      "ndcg": 0.22096671164035797,
      "jsd": 0.08817736059427261,
      "ndcg_usergroup_1": 0.1764606386423111,
      "jsd_usergroup_1": 0.07106426358222961,
      "ndcg_usergroup_2": 0.2094767987728119,
      "jsd_usergroup_2": 0.09041623771190643,
      "ndcg_usergroup_3": 0.2999424636363983,
      "jsd_usergroup_3": 0.09857382625341415
    },
    "epoch_4": {
      "ndcg": 0.21437197923660278,
      "jsd": 0.08427554368972778,
      "ndcg_usergroup_1": 0.17057912051677704,
      "jsd_usergroup_1": 0.06916587799787521,
      "ndcg_usergroup_2": 0.2038445770740509,
      "jsd_usergroup_2": 0.0866575762629509,
      "ndcg_usergroup_3": 0.28974708914756775,
      "jsd_usergroup_3": 0.0922391265630722
    },
    "epoch_5": {
      "ndcg": 0.2068658471107483,
      "jsd": 0.0812363401055336,
      "ndcg_usergroup_1": 0.16527561843395233,
      "jsd_usergroup_1": 0.07035985589027405,
      "ndcg_usergroup_2": 0.1973794400691986,
      "jsd_usergroup_2": 0.08350565284490585,
      "ndcg_usergroup_3": 0.27691543102264404,
      "jsd_usergroup_3": 0.08530489355325699
    },
    "epoch_6": {
      "ndcg": 0.20353595912456512,
      "jsd": 0.07863377779722214,
      "ndcg_usergroup_1": 0.16453249752521515,
      "jsd_usergroup_1": 0.07084707915782928,
      "ndcg_usergroup_2": 0.19393114745616913,
      "jsd_usergroup_2": 0.08058107644319534,
      "ndcg_usergroup_3": 0.2713538110256195,
      "jsd_usergroup_3": 0.08057858049869537
    },
    "epoch_7": {
      "ndcg": 0.1966330111026764,
      "jsd": 0.07809489965438843,
      "ndcg_usergroup_1": 0.1594114750623703,
      "jsd_usergroup_1": 0.07355362921953201,
      "ndcg_usergroup_2": 0.18723651766777039,
      "jsd_usergroup_2": 0.07999449968338013,
      "ndcg_usergroup_3": 0.26204392313957214,
      "jsd_usergroup_3": 0.07693737745285034
    },
    "epoch_8": {
      "ndcg": 0.192632257938385,
      "jsd": 0.07567610591650009,
      "ndcg_usergroup_1": 0.15724948048591614,
      "jsd_usergroup_1": 0.07281234115362167,
      "ndcg_usergroup_2": 0.18350915610790253,
      "jsd_usergroup_2": 0.07675983011722565,
      "ndcg_usergroup_3": 0.25538432598114014,
      "jsd_usergroup_3": 0.07528868317604065
    },
    "epoch_9": {
      "ndcg": 0.19202060997486115,
      "jsd": 0.07395538687705994,
      "ndcg_usergroup_1": 0.1579536646604538,
      "jsd_usergroup_1": 0.07254504412412643,
      "ndcg_usergroup_2": 0.18271520733833313,
      "jsd_usergroup_2": 0.0749247670173645,
      "ndcg_usergroup_3": 0.2540038228034973,
      "jsd_usergroup_3": 0.07245755940675735
    },
    "epoch_10": {
      "ndcg": 0.18603470921516418,
      "jsd": 0.07314816862344742,
      "ndcg_usergroup_1": 0.15370112657546997,
      "jsd_usergroup_1": 0.07328736037015915,
      "ndcg_usergroup_2": 0.17719407379627228,
      "jsd_usergroup_2": 0.07438427209854126,
      "ndcg_usergroup_3": 0.2448902577161789,
      "jsd_usergroup_3": 0.06930066645145416
    },
    "epoch_11": {
      "ndcg": 0.18098187446594238,
      "jsd": 0.07267526537179947,
      "ndcg_usergroup_1": 0.14854930341243744,
      "jsd_usergroup_1": 0.0742415115237236,
      "ndcg_usergroup_2": 0.17237251996994019,
      "jsd_usergroup_2": 0.07389761507511139,
      "ndcg_usergroup_3": 0.2392425239086151,
      "jsd_usergroup_3": 0.06744195520877838
    },
    "epoch_12": {
      "ndcg": 0.18315139412879944,
      "jsd": 0.06972499936819077,
      "ndcg_usergroup_1": 0.15063640475273132,
      "jsd_usergroup_1": 0.07111647725105286,
      "ndcg_usergroup_2": 0.17481014132499695,
      "jsd_usergroup_2": 0.07031986862421036,
      "ndcg_usergroup_3": 0.2406901717185974,
      "jsd_usergroup_3": 0.0665489137172699
    },
    "epoch_14": {
      "ndcg": 0.17760777473449707,
      "jsd": 0.06799311190843582,
      "ndcg_usergroup_1": 0.14528709650039673,
      "jsd_usergroup_1": 0.07167957723140717,
      "ndcg_usergroup_2": 0.17014075815677643,
      "jsd_usergroup_2": 0.0685809999704361,
      "ndcg_usergroup_3": 0.2323295623064041,
      "jsd_usergroup_3": 0.06254298239946365
    },
    "epoch_15": {
      "ndcg": 0.17911118268966675,
      "jsd": 0.06676197052001953,
      "ndcg_usergroup_1": 0.1486680805683136,
      "jsd_usergroup_1": 0.07052555680274963,
      "ndcg_usergroup_2": 0.17105986177921295,
      "jsd_usergroup_2": 0.06749875098466873,
      "ndcg_usergroup_3": 0.2337081879377365,
      "jsd_usergroup_3": 0.06078806146979332
    },
    "epoch_17": {
      "ndcg": 0.17694295942783356,
      "jsd": 0.06653767079114914,
      "ndcg_usergroup_1": 0.14624691009521484,
      "jsd_usergroup_1": 0.07099676132202148,
      "ndcg_usergroup_2": 0.1694614142179489,
      "jsd_usergroup_2": 0.06715881824493408,
      "ndcg_usergroup_3": 0.2300836443901062,
      "jsd_usergroup_3": 0.06021515280008316
    },
    "epoch_19": {
      "ndcg": 0.17642515897750854,
      "jsd": 0.06552939116954803,
      "ndcg_usergroup_1": 0.14513111114501953,
      "jsd_usergroup_1": 0.07101976126432419,
      "ndcg_usergroup_2": 0.16896435618400574,
      "jsd_usergroup_2": 0.06617330759763718,
      "ndcg_usergroup_3": 0.23010152578353882,
      "jsd_usergroup_3": 0.05810726806521416
    },
    "epoch_20": {
      "ndcg": 0.1759709119796753,
      "jsd": 0.06482353806495667,
      "ndcg_usergroup_1": 0.1452871859073639,
      "jsd_usergroup_1": 0.07121354341506958,
      "ndcg_usergroup_2": 0.16823476552963257,
      "jsd_usergroup_2": 0.06506944447755814,
      "ndcg_usergroup_3": 0.22986304759979248,
      "jsd_usergroup_3": 0.05769577994942665
    },
    "epoch_21": {
      "ndcg": 0.17524416744709015,
      "jsd": 0.06435342878103256,
      "ndcg_usergroup_1": 0.14551414549350739,
      "jsd_usergroup_1": 0.07107210159301758,
      "ndcg_usergroup_2": 0.16780875623226166,
      "jsd_usergroup_2": 0.06440646946430206,
      "ndcg_usergroup_3": 0.22728046774864197,
      "jsd_usergroup_3": 0.057475607842206955
    },
    "epoch_23": {
      "ndcg": 0.1761370301246643,
      "jsd": 0.06322303414344788,
      "ndcg_usergroup_1": 0.14717532694339752,
      "jsd_usergroup_1": 0.0700066015124321,
      "ndcg_usergroup_2": 0.16853956878185272,
      "jsd_usergroup_2": 0.06336446851491928,
      "ndcg_usergroup_3": 0.22789104282855988,
      "jsd_usergroup_3": 0.05601514130830765
    },
    "epoch_25": {
      "ndcg": 0.1748860627412796,
      "jsd": 0.06265318393707275,
      "ndcg_usergroup_1": 0.1448383778333664,
      "jsd_usergroup_1": 0.07087100297212601,
      "ndcg_usergroup_2": 0.1673814356327057,
      "jsd_usergroup_2": 0.0625450387597084,
      "ndcg_usergroup_3": 0.22744755446910858,
      "jsd_usergroup_3": 0.054759833961725235
    },
    "epoch_27": {
      "ndcg": 0.17477376759052277,
      "jsd": 0.06187818944454193,
      "ndcg_usergroup_1": 0.14556805789470673,
      "jsd_usergroup_1": 0.06887678802013397,