{
  "base_recommendations": {
    "ndcg": 0.2663273811340332,
    "jsd": 0.12193825840950012,
    "ndcg_usergroup_1": 0.21388721466064453,
    "jsd_usergroup_1": 0.11441239714622498,
    "ndcg_usergroup_2": 0.256170392036438,
    "jsd_usergroup_2": 0.12063903361558914,
    "ndcg_usergroup_3": 0.34923845529556274,
    "jsd_usergroup_3": 0.13336177170276642
  },
  "postprocessed": {},
  "finetuned": {
    "epoch_1": {
      "ndcg": 0.20681539177894592,
      "jsd": 0.08690501004457474,
      "ndcg_usergroup_1": 0.1736120730638504,
      "jsd_usergroup_1": 0.0726495310664177,
      "ndcg_usergroup_2": 0.1945638358592987,
      "jsd_usergroup_2": 0.08880694210529327,
      "ndcg_usergroup_3": 0.2767733037471771,
      "jsd_usergroup_3": 0.09545470029115677
    },
    "epoch_2": {
      "ndcg": 0.18008790910243988,
      "jsd": 0.07320883870124817,
      "ndcg_usergroup_1": 0.15675599873065948,
      "jsd_usergroup_1": 0.06698299199342728,
      "ndcg_usergroup_2": 0.1714489609003067,
      "jsd_usergroup_2": 0.07470981031656265,
      "ndcg_usergroup_3": 0.22933661937713623,
      "jsd_usergroup_3": 0.0749317854642868
    },
    "epoch_3": {
      "ndcg": 0.16877782344818115,
      "jsd": 0.06398975104093552,
      "ndcg_usergroup_1": 0.15469518303871155,
      "jsd_usergroup_1": 0.0628589317202568,
      "ndcg_usergroup_2": 0.15978960692882538,
      "jsd_usergroup_2": 0.06484899669885635,
      "ndcg_usergroup_3": 0.2098250687122345,
      "jsd_usergroup_3": 0.06254284083843231
    },
    "epoch_4": {
      "ndcg": 0.16649560630321503,
      "jsd": 0.05833142623305321,
      "ndcg_usergroup_1": 0.1553838849067688,
      "jsd_usergroup_1": 0.060110557824373245,
      "ndcg_usergroup_2": 0.1571635752916336,
      "jsd_usergroup_2": 0.05829348415136337,
      "ndcg_usergroup_3": 0.2056034952402115,
      "jsd_usergroup_3": 0.05666612833738327
    },
    "epoch_6": {
      "ndcg": 0.16607996821403503,
      "jsd": 0.05358657240867615,
      "ndcg_usergroup_1": 0.15047773718833923,
      "jsd_usergroup_1": 0.05518852546811104,
      "ndcg_usergroup_2": 0.1569031924009323,
      "jsd_usergroup_2": 0.0540577657520771,
      "ndcg_usergroup_3": 0.20921243727207184,
      "jsd_usergroup_3": 0.0505710244178772
    },
    "epoch_9": {
      "ndcg": 0.17569240927696228,
      "jsd": 0.052218958735466,
      "ndcg_usergroup_1": 0.1640312224626541,
      "jsd_usergroup_1": 0.04885381832718849,
      "ndcg_usergroup_2": 0.16688068211078644,
      "jsd_usergroup_2": 0.05164257064461708,
      "ndcg_usergroup_3": 0.2137887179851532,
      "jsd_usergroup_3": 0.05731324851512909
    },
    "epoch_11": {
      "ndcg": 0.1772717982530594,
      "jsd": 0.051369406282901764,
      "ndcg_usergroup_1": 0.16380803287029266,
      "jsd_usergroup_1": 0.04648362100124359,
      "ndcg_usergroup_2": 0.1677250862121582,
      "jsd_usergroup_2": 0.051475849002599716,
      "ndcg_usergroup_3": 0.2193758189678192,
      "jsd_usergroup_3": 0.05593587085604668
    },
    "epoch_13": {
      "ndcg": 0.17904524505138397,
      "jsd": 0.04921482130885124,
      "ndcg_usergroup_1": 0.17081549763679504,
      "jsd_usergroup_1": 0.04052840545773506,
      "ndcg_usergroup_2": 0.1690424680709839,
      "jsd_usergroup_2": 0.04918330907821655,
      "ndcg_usergroup_3": 0.21728329360485077,
      "jsd_usergroup_3": 0.0579957515001297
    }
  }
}