{
  "base_recommendations": {
    "ndcg": 0.2663273811340332,
    "jsd": 0.12193825840950012,
    "ndcg_usergroup_1": 0.21388721466064453,
    "jsd_usergroup_1": 0.11441239714622498,
    "ndcg_usergroup_2": 0.256170392036438,
    "jsd_usergroup_2": 0.12063903361558914,
    "ndcg_usergroup_3": 0.34923845529556274,
    "jsd_usergroup_3": 0.13336177170276642
  },
  "postprocessed": {},
  "finetuned": {
    "epoch_1": {
      "ndcg": 0.19374045729637146,
      "jsd": 0.09699022769927979,
      "ndcg_usergroup_1": 0.17388933897018433,
      "jsd_usergroup_1": 0.08566053211688995,
      "ndcg_usergroup_2": 0.18250925838947296,
      "jsd_usergroup_2": 0.09858910739421844,
      "ndcg_usergroup_3": 0.24728509783744812,
      "jsd_usergroup_3": 0.10352329909801483
    },
    "epoch_2": {
      "ndcg": 0.17556104063987732,
      "jsd": 0.0968199297785759,
      "ndcg_usergroup_1": 0.16256402432918549,
      "jsd_usergroup_1": 0.08839341998100281,
      "ndcg_usergroup_2": 0.16366246342658997,
      "jsd_usergroup_2": 0.09845113754272461,
      "ndcg_usergroup_3": 0.22425366938114166,
      "jsd_usergroup_3": 0.10035284608602524
    },
    "epoch_9": {
      "ndcg": 0.19719986617565155,
      "jsd": 0.10059521347284317,
      "ndcg_usergroup_1": 0.1605830192565918,
      "jsd_usergroup_1": 0.10852143168449402,
      "ndcg_usergroup_2": 0.1884363889694214,
      "jsd_usergroup_2": 0.10068181902170181,
      "ndcg_usergroup_3": 0.2601070702075958,
      "jsd_usergroup_3": 0.09240918606519699
    },
    "epoch_10": {
      "ndcg": 0.20108594000339508,
      "jsd": 0.10058137029409409,
      "ndcg_usergroup_1": 0.16304202377796173,
      "jsd_usergroup_1": 0.11171019077301025,
      "ndcg_usergroup_2": 0.19365976750850677,
      "jsd_usergroup_2": 0.10046723484992981,
      "ndcg_usergroup_3": 0.2614084482192993,
      "jsd_usergroup_3": 0.08979500830173492
    },
    "epoch_11": {
      "ndcg": 0.20195651054382324,
      "jsd": 0.10102494806051254,
      "ndcg_usergroup_1": 0.1598816215991974,
      "jsd_usergroup_1": 0.11488188058137894,
      "ndcg_usergroup_2": 0.19453386962413788,
      "jsd_usergroup_2": 0.10017487406730652,
      "ndcg_usergroup_3": 0.2662992775440216,
      "jsd_usergroup_3": 0.08971817791461945
    },
    "epoch_12": {
      "ndcg": 0.20777487754821777,
      "jsd": 0.09981760382652283,
      "ndcg_usergroup_1": 0.1647980511188507,
      "jsd_usergroup_1": 0.11283547431230545,
      "ndcg_usergroup_2": 0.20057260990142822,
      "jsd_usergroup_2": 0.09938578307628632,
      "ndcg_usergroup_3": 0.2723585069179535,
      "jsd_usergroup_3": 0.08809518069028854
    },
    "epoch_13": {
      "ndcg": 0.20992213487625122,
      "jsd": 0.09873355180025101,
      "ndcg_usergroup_1": 0.16596432030200958,
      "jsd_usergroup_1": 0.1116241067647934,
      "ndcg_usergroup_2": 0.20417937636375427,
      "jsd_usergroup_2": 0.09881454706192017,
      "ndcg_usergroup_3": 0.2711082696914673,
      "jsd_usergroup_3": 0.08560001850128174
    },
    "epoch_14": {
      "ndcg": 0.21502067148685455,
      "jsd": 0.09764973074197769,
      "ndcg_usergroup_1": 0.16865405440330505,
      "jsd_usergroup_1": 0.10811031609773636,
      "ndcg_usergroup_2": 0.20858174562454224,
      "jsd_usergroup_2": 0.09682250022888184,
      "ndcg_usergroup_3": 0.2807040810585022,
      "jsd_usergroup_3": 0.08967084437608719
    },
    "epoch_15": {
      "ndcg": 0.21615836024284363,
      "jsd": 0.10073766857385635,
      "ndcg_usergroup_1": 0.16804392635822296,
      "jsd_usergroup_1": 0.11486932635307312,
      "ndcg_usergroup_2": 0.2114330530166626,
      "jsd_usergroup_2": 0.10041360557079315,
      "ndcg_usergroup_3": 0.27844861149787903,
      "jsd_usergroup_3": 0.0875781700015068
    },
    "epoch_16": {
      "ndcg": 0.21939487755298615,
      "jsd": 0.10375693440437317,
      "ndcg_usergroup_1": 0.16969181597232819,
      "jsd_usergroup_1": 0.12170612066984177,
      "ndcg_usergroup_2": 0.2145848572254181,
      "jsd_usergroup_2": 0.10281778126955032,
      "ndcg_usergroup_3": 0.2835279703140259,
      "jsd_usergroup_3": 0.0886252298951149
    },
    "epoch_17": {
      "ndcg": 0.22127556800842285,
      "jsd": 0.10312267392873764,
      "ndcg_usergroup_1": 0.16881820559501648,
      "jsd_usergroup_1": 0.11859112232923508,
      "ndcg_usergroup_2": 0.218163400888443,
      "jsd_usergroup_2": 0.10312088578939438,
      "ndcg_usergroup_3": 0.28306934237480164,
      "jsd_usergroup_3": 0.08765958249568939
    },
    "epoch_18": {
      "ndcg": 0.22436705231666565,
      "jsd": 0.09935034066438675,
      "ndcg_usergroup_1": 0.17282003164291382,
      "jsd_usergroup_1": 0.11304666101932526,
      "ndcg_usergroup_2": 0.22034496068954468,
      "jsd_usergroup_2": 0.09931137412786484,
      "ndcg_usergroup_3": 0.2879802882671356,
      "jsd_usergroup_3": 0.08577095717191696
    },
    "epoch_19": {
      "ndcg": 0.22452014684677124,
      "jsd": 0.10406345129013062,
      "ndcg_usergroup_1": 0.17117448151111603,
      "jsd_usergroup_1": 0.12117776274681091,
      "ndcg_usergroup_2": 0.22154030203819275,
      "jsd_usergroup_2": 0.10346820950508118,
      "ndcg_usergroup_3": 0.2868053913116455,
      "jsd_usergroup_3": 0.08873485773801804
    },
    "epoch_20": {
      "ndcg": 0.22874461114406586,
      "jsd": 0.10202448070049286,
      "ndcg_usergroup_1": 0.17434154450893402,
      "jsd_usergroup_1": 0.11642266809940338,
      "ndcg_usergroup_2": 0.22492823004722595,
      "jsd_usergroup_2": 0.10215037316083908,
      "ndcg_usergroup_3": 0.2945968806743622,
      "jsd_usergroup_3": 0.08724864572286606
    },
    "epoch_21": {
      "ndcg": 0.23028266429901123,
      "jsd": 0.10318564623594284,
      "ndcg_usergroup_1": 0.1741252988576889,
      "jsd_usergroup_1": 0.11936654895544052,
      "ndcg_usergroup_2": 0.2270037978887558,
      "jsd_usergroup_2": 0.10334427654743195,
      "ndcg_usergroup_3": 0.29627662897109985,
      "jsd_usergroup_3": 0.08652885258197784
    },
    "epoch_22": {
      "ndcg": 0.23029591143131256,
      "jsd": 0.10222922265529633,
      "ndcg_usergroup_1": 0.1756255328655243,
      "jsd_usergroup_1": 0.11902082711458206,
      "ndcg_usergroup_2": 0.22812987864017487,
      "jsd_usergroup_2": 0.10181447118520737,
      "ndcg_usergroup_3": 0.2914644181728363,
      "jsd_usergroup_3": 0.08668188005685806
    },
    "epoch_23": {
      "ndcg": 0.23230700194835663,
      "jsd": 0.10349652916193008,
      "ndcg_usergroup_1": 0.17322421073913574,
      "jsd_usergroup_1": 0.11810704320669174,
      "ndcg_usergroup_2": 0.23034004867076874,
      "jsd_usergroup_2": 0.10434522479772568,
      "ndcg_usergroup_3": 0.29729071259498596,
      "jsd_usergroup_3": 0.08633992820978165
    },
    "epoch_24": {
      "ndcg": 0.23168882727622986,
      "jsd": 0.10489878058433533,
      "ndcg_usergroup_1": 0.17511604726314545,
      "jsd_usergroup_1": 0.12174975126981735,
      "ndcg_usergroup_2": 0.2306019812822342,
      "jsd_usergroup_2": 0.10399546474218369,
      "ndcg_usergroup_3": 0.2915221154689789,
      "jsd_usergroup_3": 0.09075776487588882
    },
    "epoch_25": {
      "ndcg": 0.23408222198486328,
      "jsd": 0.10664642602205276,
      "ndcg_usergroup_1": 0.17489543557167053,
      "jsd_usergroup_1": 0.12351575493812561,
      "ndcg_usergroup_2": 0.23111921548843384,
      "jsd_usergroup_2": 0.10687792301177979,
      "ndcg_usergroup_3": 0.3021579682826996,
      "jsd_usergroup_3": 0.08908258378505707
    },
    "epoch_26": {
      "ndcg": 0.23596592247486115,
      "jsd": 0.10583694279193878,
      "ndcg_usergroup_1": 0.1789110004901886,
      "jsd_usergroup_1": 0.12589740753173828,
      "ndcg_usergroup_2": 0.2336924523115158,
      "jsd_usergroup_2": 0.1048632264137268,
      "ndcg_usergroup_3": 0.2998412549495697,
      "jsd_usergroup_3": 0.08869761228561401
    },
    "epoch_27": {
      "ndcg": 0.23631468415260315,
      "jsd": 0.11185363680124283,
      "ndcg_usergroup_1": 0.1769394725561142,
      "jsd_usergroup_1": 0.13781175017356873,