{
  "base_recommendations": {
    "ndcg": 0.2663273811340332,
    "jsd": 0.12193825840950012,
    "ndcg_usergroup_1": 0.21388721466064453,
    "jsd_usergroup_1": 0.11441239714622498,
    "ndcg_usergroup_2": 0.256170392036438,
    "jsd_usergroup_2": 0.12063903361558914,
    "ndcg_usergroup_3": 0.34923845529556274,
    "jsd_usergroup_3": 0.13336177170276642
  },
  "postprocessed": {},
  "finetuned": {
    "epoch_1": {
      "ndcg": 0.23439812660217285,
      "jsd": 0.09488623589277267,
      "ndcg_usergroup_1": 0.19149617850780487,
      "jsd_usergroup_1": 0.08341407775878906,
      "ndcg_usergroup_2": 0.22337599098682404,
      "jsd_usergroup_2": 0.09467824548482895,
      "ndcg_usergroup_3": 0.31036651134490967,
      "jsd_usergroup_3": 0.10698241740465164
    },
    "epoch_2": {
      "ndcg": 0.20795215666294098,
      "jsd": 0.091143898665905,
      "ndcg_usergroup_1": 0.17697939276695251,
      "jsd_usergroup_1": 0.07795184850692749,
      "ndcg_usergroup_2": 0.19477277994155884,
      "jsd_usergroup_2": 0.0937795639038086,
      "ndcg_usergroup_3": 0.2784630358219147,
      "jsd_usergroup_3": 0.09642893821001053
    },
    "epoch_3": {
      "ndcg": 0.19060471653938293,
      "jsd": 0.08837906271219254,
      "ndcg_usergroup_1": 0.16642288863658905,
      "jsd_usergroup_1": 0.0793868824839592,
      "ndcg_usergroup_2": 0.1780187040567398,
      "jsd_usergroup_2": 0.0919121503829956,
      "ndcg_usergroup_3": 0.25254449248313904,
      "jsd_usergroup_3": 0.08677200227975845
    },
    "epoch_4": {
      "ndcg": 0.17888693511486053,
      "jsd": 0.0860724076628685,
      "ndcg_usergroup_1": 0.16226372122764587,
      "jsd_usergroup_1": 0.0796879231929779,
      "ndcg_usergroup_2": 0.1666254699230194,
      "jsd_usergroup_2": 0.08950132876634598,
      "ndcg_usergroup_3": 0.23229461908340454,
      "jsd_usergroup_3": 0.08217006921768188
    },
    "epoch_5": {
      "ndcg": 0.17039023339748383,
      "jsd": 0.08340305089950562,
      "ndcg_usergroup_1": 0.15707151591777802,
      "jsd_usergroup_1": 0.07808081805706024,
      "ndcg_usergroup_2": 0.15852005779743195,
      "jsd_usergroup_2": 0.08650416135787964,
      "ndcg_usergroup_3": 0.2193194180727005,
      "jsd_usergroup_3": 0.07942195981740952
    },
    "epoch_6": {
      "ndcg": 0.16757623851299286,
      "jsd": 0.08094508945941925,
      "ndcg_usergroup_1": 0.15659227967262268,
      "jsd_usergroup_1": 0.07679718732833862,
      "ndcg_usergroup_2": 0.15598705410957336,
      "jsd_usergroup_2": 0.0837911069393158,
      "ndcg_usergroup_3": 0.21332772076129913,
      "jsd_usergroup_3": 0.07655492424964905
    },
    "epoch_7": {
      "ndcg": 0.16365936398506165,
      "jsd": 0.07723237574100494,
      "ndcg_usergroup_1": 0.1548747420310974,
      "jsd_usergroup_1": 0.07254836708307266,
      "ndcg_usergroup_2": 0.15301796793937683,
      "jsd_usergroup_2": 0.07990095764398575,
      "ndcg_usergroup_3": 0.2043682038784027,
      "jsd_usergroup_3": 0.07391060888767242
    },
    "epoch_8": {
      "ndcg": 0.1608646661043167,
      "jsd": 0.07457809150218964,
      "ndcg_usergroup_1": 0.15258993208408356,
      "jsd_usergroup_1": 0.07013947516679764,
      "ndcg_usergroup_2": 0.15072493255138397,
      "jsd_usergroup_2": 0.07709353417158127,
      "ndcg_usergroup_3": 0.1995585858821869,
      "jsd_usergroup_3": 0.07147036492824554
    },
    "epoch_9": {
      "ndcg": 0.16197967529296875,
      "jsd": 0.0728820413351059,
      "ndcg_usergroup_1": 0.15617896616458893,
      "jsd_usergroup_1": 0.06806301325559616,
      "ndcg_usergroup_2": 0.15201540291309357,
      "jsd_usergroup_2": 0.07552438974380493,
      "ndcg_usergroup_3": 0.19767309725284576,
      "jsd_usergroup_3": 0.06977404654026031
    },
    "epoch_10": {
      "ndcg": 0.16004541516304016,
      "jsd": 0.07145144045352936,
      "ndcg_usergroup_1": 0.15507762134075165,
      "jsd_usergroup_1": 0.06621918082237244,
      "ndcg_usergroup_2": 0.15029284358024597,
      "jsd_usergroup_2": 0.07407794892787933,
      "ndcg_usergroup_3": 0.19427096843719482,
      "jsd_usergroup_3": 0.06880418956279755
    },
    "epoch_11": {
      "ndcg": 0.1619856059551239,
      "jsd": 0.06924471259117126,
      "ndcg_usergroup_1": 0.15688501298427582,
      "jsd_usergroup_1": 0.06525018811225891,
      "ndcg_usergroup_2": 0.1519109159708023,
      "jsd_usergroup_2": 0.07201845198869705,
      "ndcg_usergroup_3": 0.19731026887893677,
      "jsd_usergroup_3": 0.06491798907518387
    },
    "epoch_12": {
      "ndcg": 0.16231320798397064,
      "jsd": 0.06760354340076447,
      "ndcg_usergroup_1": 0.15756568312644958,
      "jsd_usergroup_1": 0.06347478181123734,
      "ndcg_usergroup_2": 0.1525718867778778,
      "jsd_usergroup_2": 0.07026363909244537,
      "ndcg_usergroup_3": 0.1962847113609314,
      "jsd_usergroup_3": 0.06375201791524887
    },
    "epoch_13": {
      "ndcg": 0.16335180401802063,
      "jsd": 0.06677201390266418,
      "ndcg_usergroup_1": 0.1598578244447708,
      "jsd_usergroup_1": 0.06197347864508629,
      "ndcg_usergroup_2": 0.15371131896972656,
      "jsd_usergroup_2": 0.06931348890066147,
      "ndcg_usergroup_3": 0.19576723873615265,
      "jsd_usergroup_3": 0.06394617259502411
    },
    "epoch_14": {
      "ndcg": 0.16534094512462616,
      "jsd": 0.06537473946809769,
      "ndcg_usergroup_1": 0.1609930843114853,
      "jsd_usergroup_1": 0.061243146657943726,
      "ndcg_usergroup_2": 0.15571719408035278,
      "jsd_usergroup_2": 0.06784505397081375,
      "ndcg_usergroup_3": 0.19856002926826477,
      "jsd_usergroup_3": 0.062095388770103455
    },
    "epoch_15": {
      "ndcg": 0.16949965059757233,
      "jsd": 0.06382275372743607,
      "ndcg_usergroup_1": 0.16860634088516235,
      "jsd_usergroup_1": 0.05893461033701897,
      "ndcg_usergroup_2": 0.1596185266971588,
      "jsd_usergroup_2": 0.06588715314865112,
      "ndcg_usergroup_3": 0.20003637671470642,
      "jsd_usergroup_3": 0.0625176876783371
    },
    "epoch_16": {
      "ndcg": 0.16949811577796936,
      "jsd": 0.06275723874568939,
      "ndcg_usergroup_1": 0.16477204859256744,
      "jsd_usergroup_1": 0.059105563908815384,
      "ndcg_usergroup_2": 0.16059249639511108,
      "jsd_usergroup_2": 0.06435155868530273,
      "ndcg_usergroup_3": 0.20094099640846252,
      "jsd_usergroup_3": 0.06162593513727188
    },
    "epoch_18": {
      "ndcg": 0.17312920093536377,
      "jsd": 0.06210087612271309,
      "ndcg_usergroup_1": 0.16911084949970245,
      "jsd_usergroup_1": 0.05664868280291557,
      "ndcg_usergroup_2": 0.16379880905151367,
      "jsd_usergroup_2": 0.06347280740737915,
      "ndcg_usergroup_3": 0.20513862371444702,
      "jsd_usergroup_3": 0.06343726813793182
    },
    "epoch_19": {
      "ndcg": 0.17376777529716492,
      "jsd": 0.062078461050987244,
      "ndcg_usergroup_1": 0.1707320362329483,
      "jsd_usergroup_1": 0.055748529732227325,
      "ndcg_usergroup_2": 0.16408762335777283,
      "jsd_usergroup_2": 0.06341347098350525,
      "ndcg_usergroup_3": 0.20584408938884735,
      "jsd_usergroup_3": 0.06440336257219315
    },
    "epoch_20": {
      "ndcg": 0.17766578495502472,
      "jsd": 0.05953177809715271,
      "ndcg_usergroup_1": 0.173341304063797,
      "jsd_usergroup_1": 0.05427047982811928,
      "ndcg_usergroup_2": 0.16766132414340973,
      "jsd_usergroup_2": 0.06099006161093712,
      "ndcg_usergroup_3": 0.212003692984581,
      "jsd_usergroup_3": 0.06041822209954262
    },
    "epoch_22": {
      "ndcg": 0.1810777485370636,
      "jsd": 0.05944064259529114,
      "ndcg_usergroup_1": 0.17615047097206116,
      "jsd_usergroup_1": 0.05358629673719406,
      "ndcg_usergroup_2": 0.17143389582633972,
      "jsd_usergroup_2": 0.060168903321027756,
      "ndcg_usergroup_3": 0.21493658423423767,
      "jsd_usergroup_3": 0.06311019510030746
    },
    "epoch_24": {
      "ndcg": 0.18329167366027832,
      "jsd": 0.05897297337651253,
      "ndcg_usergroup_1": 0.17957362532615662,
      "jsd_usergroup_1": 0.05313453823328018,