{
  "base_recommendations": {
    "ndcg": 0.2663273811340332,
    "jsd": 0.12193825840950012,
    "ndcg_usergroup_1": 0.21388721466064453,
    "jsd_usergroup_1": 0.11441239714622498,
    "ndcg_usergroup_2": 0.256170392036438,
    "jsd_usergroup_2": 0.12063903361558914,
    "ndcg_usergroup_3": 0.34923845529556274,
    "jsd_usergroup_3": 0.13336177170276642
  },
  "postprocessed": {},
  "finetuned": {
    "epoch_1": {
      "ndcg": 0.1081472635269165,
      "jsd": 0.11326564848423004,
      "ndcg_usergroup_1": 0.13951827585697174,
      "jsd_usergroup_1": 0.09321066737174988,
      "ndcg_usergroup_2": 0.09566369652748108,
      "jsd_usergroup_2": 0.12341578304767609,
      "ndcg_usergroup_3": 0.11422692984342575,
      "jsd_usergroup_3": 0.10287025570869446
    },
    "epoch_2": {
      "ndcg": 0.18406040966510773,
      "jsd": 0.12113957852125168,
      "ndcg_usergroup_1": 0.1721298098564148,
      "jsd_usergroup_1": 0.08510587364435196,
      "ndcg_usergroup_2": 0.17258667945861816,
      "jsd_usergroup_2": 0.11898661404848099,
      "ndcg_usergroup_3": 0.23041221499443054,
      "jsd_usergroup_3": 0.16363216936588287
    },
    "epoch_3": {
      "ndcg": 0.12984882295131683,
      "jsd": 0.09885331988334656,
      "ndcg_usergroup_1": 0.17415188252925873,
      "jsd_usergroup_1": 0.08582351356744766,
      "ndcg_usergroup_2": 0.1228850707411766,
      "jsd_usergroup_2": 0.10121439397335052,
      "ndcg_usergroup_3": 0.10643696039915085,
      "jsd_usergroup_3": 0.10479988902807236
    },
    "epoch_4": {
      "ndcg": 0.20586135983467102,
      "jsd": 0.10935290157794952,
      "ndcg_usergroup_1": 0.19225311279296875,
      "jsd_usergroup_1": 0.09443418681621552,
      "ndcg_usergroup_2": 0.1979350447654724,
      "jsd_usergroup_2": 0.1047542542219162,
      "ndcg_usergroup_3": 0.2432486116886139,
      "jsd_usergroup_3": 0.13806752860546112
    },
    "epoch_28": {
      "ndcg": 0.031405020505189896,
      "jsd": 0.09102057665586472,
      "ndcg_usergroup_1": 0.01792459934949875,
      "jsd_usergroup_1": 0.038070615381002426,
      "ndcg_usergroup_2": 0.02661956287920475,
      "jsd_usergroup_2": 0.08072653412818909,
      "ndcg_usergroup_3": 0.05924179404973984,
      "jsd_usergroup_3": 0.17485268414020538
    }
  }
}