{
  "base_recommendations": {
    "ndcg": 0.2663273811340332,
    "jsd": 0.12193825840950012,
    "ndcg_usergroup_1": 0.21388721466064453,
    "jsd_usergroup_1": 0.11441239714622498,
    "ndcg_usergroup_2": 0.256170392036438,
    "jsd_usergroup_2": 0.12063903361558914,
    "ndcg_usergroup_3": 0.34923845529556274,
    "jsd_usergroup_3": 0.13336177170276642
  },
  "postprocessed": {},
  "finetuned": {
    "epoch_1": {
      "ndcg": 0.1215813085436821,
      "jsd": 0.12120645493268967,
      "ndcg_usergroup_1": 0.1292814016342163,
      "jsd_usergroup_1": 0.10200144350528717,
      "ndcg_usergroup_2": 0.11268056929111481,
      "jsd_usergroup_2": 0.12570777535438538,
      "ndcg_usergroup_3": 0.14058344066143036,
      "jsd_usergroup_3": 0.12690748274326324
    },
    "epoch_2": {
      "ndcg": 0.17650899291038513,
      "jsd": 0.13061493635177612,
      "ndcg_usergroup_1": 0.15661650896072388,
      "jsd_usergroup_1": 0.07610917836427689,
      "ndcg_usergroup_2": 0.168734610080719,
      "jsd_usergroup_2": 0.12861739099025726,
      "ndcg_usergroup_3": 0.219724640250206,
      "jsd_usergroup_3": 0.19111335277557373
    },
    "epoch_4": {
      "ndcg": 0.031405020505189896,
      "jsd": 0.09102057665586472,
      "ndcg_usergroup_1": 0.01792459934949875,
      "jsd_usergroup_1": 0.038070615381002426,
      "ndcg_usergroup_2": 0.02661956287920475,
      "jsd_usergroup_2": 0.08072653412818909,
      "ndcg_usergroup_3": 0.05924179404973984,
      "jsd_usergroup_3": 0.17485268414020538
    }
  }
}