{
  "base_recommendations": {
    "ndcg": 0.2663273811340332,
    "jsd": 0.12193825840950012,
    "ndcg_usergroup_1": 0.21388721466064453,
    "jsd_usergroup_1": 0.11441239714622498,
    "ndcg_usergroup_2": 0.256170392036438,
    "jsd_usergroup_2": 0.12063903361558914,
    "ndcg_usergroup_3": 0.34923845529556274,
    "jsd_usergroup_3": 0.13336177170276642
  },
  "postprocessed": {},
  "finetuned": {
    "epoch_1": {
      "ndcg": 0.24753127992153168,
      "jsd": 0.10021471977233887,
      "ndcg_usergroup_1": 0.20099253952503204,
      "jsd_usergroup_1": 0.08882010728120804,
      "ndcg_usergroup_2": 0.23661541938781738,
      "jsd_usergroup_2": 0.09936335682868958,
      "ndcg_usergroup_3": 0.3268176019191742,
      "jsd_usergroup_3": 0.11416337639093399
    },
    "epoch_2": {
      "ndcg": 0.22710801661014557,
      "jsd": 0.09234240651130676,
      "ndcg_usergroup_1": 0.18455661833286285,
      "jsd_usergroup_1": 0.07705634832382202,
      "ndcg_usergroup_2": 0.2153286188840866,
      "jsd_usergroup_2": 0.09354182332754135,
      "ndcg_usergroup_3": 0.3049977421760559,
      "jsd_usergroup_3": 0.10403018444776535
    },
    "epoch_3": {
      "ndcg": 0.21226738393306732,
      "jsd": 0.08838469535112381,
      "ndcg_usergroup_1": 0.17583344876766205,
      "jsd_usergroup_1": 0.07464150339365005,
      "ndcg_usergroup_2": 0.20018814504146576,
      "jsd_usergroup_2": 0.09083111584186554,
      "ndcg_usergroup_3": 0.2849390506744385,
      "jsd_usergroup_3": 0.09478863328695297
    },
    "epoch_4": {
      "ndcg": 0.20256194472312927,
      "jsd": 0.08428812026977539,
      "ndcg_usergroup_1": 0.16931495070457458,
      "jsd_usergroup_1": 0.07331369072198868,
      "ndcg_usergroup_2": 0.19109918177127838,
      "jsd_usergroup_2": 0.08710216730833054,
      "ndcg_usergroup_3": 0.2701971232891083,
      "jsd_usergroup_3": 0.08682042360305786
    },
    "epoch_5": {
      "ndcg": 0.19419513642787933,
      "jsd": 0.08086351305246353,
      "ndcg_usergroup_1": 0.16354885697364807,
      "jsd_usergroup_1": 0.07103607058525085,
      "ndcg_usergroup_2": 0.18418699502944946,
      "jsd_usergroup_2": 0.0836627408862114,
      "ndcg_usergroup_3": 0.2548658549785614,
      "jsd_usergroup_3": 0.08229327201843262
    },
    "epoch_6": {
      "ndcg": 0.18882086873054504,
      "jsd": 0.07801201194524765,
      "ndcg_usergroup_1": 0.15895313024520874,
      "jsd_usergroup_1": 0.07122404128313065,
      "ndcg_usergroup_2": 0.17920753359794617,
      "jsd_usergroup_2": 0.0802478939294815,
      "ndcg_usergroup_3": 0.24752868711948395,
      "jsd_usergroup_3": 0.07809233665466309
    },
    "epoch_7": {
      "ndcg": 0.18601539731025696,
      "jsd": 0.07582148909568787,
      "ndcg_usergroup_1": 0.15710954368114471,
      "jsd_usergroup_1": 0.07097996026277542,
      "ndcg_usergroup_2": 0.1763146072626114,
      "jsd_usergroup_2": 0.07743123918771744,
      "ndcg_usergroup_3": 0.24402360618114471,
      "jsd_usergroup_3": 0.075833760201931
    },
    "epoch_8": {
      "ndcg": 0.1825644075870514,
      "jsd": 0.07358197122812271,
      "ndcg_usergroup_1": 0.15326331555843353,
      "jsd_usergroup_1": 0.0696941688656807,
      "ndcg_usergroup_2": 0.17298567295074463,
      "jsd_usergroup_2": 0.0753607526421547,
      "ndcg_usergroup_3": 0.24060170352458954,
      "jsd_usergroup_3": 0.07213344424962997
    },
    "epoch_9": {
      "ndcg": 0.17994728684425354,
      "jsd": 0.0722840279340744,
      "ndcg_usergroup_1": 0.15351198613643646,
      "jsd_usergroup_1": 0.0688033178448677,
      "ndcg_usergroup_2": 0.1704491674900055,
      "jsd_usergroup_2": 0.0736856684088707,
      "ndcg_usergroup_3": 0.2348770797252655,
      "jsd_usergroup_3": 0.07155978679656982
    },
    "epoch_10": {
      "ndcg": 0.17684607207775116,
      "jsd": 0.07123062759637833,
      "ndcg_usergroup_1": 0.1527525782585144,
      "jsd_usergroup_1": 0.06944803148508072,
      "ndcg_usergroup_2": 0.16650952398777008,
      "jsd_usergroup_2": 0.07254941016435623,
      "ndcg_usergroup_3": 0.23194921016693115,
      "jsd_usergroup_3": 0.06905689090490341
    },
    "epoch_11": {
      "ndcg": 0.17536023259162903,
      "jsd": 0.06854052096605301,
      "ndcg_usergroup_1": 0.14909577369689941,
      "jsd_usergroup_1": 0.06921732425689697,
      "ndcg_usergroup_2": 0.165717214345932,
      "jsd_usergroup_2": 0.06937868148088455,
      "ndcg_usergroup_3": 0.2305537313222885,
      "jsd_usergroup_3": 0.0653492659330368
    },
    "epoch_13": {
      "ndcg": 0.17196445167064667,
      "jsd": 0.06723624467849731,
      "ndcg_usergroup_1": 0.14697100222110748,
      "jsd_usergroup_1": 0.06947366148233414,
      "ndcg_usergroup_2": 0.1624820977449417,
      "jsd_usergroup_2": 0.06799756735563278,
      "ndcg_usergroup_3": 0.2254050076007843,
      "jsd_usergroup_3": 0.06271485984325409
    },
    "epoch_14": {
      "ndcg": 0.17110128700733185,
      "jsd": 0.06678637862205505,
      "ndcg_usergroup_1": 0.14817261695861816,
      "jsd_usergroup_1": 0.06930828839540482,
      "ndcg_usergroup_2": 0.16156987845897675,
      "jsd_usergroup_2": 0.06825262308120728,
      "ndcg_usergroup_3": 0.22262419760227203,
      "jsd_usergroup_3": 0.05986569821834564
    },
    "epoch_15": {
      "ndcg": 0.16959534585475922,
      "jsd": 0.06556588411331177,
      "ndcg_usergroup_1": 0.14776748418807983,
      "jsd_usergroup_1": 0.06826187670230865,
      "ndcg_usergroup_2": 0.1601351648569107,
      "jsd_usergroup_2": 0.06667637825012207,
      "ndcg_usergroup_3": 0.21980373561382294,
      "jsd_usergroup_3": 0.05953843146562576
    },
    "epoch_16": {
      "ndcg": 0.16964091360569,
      "jsd": 0.06425899267196655,
      "ndcg_usergroup_1": 0.14790906012058258,
      "jsd_usergroup_1": 0.0666828528046608,
      "ndcg_usergroup_2": 0.1603499948978424,
      "jsd_usergroup_2": 0.065055251121521,
      "ndcg_usergroup_3": 0.21924544870853424,
      "jsd_usergroup_3": 0.05944637209177017
    },
    "epoch_17": {
      "ndcg": 0.16923515498638153,
      "jsd": 0.06352706998586655,
      "ndcg_usergroup_1": 0.14875707030296326,
      "jsd_usergroup_1": 0.06612543016672134,
      "ndcg_usergroup_2": 0.15942850708961487,
      "jsd_usergroup_2": 0.06410348415374756,
      "ndcg_usergroup_3": 0.2191331833600998,
      "jsd_usergroup_3": 0.059199459850788116
    },
    "epoch_18": {
      "ndcg": 0.16805171966552734,
      "jsd": 0.06308026611804962,
      "ndcg_usergroup_1": 0.14748303592205048,
      "jsd_usergroup_1": 0.06587258726358414,
      "ndcg_usergroup_2": 0.15834641456604004,
      "jsd_usergroup_2": 0.06398199498653412,
      "ndcg_usergroup_3": 0.2177363783121109,
      "jsd_usergroup_3": 0.057582754641771317
    },
    "epoch_19": {
      "ndcg": 0.16754846274852753,
      "jsd": 0.06182840093970299,
      "ndcg_usergroup_1": 0.1480926275253296,
      "jsd_usergroup_1": 0.06469908356666565,
      "ndcg_usergroup_2": 0.1580093652009964,
      "jsd_usergroup_2": 0.06209913641214371,
      "ndcg_usergroup_3": 0.21562165021896362,
      "jsd_usergroup_3": 0.05814552307128906
    },
    "epoch_20": {
      "ndcg": 0.1674356609582901,
      "jsd": 0.06132139638066292,
      "ndcg_usergroup_1": 0.14662033319473267,
      "jsd_usergroup_1": 0.06472697108983994,
      "ndcg_usergroup_2": 0.15787962079048157,
      "jsd_usergroup_2": 0.06188702955842018,
      "ndcg_usergroup_3": 0.21691912412643433,
      "jsd_usergroup_3": 0.056218910962343216
    },
    "epoch_21": {
      "ndcg": 0.16950875520706177,
      "jsd": 0.05993907153606415,
      "ndcg_usergroup_1": 0.1500559151172638,
      "jsd_usergroup_1": 0.06384812295436859,
      "ndcg_usergroup_2": 0.15959998965263367,
      "jsd_usergroup_2": 0.05987493693828583,
      "ndcg_usergroup_3": 0.21868784725666046,
      "jsd_usergroup_3": 0.05622240528464317
    },
    "epoch_22": {
      "ndcg": 0.16870740056037903,
      "jsd": 0.05968794599175453,
      "ndcg_usergroup_1": 0.14740455150604248,
      "jsd_usergroup_1": 0.06537221372127533,