{
  "base_recommendations": {
    "ndcg": 0.2663273811340332,
    "jsd": 0.12193825840950012,
    "ndcg_usergroup_1": 0.21388721466064453,
    "jsd_usergroup_1": 0.11441239714622498,
    "ndcg_usergroup_2": 0.256170392036438,
    "jsd_usergroup_2": 0.12063903361558914,
    "ndcg_usergroup_3": 0.34923845529556274,
    "jsd_usergroup_3": 0.13336177170276642
  },
  "postprocessed": {},
  "finetuned": {
    "epoch_1": {
      "ndcg": 0.12945596873760223,
      "jsd": 0.14766694605350494,
      "ndcg_usergroup_1": 0.10444553941488266,
      "jsd_usergroup_1": 0.18457217514514923,
      "ndcg_usergroup_2": 0.12725359201431274,
      "jsd_usergroup_2": 0.14637069404125214,
      "ndcg_usergroup_3": 0.1610734462738037,
      "jsd_usergroup_3": 0.11465038359165192
    },
    "epoch_2": {
      "ndcg": 0.157551571726799,
      "jsd": 0.2811840772628784,
      "ndcg_usergroup_1": 0.15486687421798706,
      "jsd_usergroup_1": 0.20780028402805328,
      "ndcg_usergroup_2": 0.15000300109386444,
      "jsd_usergroup_2": 0.30139273405075073,
      "ndcg_usergroup_3": 0.1828819364309311,
      "jsd_usergroup_3": 0.29394182562828064
    },
    "epoch_5": {
      "ndcg": 0.04223135858774185,
      "jsd": 0.12561824917793274,
      "ndcg_usergroup_1": 0.03472261130809784,
      "jsd_usergroup_1": 0.20332643389701843,
      "ndcg_usergroup_2": 0.04128895327448845,
      "jsd_usergroup_2": 0.11350942403078079,
      "ndcg_usergroup_3": 0.05256730690598488,
      "jsd_usergroup_3": 0.08423645794391632
    },
    "epoch_6": {
      "ndcg": 0.07957833260297775,
      "jsd": 0.12118061631917953,
      "ndcg_usergroup_1": 0.0665789246559143,
      "jsd_usergroup_1": 0.1623784899711609,
      "ndcg_usergroup_2": 0.07585631310939789,
      "jsd_usergroup_2": 0.12092564254999161,
      "ndcg_usergroup_3": 0.1037437841296196,
      "jsd_usergroup_3": 0.08074764162302017
    },
    "epoch_7": {
      "ndcg": 0.09312865883111954,
      "jsd": 0.10591232776641846,
      "ndcg_usergroup_1": 0.07402872294187546,
      "jsd_usergroup_1": 0.1453196257352829,
      "ndcg_usergroup_2": 0.08611542731523514,
      "jsd_usergroup_2": 0.1008169949054718,
      "ndcg_usergroup_3": 0.13326825201511383,
      "jsd_usergroup_3": 0.08179100602865219
    },
    "epoch_8": {
      "ndcg": 0.1163492351770401,
      "jsd": 0.12196380645036697,
      "ndcg_usergroup_1": 0.1226307600736618,
      "jsd_usergroup_1": 0.13541842997074127,
      "ndcg_usergroup_2": 0.11641239374876022,
      "jsd_usergroup_2": 0.12786772847175598,
      "ndcg_usergroup_3": 0.10987823456525803,
      "jsd_usergroup_3": 0.09079740941524506
    },
    "epoch_13": {
      "ndcg": 0.031405020505189896,
      "jsd": 0.09102057665586472,
      "ndcg_usergroup_1": 0.01792459934949875,
      "jsd_usergroup_1": 0.038070615381002426,
      "ndcg_usergroup_2": 0.02661956287920475,
      "jsd_usergroup_2": 0.08072653412818909,
      "ndcg_usergroup_3": 0.05924179404973984,
      "jsd_usergroup_3": 0.17485268414020538
    }
  }
}