{
  "base_recommendations": {
    "ndcg": 0.2663273811340332,
    "jsd": 0.12193825840950012,
    "ndcg_usergroup_1": 0.21388721466064453,
    "jsd_usergroup_1": 0.11441239714622498,
    "ndcg_usergroup_2": 0.256170392036438,
    "jsd_usergroup_2": 0.12063903361558914,
    "ndcg_usergroup_3": 0.34923845529556274,
    "jsd_usergroup_3": 0.13336177170276642
  },
  "postprocessed": {},
  "finetuned": {
    "epoch_1": {
      "ndcg": 0.20207355916500092,
      "jsd": 0.0873655453324318,
      "ndcg_usergroup_1": 0.1707128882408142,
      "jsd_usergroup_1": 0.07486805319786072,
      "ndcg_usergroup_2": 0.18957671523094177,
      "jsd_usergroup_2": 0.08958126604557037,
      "ndcg_usergroup_3": 0.27092474699020386,
      "jsd_usergroup_3": 0.09321581572294235
    },
    "epoch_2": {
      "ndcg": 0.17624108493328094,
      "jsd": 0.07453231513500214,
      "ndcg_usergroup_1": 0.15583743155002594,
      "jsd_usergroup_1": 0.06683097034692764,
      "ndcg_usergroup_2": 0.1667071431875229,
      "jsd_usergroup_2": 0.07698547840118408,
      "ndcg_usergroup_3": 0.22524654865264893,
      "jsd_usergroup_3": 0.0748741552233696
    },
    "epoch_3": {
      "ndcg": 0.1629030853509903,
      "jsd": 0.06850932538509369,
      "ndcg_usergroup_1": 0.15058135986328125,
      "jsd_usergroup_1": 0.06574466824531555,
      "ndcg_usergroup_2": 0.15383313596248627,
      "jsd_usergroup_2": 0.06989490985870361,
      "ndcg_usergroup_3": 0.20243465900421143,
      "jsd_usergroup_3": 0.06711723655462265
    },
    "epoch_4": {
      "ndcg": 0.16270838677883148,
      "jsd": 0.06398636102676392,
      "ndcg_usergroup_1": 0.151778906583786,
      "jsd_usergroup_1": 0.06255011260509491,
      "ndcg_usergroup_2": 0.15327933430671692,
      "jsd_usergroup_2": 0.06472577154636383,
      "ndcg_usergroup_3": 0.20192506909370422,
      "jsd_usergroup_3": 0.06320437788963318
    },
    "epoch_5": {
      "ndcg": 0.16591483354568481,
      "jsd": 0.059805434197187424,
      "ndcg_usergroup_1": 0.15732000768184662,
      "jsd_usergroup_1": 0.05835460498929024,
      "ndcg_usergroup_2": 0.15671615302562714,
      "jsd_usergroup_2": 0.06104457750916481,
      "ndcg_usergroup_3": 0.20210570096969604,
      "jsd_usergroup_3": 0.057538848370313644
    },
    "epoch_6": {
      "ndcg": 0.17397533357143402,
      "jsd": 0.05444423481822014,
      "ndcg_usergroup_1": 0.1672300100326538,
      "jsd_usergroup_1": 0.05199044570326805,
      "ndcg_usergroup_2": 0.16351191699504852,
      "jsd_usergroup_2": 0.05523072928190231,
      "ndcg_usergroup_3": 0.21211090683937073,
      "jsd_usergroup_3": 0.05453851819038391
    },
    "epoch_8": {
      "ndcg": 0.176275372505188,
      "jsd": 0.05443240702152252,
      "ndcg_usergroup_1": 0.16670437157154083,
      "jsd_usergroup_1": 0.048677414655685425,
      "ndcg_usergroup_2": 0.16629761457443237,
      "jsd_usergroup_2": 0.05529653653502464,
      "ndcg_usergroup_3": 0.21577958762645721,
      "jsd_usergroup_3": 0.05759501829743385
    },
    "epoch_9": {
      "ndcg": 0.17864303290843964,
      "jsd": 0.05367717891931534,
      "ndcg_usergroup_1": 0.1661997139453888,
      "jsd_usergroup_1": 0.047830745577812195,
      "ndcg_usergroup_2": 0.16914354264736176,
      "jsd_usergroup_2": 0.05425165221095085,
      "ndcg_usergroup_3": 0.21958473324775696,
      "jsd_usergroup_3": 0.057800184935331345
    },
    "epoch_11": {
      "ndcg": 0.1847219318151474,
      "jsd": 0.05213215947151184,
      "ndcg_usergroup_1": 0.17360173165798187,
      "jsd_usergroup_1": 0.04462946206331253,
      "ndcg_usergroup_2": 0.17381079494953156,
      "jsd_usergroup_2": 0.053014613687992096,
      "ndcg_usergroup_3": 0.2285754531621933,
      "jsd_usergroup_3": 0.05698749050498009
    },
    "epoch_13": {
      "ndcg": 0.18967220187187195,
      "jsd": 0.05026938393712044,
      "ndcg_usergroup_1": 0.17909927666187286,
      "jsd_usergroup_1": 0.04099564626812935,
      "ndcg_usergroup_2": 0.17941594123840332,
      "jsd_usergroup_2": 0.05127975344657898,
      "ndcg_usergroup_3": 0.23101387917995453,
      "jsd_usergroup_3": 0.056512024253606796
    },
    "epoch_20": {
      "ndcg": 0.18906661868095398,
      "jsd": 0.04913278669118881,
      "ndcg_usergroup_1": 0.17667171359062195,
      "jsd_usergroup_1": 0.037648607045412064,
      "ndcg_usergroup_2": 0.17726556956768036,
      "jsd_usergroup_2": 0.05142885446548462,
      "ndcg_usergroup_3": 0.23686476051807404,
      "jsd_usergroup_3": 0.05372876673936844
    }
  }
}