{
  "base_recommendations": {
    "ndcg": 0.2663273811340332,
    "jsd": 0.12193825840950012,
    "ndcg_usergroup_1": 0.21388721466064453,
    "jsd_usergroup_1": 0.11441239714622498,
    "ndcg_usergroup_2": 0.256170392036438,
    "jsd_usergroup_2": 0.12063903361558914,
    "ndcg_usergroup_3": 0.34923845529556274,
    "jsd_usergroup_3": 0.13336177170276642
  },
  "postprocessed": {},
  "finetuned": {
    "epoch_1": {
      "ndcg": 0.169012188911438,
      "jsd": 0.09642434865236282,
      "ndcg_usergroup_1": 0.1577860414981842,
      "jsd_usergroup_1": 0.08988996595144272,
      "ndcg_usergroup_2": 0.15823739767074585,
      "jsd_usergroup_2": 0.09675191342830658,
      "ndcg_usergroup_3": 0.21256276965141296,
      "jsd_usergroup_3": 0.10197605937719345
    },
    "epoch_2": {
      "ndcg": 0.18137934803962708,
      "jsd": 0.10523416846990585,
      "ndcg_usergroup_1": 0.1641686111688614,
      "jsd_usergroup_1": 0.10729851573705673,
      "ndcg_usergroup_2": 0.17363488674163818,
      "jsd_usergroup_2": 0.10657822340726852,
      "ndcg_usergroup_3": 0.22182348370552063,
      "jsd_usergroup_3": 0.09913766384124756
    },
    "epoch_3": {
      "ndcg": 0.1916685253381729,
      "jsd": 0.10357345640659332,
      "ndcg_usergroup_1": 0.1604013741016388,
      "jsd_usergroup_1": 0.11309719830751419,
      "ndcg_usergroup_2": 0.18449346721172333,
      "jsd_usergroup_2": 0.10228200256824493,
      "ndcg_usergroup_3": 0.2444608509540558,
      "jsd_usergroup_3": 0.09792405366897583
    },
    "epoch_4": {
      "ndcg": 0.20004062354564667,
      "jsd": 0.10660521686077118,
      "ndcg_usergroup_1": 0.16593094170093536,
      "jsd_usergroup_1": 0.1183096393942833,
      "ndcg_usergroup_2": 0.19470733404159546,
      "jsd_usergroup_2": 0.10831572860479355,
      "ndcg_usergroup_3": 0.2501501739025116,
      "jsd_usergroup_3": 0.08976932615041733
    },
    "epoch_5": {
      "ndcg": 0.2086031287908554,
      "jsd": 0.11129902303218842,
      "ndcg_usergroup_1": 0.16824708878993988,
      "jsd_usergroup_1": 0.12654952704906464,
      "ndcg_usergroup_2": 0.20349641144275665,
      "jsd_usergroup_2": 0.11000825464725494,
      "ndcg_usergroup_3": 0.264279305934906,
      "jsd_usergroup_3": 0.09992081671953201
    },
    "epoch_7": {
      "ndcg": 0.21509265899658203,
      "jsd": 0.11883373558521271,
      "ndcg_usergroup_1": 0.16545967757701874,
      "jsd_usergroup_1": 0.1460464745759964,
      "ndcg_usergroup_2": 0.21282550692558289,
      "jsd_usergroup_2": 0.11713036894798279,
      "ndcg_usergroup_3": 0.27152708172798157,
      "jsd_usergroup_3": 0.0967310220003128
    },
    "epoch_8": {
      "ndcg": 0.2167748510837555,
      "jsd": 0.11725657433271408,
      "ndcg_usergroup_1": 0.17083799839019775,
      "jsd_usergroup_1": 0.14127981662750244,
      "ndcg_usergroup_2": 0.21588687598705292,
      "jsd_usergroup_2": 0.11685800552368164,
      "ndcg_usergroup_3": 0.26537564396858215,
      "jsd_usergroup_3": 0.09442903846502304
    },
    "epoch_10": {
      "ndcg": 0.22319865226745605,
      "jsd": 0.13708023726940155,
      "ndcg_usergroup_1": 0.17203044891357422,
      "jsd_usergroup_1": 0.17046764492988586,
      "ndcg_usergroup_2": 0.21681682765483856,
      "jsd_usergroup_2": 0.13510318100452423,
      "ndcg_usergroup_3": 0.29351234436035156,
      "jsd_usergroup_3": 0.10962401330471039
    },
    "epoch_11": {
      "ndcg": 0.2247297763824463,
      "jsd": 0.13894465565681458,
      "ndcg_usergroup_1": 0.17152202129364014,
      "jsd_usergroup_1": 0.1817004233598709,
      "ndcg_usergroup_2": 0.2229854315519333,
      "jsd_usergroup_2": 0.13765059411525726,
      "ndcg_usergroup_3": 0.28317052125930786,
      "jsd_usergroup_3": 0.10007105767726898
    },
    "epoch_13": {
      "ndcg": 0.22898349165916443,
      "jsd": 0.13321304321289062,
      "ndcg_usergroup_1": 0.1814279407262802,
      "jsd_usergroup_1": 0.1638997495174408,
      "ndcg_usergroup_2": 0.2265947461128235,
      "jsd_usergroup_2": 0.13235394656658173,
      "ndcg_usergroup_3": 0.28370535373687744,
      "jsd_usergroup_3": 0.10510360449552536
    },
    "epoch_14": {
      "ndcg": 0.22987346351146698,
      "jsd": 0.13394272327423096,
      "ndcg_usergroup_1": 0.17921383678913116,
      "jsd_usergroup_1": 0.17033444344997406,
      "ndcg_usergroup_2": 0.22873184084892273,
      "jsd_usergroup_2": 0.13094352185726166,
      "ndcg_usergroup_3": 0.28395798802375793,
      "jsd_usergroup_3": 0.10654858499765396
    },
    "epoch_18": {
      "ndcg": 0.22920329868793488,
      "jsd": 0.1251736879348755,
      "ndcg_usergroup_1": 0.18152539432048798,
      "jsd_usergroup_1": 0.1596142053604126,
      "ndcg_usergroup_2": 0.22686602175235748,
      "jsd_usergroup_2": 0.12162187695503235,
      "ndcg_usergroup_3": 0.283892959356308,
      "jsd_usergroup_3": 0.1013886108994484
    },
    "epoch_19": {
      "ndcg": 0.2323843240737915,
      "jsd": 0.1427273154258728,
      "ndcg_usergroup_1": 0.18206098675727844,
      "jsd_usergroup_1": 0.18181540071964264,
      "ndcg_usergroup_2": 0.22788512706756592,
      "jsd_usergroup_2": 0.1409686803817749,
      "ndcg_usergroup_3": 0.29620519280433655,
      "jsd_usergroup_3": 0.10891511291265488
    },
    "epoch_22": {
      "ndcg": 0.235163152217865,
      "jsd": 0.13406704366207123,
      "ndcg_usergroup_1": 0.1861167997121811,
      "jsd_usergroup_1": 0.1559455543756485,
      "ndcg_usergroup_2": 0.2332039475440979,
      "jsd_usergroup_2": 0.13684572279453278,
      "ndcg_usergroup_3": 0.29008710384368896,
      "jsd_usergroup_3": 0.10385250300168991
    },
    "epoch_26": {
      "ndcg": 0.23717252910137177,
      "jsd": 0.14713044464588165,
      "ndcg_usergroup_1": 0.1874580830335617,
      "jsd_usergroup_1": 0.18779431283473969,
      "ndcg_usergroup_2": 0.23640188574790955,
      "jsd_usergroup_2": 0.14662404358386993,
      "ndcg_usergroup_3": 0.2891989052295685,
      "jsd_usergroup_3": 0.10798583179712296
    },
    "epoch_27": {
      "ndcg": 0.24107973277568817,
      "jsd": 0.13529753684997559,
      "ndcg_usergroup_1": 0.18830178678035736,
      "jsd_usergroup_1": 0.1711796075105667,
      "ndcg_usergroup_2": 0.23687927424907684,
      "jsd_usergroup_2": 0.13138487935066223,
      "ndcg_usergroup_3": 0.3064590394496918,
      "jsd_usergroup_3": 0.11115345358848572
    },
    "epoch_32": {
      "ndcg": 0.24266372621059418,
      "jsd": 0.14271318912506104,
      "ndcg_usergroup_1": 0.18265743553638458,
      "jsd_usergroup_1": 0.1777970790863037,
      "ndcg_usergroup_2": 0.24126332998275757,
      "jsd_usergroup_2": 0.1397496610879898,
      "ndcg_usergroup_3": 0.3068711757659912,
      "jsd_usergroup_3": 0.11651982367038727
    },
    "epoch_33": {
      "ndcg": 0.24281913042068481,
      "jsd": 0.14293622970581055,
      "ndcg_usergroup_1": 0.18558432161808014,
      "jsd_usergroup_1": 0.17871694266796112,
      "ndcg_usergroup_2": 0.23863479495048523,
      "jsd_usergroup_2": 0.1389027237892151,
      "ndcg_usergroup_3": 0.31260696053504944,
      "jsd_usergroup_3": 0.11925604939460754
    },
    "epoch_34": {
      "ndcg": 0.24098452925682068,
      "jsd": 0.13877318799495697,
      "ndcg_usergroup_1": 0.1847541630268097,
      "jsd_usergroup_1": 0.16997988522052765,
      "ndcg_usergroup_2": 0.23996427655220032,
      "jsd_usergroup_2": 0.13753391802310944,
      "ndcg_usergroup_3": 0.300275593996048,
      "jsd_usergroup_3": 0.1112842708826065
    },
    "epoch_35": {
      "ndcg": 0.2426132708787918,
      "jsd": 0.1337757110595703,
      "ndcg_usergroup_1": 0.18716464936733246,
      "jsd_usergroup_1": 0.17179431021213531,
      "ndcg_usergroup_2": 0.24205926060676575,
      "jsd_usergroup_2": 0.12910960614681244,
      "ndcg_usergroup_3": 0.2997239828109741,
      "jsd_usergroup_3": 0.10975541174411774
    },
    "epoch_37": {
      "ndcg": 0.24064554274082184,
      "jsd": 0.12537027895450592,
      "ndcg_usergroup_1": 0.1887158751487732,
      "jsd_usergroup_1": 0.151494562625885,