{
  "base_recommendations": {
    "ndcg": 0.2663273811340332,
    "jsd": 0.12193825840950012,
    "ndcg_usergroup_1": 0.21388721466064453,
    "jsd_usergroup_1": 0.11441239714622498,
    "ndcg_usergroup_2": 0.256170392036438,
    "jsd_usergroup_2": 0.12063903361558914,
    "ndcg_usergroup_3": 0.34923845529556274,
    "jsd_usergroup_3": 0.13336177170276642
  },
  "postprocessed": {},
  "finetuned": {
    "epoch_1": {
      "ndcg": 0.11899721622467041,
      "jsd": 0.14079725742340088,
      "ndcg_usergroup_1": 0.11083223670721054,
      "jsd_usergroup_1": 0.14953462779521942,
      "ndcg_usergroup_2": 0.11364158242940903,
      "jsd_usergroup_2": 0.14149390161037445,
      "ndcg_usergroup_3": 0.14322912693023682,
      "jsd_usergroup_3": 0.12996992468833923
    },
    "epoch_2": {
      "ndcg": 0.17458726465702057,
      "jsd": 0.22188276052474976,
      "ndcg_usergroup_1": 0.16697293519973755,
      "jsd_usergroup_1": 0.13189224898815155,
      "ndcg_usergroup_2": 0.1667959839105606,
      "jsd_usergroup_2": 0.22708012163639069,
      "ndcg_usergroup_3": 0.20557554066181183,
      "jsd_usergroup_3": 0.29628121852874756
    },
    "epoch_6": {
      "ndcg": 0.1878378540277481,
      "jsd": 0.2680682837963104,
      "ndcg_usergroup_1": 0.1633194386959076,
      "jsd_usergroup_1": 0.20281466841697693,
      "ndcg_usergroup_2": 0.1804807186126709,
      "jsd_usergroup_2": 0.28140559792518616,
      "ndcg_usergroup_3": 0.23442770540714264,
      "jsd_usergroup_3": 0.29330974817276
    },
    "epoch_10": {
      "ndcg": 0.17997345328330994,
      "jsd": 0.09445793926715851,
      "ndcg_usergroup_1": 0.15995383262634277,
      "jsd_usergroup_1": 0.07269394397735596,
      "ndcg_usergroup_2": 0.1710953265428543,
      "jsd_usergroup_2": 0.09362853318452835,
      "ndcg_usergroup_3": 0.22662746906280518,
      "jsd_usergroup_3": 0.11871012300252914
    },
    "epoch_22": {
      "ndcg": 0.17903576791286469,
      "jsd": 0.07977897673845291,
      "ndcg_usergroup_1": 0.15299519896507263,
      "jsd_usergroup_1": 0.06291759759187698,
      "ndcg_usergroup_2": 0.16998308897018433,
      "jsd_usergroup_2": 0.07848531752824783,
      "ndcg_usergroup_3": 0.23223432898521423,
      "jsd_usergroup_3": 0.10052131861448288
    },
    "epoch_24": {
      "ndcg": 0.19561438262462616,
      "jsd": 0.0922430083155632,
      "ndcg_usergroup_1": 0.16398265957832336,
      "jsd_usergroup_1": 0.0722082182765007,
      "ndcg_usergroup_2": 0.19033284485340118,
      "jsd_usergroup_2": 0.09357905387878418,
      "ndcg_usergroup_3": 0.24309071898460388,
      "jsd_usergroup_3": 0.10826966166496277
    },
    "epoch_34": {
      "ndcg": 0.17231760919094086,
      "jsd": 0.07009710371494293,
      "ndcg_usergroup_1": 0.13907365500926971,
      "jsd_usergroup_1": 0.06683124601840973,
      "ndcg_usergroup_2": 0.17093557119369507,
      "jsd_usergroup_2": 0.07214002311229706,
      "ndcg_usergroup_3": 0.20970772206783295,
      "jsd_usergroup_3": 0.06723420321941376
    },
    "epoch_36": {
      "ndcg": 0.1762101948261261,
      "jsd": 0.06431343406438828,
      "ndcg_usergroup_1": 0.14195506274700165,
      "jsd_usergroup_1": 0.05754944682121277,
      "ndcg_usergroup_2": 0.17124374210834503,
      "jsd_usergroup_2": 0.06667529046535492,
      "ndcg_usergroup_3": 0.22536465525627136,
      "jsd_usergroup_3": 0.06399182975292206
    },
    "epoch_52": {
      "ndcg": 0.16451922059059143,
      "jsd": 0.06353641301393509,
      "ndcg_usergroup_1": 0.12595097720623016,
      "jsd_usergroup_1": 0.04963329806923866,
      "ndcg_usergroup_2": 0.15716788172721863,
      "jsd_usergroup_2": 0.06553400307893753,
      "ndcg_usergroup_3": 0.22514143586158752,
      "jsd_usergroup_3": 0.07144677639007568
    },
    "epoch_60": {
      "ndcg": 0.15918847918510437,
      "jsd": 0.06329995393753052,
      "ndcg_usergroup_1": 0.11935057491064072,
      "jsd_usergroup_1": 0.05014024302363396,
      "ndcg_usergroup_2": 0.15185366570949554,
      "jsd_usergroup_2": 0.06553918868303299,
      "ndcg_usergroup_3": 0.2210308164358139,
      "jsd_usergroup_3": 0.06974192708730698
    }
  }
}