{
  "base_recommendations": {
    "ndcg": 0.2663273811340332,
    "jsd": 0.12193825840950012,
    "ndcg_usergroup_1": 0.21388721466064453,
    "jsd_usergroup_1": 0.11441239714622498,
    "ndcg_usergroup_2": 0.256170392036438,
    "jsd_usergroup_2": 0.12063903361558914,
    "ndcg_usergroup_3": 0.34923845529556274,
    "jsd_usergroup_3": 0.13336177170276642
  },
  "postprocessed": {},
  "finetuned": {
    "epoch_1": {
      "ndcg": 0.1821063607931137,
      "jsd": 0.087361641228199,
      "ndcg_usergroup_1": 0.16111543774604797,
      "jsd_usergroup_1": 0.07729233801364899,
      "ndcg_usergroup_2": 0.17062154412269592,
      "jsd_usergroup_2": 0.08972980827093124,
      "ndcg_usergroup_3": 0.23755165934562683,
      "jsd_usergroup_3": 0.0903264582157135
    },
    "epoch_2": {
      "ndcg": 0.16016578674316406,
      "jsd": 0.07665716111660004,
      "ndcg_usergroup_1": 0.15089909732341766,
      "jsd_usergroup_1": 0.06780044734477997,
      "ndcg_usergroup_2": 0.1513480544090271,
      "jsd_usergroup_2": 0.07969990372657776,
      "ndcg_usergroup_3": 0.19588565826416016,
      "jsd_usergroup_3": 0.07638563960790634
    },
    "epoch_3": {
      "ndcg": 0.16116772592067719,
      "jsd": 0.06935850530862808,
      "ndcg_usergroup_1": 0.15716560184955597,
      "jsd_usergroup_1": 0.06306710094213486,
      "ndcg_usergroup_2": 0.15053951740264893,
      "jsd_usergroup_2": 0.07258686423301697,
      "ndcg_usergroup_3": 0.1970544457435608,
      "jsd_usergroup_3": 0.06596480309963226
    },
    "epoch_4": {
      "ndcg": 0.16643504798412323,
      "jsd": 0.06620035320520401,
      "ndcg_usergroup_1": 0.1639104187488556,
      "jsd_usergroup_1": 0.05858992412686348,
      "ndcg_usergroup_2": 0.157523512840271,
      "jsd_usergroup_2": 0.06771580129861832,
      "ndcg_usergroup_3": 0.19569429755210876,
      "jsd_usergroup_3": 0.06926444172859192
    },
    "epoch_5": {
      "ndcg": 0.17383144795894623,
      "jsd": 0.06320372223854065,
      "ndcg_usergroup_1": 0.17144489288330078,
      "jsd_usergroup_1": 0.05558544397354126,
      "ndcg_usergroup_2": 0.1641463339328766,
      "jsd_usergroup_2": 0.06380471587181091,
      "ndcg_usergroup_3": 0.2052733600139618,
      "jsd_usergroup_3": 0.06901904195547104
    },
    "epoch_6": {
      "ndcg": 0.1849757581949234,
      "jsd": 0.06189673766493797,
      "ndcg_usergroup_1": 0.1840655654668808,
      "jsd_usergroup_1": 0.05741427466273308,
      "ndcg_usergroup_2": 0.17484243214130402,
      "jsd_usergroup_2": 0.06125054880976677,
      "ndcg_usergroup_3": 0.21628591418266296,
      "jsd_usergroup_3": 0.06831775605678558
    },
    "epoch_7": {
      "ndcg": 0.19045118987560272,
      "jsd": 0.05733594670891762,
      "ndcg_usergroup_1": 0.18505282700061798,
      "jsd_usergroup_1": 0.05179600417613983,
      "ndcg_usergroup_2": 0.18032456934452057,
      "jsd_usergroup_2": 0.05709939822554588,
      "ndcg_usergroup_3": 0.22622938454151154,
      "jsd_usergroup_3": 0.06358552724123001
    },
    "epoch_8": {
      "ndcg": 0.19025321304798126,
      "jsd": 0.05970203876495361,
      "ndcg_usergroup_1": 0.1878182590007782,
      "jsd_usergroup_1": 0.04993998631834984,
      "ndcg_usergroup_2": 0.17962723970413208,
      "jsd_usergroup_2": 0.05903017520904541,
      "ndcg_usergroup_3": 0.2245660424232483,
      "jsd_usergroup_3": 0.0714796707034111
    },
    "epoch_9": {
      "ndcg": 0.1991187334060669,
      "jsd": 0.05580443888902664,
      "ndcg_usergroup_1": 0.18950611352920532,
      "jsd_usergroup_1": 0.050159286707639694,
      "ndcg_usergroup_2": 0.18914204835891724,
      "jsd_usergroup_2": 0.05502738431096077,
      "ndcg_usergroup_3": 0.23866140842437744,
      "jsd_usergroup_3": 0.0637807622551918
    },
    "epoch_10": {
      "ndcg": 0.200072780251503,
      "jsd": 0.0561821311712265,
      "ndcg_usergroup_1": 0.1936744600534439,
      "jsd_usergroup_1": 0.051255933940410614,
      "ndcg_usergroup_2": 0.1892981082201004,
      "jsd_usergroup_2": 0.0544363334774971,
      "ndcg_usergroup_3": 0.23879504203796387,
      "jsd_usergroup_3": 0.0663456916809082
    },
    "epoch_11": {
      "ndcg": 0.20389515161514282,
      "jsd": 0.05607739835977554,
      "ndcg_usergroup_1": 0.19466064870357513,
      "jsd_usergroup_1": 0.05300084874033928,
      "ndcg_usergroup_2": 0.19424578547477722,
      "jsd_usergroup_2": 0.053462736308574677,
      "ndcg_usergroup_3": 0.2420778125524521,
      "jsd_usergroup_3": 0.06699792295694351
    },
    "epoch_12": {
      "ndcg": 0.20397540926933289,
      "jsd": 0.0558154471218586,
      "ndcg_usergroup_1": 0.19271822273731232,
      "jsd_usergroup_1": 0.04979370906949043,
      "ndcg_usergroup_2": 0.19323714077472687,
      "jsd_usergroup_2": 0.05487148091197014,
      "ndcg_usergroup_3": 0.2474474310874939,
      "jsd_usergroup_3": 0.06466908752918243
    },
    "epoch_13": {
      "ndcg": 0.2058807611465454,
      "jsd": 0.05948726832866669,
      "ndcg_usergroup_1": 0.20116615295410156,
      "jsd_usergroup_1": 0.05836834758520126,
      "ndcg_usergroup_2": 0.19751326739788055,
      "jsd_usergroup_2": 0.055441614240407944,
      "ndcg_usergroup_3": 0.23569786548614502,
      "jsd_usergroup_3": 0.07274314016103745
    },
    "epoch_14": {
      "ndcg": 0.20658236742019653,
      "jsd": 0.057845257222652435,
      "ndcg_usergroup_1": 0.19562508165836334,
      "jsd_usergroup_1": 0.05421235412359238,
      "ndcg_usergroup_2": 0.1970813125371933,
      "jsd_usergroup_2": 0.05527976155281067,
      "ndcg_usergroup_3": 0.24604277312755585,
      "jsd_usergroup_3": 0.0691746324300766
    },
    "epoch_17": {
      "ndcg": 0.20910148322582245,
      "jsd": 0.05726734921336174,
      "ndcg_usergroup_1": 0.1960018277168274,
      "jsd_usergroup_1": 0.049218323081731796,
      "ndcg_usergroup_2": 0.20116156339645386,
      "jsd_usergroup_2": 0.05564612150192261,
      "ndcg_usergroup_3": 0.24602080881595612,
      "jsd_usergroup_3": 0.07018004357814789
    },
    "epoch_19": {
      "ndcg": 0.20863257348537445,
      "jsd": 0.05593174323439598,
      "ndcg_usergroup_1": 0.1977868676185608,
      "jsd_usergroup_1": 0.04918242618441582,
      "ndcg_usergroup_2": 0.20022697746753693,
      "jsd_usergroup_2": 0.053273480385541916,
      "ndcg_usergroup_3": 0.2446950376033783,
      "jsd_usergroup_3": 0.07065584510564804
    },
    "epoch_20": {
      "ndcg": 0.2064976990222931,
      "jsd": 0.05557743087410927,
      "ndcg_usergroup_1": 0.19041164219379425,
      "jsd_usergroup_1": 0.046830810606479645,
      "ndcg_usergroup_2": 0.19644252955913544,
      "jsd_usergroup_2": 0.055607251822948456,
      "ndcg_usergroup_3": 0.2527492642402649,
      "jsd_usergroup_3": 0.06423460692167282
    },
    "epoch_23": {
      "ndcg": 0.2044696807861328,
      "jsd": 0.05371204391121864,
      "ndcg_usergroup_1": 0.18803100287914276,
      "jsd_usergroup_1": 0.045784033834934235,
      "ndcg_usergroup_2": 0.19402778148651123,
      "jsd_usergroup_2": 0.05267229676246643,
      "ndcg_usergroup_3": 0.2522340416908264,
      "jsd_usergroup_3": 0.06475930660963058
    }
  }
}