{
  "base_recommendations": {
    "ndcg": 0.2663273811340332,
    "jsd": 0.12193825840950012,
    "ndcg_usergroup_1": 0.21388721466064453,
    "jsd_usergroup_1": 0.11441239714622498,
    "ndcg_usergroup_2": 0.256170392036438,
    "jsd_usergroup_2": 0.12063903361558914,
    "ndcg_usergroup_3": 0.34923845529556274,
    "jsd_usergroup_3": 0.13336177170276642
  },
  "postprocessed": {},
  "finetuned": {
    "epoch_1": {
      "ndcg": 0.22321757674217224,
      "jsd": 0.09419816732406616,
      "ndcg_usergroup_1": 0.18844927847385406,
      "jsd_usergroup_1": 0.07908350974321365,
      "ndcg_usergroup_2": 0.21032175421714783,
      "jsd_usergroup_2": 0.09469207376241684,
      "ndcg_usergroup_3": 0.2966732978820801,
      "jsd_usergroup_3": 0.10783109813928604
    },
    "epoch_2": {
      "ndcg": 0.1881541758775711,
      "jsd": 0.08523741364479065,
      "ndcg_usergroup_1": 0.16283288598060608,
      "jsd_usergroup_1": 0.07464604824781418,
      "ndcg_usergroup_2": 0.1780843883752823,
      "jsd_usergroup_2": 0.08653843402862549,
      "ndcg_usergroup_3": 0.24368475377559662,
      "jsd_usergroup_3": 0.0919257178902626
    },
    "epoch_3": {
      "ndcg": 0.16936196386814117,
      "jsd": 0.07783044874668121,
      "ndcg_usergroup_1": 0.14940394461154938,
      "jsd_usergroup_1": 0.07119840383529663,
      "ndcg_usergroup_2": 0.15972785651683807,
      "jsd_usergroup_2": 0.07985937595367432,
      "ndcg_usergroup_3": 0.21822220087051392,
      "jsd_usergroup_3": 0.07837571948766708
    },
    "epoch_4": {
      "ndcg": 0.16052062809467316,
      "jsd": 0.0688152015209198,
      "ndcg_usergroup_1": 0.14924517273902893,
      "jsd_usergroup_1": 0.0642506331205368,
      "ndcg_usergroup_2": 0.15133623778820038,
      "jsd_usergroup_2": 0.07124608755111694,
      "ndcg_usergroup_3": 0.19934920966625214,
      "jsd_usergroup_3": 0.06608706712722778
    },
    "epoch_5": {
      "ndcg": 0.1530388593673706,
      "jsd": 0.06730946153402328,
      "ndcg_usergroup_1": 0.139897882938385,
      "jsd_usergroup_1": 0.06867517530918121,
      "ndcg_usergroup_2": 0.1428673416376114,
      "jsd_usergroup_2": 0.06910339742898941,
      "ndcg_usergroup_3": 0.19669435918331146,
      "jsd_usergroup_3": 0.060561906546354294
    },
    "epoch_6": {
      "ndcg": 0.15757006406784058,
      "jsd": 0.061408087611198425,
      "ndcg_usergroup_1": 0.1505063772201538,
      "jsd_usergroup_1": 0.059149369597435,
      "ndcg_usergroup_2": 0.14819768071174622,
      "jsd_usergroup_2": 0.0631525069475174,
      "ndcg_usergroup_3": 0.19275085628032684,
      "jsd_usergroup_3": 0.05843354016542435
    },
    "epoch_7": {
      "ndcg": 0.15985797345638275,
      "jsd": 0.056625913828611374,
      "ndcg_usergroup_1": 0.1507272571325302,
      "jsd_usergroup_1": 0.05469924211502075,
      "ndcg_usergroup_2": 0.15056821703910828,
      "jsd_usergroup_2": 0.05836690962314606,
      "ndcg_usergroup_3": 0.19685791432857513,
      "jsd_usergroup_3": 0.05332959443330765
    },
    "epoch_9": {
      "ndcg": 0.15323929488658905,
      "jsd": 0.05443386733531952,
      "ndcg_usergroup_1": 0.14966727793216705,
      "jsd_usergroup_1": 0.051541417837142944,
      "ndcg_usergroup_2": 0.1416914016008377,
      "jsd_usergroup_2": 0.05591118335723877,
      "ndcg_usergroup_3": 0.1914549171924591,
      "jsd_usergroup_3": 0.05289437249302864
    },
    "epoch_10": {
      "ndcg": 0.15293003618717194,
      "jsd": 0.05398472771048546,
      "ndcg_usergroup_1": 0.1531725972890854,
      "jsd_usergroup_1": 0.04849531874060631,
      "ndcg_usergroup_2": 0.14139771461486816,
      "jsd_usergroup_2": 0.05580301582813263,
      "ndcg_usergroup_3": 0.18728439509868622,
      "jsd_usergroup_3": 0.05401928350329399
    },
    "epoch_11": {
      "ndcg": 0.1526041179895401,
      "jsd": 0.05196664109826088,
      "ndcg_usergroup_1": 0.1493343859910965,
      "jsd_usergroup_1": 0.04633104056119919,
      "ndcg_usergroup_2": 0.14213070273399353,
      "jsd_usergroup_2": 0.05370355397462845,
      "ndcg_usergroup_3": 0.18729406595230103,
      "jsd_usergroup_3": 0.05239150673151016
    },
    "epoch_12": {
      "ndcg": 0.15293525159358978,
      "jsd": 0.05010722577571869,
      "ndcg_usergroup_1": 0.15066927671432495,
      "jsd_usergroup_1": 0.044691842049360275,
      "ndcg_usergroup_2": 0.14208772778511047,
      "jsd_usergroup_2": 0.051734816282987595,
      "ndcg_usergroup_3": 0.18774381279945374,
      "jsd_usergroup_3": 0.050639841705560684
    },
    "epoch_16": {
      "ndcg": 0.15566518902778625,
      "jsd": 0.049892738461494446,
      "ndcg_usergroup_1": 0.15357497334480286,
      "jsd_usergroup_1": 0.04224960878491402,
      "ndcg_usergroup_2": 0.14353902637958527,
      "jsd_usergroup_2": 0.05166054144501686,
      "ndcg_usergroup_3": 0.1941339075565338,
      "jsd_usergroup_3": 0.05223246291279793
    },
    "epoch_20": {
      "ndcg": 0.15646061301231384,
      "jsd": 0.0495363250374794,
      "ndcg_usergroup_1": 0.15538519620895386,
      "jsd_usergroup_1": 0.039176393300294876,
      "ndcg_usergroup_2": 0.14513759315013885,
      "jsd_usergroup_2": 0.051948998123407364,
      "ndcg_usergroup_3": 0.1915050595998764,
      "jsd_usergroup_3": 0.052658237516880035
    },
    "epoch_22": {
      "ndcg": 0.15715426206588745,
      "jsd": 0.048623912036418915,
      "ndcg_usergroup_1": 0.15303577482700348,
      "jsd_usergroup_1": 0.03987643122673035,
      "ndcg_usergroup_2": 0.14620284736156464,
      "jsd_usergroup_2": 0.05062660574913025,
      "ndcg_usergroup_3": 0.19412700831890106,
      "jsd_usergroup_3": 0.05136329308152199
    }
  }
}