{
  "base_recommendations": {
    "ndcg": 0.2663273811340332,
    "jsd": 0.12193825840950012,
    "ndcg_usergroup_1": 0.21388721466064453,
    "jsd_usergroup_1": 0.11441239714622498,
    "ndcg_usergroup_2": 0.256170392036438,
    "jsd_usergroup_2": 0.12063903361558914,
    "ndcg_usergroup_3": 0.34923845529556274,
    "jsd_usergroup_3": 0.13336177170276642
  },
  "postprocessed": {},
  "finetuned": {
    "epoch_1": {
      "ndcg": 0.23919609189033508,
      "jsd": 0.09680913388729095,
      "ndcg_usergroup_1": 0.19471018016338348,
      "jsd_usergroup_1": 0.08516313880681992,
      "ndcg_usergroup_2": 0.2275867462158203,
      "jsd_usergroup_2": 0.09606292098760605,
      "ndcg_usergroup_3": 0.3185100555419922,
      "jsd_usergroup_3": 0.11069373786449432
    },
    "epoch_2": {
      "ndcg": 0.21487431228160858,
      "jsd": 0.0911809653043747,
      "ndcg_usergroup_1": 0.17951880395412445,
      "jsd_usergroup_1": 0.07828331738710403,
      "ndcg_usergroup_2": 0.20248666405677795,
      "jsd_usergroup_2": 0.09332001209259033,
      "ndcg_usergroup_3": 0.2873927652835846,
      "jsd_usergroup_3": 0.09766153991222382
    },
    "epoch_3": {
      "ndcg": 0.19793245196342468,
      "jsd": 0.08823765814304352,
      "ndcg_usergroup_1": 0.1691143661737442,
      "jsd_usergroup_1": 0.077653668820858,
      "ndcg_usergroup_2": 0.1856091171503067,
      "jsd_usergroup_2": 0.09161901473999023,
      "ndcg_usergroup_3": 0.26372048258781433,
      "jsd_usergroup_3": 0.08867756277322769
    },
    "epoch_4": {
      "ndcg": 0.1868545114994049,
      "jsd": 0.08491382002830505,
      "ndcg_usergroup_1": 0.1641121655702591,
      "jsd_usergroup_1": 0.0776667445898056,
      "ndcg_usergroup_2": 0.1748034805059433,
      "jsd_usergroup_2": 0.08831813931465149,
      "ndcg_usergroup_3": 0.24574996531009674,
      "jsd_usergroup_3": 0.0819479301571846
    },
    "epoch_5": {
      "ndcg": 0.17843018472194672,
      "jsd": 0.08170244097709656,
      "ndcg_usergroup_1": 0.1599607616662979,
      "jsd_usergroup_1": 0.0757824182510376,
      "ndcg_usergroup_2": 0.1667117029428482,
      "jsd_usergroup_2": 0.0845436230301857,
      "ndcg_usergroup_3": 0.23205508291721344,
      "jsd_usergroup_3": 0.07909894734621048
    },
    "epoch_6": {
      "ndcg": 0.17283868789672852,
      "jsd": 0.07919777184724808,
      "ndcg_usergroup_1": 0.15806202590465546,
      "jsd_usergroup_1": 0.0731707438826561,
      "ndcg_usergroup_2": 0.16243264079093933,
      "jsd_usergroup_2": 0.08208110183477402,
      "ndcg_usergroup_3": 0.21883346140384674,
      "jsd_usergroup_3": 0.07657479494810104
    },
    "epoch_7": {
      "ndcg": 0.16809017956256866,
      "jsd": 0.07676737010478973,
      "ndcg_usergroup_1": 0.1555938869714737,
      "jsd_usergroup_1": 0.07252002507448196,
      "ndcg_usergroup_2": 0.15732441842556,
      "jsd_usergroup_2": 0.07926579564809799,
      "ndcg_usergroup_3": 0.21288380026817322,
      "jsd_usergroup_3": 0.07351943105459213
    },
    "epoch_8": {
      "ndcg": 0.16596394777297974,
      "jsd": 0.07368160784244537,
      "ndcg_usergroup_1": 0.1523948758840561,
      "jsd_usergroup_1": 0.06972464919090271,
      "ndcg_usergroup_2": 0.155791774392128,
      "jsd_usergroup_2": 0.07674277573823929,
      "ndcg_usergroup_3": 0.2100495547056198,
      "jsd_usergroup_3": 0.06845508515834808
    },
    "epoch_9": {
      "ndcg": 0.16462410986423492,
      "jsd": 0.07119432091712952,
      "ndcg_usergroup_1": 0.1523202359676361,
      "jsd_usergroup_1": 0.06908128410577774,
      "ndcg_usergroup_2": 0.15493308007717133,
      "jsd_usergroup_2": 0.07289593666791916,
      "ndcg_usergroup_3": 0.20600101351737976,
      "jsd_usergroup_3": 0.06820250302553177
    },
    "epoch_10": {
      "ndcg": 0.16255733370780945,
      "jsd": 0.07004974037408829,
      "ndcg_usergroup_1": 0.1521812528371811,
      "jsd_usergroup_1": 0.06668750196695328,
      "ndcg_usergroup_2": 0.15304319560527802,
      "jsd_usergroup_2": 0.07237163931131363,
      "ndcg_usergroup_3": 0.2014758586883545,
      "jsd_usergroup_3": 0.06644628942012787
    },
    "epoch_11": {
      "ndcg": 0.1623794436454773,
      "jsd": 0.06663800030946732,
      "ndcg_usergroup_1": 0.14997419714927673,
      "jsd_usergroup_1": 0.06497704982757568,
      "ndcg_usergroup_2": 0.1533205807209015,
      "jsd_usergroup_2": 0.06832773238420486,
      "ndcg_usergroup_3": 0.2019612193107605,
      "jsd_usergroup_3": 0.0632297471165657
    },
    "epoch_12": {
      "ndcg": 0.16301019489765167,
      "jsd": 0.06594276428222656,
      "ndcg_usergroup_1": 0.1531812697649002,
      "jsd_usergroup_1": 0.06430114805698395,
      "ndcg_usergroup_2": 0.15408533811569214,
      "jsd_usergroup_2": 0.06781399995088577,
      "ndcg_usergroup_3": 0.19961366057395935,
      "jsd_usergroup_3": 0.06197068467736244
    },
    "epoch_13": {
      "ndcg": 0.16286687552928925,
      "jsd": 0.06496178358793259,
      "ndcg_usergroup_1": 0.1532120555639267,
      "jsd_usergroup_1": 0.06259378790855408,
      "ndcg_usergroup_2": 0.15392623841762543,
      "jsd_usergroup_2": 0.06672333180904388,
      "ndcg_usergroup_3": 0.19934365153312683,
      "jsd_usergroup_3": 0.06204511597752571
    },
    "epoch_14": {
      "ndcg": 0.1631074845790863,
      "jsd": 0.06398195028305054,
      "ndcg_usergroup_1": 0.1537082940340042,
      "jsd_usergroup_1": 0.06077858805656433,
      "ndcg_usergroup_2": 0.15340910851955414,
      "jsd_usergroup_2": 0.06628727912902832,
      "ndcg_usergroup_3": 0.2016018033027649,
      "jsd_usergroup_3": 0.06026936322450638
    },
    "epoch_15": {
      "ndcg": 0.16544514894485474,
      "jsd": 0.06153000518679619,
      "ndcg_usergroup_1": 0.15780037641525269,
      "jsd_usergroup_1": 0.05743534490466118,
      "ndcg_usergroup_2": 0.15672233700752258,
      "jsd_usergroup_2": 0.06348701566457748,
      "ndcg_usergroup_3": 0.19925835728645325,
      "jsd_usergroup_3": 0.059753645211458206
    },
    "epoch_16": {
      "ndcg": 0.166317418217659,
      "jsd": 0.060008443892002106,
      "ndcg_usergroup_1": 0.15628746151924133,
      "jsd_usergroup_1": 0.05742569640278816,
      "ndcg_usergroup_2": 0.15762846171855927,
      "jsd_usergroup_2": 0.06130353361368179,
      "ndcg_usergroup_3": 0.20241422951221466,
      "jsd_usergroup_3": 0.05870591104030609
    },
    "epoch_18": {
      "ndcg": 0.16835825145244598,
      "jsd": 0.05951910465955734,
      "ndcg_usergroup_1": 0.15973375737667084,
      "jsd_usergroup_1": 0.05584469810128212,
      "ndcg_usergroup_2": 0.1587555855512619,
      "jsd_usergroup_2": 0.06099630147218704,
      "ndcg_usergroup_3": 0.20579072833061218,
      "jsd_usergroup_3": 0.058761924505233765
    },
    "epoch_20": {
      "ndcg": 0.17269302904605865,
      "jsd": 0.05815761163830757,
      "ndcg_usergroup_1": 0.16141030192375183,
      "jsd_usergroup_1": 0.05587804690003395,
      "ndcg_usergroup_2": 0.1631755530834198,
      "jsd_usergroup_2": 0.05919935554265976,
      "ndcg_usergroup_3": 0.21252819895744324,
      "jsd_usergroup_3": 0.05731196701526642
    },
    "epoch_22": {
      "ndcg": 0.17523568868637085,
      "jsd": 0.057633090764284134,
      "ndcg_usergroup_1": 0.16500112414360046,
      "jsd_usergroup_1": 0.05434216931462288,
      "ndcg_usergroup_2": 0.16519111394882202,
      "jsd_usergroup_2": 0.058767080307006836,
      "ndcg_usergroup_3": 0.21560414135456085,
      "jsd_usergroup_3": 0.057522036135196686
    },
    "epoch_23": {
      "ndcg": 0.1758638322353363,
      "jsd": 0.05745117738842964,
      "ndcg_usergroup_1": 0.16788369417190552,
      "jsd_usergroup_1": 0.0528506338596344,
      "ndcg_usergroup_2": 0.16566351056098938,
      "jsd_usergroup_2": 0.05868072435259819,
      "ndcg_usergroup_3": 0.21444499492645264,
      "jsd_usergroup_3": 0.05836306884884834
    },
    "epoch_24": {
      "ndcg": 0.17809921503067017,
      "jsd": 0.056473396718502045,
      "ndcg_usergroup_1": 0.16966113448143005,
      "jsd_usergroup_1": 0.0532493032515049,