{
  "base_recommendations": {
    "ndcg": 0.2663273811340332,
    "jsd": 0.12193825840950012,
    "ndcg_usergroup_1": 0.21388721466064453,
    "jsd_usergroup_1": 0.11441239714622498,
    "ndcg_usergroup_2": 0.256170392036438,
    "jsd_usergroup_2": 0.12063903361558914,
    "ndcg_usergroup_3": 0.34923845529556274,
    "jsd_usergroup_3": 0.13336177170276642
  },
  "postprocessed": {},
  "finetuned": {
    "epoch_1": {
      "ndcg": 0.12274456769227982,
      "jsd": 0.13859392702579498,
      "ndcg_usergroup_1": 0.15181048214435577,
      "jsd_usergroup_1": 0.07678039371967316,
      "ndcg_usergroup_2": 0.1115681529045105,
      "jsd_usergroup_2": 0.14097778499126434,
      "ndcg_usergroup_3": 0.1272079199552536,
      "jsd_usergroup_3": 0.19325578212738037
    },
    "epoch_2": {
      "ndcg": 0.21688437461853027,
      "jsd": 0.08820170164108276,
      "ndcg_usergroup_1": 0.18892259895801544,
      "jsd_usergroup_1": 0.07183805108070374,
      "ndcg_usergroup_2": 0.20487596094608307,
      "jsd_usergroup_2": 0.08062098920345306,
      "ndcg_usergroup_3": 0.2808714210987091,
      "jsd_usergroup_3": 0.1273074746131897
    },
    "epoch_4": {
      "ndcg": 0.22611327469348907,
      "jsd": 0.08716867119073868,
      "ndcg_usergroup_1": 0.20464985072612762,
      "jsd_usergroup_1": 0.07892512530088425,
      "ndcg_usergroup_2": 0.22036820650100708,
      "jsd_usergroup_2": 0.07776524126529694,
      "ndcg_usergroup_3": 0.2648118734359741,
      "jsd_usergroup_3": 0.12362249940633774
    },
    "epoch_6": {
      "ndcg": 0.23498256504535675,
      "jsd": 0.08597459644079208,
      "ndcg_usergroup_1": 0.2045198678970337,
      "jsd_usergroup_1": 0.09639433026313782,
      "ndcg_usergroup_2": 0.22817794978618622,
      "jsd_usergroup_2": 0.08032266795635223,
      "ndcg_usergroup_3": 0.285859078168869,
      "jsd_usergroup_3": 0.09251061081886292
    },
    "epoch_8": {
      "ndcg": 0.23989205062389374,
      "jsd": 0.10297121852636337,
      "ndcg_usergroup_1": 0.20336830615997314,
      "jsd_usergroup_1": 0.10825080424547195,
      "ndcg_usergroup_2": 0.22902993857860565,
      "jsd_usergroup_2": 0.09475264698266983,
      "ndcg_usergroup_3": 0.3090021312236786,
      "jsd_usergroup_3": 0.12234731763601303
    },
    "epoch_10": {
      "ndcg": 0.23696216940879822,
      "jsd": 0.13287487626075745,
      "ndcg_usergroup_1": 0.20173728466033936,
      "jsd_usergroup_1": 0.140573650598526,
      "ndcg_usergroup_2": 0.2318340539932251,
      "jsd_usergroup_2": 0.12594611942768097,
      "ndcg_usergroup_3": 0.28757143020629883,
      "jsd_usergroup_3": 0.14596228301525116
    },
    "epoch_20": {
      "ndcg": 0.23815478384494781,
      "jsd": 0.11432748287916183,
      "ndcg_usergroup_1": 0.19628117978572845,
      "jsd_usergroup_1": 0.10396430641412735,
      "ndcg_usergroup_2": 0.229231059551239,
      "jsd_usergroup_2": 0.11177302896976471,
      "ndcg_usergroup_3": 0.3067995309829712,
      "jsd_usergroup_3": 0.1323539763689041
    },
    "epoch_50": {
      "ndcg": 0.20784099400043488,
      "jsd": 0.08483267575502396,
      "ndcg_usergroup_1": 0.15747523307800293,
      "jsd_usergroup_1": 0.05689379200339317,
      "ndcg_usergroup_2": 0.19833067059516907,
      "jsd_usergroup_2": 0.0849456787109375,
      "ndcg_usergroup_3": 0.2867377698421478,
      "jsd_usergroup_3": 0.11243253946304321
    },
    "epoch_64": {
      "ndcg": 0.20549403131008148,
      "jsd": 0.08423276990652084,
      "ndcg_usergroup_1": 0.15242746472358704,
      "jsd_usergroup_1": 0.05668802931904793,
      "ndcg_usergroup_2": 0.19576577842235565,
      "jsd_usergroup_2": 0.08482982218265533,
      "ndcg_usergroup_3": 0.2877453565597534,
      "jsd_usergroup_3": 0.1099863350391388
    },
    "epoch_68": {
      "ndcg": 0.20880980789661407,
      "jsd": 0.08265188336372375,
      "ndcg_usergroup_1": 0.15326829254627228,
      "jsd_usergroup_1": 0.05727049708366394,
      "ndcg_usergroup_2": 0.19939029216766357,
      "jsd_usergroup_2": 0.08408049494028091,
      "ndcg_usergroup_3": 0.2926098704338074,
      "jsd_usergroup_3": 0.10374743491411209
    },
    "epoch_86": {
      "ndcg": 0.20152722299098969,
      "jsd": 0.08168451488018036,
      "ndcg_usergroup_1": 0.15064992010593414,
      "jsd_usergroup_1": 0.05612330511212349,
      "ndcg_usergroup_2": 0.19052784144878387,
      "jsd_usergroup_2": 0.08259911835193634,
      "ndcg_usergroup_3": 0.2854025363922119,
      "jsd_usergroup_3": 0.10450190305709839
    },
    "epoch_114": {
      "ndcg": 0.19322793185710907,
      "jsd": 0.08067922294139862,
      "ndcg_usergroup_1": 0.14186207950115204,
      "jsd_usergroup_1": 0.05575558915734291,
      "ndcg_usergroup_2": 0.18025797605514526,
      "jsd_usergroup_2": 0.08336624503135681,
      "ndcg_usergroup_3": 0.2835037410259247,
      "jsd_usergroup_3": 0.09754182398319244
    },
    "epoch_122": {
      "ndcg": 0.1930314004421234,
      "jsd": 0.0769466981291771,
      "ndcg_usergroup_1": 0.1448535919189453,
      "jsd_usergroup_1": 0.05552832409739494,
      "ndcg_usergroup_2": 0.17971277236938477,
      "jsd_usergroup_2": 0.0802002102136612,
      "ndcg_usergroup_3": 0.28116509318351746,
      "jsd_usergroup_3": 0.08860453218221664
    },
    "epoch_124": {
      "ndcg": 0.19363152980804443,
      "jsd": 0.07624553889036179,
      "ndcg_usergroup_1": 0.1438245177268982,
      "jsd_usergroup_1": 0.05603130906820297,
      "ndcg_usergroup_2": 0.1809912472963333,
      "jsd_usergroup_2": 0.08029628545045853,
      "ndcg_usergroup_3": 0.28135940432548523,
      "jsd_usergroup_3": 0.08430751413106918
    },
    "epoch_126": {
      "ndcg": 0.19043904542922974,
      "jsd": 0.07337576895952225,
      "ndcg_usergroup_1": 0.14288242161273956,
      "jsd_usergroup_1": 0.05646192654967308,
      "ndcg_usergroup_2": 0.17791734635829926,
      "jsd_usergroup_2": 0.07669606059789658,
      "ndcg_usergroup_3": 0.27556073665618896,
      "jsd_usergroup_3": 0.08032872527837753
    },
    "epoch_128": {
      "ndcg": 0.1870208978652954,
      "jsd": 0.07258373498916626,
      "ndcg_usergroup_1": 0.14010529220104218,
      "jsd_usergroup_1": 0.05533098429441452,
      "ndcg_usergroup_2": 0.17342078685760498,
      "jsd_usergroup_2": 0.07689181715250015,
      "ndcg_usergroup_3": 0.27473676204681396,
      "jsd_usergroup_3": 0.07691225409507751
    },
    "epoch_130": {
      "ndcg": 0.1861615926027298,
      "jsd": 0.06699002534151077,
      "ndcg_usergroup_1": 0.13795459270477295,
      "jsd_usergroup_1": 0.05272119864821434,
      "ndcg_usergroup_2": 0.17375606298446655,
      "jsd_usergroup_2": 0.0705048143863678,
      "ndcg_usergroup_3": 0.2715851366519928,
      "jsd_usergroup_3": 0.07071447372436523
    },
    "epoch_132": {
      "ndcg": 0.18541274964809418,
      "jsd": 0.0659431591629982,
      "ndcg_usergroup_1": 0.1410960555076599,
      "jsd_usergroup_1": 0.0521194152534008,
      "ndcg_usergroup_2": 0.1727798730134964,
      "jsd_usergroup_2": 0.06877746433019638,
      "ndcg_usergroup_3": 0.2676280438899994,
      "jsd_usergroup_3": 0.07126397639513016
    },
    "epoch_136": {
      "ndcg": 0.1841726303100586,
      "jsd": 0.06533331423997879,
      "ndcg_usergroup_1": 0.1359425038099289,
      "jsd_usergroup_1": 0.050935495644807816,
      "ndcg_usergroup_2": 0.171380415558815,
      "jsd_usergroup_2": 0.06957494467496872,
      "ndcg_usergroup_3": 0.2707793712615967,
      "jsd_usergroup_3": 0.06700625270605087
    },
    "epoch_142": {
      "ndcg": 0.17779096961021423,
      "jsd": 0.06422270089387894,
      "ndcg_usergroup_1": 0.13413383066654205,
      "jsd_usergroup_1": 0.05134847015142441,
      "ndcg_usergroup_2": 0.1645652800798416,
      "jsd_usergroup_2": 0.06790310144424438,
      "ndcg_usergroup_3": 0.2611251771450043,
      "jsd_usergroup_3": 0.06605575978755951
    },
    "epoch_144": {
      "ndcg": 0.17837318778038025,
      "jsd": 0.06336462497711182,
      "ndcg_usergroup_1": 0.13305380940437317,
      "jsd_usergroup_1": 0.04986875131726265,