{
  "base_recommendations": {
    "ndcg": 0.2663273811340332,
    "jsd": 0.12193825840950012,
    "ndcg_usergroup_1": 0.21388721466064453,
    "jsd_usergroup_1": 0.11441239714622498,
    "ndcg_usergroup_2": 0.256170392036438,
    "jsd_usergroup_2": 0.12063903361558914,
    "ndcg_usergroup_3": 0.34923845529556274,
    "jsd_usergroup_3": 0.13336177170276642
  },
  "postprocessed": {},
  "finetuned": {
    "epoch_1": {
      "ndcg": 0.21284160017967224,
      "jsd": 0.09340254217386246,
      "ndcg_usergroup_1": 0.18207873404026031,
      "jsd_usergroup_1": 0.07899375259876251,
      "ndcg_usergroup_2": 0.20071451365947723,
      "jsd_usergroup_2": 0.0940546989440918,
      "ndcg_usergroup_3": 0.2799856960773468,
      "jsd_usergroup_3": 0.10585489869117737
    },
    "epoch_2": {
      "ndcg": 0.176478311419487,
      "jsd": 0.08759313076734543,
      "ndcg_usergroup_1": 0.1616365611553192,
      "jsd_usergroup_1": 0.0782279223203659,
      "ndcg_usergroup_2": 0.16603782773017883,
      "jsd_usergroup_2": 0.0891447439789772,
      "ndcg_usergroup_3": 0.2226414531469345,
      "jsd_usergroup_3": 0.09230350703001022
    },
    "epoch_3": {
      "ndcg": 0.16052459180355072,
      "jsd": 0.08057054132223129,
      "ndcg_usergroup_1": 0.14980480074882507,
      "jsd_usergroup_1": 0.0761139839887619,
      "ndcg_usergroup_2": 0.14895951747894287,
      "jsd_usergroup_2": 0.08316782861948013,
      "ndcg_usergroup_3": 0.2059396356344223,
      "jsd_usergroup_3": 0.07723523676395416
    },
    "epoch_4": {
      "ndcg": 0.15629100799560547,
      "jsd": 0.07246901839971542,
      "ndcg_usergroup_1": 0.15149006247520447,
      "jsd_usergroup_1": 0.06762773543596268,
      "ndcg_usergroup_2": 0.1466086506843567,
      "jsd_usergroup_2": 0.07439284771680832,
      "ndcg_usergroup_3": 0.1901390105485916,
      "jsd_usergroup_3": 0.07153882086277008
    },
    "epoch_5": {
      "ndcg": 0.15549474954605103,
      "jsd": 0.06698533147573471,
      "ndcg_usergroup_1": 0.149402916431427,
      "jsd_usergroup_1": 0.06400888413190842,
      "ndcg_usergroup_2": 0.1443583220243454,
      "jsd_usergroup_2": 0.06937609612941742,
      "ndcg_usergroup_3": 0.1949959099292755,
      "jsd_usergroup_3": 0.06278950721025467
    },
    "epoch_6": {
      "ndcg": 0.16196927428245544,
      "jsd": 0.06322856992483139,
      "ndcg_usergroup_1": 0.15960079431533813,
      "jsd_usergroup_1": 0.06122726947069168,
      "ndcg_usergroup_2": 0.15206292271614075,
      "jsd_usergroup_2": 0.06459534913301468,
      "ndcg_usergroup_3": 0.19405679404735565,
      "jsd_usergroup_3": 0.06112956255674362
    },
    "epoch_7": {
      "ndcg": 0.16418249905109406,
      "jsd": 0.05940262973308563,
      "ndcg_usergroup_1": 0.16451823711395264,
      "jsd_usergroup_1": 0.057014331221580505,
      "ndcg_usergroup_2": 0.15228703618049622,
      "jsd_usergroup_2": 0.06036519259214401,
      "ndcg_usergroup_3": 0.19953308999538422,
      "jsd_usergroup_3": 0.058903247117996216
    },
    "epoch_8": {
      "ndcg": 0.1677112877368927,
      "jsd": 0.05617203935980797,
      "ndcg_usergroup_1": 0.16508305072784424,
      "jsd_usergroup_1": 0.05335787683725357,
      "ndcg_usergroup_2": 0.15605543553829193,
      "jsd_usergroup_2": 0.05678985267877579,
      "ndcg_usergroup_3": 0.2053070366382599,
      "jsd_usergroup_3": 0.0571327842772007
    },
    "epoch_9": {
      "ndcg": 0.1646653115749359,
      "jsd": 0.055284712463617325,
      "ndcg_usergroup_1": 0.16531193256378174,
      "jsd_usergroup_1": 0.052965063601732254,
      "ndcg_usergroup_2": 0.15246666967868805,
      "jsd_usergroup_2": 0.056019075214862823,
      "ndcg_usergroup_3": 0.20061460137367249,
      "jsd_usergroup_3": 0.0554012767970562
    },
    "epoch_10": {
      "ndcg": 0.17089372873306274,
      "jsd": 0.05342379957437515,
      "ndcg_usergroup_1": 0.17270024120807648,
      "jsd_usergroup_1": 0.053416572511196136,
      "ndcg_usergroup_2": 0.15949136018753052,
      "jsd_usergroup_2": 0.05179532617330551,
      "ndcg_usergroup_3": 0.20329436659812927,
      "jsd_usergroup_3": 0.05831645056605339
    },
    "epoch_11": {
      "ndcg": 0.169056236743927,
      "jsd": 0.05328439921140671,
      "ndcg_usergroup_1": 0.1667276918888092,
      "jsd_usergroup_1": 0.049588121473789215,
      "ndcg_usergroup_2": 0.15624435245990753,
      "jsd_usergroup_2": 0.05416107922792435,
      "ndcg_usergroup_3": 0.2098204493522644,
      "jsd_usergroup_3": 0.054350633174180984
    },
    "epoch_12": {
      "ndcg": 0.17152459919452667,
      "jsd": 0.053430117666721344,
      "ndcg_usergroup_1": 0.17551134526729584,
      "jsd_usergroup_1": 0.048947304487228394,
      "ndcg_usergroup_2": 0.16094303131103516,
      "jsd_usergroup_2": 0.052444130182266235,
      "ndcg_usergroup_3": 0.19928252696990967,
      "jsd_usergroup_3": 0.06087088584899902
    },
    "epoch_14": {
      "ndcg": 0.17744210362434387,
      "jsd": 0.052039433270692825,
      "ndcg_usergroup_1": 0.1778736114501953,
      "jsd_usergroup_1": 0.04669274017214775,
      "ndcg_usergroup_2": 0.1658889502286911,
      "jsd_usergroup_2": 0.051451124250888824,
      "ndcg_usergroup_3": 0.2116699516773224,
      "jsd_usergroup_3": 0.059151068329811096
    },
    "epoch_16": {
      "ndcg": 0.18030662834644318,
      "jsd": 0.05252833291888237,
      "ndcg_usergroup_1": 0.17548644542694092,
      "jsd_usergroup_1": 0.044989362359046936,
      "ndcg_usergroup_2": 0.1700918823480606,
      "jsd_usergroup_2": 0.052385713905096054,
      "ndcg_usergroup_3": 0.21577109396457672,
      "jsd_usergroup_3": 0.06049516052007675
    },
    "epoch_18": {
      "ndcg": 0.17942355573177338,
      "jsd": 0.05127667635679245,
      "ndcg_usergroup_1": 0.17574003338813782,
      "jsd_usergroup_1": 0.04285399988293648,
      "ndcg_usergroup_2": 0.16941209137439728,
      "jsd_usergroup_2": 0.050928208976984024,
      "ndcg_usergroup_3": 0.213141530752182,
      "jsd_usergroup_3": 0.060744758695364
    },
    "epoch_21": {
      "ndcg": 0.17883281409740448,
      "jsd": 0.05128685384988785,
      "ndcg_usergroup_1": 0.18052725493907928,
      "jsd_usergroup_1": 0.04278910905122757,
      "ndcg_usergroup_2": 0.16577517986297607,
      "jsd_usergroup_2": 0.052300576120615005,
      "ndcg_usergroup_3": 0.21631121635437012,
      "jsd_usergroup_3": 0.05674344673752785
    },
    "epoch_39": {
      "ndcg": 0.18039046227931976,
      "jsd": 0.05025388300418854,
      "ndcg_usergroup_1": 0.17345060408115387,
      "jsd_usergroup_1": 0.03916124626994133,
      "ndcg_usergroup_2": 0.1686098575592041,
      "jsd_usergroup_2": 0.052052129060029984,
      "ndcg_usergroup_3": 0.22267206013202667,
      "jsd_usergroup_3": 0.05595177039504051
    },
    "epoch_41": {
      "ndcg": 0.17745836079120636,
      "jsd": 0.05013185739517212,
      "ndcg_usergroup_1": 0.17108139395713806,
      "jsd_usergroup_1": 0.03807301074266434,
      "ndcg_usergroup_2": 0.16592326760292053,
      "jsd_usergroup_2": 0.05150730162858963,
      "ndcg_usergroup_3": 0.21844060719013214,
      "jsd_usergroup_3": 0.058064378798007965
    },
    "epoch_43": {
      "ndcg": 0.17913001775741577,
      "jsd": 0.04957723990082741,
      "ndcg_usergroup_1": 0.171707421541214,
      "jsd_usergroup_1": 0.03669563680887222,
      "ndcg_usergroup_2": 0.16732880473136902,
      "jsd_usergroup_2": 0.051578447222709656,
      "ndcg_usergroup_3": 0.221956267952919,
      "jsd_usergroup_3": 0.056455232203006744
    }
  }
}