{
  "base_recommendations": {
    "ndcg": 0.2663273811340332,
    "jsd": 0.12193825840950012,
    "ndcg_usergroup_1": 0.21388721466064453,
    "jsd_usergroup_1": 0.11441239714622498,
    "ndcg_usergroup_2": 0.256170392036438,
    "jsd_usergroup_2": 0.12063903361558914,
    "ndcg_usergroup_3": 0.34923845529556274,
    "jsd_usergroup_3": 0.13336177170276642
  },
  "postprocessed": {},
  "finetuned": {
    "epoch_1": {
      "ndcg": 0.1239984780550003,
      "jsd": 0.13154025375843048,
      "ndcg_usergroup_1": 0.12811671197414398,
      "jsd_usergroup_1": 0.10994871705770493,
      "ndcg_usergroup_2": 0.11771329492330551,
      "jsd_usergroup_2": 0.13315142691135406,
      "ndcg_usergroup_3": 0.13873574137687683,
      "jsd_usergroup_3": 0.1482982635498047
    },
    "epoch_2": {
      "ndcg": 0.19439685344696045,
      "jsd": 0.15042613446712494,
      "ndcg_usergroup_1": 0.17014682292938232,
      "jsd_usergroup_1": 0.08422105759382248,
      "ndcg_usergroup_2": 0.1849086731672287,
      "jsd_usergroup_2": 0.14706650376319885,
      "ndcg_usergroup_3": 0.24711143970489502,
      "jsd_usergroup_3": 0.22671014070510864
    },
    "epoch_4": {
      "ndcg": 0.1971205621957779,
      "jsd": 0.19927000999450684,
      "ndcg_usergroup_1": 0.17741245031356812,
      "jsd_usergroup_1": 0.1065109446644783,
      "ndcg_usergroup_2": 0.18601474165916443,
      "jsd_usergroup_2": 0.2137020081281662,
      "ndcg_usergroup_3": 0.2501460313796997,
      "jsd_usergroup_3": 0.2487330585718155
    },
    "epoch_6": {
      "ndcg": 0.19913055002689362,
      "jsd": 0.18410798907279968,
      "ndcg_usergroup_1": 0.18438076972961426,
      "jsd_usergroup_1": 0.11769205331802368,
      "ndcg_usergroup_2": 0.18892300128936768,
      "jsd_usergroup_2": 0.2008780539035797,
      "ndcg_usergroup_3": 0.24450291693210602,
      "jsd_usergroup_3": 0.2002137452363968
    },
    "epoch_18": {
      "ndcg": 0.18610650300979614,
      "jsd": 0.1244237869977951,
      "ndcg_usergroup_1": 0.16444715857505798,
      "jsd_usergroup_1": 0.13727813959121704,
      "ndcg_usergroup_2": 0.18256857991218567,
      "jsd_usergroup_2": 0.11602169275283813,
      "ndcg_usergroup_3": 0.21837951242923737,
      "jsd_usergroup_3": 0.1367756724357605
    },
    "epoch_20": {
      "ndcg": 0.18581019341945648,
      "jsd": 0.115381620824337,
      "ndcg_usergroup_1": 0.16809247434139252,
      "jsd_usergroup_1": 0.12651406228542328,
      "ndcg_usergroup_2": 0.1807522177696228,
      "jsd_usergroup_2": 0.11658670753240585,
      "ndcg_usergroup_3": 0.2187017947435379,
      "jsd_usergroup_3": 0.10063393414020538
    },
    "epoch_22": {
      "ndcg": 0.20361070334911346,
      "jsd": 0.08643525838851929,
      "ndcg_usergroup_1": 0.171790212392807,
      "jsd_usergroup_1": 0.09210867434740067,
      "ndcg_usergroup_2": 0.19837839901447296,
      "jsd_usergroup_2": 0.08795857429504395,
      "ndcg_usergroup_3": 0.25112804770469666,
      "jsd_usergroup_3": 0.07619190961122513
    },
    "epoch_24": {
      "ndcg": 0.20733098685741425,
      "jsd": 0.0962890237569809,
      "ndcg_usergroup_1": 0.18045181035995483,
      "jsd_usergroup_1": 0.08643066883087158,
      "ndcg_usergroup_2": 0.1988179087638855,
      "jsd_usergroup_2": 0.0992613136768341,
      "ndcg_usergroup_3": 0.2597494125366211,
      "jsd_usergroup_3": 0.0972304716706276
    },
    "epoch_32": {
      "ndcg": 0.18110238015651703,
      "jsd": 0.08161307871341705,
      "ndcg_usergroup_1": 0.16039453446865082,
      "jsd_usergroup_1": 0.06868892908096313,
      "ndcg_usergroup_2": 0.17423708736896515,
      "jsd_usergroup_2": 0.08286930620670319,
      "ndcg_usergroup_3": 0.22240608930587769,
      "jsd_usergroup_3": 0.09076856821775436
    },
    "epoch_34": {
      "ndcg": 0.18697932362556458,
      "jsd": 0.07820328325033188,
      "ndcg_usergroup_1": 0.15807293355464935,
      "jsd_usergroup_1": 0.05930987745523453,
      "ndcg_usergroup_2": 0.17939355969429016,
      "jsd_usergroup_2": 0.07936204224824905,
      "ndcg_usergroup_3": 0.23864302039146423,
      "jsd_usergroup_3": 0.0936204120516777
    }
  }
}