{
  "base_recommendations": {
    "ndcg": 0.2663273811340332,
    "jsd": 0.12193825840950012,
    "ndcg_usergroup_1": 0.21388721466064453,
    "jsd_usergroup_1": 0.11441239714622498,
    "ndcg_usergroup_2": 0.256170392036438,
    "jsd_usergroup_2": 0.12063903361558914,
    "ndcg_usergroup_3": 0.34923845529556274,
    "jsd_usergroup_3": 0.13336177170276642
  },
  "postprocessed": {},
  "finetuned": {
    "epoch_1": {
      "ndcg": 0.22465012967586517,
      "jsd": 0.08951913565397263,
      "ndcg_usergroup_1": 0.18247245252132416,
      "jsd_usergroup_1": 0.0726899579167366,
      "ndcg_usergroup_2": 0.21373528242111206,
      "jsd_usergroup_2": 0.09106342494487762,
      "ndcg_usergroup_3": 0.2995721995830536,
      "jsd_usergroup_3": 0.10171541571617126
    },
    "epoch_2": {
      "ndcg": 0.2033979594707489,
      "jsd": 0.07758039236068726,
      "ndcg_usergroup_1": 0.16194577515125275,
      "jsd_usergroup_1": 0.06898181140422821,
      "ndcg_usergroup_2": 0.1954817920923233,
      "jsd_usergroup_2": 0.07932914793491364,
      "ndcg_usergroup_3": 0.26859861612319946,
      "jsd_usergroup_3": 0.08093267679214478
    },
    "epoch_3": {
      "ndcg": 0.1885354220867157,
      "jsd": 0.07054570317268372,
      "ndcg_usergroup_1": 0.16027331352233887,
      "jsd_usergroup_1": 0.06817168742418289,
      "ndcg_usergroup_2": 0.1811993271112442,
      "jsd_usergroup_2": 0.07159359753131866,
      "ndcg_usergroup_3": 0.23880572617053986,
      "jsd_usergroup_3": 0.0697760358452797
    },
    "epoch_4": {
      "ndcg": 0.17926612496376038,
      "jsd": 0.06584474444389343,
      "ndcg_usergroup_1": 0.1521288901567459,
      "jsd_usergroup_1": 0.07053720951080322,
      "ndcg_usergroup_2": 0.17220866680145264,
      "jsd_usergroup_2": 0.0655825212597847,
      "ndcg_usergroup_3": 0.2275756448507309,
      "jsd_usergroup_3": 0.06193898618221283
    },
    "epoch_5": {
      "ndcg": 0.17391879856586456,
      "jsd": 0.06201285496354103,
      "ndcg_usergroup_1": 0.1530379056930542,
      "jsd_usergroup_1": 0.06573817133903503,
      "ndcg_usergroup_2": 0.16729603707790375,
      "jsd_usergroup_2": 0.06199940666556358,
      "ndcg_usergroup_3": 0.21466794610023499,
      "jsd_usergroup_3": 0.058327872306108475
    },
    "epoch_6": {
      "ndcg": 0.17089524865150452,
      "jsd": 0.05781322717666626,
      "ndcg_usergroup_1": 0.1532856822013855,
      "jsd_usergroup_1": 0.06288551539182663,
      "ndcg_usergroup_2": 0.1626172661781311,
      "jsd_usergroup_2": 0.05748704820871353,
      "ndcg_usergroup_3": 0.21333876252174377,
      "jsd_usergroup_3": 0.05371944606304169
    },
    "epoch_9": {
      "ndcg": 0.16692650318145752,
      "jsd": 0.051331717520952225,
      "ndcg_usergroup_1": 0.15230965614318848,
      "jsd_usergroup_1": 0.05961572751402855,
      "ndcg_usergroup_2": 0.1573616862297058,
      "jsd_usergroup_2": 0.04920423775911331,
      "ndcg_usergroup_3": 0.21023783087730408,
      "jsd_usergroup_3": 0.04943017289042473
    },
    "epoch_11": {
      "ndcg": 0.17161400616168976,
      "jsd": 0.0496559664607048,
      "ndcg_usergroup_1": 0.15365935862064362,
      "jsd_usergroup_1": 0.056425295770168304,
      "ndcg_usergroup_2": 0.16115833818912506,
      "jsd_usergroup_2": 0.047944698482751846,
      "ndcg_usergroup_3": 0.2209356427192688,
      "jsd_usergroup_3": 0.04802043363451958
    },
    "epoch_13": {
      "ndcg": 0.16967862844467163,
      "jsd": 0.04833260923624039,
      "ndcg_usergroup_1": 0.15548838675022125,
      "jsd_usergroup_1": 0.0549633651971817,
      "ndcg_usergroup_2": 0.16023226082324982,
      "jsd_usergroup_2": 0.04610290750861168,
      "ndcg_usergroup_3": 0.21220791339874268,
      "jsd_usergroup_3": 0.048390962183475494
    },
    "epoch_27": {
      "ndcg": 0.16399718821048737,
      "jsd": 0.04807113856077194,
      "ndcg_usergroup_1": 0.14717286825180054,
      "jsd_usergroup_1": 0.051021359860897064,
      "ndcg_usergroup_2": 0.15286339819431305,
      "jsd_usergroup_2": 0.04676922783255577,
      "ndcg_usergroup_3": 0.21422283351421356,
      "jsd_usergroup_3": 0.04902663826942444
    }
  }
}