{
  "base_recommendations": {
    "ndcg": 0.2663273811340332,
    "jsd": 0.12193825840950012,
    "ndcg_usergroup_1": 0.21388721466064453,
    "jsd_usergroup_1": 0.11441239714622498,
    "ndcg_usergroup_2": 0.256170392036438,
    "jsd_usergroup_2": 0.12063903361558914,
    "ndcg_usergroup_3": 0.34923845529556274,
    "jsd_usergroup_3": 0.13336177170276642
  },
  "postprocessed": {},
  "finetuned": {
    "epoch_1": {
      "ndcg": 0.17623990774154663,
      "jsd": 0.0883888304233551,
      "ndcg_usergroup_1": 0.15717726945877075,
      "jsd_usergroup_1": 0.07942172139883041,
      "ndcg_usergroup_2": 0.16527597606182098,
      "jsd_usergroup_2": 0.09102507680654526,
      "ndcg_usergroup_3": 0.22819432616233826,
      "jsd_usergroup_3": 0.08944716304540634
    },
    "epoch_2": {
      "ndcg": 0.15839006006717682,
      "jsd": 0.07844869047403336,
      "ndcg_usergroup_1": 0.1534777581691742,
      "jsd_usergroup_1": 0.07149044424295425,
      "ndcg_usergroup_2": 0.14931221306324005,
      "jsd_usergroup_2": 0.08089502900838852,
      "ndcg_usergroup_3": 0.19053587317466736,
      "jsd_usergroup_3": 0.07806795835494995
    },
    "epoch_3": {
      "ndcg": 0.15846776962280273,
      "jsd": 0.07327262312173843,
      "ndcg_usergroup_1": 0.1584988385438919,
      "jsd_usergroup_1": 0.06690336763858795,
      "ndcg_usergroup_2": 0.14859908819198608,
      "jsd_usergroup_2": 0.07688619196414948,
      "ndcg_usergroup_3": 0.1880427747964859,
      "jsd_usergroup_3": 0.06880113482475281
    },
    "epoch_4": {
      "ndcg": 0.17090000212192535,
      "jsd": 0.06756751239299774,
      "ndcg_usergroup_1": 0.1713114082813263,
      "jsd_usergroup_1": 0.06333005428314209,
      "ndcg_usergroup_2": 0.16195499897003174,
      "jsd_usergroup_2": 0.06809467077255249,
      "ndcg_usergroup_3": 0.19732359051704407,
      "jsd_usergroup_3": 0.07022351026535034
    },
    "epoch_5": {
      "ndcg": 0.17734520137310028,
      "jsd": 0.066489078104496,
      "ndcg_usergroup_1": 0.1748918741941452,
      "jsd_usergroup_1": 0.060749318450689316,
      "ndcg_usergroup_2": 0.168384850025177,
      "jsd_usergroup_2": 0.06662216037511826,
      "ndcg_usergroup_3": 0.20667964220046997,
      "jsd_usergroup_3": 0.07182957977056503
    },
    "epoch_6": {
      "ndcg": 0.1915537714958191,
      "jsd": 0.06523315608501434,
      "ndcg_usergroup_1": 0.1916077435016632,
      "jsd_usergroup_1": 0.07124099880456924,
      "ndcg_usergroup_2": 0.18223848938941956,
      "jsd_usergroup_2": 0.06221061199903488,
      "ndcg_usergroup_3": 0.2194456160068512,
      "jsd_usergroup_3": 0.06829290837049484
    },
    "epoch_7": {
      "ndcg": 0.1933431625366211,
      "jsd": 0.06159744784235954,
      "ndcg_usergroup_1": 0.1881495714187622,
      "jsd_usergroup_1": 0.06024710461497307,
      "ndcg_usergroup_2": 0.18459445238113403,
      "jsd_usergroup_2": 0.060250964015722275,
      "ndcg_usergroup_3": 0.22478288412094116,
      "jsd_usergroup_3": 0.06698723137378693
    },
    "epoch_8": {
      "ndcg": 0.19521407783031464,
      "jsd": 0.0637459084391594,
      "ndcg_usergroup_1": 0.19252309203147888,
      "jsd_usergroup_1": 0.06036704033613205,
      "ndcg_usergroup_2": 0.1858491599559784,
      "jsd_usergroup_2": 0.06075926125049591,
      "ndcg_usergroup_3": 0.22599974274635315,
      "jsd_usergroup_3": 0.07608473300933838
    },
    "epoch_9": {
      "ndcg": 0.20683418214321136,
      "jsd": 0.058203261345624924,
      "ndcg_usergroup_1": 0.19809502363204956,
      "jsd_usergroup_1": 0.06045278161764145,
      "ndcg_usergroup_2": 0.19718895852565765,
      "jsd_usergroup_2": 0.05635157227516174,
      "ndcg_usergroup_3": 0.2445090115070343,
      "jsd_usergroup_3": 0.06150881201028824
    },
    "epoch_11": {
      "ndcg": 0.21358084678649902,
      "jsd": 0.06069435924291611,
      "ndcg_usergroup_1": 0.20312638580799103,
      "jsd_usergroup_1": 0.07076846063137054,
      "ndcg_usergroup_2": 0.20400944352149963,
      "jsd_usergroup_2": 0.05590292438864708,
      "ndcg_usergroup_3": 0.2527494728565216,
      "jsd_usergroup_3": 0.06499457359313965
    },
    "epoch_13": {
      "ndcg": 0.21667347848415375,
      "jsd": 0.06289441138505936,
      "ndcg_usergroup_1": 0.20805387198925018,
      "jsd_usergroup_1": 0.07374393939971924,
      "ndcg_usergroup_2": 0.2087729573249817,
      "jsd_usergroup_2": 0.05698114633560181,
      "ndcg_usergroup_3": 0.2489945888519287,
      "jsd_usergroup_3": 0.06978465616703033
    },
    "epoch_15": {
      "ndcg": 0.2173711359500885,
      "jsd": 0.0597330778837204,
      "ndcg_usergroup_1": 0.2003689557313919,
      "jsd_usergroup_1": 0.06567715108394623,
      "ndcg_usergroup_2": 0.2110869586467743,
      "jsd_usergroup_2": 0.05545993149280548,
      "ndcg_usergroup_3": 0.2532258927822113,
      "jsd_usergroup_3": 0.06660841405391693
    },
    "epoch_23": {
      "ndcg": 0.21467570960521698,
      "jsd": 0.05711794272065163,
      "ndcg_usergroup_1": 0.19973352551460266,
      "jsd_usergroup_1": 0.0606980100274086,
      "ndcg_usergroup_2": 0.20548485219478607,
      "jsd_usergroup_2": 0.05248183012008667,
      "ndcg_usergroup_3": 0.25719043612480164,
      "jsd_usergroup_3": 0.06744618713855743
    },
    "epoch_32": {
      "ndcg": 0.20397590100765228,
      "jsd": 0.05702138692140579,
      "ndcg_usergroup_1": 0.1820826530456543,
      "jsd_usergroup_1": 0.053265344351530075,
      "ndcg_usergroup_2": 0.1952674239873886,
      "jsd_usergroup_2": 0.05439886450767517,
      "ndcg_usergroup_3": 0.25199460983276367,
      "jsd_usergroup_3": 0.06864502280950546
    },
    "epoch_41": {
      "ndcg": 0.19679705798625946,
      "jsd": 0.056427448987960815,
      "ndcg_usergroup_1": 0.17415401339530945,
      "jsd_usergroup_1": 0.04965168982744217,
      "ndcg_usergroup_2": 0.18610601127147675,
      "jsd_usergroup_2": 0.05444509536027908,
      "ndcg_usergroup_3": 0.25151318311691284,
      "jsd_usergroup_3": 0.06915025413036346
    },
    "epoch_65": {
      "ndcg": 0.1808653622865677,
      "jsd": 0.05589576065540314,
      "ndcg_usergroup_1": 0.15135972201824188,
      "jsd_usergroup_1": 0.04517768323421478,
      "ndcg_usergroup_2": 0.16830070316791534,
      "jsd_usergroup_2": 0.05680983513593674,
      "ndcg_usergroup_3": 0.24806486070156097,
      "jsd_usergroup_3": 0.06387157738208771
    }
  }
}