{
  "base_recommendations": {
    "ndcg": 0.2663273811340332,
    "jsd": 0.12193825840950012,
    "ndcg_usergroup_1": 0.21388721466064453,
    "jsd_usergroup_1": 0.11441239714622498,
    "ndcg_usergroup_2": 0.256170392036438,
    "jsd_usergroup_2": 0.12063903361558914,
    "ndcg_usergroup_3": 0.34923845529556274,
    "jsd_usergroup_3": 0.13336177170276642
  },
  "postprocessed": {},
  "finetuned": {
    "epoch_1": {
      "ndcg": 0.24152971804141998,
      "jsd": 0.09788858890533447,
      "ndcg_usergroup_1": 0.19656801223754883,
      "jsd_usergroup_1": 0.08653009682893753,
      "ndcg_usergroup_2": 0.2302040308713913,
      "jsd_usergroup_2": 0.09703734517097473,
      "ndcg_usergroup_3": 0.3204684555530548,
      "jsd_usergroup_3": 0.11180079728364944
    },
    "epoch_2": {
      "ndcg": 0.21756836771965027,
      "jsd": 0.09111439436674118,
      "ndcg_usergroup_1": 0.18050649762153625,
      "jsd_usergroup_1": 0.07756267488002777,
      "ndcg_usergroup_2": 0.20524489879608154,
      "jsd_usergroup_2": 0.0928041934967041,
      "ndcg_usergroup_3": 0.29160070419311523,
      "jsd_usergroup_3": 0.09959673136472702
    },
    "epoch_3": {
      "ndcg": 0.20118464529514313,
      "jsd": 0.08732075244188309,
      "ndcg_usergroup_1": 0.17131206393241882,
      "jsd_usergroup_1": 0.07554247230291367,
      "ndcg_usergroup_2": 0.18889012932777405,
      "jsd_usergroup_2": 0.09051653742790222,
      "ndcg_usergroup_3": 0.2679407596588135,
      "jsd_usergroup_3": 0.08951165527105331
    },
    "epoch_4": {
      "ndcg": 0.19182224571704865,
      "jsd": 0.08258306235074997,
      "ndcg_usergroup_1": 0.16618193686008453,
      "jsd_usergroup_1": 0.07388532906770706,
      "ndcg_usergroup_2": 0.1802283227443695,
      "jsd_usergroup_2": 0.08557421714067459,
      "ndcg_usergroup_3": 0.2522442042827606,
      "jsd_usergroup_3": 0.08230726420879364
    },
    "epoch_5": {
      "ndcg": 0.18321052193641663,
      "jsd": 0.07964189350605011,
      "ndcg_usergroup_1": 0.1607576608657837,
      "jsd_usergroup_1": 0.07403054088354111,
      "ndcg_usergroup_2": 0.17213568091392517,
      "jsd_usergroup_2": 0.08222682029008865,
      "ndcg_usergroup_3": 0.23888786137104034,
      "jsd_usergroup_3": 0.07749848812818527
    },
    "epoch_6": {
      "ndcg": 0.17743295431137085,
      "jsd": 0.07668015360832214,
      "ndcg_usergroup_1": 0.15785475075244904,
      "jsd_usergroup_1": 0.07238226383924484,
      "ndcg_usergroup_2": 0.16669771075248718,
      "jsd_usergroup_2": 0.07858211547136307,
      "ndcg_usergroup_3": 0.22921690344810486,
      "jsd_usergroup_3": 0.07527217268943787
    },
    "epoch_7": {
      "ndcg": 0.1733071506023407,
      "jsd": 0.07415178418159485,
      "ndcg_usergroup_1": 0.15460196137428284,
      "jsd_usergroup_1": 0.0693039819598198,
      "ndcg_usergroup_2": 0.16269685328006744,
      "jsd_usergroup_2": 0.07671564817428589,
      "ndcg_usergroup_3": 0.22384324669837952,
      "jsd_usergroup_3": 0.07130800932645798
    },
    "epoch_8": {
      "ndcg": 0.16950289905071259,
      "jsd": 0.07186192274093628,
      "ndcg_usergroup_1": 0.1521972119808197,
      "jsd_usergroup_1": 0.06849826127290726,
      "ndcg_usergroup_2": 0.15937571227550507,
      "jsd_usergroup_2": 0.07395279407501221,
      "ndcg_usergroup_3": 0.21719011664390564,
      "jsd_usergroup_3": 0.06895296275615692
    },
    "epoch_9": {
      "ndcg": 0.16838976740837097,
      "jsd": 0.06957219541072845,
      "ndcg_usergroup_1": 0.15210306644439697,
      "jsd_usergroup_1": 0.06706668436527252,
      "ndcg_usergroup_2": 0.15788860619068146,
      "jsd_usergroup_2": 0.07131887227296829,
      "ndcg_usergroup_3": 0.21617990732192993,
      "jsd_usergroup_3": 0.06683768332004547
    },
    "epoch_10": {
      "ndcg": 0.1681281179189682,
      "jsd": 0.06788512319326401,
      "ndcg_usergroup_1": 0.15384821593761444,
      "jsd_usergroup_1": 0.06593739241361618,
      "ndcg_usergroup_2": 0.15823623538017273,
      "jsd_usergroup_2": 0.069457046687603,
      "ndcg_usergroup_3": 0.2120835781097412,
      "jsd_usergroup_3": 0.06511706113815308
    },
    "epoch_11": {
      "ndcg": 0.16533958911895752,
      "jsd": 0.0651339441537857,
      "ndcg_usergroup_1": 0.15020573139190674,
      "jsd_usergroup_1": 0.06491784751415253,
      "ndcg_usergroup_2": 0.155359148979187,
      "jsd_usergroup_2": 0.06612107157707214,
      "ndcg_usergroup_3": 0.2104148417711258,
      "jsd_usergroup_3": 0.06238862872123718
    },
    "epoch_12": {
      "ndcg": 0.16692812740802765,
      "jsd": 0.06429630517959595,
      "ndcg_usergroup_1": 0.15434174239635468,
      "jsd_usergroup_1": 0.0632399469614029,
      "ndcg_usergroup_2": 0.1566440314054489,
      "jsd_usergroup_2": 0.0656447559595108,
      "ndcg_usergroup_3": 0.2103668600320816,
      "jsd_usergroup_3": 0.06130727007985115
    },
    "epoch_13": {
      "ndcg": 0.16367703676223755,
      "jsd": 0.06366442888975143,
      "ndcg_usergroup_1": 0.15188273787498474,
      "jsd_usergroup_1": 0.06191553175449371,
      "ndcg_usergroup_2": 0.15334179997444153,
      "jsd_usergroup_2": 0.06530600041151047,
      "ndcg_usergroup_3": 0.20647700130939484,
      "jsd_usergroup_3": 0.06048859283328056
    },
    "epoch_14": {
      "ndcg": 0.164324089884758,
      "jsd": 0.06314554065465927,
      "ndcg_usergroup_1": 0.15122371912002563,
      "jsd_usergroup_1": 0.06380098313093185,
      "ndcg_usergroup_2": 0.1542084813117981,
      "jsd_usergroup_2": 0.06420493870973587,
      "ndcg_usergroup_3": 0.2077711820602417,
      "jsd_usergroup_3": 0.059311896562576294
    },
    "epoch_15": {
      "ndcg": 0.1663704812526703,
      "jsd": 0.060228291898965836,
      "ndcg_usergroup_1": 0.15490880608558655,
      "jsd_usergroup_1": 0.06067737191915512,
      "ndcg_usergroup_2": 0.15658505260944366,
      "jsd_usergroup_2": 0.06069153919816017,
      "ndcg_usergroup_3": 0.2071884125471115,
      "jsd_usergroup_3": 0.05838948115706444
    },
    "epoch_16": {
      "ndcg": 0.1681075096130371,
      "jsd": 0.0584757998585701,
      "ndcg_usergroup_1": 0.15512867271900177,
      "jsd_usergroup_1": 0.05911299213767052,
      "ndcg_usergroup_2": 0.15892036259174347,
      "jsd_usergroup_2": 0.05879218876361847,
      "ndcg_usergroup_3": 0.20864781737327576,
      "jsd_usergroup_3": 0.056889425963163376
    },
    "epoch_18": {
      "ndcg": 0.16822214424610138,
      "jsd": 0.05655748024582863,
      "ndcg_usergroup_1": 0.15339592099189758,
      "jsd_usergroup_1": 0.05687809735536575,
      "ndcg_usergroup_2": 0.15941566228866577,
      "jsd_usergroup_2": 0.05663815885782242,
      "ndcg_usergroup_3": 0.209467813372612,
      "jsd_usergroup_3": 0.05599481239914894
    },
    "epoch_21": {
      "ndcg": 0.16995087265968323,
      "jsd": 0.05603146180510521,
      "ndcg_usergroup_1": 0.15678344666957855,
      "jsd_usergroup_1": 0.054837290197610855,
      "ndcg_usergroup_2": 0.16030798852443695,
      "jsd_usergroup_2": 0.05639473721385002,
      "ndcg_usergroup_3": 0.21204695105552673,
      "jsd_usergroup_3": 0.05613579601049423
    },
    "epoch_23": {
      "ndcg": 0.17058542370796204,
      "jsd": 0.05474136769771576,
      "ndcg_usergroup_1": 0.15872925519943237,
      "jsd_usergroup_1": 0.0537274032831192,
      "ndcg_usergroup_2": 0.16037428379058838,
      "jsd_usergroup_2": 0.05483129993081093,
      "ndcg_usergroup_3": 0.21307499706745148,
      "jsd_usergroup_3": 0.05548551678657532
    },
    "epoch_24": {
      "ndcg": 0.17127546668052673,
      "jsd": 0.054867807775735855,
      "ndcg_usergroup_1": 0.15954793989658356,
      "jsd_usergroup_1": 0.05483744665980339,
      "ndcg_usergroup_2": 0.1603979766368866,
      "jsd_usergroup_2": 0.054918620735406876,
      "ndcg_usergroup_3": 0.21563534438610077,
      "jsd_usergroup_3": 0.05474573001265526
    },
    "epoch_26": {
      "ndcg": 0.1734699159860611,
      "jsd": 0.05343761295080185,
      "ndcg_usergroup_1": 0.15913958847522736,
      "jsd_usergroup_1": 0.05236440151929855,