{
  "base_recommendations": {
    "ndcg": 0.2663273811340332,
    "jsd": 0.12193825840950012,
    "ndcg_usergroup_1": 0.21388721466064453,
    "jsd_usergroup_1": 0.11441239714622498,
    "ndcg_usergroup_2": 0.256170392036438,
    "jsd_usergroup_2": 0.12063903361558914,
    "ndcg_usergroup_3": 0.34923845529556274,
    "jsd_usergroup_3": 0.13336177170276642
  },
  "postprocessed": {},
  "finetuned": {
    "epoch_1": {
      "ndcg": 0.13529308140277863,
      "jsd": 0.11105666309595108,
      "ndcg_usergroup_1": 0.14734460413455963,
      "jsd_usergroup_1": 0.08685579150915146,
      "ndcg_usergroup_2": 0.12719911336898804,
      "jsd_usergroup_2": 0.11439702659845352,
      "ndcg_usergroup_3": 0.1475234180688858,
      "jsd_usergroup_3": 0.1252364069223404
    },
    "epoch_2": {
      "ndcg": 0.16622839868068695,
      "jsd": 0.08944946527481079,
      "ndcg_usergroup_1": 0.1528891921043396,
      "jsd_usergroup_1": 0.07550797611474991,
      "ndcg_usergroup_2": 0.16122810542583466,
      "jsd_usergroup_2": 0.0865638479590416,
      "ndcg_usergroup_3": 0.1945684850215912,
      "jsd_usergroup_3": 0.11204779148101807
    },
    "epoch_4": {
      "ndcg": 0.191079780459404,
      "jsd": 0.08908424526453018,
      "ndcg_usergroup_1": 0.17638981342315674,
      "jsd_usergroup_1": 0.07131799310445786,
      "ndcg_usergroup_2": 0.18396450579166412,
      "jsd_usergroup_2": 0.08461812883615494,
      "ndcg_usergroup_3": 0.22711555659770966,
      "jsd_usergroup_3": 0.12024888396263123
    }
  }
}