{
  "base_recommendations": {
    "ndcg": 0.2663273811340332,
    "jsd": 0.12193825840950012,
    "ndcg_usergroup_1": 0.21388721466064453,
    "jsd_usergroup_1": 0.11441239714622498,
    "ndcg_usergroup_2": 0.256170392036438,
    "jsd_usergroup_2": 0.12063903361558914,
    "ndcg_usergroup_3": 0.34923845529556274,
    "jsd_usergroup_3": 0.13336177170276642
  },
  "postprocessed": {},
  "finetuned": {
    "epoch_1": {
      "ndcg": 0.10089294612407684,
      "jsd": 0.19908912479877472,
      "ndcg_usergroup_1": 0.11986290663480759,
      "jsd_usergroup_1": 0.10213087499141693,
      "ndcg_usergroup_2": 0.08782856911420822,
      "jsd_usergroup_2": 0.2133684605360031,
      "ndcg_usergroup_3": 0.12111610919237137,
      "jsd_usergroup_3": 0.25320932269096375
    },
    "epoch_2": {
      "ndcg": 0.17439764738082886,
      "jsd": 0.14629630744457245,
      "ndcg_usergroup_1": 0.15754255652427673,
      "jsd_usergroup_1": 0.0675128847360611,
      "ndcg_usergroup_2": 0.16385802626609802,
      "jsd_usergroup_2": 0.13771682977676392,
      "ndcg_usergroup_3": 0.22287164628505707,
      "jsd_usergroup_3": 0.25081807374954224
    },
    "epoch_4": {
      "ndcg": 0.18841791152954102,
      "jsd": 0.08621951937675476,
      "ndcg_usergroup_1": 0.177379310131073,
      "jsd_usergroup_1": 0.06109898164868355,
      "ndcg_usergroup_2": 0.18108153343200684,
      "jsd_usergroup_2": 0.08820205181837082,
      "ndcg_usergroup_3": 0.22146570682525635,
      "jsd_usergroup_3": 0.10539241880178452
    },
    "epoch_6": {
      "ndcg": 0.20089471340179443,
      "jsd": 0.06266316771507263,
      "ndcg_usergroup_1": 0.18174804747104645,
      "jsd_usergroup_1": 0.05986562371253967,
      "ndcg_usergroup_2": 0.1967737078666687,
      "jsd_usergroup_2": 0.0639188215136528,
      "ndcg_usergroup_3": 0.23240439593791962,
      "jsd_usergroup_3": 0.06169377267360687
    },
    "epoch_8": {
      "ndcg": 0.21645157039165497,
      "jsd": 0.06583484262228012,
      "ndcg_usergroup_1": 0.19273361563682556,
      "jsd_usergroup_1": 0.06449060887098312,
      "ndcg_usergroup_2": 0.2103155106306076,
      "jsd_usergroup_2": 0.06634756177663803,
      "ndcg_usergroup_3": 0.2585776448249817,
      "jsd_usergroup_3": 0.06564091145992279
    }
  }
}