{
  "base_recommendations": {
    "ndcg": 0.2663273811340332,
    "jsd": 0.12193825840950012,
    "ndcg_usergroup_1": 0.21388721466064453,
    "jsd_usergroup_1": 0.11441239714622498,
    "ndcg_usergroup_2": 0.256170392036438,
    "jsd_usergroup_2": 0.12063903361558914,
    "ndcg_usergroup_3": 0.34923845529556274,
    "jsd_usergroup_3": 0.13336177170276642
  },
  "postprocessed": {},
  "finetuned": {
    "epoch_1": {
      "ndcg": 0.16881318390369415,
      "jsd": 0.09941115230321884,
      "ndcg_usergroup_1": 0.16401152312755585,
      "jsd_usergroup_1": 0.10459912568330765,
      "ndcg_usergroup_2": 0.1591387242078781,
      "jsd_usergroup_2": 0.0982016772031784,
      "ndcg_usergroup_3": 0.20263822376728058,
      "jsd_usergroup_3": 0.09785155951976776
    },
    "epoch_2": {
      "ndcg": 0.17723394930362701,
      "jsd": 0.11032452434301376,
      "ndcg_usergroup_1": 0.15806891024112701,
      "jsd_usergroup_1": 0.13384582102298737,
      "ndcg_usergroup_2": 0.17155873775482178,
      "jsd_usergroup_2": 0.10739227384328842,
      "ndcg_usergroup_3": 0.21342457830905914,
      "jsd_usergroup_3": 0.09559997171163559
    },
    "epoch_3": {
      "ndcg": 0.18062837421894073,
      "jsd": 0.11941441893577576,
      "ndcg_usergroup_1": 0.1455099880695343,
      "jsd_usergroup_1": 0.15474414825439453,
      "ndcg_usergroup_2": 0.17669124901294708,
      "jsd_usergroup_2": 0.11534009128808975,
      "ndcg_usergroup_3": 0.22755809128284454,
      "jsd_usergroup_3": 0.0963076651096344
    },
    "epoch_4": {
      "ndcg": 0.19538436830043793,
      "jsd": 0.12912209331989288,
      "ndcg_usergroup_1": 0.16175539791584015,
      "jsd_usergroup_1": 0.15930530428886414,
      "ndcg_usergroup_2": 0.18975025415420532,
      "jsd_usergroup_2": 0.1297910213470459,
      "ndcg_usergroup_3": 0.24591565132141113,
      "jsd_usergroup_3": 0.09693209081888199
    },
    "epoch_5": {
      "ndcg": 0.19526448845863342,
      "jsd": 0.11817570775747299,
      "ndcg_usergroup_1": 0.15207315981388092,
      "jsd_usergroup_1": 0.14212287962436676,
      "ndcg_usergroup_2": 0.19195273518562317,
      "jsd_usergroup_2": 0.11714724451303482,
      "ndcg_usergroup_3": 0.24839098751544952,
      "jsd_usergroup_3": 0.09731385856866837
    },
    "epoch_8": {
      "ndcg": 0.19956406950950623,
      "jsd": 0.12060318887233734,
      "ndcg_usergroup_1": 0.15659618377685547,
      "jsd_usergroup_1": 0.13548900187015533,
      "ndcg_usergroup_2": 0.19832302629947662,
      "jsd_usergroup_2": 0.12388327717781067,
      "ndcg_usergroup_3": 0.24625512957572937,
      "jsd_usergroup_3": 0.09587704390287399
    },
    "epoch_10": {
      "ndcg": 0.20741936564445496,
      "jsd": 0.15846815705299377,
      "ndcg_usergroup_1": 0.16393066942691803,
      "jsd_usergroup_1": 0.1870219111442566,
      "ndcg_usergroup_2": 0.20667794346809387,
      "jsd_usergroup_2": 0.16213063895702362,
      "ndcg_usergroup_3": 0.2531324028968811,
      "jsd_usergroup_3": 0.11892691254615784
    },
    "epoch_11": {
      "ndcg": 0.20602425932884216,
      "jsd": 0.14069566130638123,
      "ndcg_usergroup_1": 0.1611742526292801,
      "jsd_usergroup_1": 0.18179656565189362,
      "ndcg_usergroup_2": 0.2059876173734665,
      "jsd_usergroup_2": 0.1409526914358139,
      "ndcg_usergroup_3": 0.2509840130805969,
      "jsd_usergroup_3": 0.09882360696792603
    },
    "epoch_16": {
      "ndcg": 0.21536870300769806,
      "jsd": 0.16390977799892426,
      "ndcg_usergroup_1": 0.1651456505060196,
      "jsd_usergroup_1": 0.18320217728614807,
      "ndcg_usergroup_2": 0.214641273021698,
      "jsd_usergroup_2": 0.1736261546611786,
      "ndcg_usergroup_3": 0.2677740156650543,
      "jsd_usergroup_3": 0.11546821892261505
    },
    "epoch_18": {
      "ndcg": 0.2145506590604782,
      "jsd": 0.17290160059928894,
      "ndcg_usergroup_1": 0.16127991676330566,
      "jsd_usergroup_1": 0.20082075893878937,
      "ndcg_usergroup_2": 0.21442633867263794,
      "jsd_usergroup_2": 0.18218989670276642,
      "ndcg_usergroup_3": 0.2681943476200104,
      "jsd_usergroup_3": 0.11711752414703369
    },
    "epoch_21": {
      "ndcg": 0.22314393520355225,
      "jsd": 0.16920910775661469,
      "ndcg_usergroup_1": 0.16660818457603455,
      "jsd_usergroup_1": 0.18838968873023987,
      "ndcg_usergroup_2": 0.22193200886249542,
      "jsd_usergroup_2": 0.17811261117458344,
      "ndcg_usergroup_3": 0.2833154797554016,
      "jsd_usergroup_3": 0.12331798672676086
    },
    "epoch_23": {
      "ndcg": 0.22332938015460968,
      "jsd": 0.16304023563861847,
      "ndcg_usergroup_1": 0.16707643866539001,
      "jsd_usergroup_1": 0.1986895054578781,
      "ndcg_usergroup_2": 0.22353233397006989,
      "jsd_usergroup_2": 0.1691075712442398,
      "ndcg_usergroup_3": 0.27897343039512634,
      "jsd_usergroup_3": 0.10918896645307541
    },
    "epoch_30": {
      "ndcg": 0.2245306372642517,
      "jsd": 0.18248766660690308,
      "ndcg_usergroup_1": 0.16605743765830994,
      "jsd_usergroup_1": 0.2275310605764389,
      "ndcg_usergroup_2": 0.22378088533878326,
      "jsd_usergroup_2": 0.18957479298114777,
      "ndcg_usergroup_3": 0.2852530777454376,
      "jsd_usergroup_3": 0.11618287116289139
    },
    "epoch_32": {
      "ndcg": 0.22692665457725525,
      "jsd": 0.16436335444450378,
      "ndcg_usergroup_1": 0.17129731178283691,
      "jsd_usergroup_1": 0.20142434537410736,
      "ndcg_usergroup_2": 0.224807009100914,
      "jsd_usergroup_2": 0.16643501818180084,
      "ndcg_usergroup_3": 0.28891491889953613,
      "jsd_usergroup_3": 0.12108733505010605
    },
    "epoch_38": {
      "ndcg": 0.2322903275489807,
      "jsd": 0.17853476107120514,
      "ndcg_usergroup_1": 0.1741359978914261,
      "jsd_usergroup_1": 0.21789994835853577,
      "ndcg_usergroup_2": 0.23313401639461517,
      "jsd_usergroup_2": 0.18500949442386627,
      "ndcg_usergroup_3": 0.2879135310649872,
      "jsd_usergroup_3": 0.1197454184293747
    },
    "epoch_41": {
      "ndcg": 0.23454444110393524,
      "jsd": 0.1614277958869934,
      "ndcg_usergroup_1": 0.1717565357685089,
      "jsd_usergroup_1": 0.2075631320476532,
      "ndcg_usergroup_2": 0.2352830469608307,
      "jsd_usergroup_2": 0.1624373197555542,
      "ndcg_usergroup_3": 0.2951165735721588,
      "jsd_usergroup_3": 0.11226390302181244
    },
    "epoch_43": {
      "ndcg": 0.23379763960838318,
      "jsd": 0.16471505165100098,
      "ndcg_usergroup_1": 0.16934199631214142,
      "jsd_usergroup_1": 0.20571912825107574,
      "ndcg_usergroup_2": 0.23346030712127686,
      "jsd_usergroup_2": 0.16762512922286987,
      "ndcg_usergroup_3": 0.2992652356624603,
      "jsd_usergroup_3": 0.1149807870388031
    },
    "epoch_45": {
      "ndcg": 0.23065626621246338,
      "jsd": 0.16617020964622498,
      "ndcg_usergroup_1": 0.17153339087963104,
      "jsd_usergroup_1": 0.21078357100486755,
      "ndcg_usergroup_2": 0.23205173015594482,
      "jsd_usergroup_2": 0.1685415804386139,
      "ndcg_usergroup_3": 0.28559279441833496,
      "jsd_usergroup_3": 0.11444272100925446
    },
    "epoch_46": {
      "ndcg": 0.23366667330265045,
      "jsd": 0.17324715852737427,
      "ndcg_usergroup_1": 0.1666436493396759,
      "jsd_usergroup_1": 0.2115955799818039,
      "ndcg_usergroup_2": 0.23597131669521332,
      "jsd_usergroup_2": 0.17642202973365784,
      "ndcg_usergroup_3": 0.2937757074832916,
      "jsd_usergroup_3": 0.12537416815757751
    },
    "epoch_50": {
      "ndcg": 0.2352125346660614,
      "jsd": 0.16342751681804657,
      "ndcg_usergroup_1": 0.17652396857738495,
      "jsd_usergroup_1": 0.20331615209579468,
      "ndcg_usergroup_2": 0.2361270636320114,
      "jsd_usergroup_2": 0.16625835001468658,
      "ndcg_usergroup_3": 0.29115745425224304,
      "jsd_usergroup_3": 0.1150464192032814
    },
    "epoch_53": {
      "ndcg": 0.031405020505189896,
      "jsd": 0.09102057665586472,
      "ndcg_usergroup_1": 0.01792459934949875,
      "jsd_usergroup_1": 0.038070615381002426,