{
  "base_recommendations": {
    "ndcg": 0.2663273811340332,
    "jsd": 0.12193825840950012,
    "ndcg_usergroup_1": 0.21388721466064453,
    "jsd_usergroup_1": 0.11441239714622498,
    "ndcg_usergroup_2": 0.256170392036438,
    "jsd_usergroup_2": 0.12063903361558914,
    "ndcg_usergroup_3": 0.34923845529556274,
    "jsd_usergroup_3": 0.13336177170276642
  },
  "postprocessed": {},
  "finetuned": {
    "epoch_1": {
      "ndcg": 0.16945593059062958,
      "jsd": 0.08102760463953018,
      "ndcg_usergroup_1": 0.16358357667922974,
      "jsd_usergroup_1": 0.08978613466024399,
      "ndcg_usergroup_2": 0.15929608047008514,
      "jsd_usergroup_2": 0.08103783428668976,
      "ndcg_usergroup_3": 0.20580776035785675,
      "jsd_usergroup_3": 0.07223838567733765
    },
    "epoch_2": {
      "ndcg": 0.19081303477287292,
      "jsd": 0.08729080110788345,
      "ndcg_usergroup_1": 0.18117421865463257,
      "jsd_usergroup_1": 0.11489973962306976,
      "ndcg_usergroup_2": 0.1833774894475937,
      "jsd_usergroup_2": 0.08231424540281296,
      "ndcg_usergroup_3": 0.2227584570646286,
      "jsd_usergroup_3": 0.07461152970790863
    },
    "epoch_3": {
      "ndcg": 0.20896723866462708,
      "jsd": 0.0921742245554924,
      "ndcg_usergroup_1": 0.18745723366737366,
      "jsd_usergroup_1": 0.12634125351905823,
      "ndcg_usergroup_2": 0.2036243975162506,
      "jsd_usergroup_2": 0.086917944252491,
      "ndcg_usergroup_3": 0.24650578200817108,
      "jsd_usergroup_3": 0.073776014149189
    },
    "epoch_4": {
      "ndcg": 0.22016564011573792,
      "jsd": 0.09796857833862305,
      "ndcg_usergroup_1": 0.19554288685321808,
      "jsd_usergroup_1": 0.13677005469799042,
      "ndcg_usergroup_2": 0.21274982392787933,
      "jsd_usergroup_2": 0.09211719036102295,
      "ndcg_usergroup_3": 0.2670358717441559,
      "jsd_usergroup_3": 0.07672128081321716
    },
    "epoch_5": {
      "ndcg": 0.2293577343225479,
      "jsd": 0.09851941466331482,
      "ndcg_usergroup_1": 0.19528493285179138,
      "jsd_usergroup_1": 0.12778916954994202,
      "ndcg_usergroup_2": 0.2233654111623764,
      "jsd_usergroup_2": 0.09543419629335403,
      "ndcg_usergroup_3": 0.2814074456691742,
      "jsd_usergroup_3": 0.07850531488656998
    },
    "epoch_6": {
      "ndcg": 0.23332750797271729,
      "jsd": 0.1179618313908577,
      "ndcg_usergroup_1": 0.19665370881557465,
      "jsd_usergroup_1": 0.1612223982810974,
      "ndcg_usergroup_2": 0.2298099398612976,
      "jsd_usergroup_2": 0.11568846553564072,
      "ndcg_usergroup_3": 0.2805538773536682,
      "jsd_usergroup_3": 0.08152136951684952
    },
    "epoch_7": {
      "ndcg": 0.24529296159744263,
      "jsd": 0.13063466548919678,
      "ndcg_usergroup_1": 0.20251353085041046,
      "jsd_usergroup_1": 0.17134487628936768,
      "ndcg_usergroup_2": 0.24115748703479767,
      "jsd_usergroup_2": 0.1288643330335617,
      "ndcg_usergroup_3": 0.3004787564277649,
      "jsd_usergroup_3": 0.09523538500070572
    },
    "epoch_8": {
      "ndcg": 0.24907559156417847,
      "jsd": 0.13157081604003906,
      "ndcg_usergroup_1": 0.203760027885437,
      "jsd_usergroup_1": 0.17478054761886597,
      "ndcg_usergroup_2": 0.2429824024438858,
      "jsd_usergroup_2": 0.12994596362113953,
      "ndcg_usergroup_3": 0.31267064809799194,
      "jsd_usergroup_3": 0.09323567152023315
    },
    "epoch_9": {
      "ndcg": 0.253959983587265,
      "jsd": 0.13458500802516937,
      "ndcg_usergroup_1": 0.205972820520401,
      "jsd_usergroup_1": 0.16717180609703064,
      "ndcg_usergroup_2": 0.24820923805236816,
      "jsd_usergroup_2": 0.13440947234630585,
      "ndcg_usergroup_3": 0.3191993236541748,
      "jsd_usergroup_3": 0.10252481698989868
    },
    "epoch_10": {
      "ndcg": 0.25526171922683716,
      "jsd": 0.1354287713766098,
      "ndcg_usergroup_1": 0.2040722519159317,
      "jsd_usergroup_1": 0.1677665412425995,
      "ndcg_usergroup_2": 0.2482149749994278,
      "jsd_usergroup_2": 0.1348186433315277,
      "ndcg_usergroup_3": 0.3275914490222931,
      "jsd_usergroup_3": 0.10492134094238281
    },
    "epoch_13": {
      "ndcg": 0.2546578347682953,
      "jsd": 0.1616266518831253,
      "ndcg_usergroup_1": 0.20200327038764954,
      "jsd_usergroup_1": 0.20009152591228485,
      "ndcg_usergroup_2": 0.2521686255931854,
      "jsd_usergroup_2": 0.16616784036159515,
      "ndcg_usergroup_3": 0.31477993726730347,
      "jsd_usergroup_3": 0.109538234770298
    },
    "epoch_18": {
      "ndcg": 0.26155221462249756,
      "jsd": 0.17270076274871826,
      "ndcg_usergroup_1": 0.20095142722129822,
      "jsd_usergroup_1": 0.20547419786453247,
      "ndcg_usergroup_2": 0.25586408376693726,
      "jsd_usergroup_2": 0.17449426651000977,
      "ndcg_usergroup_3": 0.33921748399734497,
      "jsd_usergroup_3": 0.13454669713974
    },
    "epoch_22": {
      "ndcg": 0.2665412724018097,
      "jsd": 0.15836693346500397,
      "ndcg_usergroup_1": 0.20710468292236328,
      "jsd_usergroup_1": 0.18443609774112701,
      "ndcg_usergroup_2": 0.26185527443885803,
      "jsd_usergroup_2": 0.15762276947498322,
      "ndcg_usergroup_3": 0.3400357663631439,
      "jsd_usergroup_3": 0.13453024625778198
    },
    "epoch_23": {
      "ndcg": 0.2632441818714142,
      "jsd": 0.1446458250284195,
      "ndcg_usergroup_1": 0.20483118295669556,
      "jsd_usergroup_1": 0.16653449833393097,
      "ndcg_usergroup_2": 0.25738847255706787,
      "jsd_usergroup_2": 0.14416934549808502,
      "ndcg_usergroup_3": 0.3392243981361389,
      "jsd_usergroup_3": 0.12418652325868607
    },
    "epoch_25": {
      "ndcg": 0.26487404108047485,
      "jsd": 0.15727512538433075,
      "ndcg_usergroup_1": 0.20452158153057098,
      "jsd_usergroup_1": 0.1746349185705185,
      "ndcg_usergroup_2": 0.2576656937599182,
      "jsd_usergroup_2": 0.15357041358947754,
      "ndcg_usergroup_3": 0.3468515872955322,
      "jsd_usergroup_3": 0.15102948248386383
    },
    "epoch_29": {
      "ndcg": 0.26781219244003296,
      "jsd": 0.16177578270435333,
      "ndcg_usergroup_1": 0.20681925117969513,
      "jsd_usergroup_1": 0.17551958560943604,
      "ndcg_usergroup_2": 0.261055588722229,
      "jsd_usergroup_2": 0.16264894604682922,
      "ndcg_usergroup_3": 0.3490749001502991,
      "jsd_usergroup_3": 0.14541254937648773
    },
    "epoch_32": {
      "ndcg": 0.2660354673862457,
      "jsd": 0.16433307528495789,
      "ndcg_usergroup_1": 0.2064664512872696,
      "jsd_usergroup_1": 0.17801633477210999,
      "ndcg_usergroup_2": 0.25917088985443115,
      "jsd_usergroup_2": 0.16573545336723328,
      "ndcg_usergroup_3": 0.34619829058647156,
      "jsd_usergroup_3": 0.14644262194633484
    },
    "epoch_41": {
      "ndcg": 0.264180451631546,
      "jsd": 0.13794857263565063,
      "ndcg_usergroup_1": 0.2055749148130417,
      "jsd_usergroup_1": 0.14565686881542206,
      "ndcg_usergroup_2": 0.2556992173194885,
      "jsd_usergroup_2": 0.13710901141166687,
      "ndcg_usergroup_3": 0.3482295572757721,
      "jsd_usergroup_3": 0.13275901973247528
    },
    "epoch_45": {
      "ndcg": 0.2641295790672302,
      "jsd": 0.1483205258846283,
      "ndcg_usergroup_1": 0.20193277299404144,
      "jsd_usergroup_1": 0.15239648520946503,
      "ndcg_usergroup_2": 0.2547372281551361,
      "jsd_usergroup_2": 0.14954593777656555,
      "ndcg_usergroup_3": 0.3545033931732178,
      "jsd_usergroup_3": 0.1405683010816574
    }
  }
}