{
  "base_recommendations": {
    "ndcg": 0.2663273811340332,
    "jsd": 0.12193825840950012,
    "ndcg_usergroup_1": 0.21388721466064453,
    "jsd_usergroup_1": 0.11441239714622498,
    "ndcg_usergroup_2": 0.256170392036438,
    "jsd_usergroup_2": 0.12063903361558914,
    "ndcg_usergroup_3": 0.34923845529556274,
    "jsd_usergroup_3": 0.13336177170276642
  },
  "postprocessed": {},
  "finetuned": {
    "epoch_1": {
      "ndcg": 0.10425522178411484,
      "jsd": 0.15052591264247894,
      "ndcg_usergroup_1": 0.11807229369878769,
      "jsd_usergroup_1": 0.1192304864525795,
      "ndcg_usergroup_2": 0.09556236118078232,
      "jsd_usergroup_2": 0.15460443496704102,
      "ndcg_usergroup_3": 0.11651669442653656,
      "jsd_usergroup_3": 0.169585719704628
    },
    "epoch_2": {
      "ndcg": 0.14325405657291412,
      "jsd": 0.17634831368923187,
      "ndcg_usergroup_1": 0.14634700119495392,
      "jsd_usergroup_1": 0.10084068775177002,
      "ndcg_usergroup_2": 0.13393883407115936,
      "jsd_usergroup_2": 0.17966806888580322,
      "ndcg_usergroup_3": 0.16810676455497742,
      "jsd_usergroup_3": 0.24189670383930206
    },
    "epoch_8": {
      "ndcg": 0.08671941608190536,
      "jsd": 0.1381908655166626,
      "ndcg_usergroup_1": 0.07030092179775238,
      "jsd_usergroup_1": 0.06079608574509621,
      "ndcg_usergroup_2": 0.07644105702638626,
      "jsd_usergroup_2": 0.13889752328395844,
      "ndcg_usergroup_3": 0.13397295773029327,
      "jsd_usergroup_3": 0.21346570551395416
    },
    "epoch_10": {
      "ndcg": 0.05251643434166908,
      "jsd": 0.09884011000394821,
      "ndcg_usergroup_1": 0.04392031952738762,
      "jsd_usergroup_1": 0.05604051798582077,
      "ndcg_usergroup_2": 0.042755529284477234,
      "jsd_usergroup_2": 0.09421248733997345,
      "ndcg_usergroup_3": 0.09039526432752609,
      "jsd_usergroup_3": 0.15552262961864471
    },
    "epoch_11": {
      "ndcg": 0.031405020505189896,
      "jsd": 0.09102057665586472,
      "ndcg_usergroup_1": 0.01792459934949875,
      "jsd_usergroup_1": 0.038070615381002426,
      "ndcg_usergroup_2": 0.02661956287920475,
      "jsd_usergroup_2": 0.08072653412818909,
      "ndcg_usergroup_3": 0.05924179404973984,
      "jsd_usergroup_3": 0.17485268414020538
    }
  }
}