{
  "base_recommendations": {
    "ndcg": 0.2663273811340332,
    "jsd": 0.12193825840950012,
    "ndcg_usergroup_1": 0.21388721466064453,
    "jsd_usergroup_1": 0.11441239714622498,
    "ndcg_usergroup_2": 0.256170392036438,
    "jsd_usergroup_2": 0.12063903361558914,
    "ndcg_usergroup_3": 0.34923845529556274,
    "jsd_usergroup_3": 0.13336177170276642
  },
  "postprocessed": {},
  "finetuned": {
    "epoch_1": {
      "ndcg": 0.21260835230350494,
      "jsd": 0.0902726948261261,
      "ndcg_usergroup_1": 0.18151122331619263,
      "jsd_usergroup_1": 0.07625565677881241,
      "ndcg_usergroup_2": 0.1999049335718155,
      "jsd_usergroup_2": 0.0921146497130394,
      "ndcg_usergroup_3": 0.28181564807891846,
      "jsd_usergroup_3": 0.09876389801502228
    },
    "epoch_2": {
      "ndcg": 0.1767740398645401,
      "jsd": 0.08360292762517929,
      "ndcg_usergroup_1": 0.15865512192249298,
      "jsd_usergroup_1": 0.07692238688468933,
      "ndcg_usergroup_2": 0.16678352653980255,
      "jsd_usergroup_2": 0.08600032329559326,
      "ndcg_usergroup_3": 0.22486448287963867,
      "jsd_usergroup_3": 0.08309126645326614
    },
    "epoch_3": {
      "ndcg": 0.16204409301280975,
      "jsd": 0.07510295510292053,
      "ndcg_usergroup_1": 0.14915835857391357,
      "jsd_usergroup_1": 0.07432492077350616,
      "ndcg_usergroup_2": 0.15018710494041443,
      "jsd_usergroup_2": 0.0776088610291481,
      "ndcg_usergroup_3": 0.21050073206424713,
      "jsd_usergroup_3": 0.06836329400539398
    },
    "epoch_4": {
      "ndcg": 0.15011347830295563,
      "jsd": 0.0670754685997963,
      "ndcg_usergroup_1": 0.14615365862846375,
      "jsd_usergroup_1": 0.06488734483718872,
      "ndcg_usergroup_2": 0.13865160942077637,
      "jsd_usergroup_2": 0.06892796605825424,
      "ndcg_usergroup_3": 0.1884589046239853,
      "jsd_usergroup_3": 0.06370611488819122
    },
    "epoch_5": {
      "ndcg": 0.14748066663742065,
      "jsd": 0.061367325484752655,
      "ndcg_usergroup_1": 0.14381511509418488,
      "jsd_usergroup_1": 0.06114652007818222,
      "ndcg_usergroup_2": 0.13352862000465393,
      "jsd_usergroup_2": 0.0632990226149559,
      "ndcg_usergroup_3": 0.1930023729801178,
      "jsd_usergroup_3": 0.05579302832484245
    },
    "epoch_6": {
      "ndcg": 0.14392659068107605,
      "jsd": 0.05884985625743866,
      "ndcg_usergroup_1": 0.14071343839168549,
      "jsd_usergroup_1": 0.05498279631137848,
      "ndcg_usergroup_2": 0.1321718990802765,
      "jsd_usergroup_2": 0.06002063676714897,
      "ndcg_usergroup_3": 0.1824037879705429,
      "jsd_usergroup_3": 0.05920454487204552
    },
    "epoch_7": {
      "ndcg": 0.14783701300621033,
      "jsd": 0.05185852199792862,
      "ndcg_usergroup_1": 0.14511314034461975,
      "jsd_usergroup_1": 0.049658358097076416,
      "ndcg_usergroup_2": 0.13530726730823517,
      "jsd_usergroup_2": 0.052826929837465286,
      "ndcg_usergroup_3": 0.1881500631570816,
      "jsd_usergroup_3": 0.05115344002842903
    },
    "epoch_9": {
      "ndcg": 0.14651061594486237,
      "jsd": 0.05082682520151138,
      "ndcg_usergroup_1": 0.1456245332956314,
      "jsd_usergroup_1": 0.0462874174118042,
      "ndcg_usergroup_2": 0.13462647795677185,
      "jsd_usergroup_2": 0.05162542685866356,
      "ndcg_usergroup_3": 0.1830490529537201,
      "jsd_usergroup_3": 0.05297044664621353
    },
    "epoch_14": {
      "ndcg": 0.15091288089752197,
      "jsd": 0.05212336778640747,
      "ndcg_usergroup_1": 0.1499301940202713,
      "jsd_usergroup_1": 0.04192773625254631,
      "ndcg_usergroup_2": 0.13747389614582062,
      "jsd_usergroup_2": 0.05462639033794403,
      "ndcg_usergroup_3": 0.1922125220298767,
      "jsd_usergroup_3": 0.05480991303920746
    },
    "epoch_16": {
      "ndcg": 0.15303900837898254,
      "jsd": 0.051521047949790955,
      "ndcg_usergroup_1": 0.15387067198753357,
      "jsd_usergroup_1": 0.039364006370306015,
      "ndcg_usergroup_2": 0.1395944207906723,
      "jsd_usergroup_2": 0.054352641105651855,
      "ndcg_usergroup_3": 0.19254107773303986,
      "jsd_usergroup_3": 0.05518331006169319
    },
    "epoch_20": {
      "ndcg": 0.1567893922328949,
      "jsd": 0.052128490060567856,
      "ndcg_usergroup_1": 0.15851956605911255,
      "jsd_usergroup_1": 0.040813155472278595,
      "ndcg_usergroup_2": 0.14247748255729675,
      "jsd_usergroup_2": 0.05511035770177841,
      "ndcg_usergroup_3": 0.19799499213695526,
      "jsd_usergroup_3": 0.05449822545051575
    },
    "epoch_22": {
      "ndcg": 0.16008260846138,
      "jsd": 0.04949014633893967,
      "ndcg_usergroup_1": 0.16582998633384705,
      "jsd_usergroup_1": 0.03843410313129425,
      "ndcg_usergroup_2": 0.14529533684253693,
      "jsd_usergroup_2": 0.05193328484892845,
      "ndcg_usergroup_3": 0.1986970156431198,
      "jsd_usergroup_3": 0.05321678891777992
    },
    "epoch_30": {
      "ndcg": 0.16435638070106506,
      "jsd": 0.04996843636035919,
      "ndcg_usergroup_1": 0.16243760287761688,
      "jsd_usergroup_1": 0.0404709056019783,
      "ndcg_usergroup_2": 0.1525426208972931,
      "jsd_usergroup_2": 0.05151165649294853,
      "ndcg_usergroup_3": 0.2017163783311844,
      "jsd_usergroup_3": 0.05483631044626236
    }
  }
}