{
  "base_recommendations": {
    "ndcg": 0.2663273811340332,
    "jsd": 0.12193825840950012,
    "ndcg_usergroup_1": 0.21388721466064453,
    "jsd_usergroup_1": 0.11441239714622498,
    "ndcg_usergroup_2": 0.256170392036438,
    "jsd_usergroup_2": 0.12063903361558914,
    "ndcg_usergroup_3": 0.34923845529556274,
    "jsd_usergroup_3": 0.13336177170276642
  },
  "postprocessed": {},
  "finetuned": {
    "epoch_1": {
      "ndcg": 0.18054664134979248,
      "jsd": 0.08790704607963562,
      "ndcg_usergroup_1": 0.15930971503257751,
      "jsd_usergroup_1": 0.07524832338094711,
      "ndcg_usergroup_2": 0.16866174340248108,
      "jsd_usergroup_2": 0.09202494472265244,
      "ndcg_usergroup_3": 0.23743820190429688,
      "jsd_usergroup_3": 0.08821207284927368
    },
    "epoch_2": {
      "ndcg": 0.15990781784057617,
      "jsd": 0.07206697016954422,
      "ndcg_usergroup_1": 0.1477305144071579,
      "jsd_usergroup_1": 0.06401748210191727,
      "ndcg_usergroup_2": 0.15133316814899445,
      "jsd_usergroup_2": 0.07349288463592529,
      "ndcg_usergroup_3": 0.19780901074409485,
      "jsd_usergroup_3": 0.07583871483802795
    },
    "epoch_3": {
      "ndcg": 0.15376774966716766,
      "jsd": 0.06707785278558731,
      "ndcg_usergroup_1": 0.14466287195682526,
      "jsd_usergroup_1": 0.06262422353029251,
      "ndcg_usergroup_2": 0.14261986315250397,
      "jsd_usergroup_2": 0.0705183744430542,
      "ndcg_usergroup_3": 0.19631627202033997,
      "jsd_usergroup_3": 0.06120993569493294
    },
    "epoch_4": {
      "ndcg": 0.15663349628448486,
      "jsd": 0.063557468354702,
      "ndcg_usergroup_1": 0.14939461648464203,
      "jsd_usergroup_1": 0.05900735408067703,
      "ndcg_usergroup_2": 0.14665284752845764,
      "jsd_usergroup_2": 0.06502700597047806,
      "ndcg_usergroup_3": 0.1938142627477646,
      "jsd_usergroup_3": 0.06369892507791519
    },
    "epoch_5": {
      "ndcg": 0.16090285778045654,
      "jsd": 0.06019074469804764,
      "ndcg_usergroup_1": 0.14932173490524292,
      "jsd_usergroup_1": 0.05570755898952484,
      "ndcg_usergroup_2": 0.15135519206523895,
      "jsd_usergroup_2": 0.061747755855321884,
      "ndcg_usergroup_3": 0.20112693309783936,
      "jsd_usergroup_3": 0.0600028894841671
    },
    "epoch_6": {
      "ndcg": 0.16658082604408264,
      "jsd": 0.058927979320287704,
      "ndcg_usergroup_1": 0.16537031531333923,
      "jsd_usergroup_1": 0.049297112971544266,
      "ndcg_usergroup_2": 0.15533438324928284,
      "jsd_usergroup_2": 0.0598541796207428,
      "ndcg_usergroup_3": 0.20153063535690308,
      "jsd_usergroup_3": 0.06578022241592407
    },
    "epoch_7": {
      "ndcg": 0.1720573753118515,
      "jsd": 0.057051729410886765,
      "ndcg_usergroup_1": 0.16882552206516266,
      "jsd_usergroup_1": 0.04655778780579567,
      "ndcg_usergroup_2": 0.1603931486606598,
      "jsd_usergroup_2": 0.05914529040455818,
      "ndcg_usergroup_3": 0.21028190851211548,
      "jsd_usergroup_3": 0.06126498430967331
    },
    "epoch_9": {
      "ndcg": 0.17932356894016266,
      "jsd": 0.05595102533698082,
      "ndcg_usergroup_1": 0.17127780616283417,
      "jsd_usergroup_1": 0.04423942044377327,
      "ndcg_usergroup_2": 0.1684548705816269,
      "jsd_usergroup_2": 0.05742014944553375,
      "ndcg_usergroup_3": 0.21997542679309845,
      "jsd_usergroup_3": 0.06325523555278778
    },
    "epoch_10": {
      "ndcg": 0.17939543724060059,
      "jsd": 0.0559004545211792,
      "ndcg_usergroup_1": 0.1764155775308609,
      "jsd_usergroup_1": 0.04311694949865341,
      "ndcg_usergroup_2": 0.16761350631713867,
      "jsd_usergroup_2": 0.05775143578648567,
      "ndcg_usergroup_3": 0.217721089720726,
      "jsd_usergroup_3": 0.06313100457191467
    },
    "epoch_11": {
      "ndcg": 0.18424469232559204,
      "jsd": 0.055724188685417175,
      "ndcg_usergroup_1": 0.1803760975599289,
      "jsd_usergroup_1": 0.041780635714530945,
      "ndcg_usergroup_2": 0.17337608337402344,
      "jsd_usergroup_2": 0.05686545744538307,
      "ndcg_usergroup_3": 0.22071903944015503,
      "jsd_usergroup_3": 0.06624392420053482
    },
    "epoch_13": {
      "ndcg": 0.1879623383283615,
      "jsd": 0.054751619696617126,
      "ndcg_usergroup_1": 0.18720892071723938,
      "jsd_usergroup_1": 0.040167707949876785,
      "ndcg_usergroup_2": 0.17545193433761597,
      "jsd_usergroup_2": 0.055897071957588196,
      "ndcg_usergroup_3": 0.22624686360359192,
      "jsd_usergroup_3": 0.06589917093515396
    },
    "epoch_15": {
      "ndcg": 0.1903463453054428,
      "jsd": 0.055394891649484634,
      "ndcg_usergroup_1": 0.18038621544837952,
      "jsd_usergroup_1": 0.04031537100672722,
      "ndcg_usergroup_2": 0.17922943830490112,
      "jsd_usergroup_2": 0.05767436698079109,
      "ndcg_usergroup_3": 0.2336571365594864,
      "jsd_usergroup_3": 0.06363601237535477
    },
    "epoch_19": {
      "ndcg": 0.18875177204608917,
      "jsd": 0.05861588194966316,
      "ndcg_usergroup_1": 0.1857737898826599,
      "jsd_usergroup_1": 0.04030939191579819,
      "ndcg_usergroup_2": 0.1804010570049286,
      "jsd_usergroup_2": 0.05849746614694595,
      "ndcg_usergroup_3": 0.21678189933300018,
      "jsd_usergroup_3": 0.07727761566638947
    },
    "epoch_21": {
      "ndcg": 0.19159983098506927,
      "jsd": 0.057202860713005066,
      "ndcg_usergroup_1": 0.1819971799850464,
      "jsd_usergroup_1": 0.03883695602416992,
      "ndcg_usergroup_2": 0.1823641061782837,
      "jsd_usergroup_2": 0.05739140883088112,
      "ndcg_usergroup_3": 0.22890956699848175,
      "jsd_usergroup_3": 0.07500312477350235
    },
    "epoch_23": {
      "ndcg": 0.1926575005054474,
      "jsd": 0.05813103914260864,
      "ndcg_usergroup_1": 0.18503138422966003,
      "jsd_usergroup_1": 0.042204923927783966,
      "ndcg_usergroup_2": 0.18165084719657898,
      "jsd_usergroup_2": 0.05967429280281067,
      "ndcg_usergroup_3": 0.23330354690551758,
      "jsd_usergroup_3": 0.06942740082740784
    }
  }
}