{
  "base_recommendations": {
    "ndcg": 0.2663273811340332,
    "jsd": 0.12193825840950012,
    "ndcg_usergroup_1": 0.21388721466064453,
    "jsd_usergroup_1": 0.11441239714622498,
    "ndcg_usergroup_2": 0.256170392036438,
    "jsd_usergroup_2": 0.12063903361558914,
    "ndcg_usergroup_3": 0.34923845529556274,
    "jsd_usergroup_3": 0.13336177170276642
  },
  "postprocessed": {},
  "finetuned": {
    "epoch_1": {
      "ndcg": 0.21818698942661285,
      "jsd": 0.09069084376096725,
      "ndcg_usergroup_1": 0.18261054158210754,
      "jsd_usergroup_1": 0.07524679601192474,
      "ndcg_usergroup_2": 0.20565758645534515,
      "jsd_usergroup_2": 0.09245453774929047,
      "ndcg_usergroup_3": 0.29135167598724365,
      "jsd_usergroup_3": 0.10084379464387894
    },
    "epoch_2": {
      "ndcg": 0.18387600779533386,
      "jsd": 0.08222417533397675,
      "ndcg_usergroup_1": 0.16005851328372955,
      "jsd_usergroup_1": 0.07398578524589539,
      "ndcg_usergroup_2": 0.17333923280239105,
      "jsd_usergroup_2": 0.08468440920114517,
      "ndcg_usergroup_3": 0.2393038421869278,
      "jsd_usergroup_3": 0.08308187127113342
    },
    "epoch_3": {
      "ndcg": 0.16582319140434265,
      "jsd": 0.07393801957368851,
      "ndcg_usergroup_1": 0.14434076845645905,
      "jsd_usergroup_1": 0.0715784803032875,
      "ndcg_usergroup_2": 0.15640932321548462,
      "jsd_usergroup_2": 0.07609470188617706,
      "ndcg_usergroup_3": 0.21554714441299438,
      "jsd_usergroup_3": 0.06982748955488205
    },
    "epoch_4": {
      "ndcg": 0.1493559330701828,
      "jsd": 0.06804876774549484,
      "ndcg_usergroup_1": 0.13916081190109253,
      "jsd_usergroup_1": 0.06632556766271591,
      "ndcg_usergroup_2": 0.1397477388381958,
      "jsd_usergroup_2": 0.06940008699893951,
      "ndcg_usergroup_3": 0.18837565183639526,
      "jsd_usergroup_3": 0.06571801006793976
    },
    "epoch_5": {
      "ndcg": 0.14361430704593658,
      "jsd": 0.06385137140750885,
      "ndcg_usergroup_1": 0.1290246546268463,
      "jsd_usergroup_1": 0.06797026097774506,
      "ndcg_usergroup_2": 0.13178867101669312,
      "jsd_usergroup_2": 0.06478912383317947,
      "ndcg_usergroup_3": 0.19368082284927368,
      "jsd_usergroup_3": 0.05691923573613167
    },
    "epoch_6": {
      "ndcg": 0.14405247569084167,
      "jsd": 0.05882968753576279,
      "ndcg_usergroup_1": 0.138086199760437,
      "jsd_usergroup_1": 0.05688764527440071,
      "ndcg_usergroup_2": 0.1339026391506195,
      "jsd_usergroup_2": 0.06045272946357727,
      "ndcg_usergroup_3": 0.18046830594539642,
      "jsd_usergroup_3": 0.05590260773897171
    },
    "epoch_7": {
      "ndcg": 0.14225807785987854,
      "jsd": 0.0547887347638607,
      "ndcg_usergroup_1": 0.13526123762130737,
      "jsd_usergroup_1": 0.05662067234516144,
      "ndcg_usergroup_2": 0.12998265027999878,
      "jsd_usergroup_2": 0.0555434487760067,
      "ndcg_usergroup_3": 0.1860811710357666,
      "jsd_usergroup_3": 0.050692640244960785
    },
    "epoch_9": {
      "ndcg": 0.14250314235687256,
      "jsd": 0.05223609879612923,
      "ndcg_usergroup_1": 0.14141584932804108,
      "jsd_usergroup_1": 0.049562253057956696,
      "ndcg_usergroup_2": 0.12966766953468323,
      "jsd_usergroup_2": 0.053299885243177414,
      "ndcg_usergroup_3": 0.18209686875343323,
      "jsd_usergroup_3": 0.051718585193157196
    },
    "epoch_11": {
      "ndcg": 0.14183929562568665,
      "jsd": 0.05242371931672096,
      "ndcg_usergroup_1": 0.1431848704814911,
      "jsd_usergroup_1": 0.04560394957661629,
      "ndcg_usergroup_2": 0.12914879620075226,
      "jsd_usergroup_2": 0.05452154949307442,
      "ndcg_usergroup_3": 0.17856520414352417,
      "jsd_usergroup_3": 0.05294999107718468
    },
    "epoch_13": {
      "ndcg": 0.14519928395748138,
      "jsd": 0.05020962283015251,
      "ndcg_usergroup_1": 0.1426180899143219,
      "jsd_usergroup_1": 0.04409714415669441,
      "ndcg_usergroup_2": 0.13306841254234314,
      "jsd_usergroup_2": 0.05236363410949707,
      "ndcg_usergroup_3": 0.1841731071472168,
      "jsd_usergroup_3": 0.04986007139086723
    }
  }
}