{
  "base_recommendations": {
    "ndcg": 0.2663273811340332,
    "jsd": 0.12193825840950012,
    "ndcg_usergroup_1": 0.21388721466064453,
    "jsd_usergroup_1": 0.11441239714622498,
    "ndcg_usergroup_2": 0.256170392036438,
    "jsd_usergroup_2": 0.12063903361558914,
    "ndcg_usergroup_3": 0.34923845529556274,
    "jsd_usergroup_3": 0.13336177170276642
  },
  "postprocessed": {},
  "finetuned": {
    "epoch_1": {
      "ndcg": 0.12609952688217163,
      "jsd": 0.12375512719154358,
      "ndcg_usergroup_1": 0.15279246866703033,
      "jsd_usergroup_1": 0.08584487438201904,
      "ndcg_usergroup_2": 0.11608757078647614,
      "jsd_usergroup_2": 0.12276775389909744,
      "ndcg_usergroup_3": 0.12944240868091583,
      "jsd_usergroup_3": 0.16462747752666473
    },
    "epoch_2": {
      "ndcg": 0.1999177634716034,
      "jsd": 0.08737313002347946,
      "ndcg_usergroup_1": 0.19059541821479797,
      "jsd_usergroup_1": 0.11128970235586166,
      "ndcg_usergroup_2": 0.18655498325824738,
      "jsd_usergroup_2": 0.0753989890217781,
      "ndcg_usergroup_3": 0.24932843446731567,
      "jsd_usergroup_3": 0.09937898069620132
    },
    "epoch_4": {
      "ndcg": 0.21900057792663574,
      "jsd": 0.08384321630001068,
      "ndcg_usergroup_1": 0.2069437950849533,
      "jsd_usergroup_1": 0.1285952925682068,
      "ndcg_usergroup_2": 0.2101232409477234,
      "jsd_usergroup_2": 0.07399735599756241,
      "ndcg_usergroup_3": 0.25768929719924927,
      "jsd_usergroup_3": 0.06862873584032059
    },
    "epoch_6": {
      "ndcg": 0.23129916191101074,
      "jsd": 0.08657360076904297,
      "ndcg_usergroup_1": 0.21052958071231842,
      "jsd_usergroup_1": 0.138868048787117,
      "ndcg_usergroup_2": 0.22701072692871094,
      "jsd_usergroup_2": 0.0759953111410141,
      "ndcg_usergroup_3": 0.2649339735507965,
      "jsd_usergroup_3": 0.06601402163505554
    },
    "epoch_8": {
      "ndcg": 0.24008417129516602,
      "jsd": 0.0872226133942604,
      "ndcg_usergroup_1": 0.21239052712917328,
      "jsd_usergroup_1": 0.13773256540298462,
      "ndcg_usergroup_2": 0.23299874365329742,
      "jsd_usergroup_2": 0.07803434133529663,
      "ndcg_usergroup_3": 0.28903403878211975,
      "jsd_usergroup_3": 0.06427743285894394
    },
    "epoch_10": {
      "ndcg": 0.24373289942741394,
      "jsd": 0.0943695679306984,
      "ndcg_usergroup_1": 0.2077222466468811,
      "jsd_usergroup_1": 0.14663486182689667,
      "ndcg_usergroup_2": 0.2358686774969101,
      "jsd_usergroup_2": 0.08314292132854462,
      "ndcg_usergroup_3": 0.3033362329006195,
      "jsd_usergroup_3": 0.07578422129154205
    },
    "epoch_22": {
      "ndcg": 0.2449960857629776,
      "jsd": 0.10180298238992691,
      "ndcg_usergroup_1": 0.20396387577056885,
      "jsd_usergroup_1": 0.1555994302034378,
      "ndcg_usergroup_2": 0.2371179759502411,
      "jsd_usergroup_2": 0.09261605888605118,
      "ndcg_usergroup_3": 0.3096625804901123,
      "jsd_usergroup_3": 0.0755673348903656
    }
  }
}