{
  "base_recommendations": {
    "ndcg": 0.2663273811340332,
    "jsd": 0.12193825840950012,
    "ndcg_usergroup_1": 0.21388721466064453,
    "jsd_usergroup_1": 0.11441239714622498,
    "ndcg_usergroup_2": 0.256170392036438,
    "jsd_usergroup_2": 0.12063903361558914,
    "ndcg_usergroup_3": 0.34923845529556274,
    "jsd_usergroup_3": 0.13336177170276642
  },
  "postprocessed": {},
  "finetuned": {
    "epoch_1": {
      "ndcg": 0.10218124836683273,
      "jsd": 0.16090232133865356,
      "ndcg_usergroup_1": 0.1240691989660263,
      "jsd_usergroup_1": 0.11471301317214966,
      "ndcg_usergroup_2": 0.09142240881919861,
      "jsd_usergroup_2": 0.16779913008213043,
      "ndcg_usergroup_3": 0.11256980895996094,
      "jsd_usergroup_3": 0.1864011287689209
    },
    "epoch_2": {
      "ndcg": 0.1470584124326706,
      "jsd": 0.13977299630641937,
      "ndcg_usergroup_1": 0.1473577320575714,
      "jsd_usergroup_1": 0.09120588004589081,
      "ndcg_usergroup_2": 0.13590312004089355,
      "jsd_usergroup_2": 0.13947317004203796,
      "ndcg_usergroup_3": 0.1802249401807785,
      "jsd_usergroup_3": 0.18923956155776978
    },
    "epoch_3": {
      "ndcg": 0.07012832164764404,
      "jsd": 0.13881006836891174,
      "ndcg_usergroup_1": 0.10476800054311752,
      "jsd_usergroup_1": 0.1301935911178589,
      "ndcg_usergroup_2": 0.05833051726222038,
      "jsd_usergroup_2": 0.1542550027370453,
      "ndcg_usergroup_3": 0.07088203728199005,
      "jsd_usergroup_3": 0.10109170526266098
    },
    "epoch_8": {
      "ndcg": 0.06233758106827736,
      "jsd": 0.08707297593355179,
      "ndcg_usergroup_1": 0.0646149069070816,
      "jsd_usergroup_1": 0.05779951065778732,
      "ndcg_usergroup_2": 0.05741720646619797,
      "jsd_usergroup_2": 0.08425202965736389,
      "ndcg_usergroup_3": 0.07482138276100159,
      "jsd_usergroup_3": 0.12480922788381577
    }
  }
}