{
  "base_recommendations": {
    "ndcg": 0.2663273811340332,
    "jsd": 0.12193825840950012,
    "ndcg_usergroup_1": 0.21388721466064453,
    "jsd_usergroup_1": 0.11441239714622498,
    "ndcg_usergroup_2": 0.256170392036438,
    "jsd_usergroup_2": 0.12063903361558914,
    "ndcg_usergroup_3": 0.34923845529556274,
    "jsd_usergroup_3": 0.13336177170276642
  },
  "postprocessed": {},
  "finetuned": {
    "epoch_1": {
      "ndcg": 0.20852479338645935,
      "jsd": 0.09032465517520905,
      "ndcg_usergroup_1": 0.17941175401210785,
      "jsd_usergroup_1": 0.07761922478675842,
      "ndcg_usergroup_2": 0.19620183110237122,
      "jsd_usergroup_2": 0.09254076331853867,
      "ndcg_usergroup_3": 0.27460673451423645,
      "jsd_usergroup_3": 0.09638173878192902
    },
    "epoch_2": {
      "ndcg": 0.17547562718391418,
      "jsd": 0.08485360443592072,
      "ndcg_usergroup_1": 0.16243599355220795,
      "jsd_usergroup_1": 0.07954554259777069,
      "ndcg_usergroup_2": 0.1633545309305191,
      "jsd_usergroup_2": 0.087575763463974,
      "ndcg_usergroup_3": 0.22487851977348328,
      "jsd_usergroup_3": 0.0819951668381691
    },
    "epoch_3": {
      "ndcg": 0.16416195034980774,
      "jsd": 0.07491359114646912,
      "ndcg_usergroup_1": 0.15446670353412628,
      "jsd_usergroup_1": 0.07454098016023636,
      "ndcg_usergroup_2": 0.14994685351848602,
      "jsd_usergroup_2": 0.07789134979248047,
      "ndcg_usergroup_3": 0.21650241315364838,
      "jsd_usergroup_3": 0.06635291874408722
    },
    "epoch_4": {
      "ndcg": 0.15393158793449402,
      "jsd": 0.06940633058547974,
      "ndcg_usergroup_1": 0.15200431644916534,
      "jsd_usergroup_1": 0.0688231885433197,
      "ndcg_usergroup_2": 0.1422916054725647,
      "jsd_usergroup_2": 0.0705522820353508,
      "ndcg_usergroup_3": 0.1907787322998047,
      "jsd_usergroup_3": 0.0665515810251236
    },
    "epoch_5": {
      "ndcg": 0.15205001831054688,
      "jsd": 0.06486593186855316,
      "ndcg_usergroup_1": 0.1508907526731491,
      "jsd_usergroup_1": 0.06313519179821014,
      "ndcg_usergroup_2": 0.13804256916046143,
      "jsd_usergroup_2": 0.06731097400188446,
      "ndcg_usergroup_3": 0.1952315866947174,
      "jsd_usergroup_3": 0.05926154926419258
    },
    "epoch_6": {
      "ndcg": 0.14924204349517822,
      "jsd": 0.06091829016804695,
      "ndcg_usergroup_1": 0.1535359025001526,
      "jsd_usergroup_1": 0.05755612254142761,
      "ndcg_usergroup_2": 0.13637493550777435,
      "jsd_usergroup_2": 0.061972882598638535,
      "ndcg_usergroup_3": 0.18354949355125427,
      "jsd_usergroup_3": 0.06111666560173035
    },
    "epoch_7": {
      "ndcg": 0.1543654203414917,
      "jsd": 0.05575700104236603,
      "ndcg_usergroup_1": 0.15782691538333893,
      "jsd_usergroup_1": 0.0548720583319664,
      "ndcg_usergroup_2": 0.13959386944770813,
      "jsd_usergroup_2": 0.05660555139183998,
      "ndcg_usergroup_3": 0.19521857798099518,
      "jsd_usergroup_3": 0.05409625917673111
    },
    "epoch_9": {
      "ndcg": 0.15279743075370789,
      "jsd": 0.054330840706825256,
      "ndcg_usergroup_1": 0.1575763076543808,
      "jsd_usergroup_1": 0.04835617169737816,
      "ndcg_usergroup_2": 0.13844870030879974,
      "jsd_usergroup_2": 0.0563039593398571,
      "ndcg_usergroup_3": 0.1910647302865982,
      "jsd_usergroup_3": 0.05438613146543503
    },
    "epoch_10": {
      "ndcg": 0.1532396823167801,
      "jsd": 0.054405394941568375,
      "ndcg_usergroup_1": 0.15960589051246643,
      "jsd_usergroup_1": 0.047271814197301865,
      "ndcg_usergroup_2": 0.13976600766181946,
      "jsd_usergroup_2": 0.05468878149986267,
      "ndcg_usergroup_3": 0.18729448318481445,
      "jsd_usergroup_3": 0.06068878993391991
    },
    "epoch_11": {
      "ndcg": 0.15652647614479065,
      "jsd": 0.052431583404541016,
      "ndcg_usergroup_1": 0.15701907873153687,
      "jsd_usergroup_1": 0.04554717615246773,
      "ndcg_usergroup_2": 0.14177517592906952,
      "jsd_usergroup_2": 0.05450683832168579,
      "ndcg_usergroup_3": 0.20028778910636902,
      "jsd_usergroup_3": 0.05309022217988968
    },
    "epoch_12": {
      "ndcg": 0.15888388454914093,
      "jsd": 0.052125509828329086,
      "ndcg_usergroup_1": 0.1624625325202942,
      "jsd_usergroup_1": 0.04437118023633957,
      "ndcg_usergroup_2": 0.1452043503522873,
      "jsd_usergroup_2": 0.05332113057374954,
      "ndcg_usergroup_3": 0.19634391367435455,
      "jsd_usergroup_3": 0.05629296973347664
    },
    "epoch_22": {
      "ndcg": 0.1671701967716217,
      "jsd": 0.05224061757326126,
      "ndcg_usergroup_1": 0.16518251597881317,
      "jsd_usergroup_1": 0.0413685142993927,
      "ndcg_usergroup_2": 0.1525842398405075,
      "jsd_usergroup_2": 0.05499907582998276,
      "ndcg_usergroup_3": 0.21291576325893402,
      "jsd_usergroup_3": 0.054837342351675034
    },
    "epoch_33": {
      "ndcg": 0.17315933108329773,
      "jsd": 0.05267217755317688,
      "ndcg_usergroup_1": 0.16839131712913513,
      "jsd_usergroup_1": 0.040923457592725754,
      "ndcg_usergroup_2": 0.1608884334564209,
      "jsd_usergroup_2": 0.05471731722354889,
      "ndcg_usergroup_3": 0.21473996341228485,
      "jsd_usergroup_3": 0.05828547850251198
    }
  }
}