{
  "base_recommendations": {
    "ndcg": 0.2663273811340332,
    "jsd": 0.12193825840950012,
    "ndcg_usergroup_1": 0.21388721466064453,
    "jsd_usergroup_1": 0.11441239714622498,
    "ndcg_usergroup_2": 0.256170392036438,
    "jsd_usergroup_2": 0.12063903361558914,
    "ndcg_usergroup_3": 0.34923845529556274,
    "jsd_usergroup_3": 0.13336177170276642
  },
  "postprocessed": {},
  "finetuned": {
    "epoch_1": {
      "ndcg": 0.2287725806236267,
      "jsd": 0.09187404066324234,
      "ndcg_usergroup_1": 0.1871703416109085,
      "jsd_usergroup_1": 0.07540522515773773,
      "ndcg_usergroup_2": 0.21649609506130219,
      "jsd_usergroup_2": 0.0929092988371849,
      "ndcg_usergroup_3": 0.3072042763233185,
      "jsd_usergroup_3": 0.10523710399866104
    },
    "epoch_2": {
      "ndcg": 0.20306748151779175,
      "jsd": 0.08435310423374176,
      "ndcg_usergroup_1": 0.16213984787464142,
      "jsd_usergroup_1": 0.07442634552717209,
      "ndcg_usergroup_2": 0.19354213774204254,
      "jsd_usergroup_2": 0.08614461869001389,
      "ndcg_usergroup_3": 0.27257123589515686,
      "jsd_usergroup_3": 0.08890528231859207
    },
    "epoch_3": {
      "ndcg": 0.18463070690631866,
      "jsd": 0.07859252393245697,
      "ndcg_usergroup_1": 0.1512502133846283,
      "jsd_usergroup_1": 0.074138343334198,
      "ndcg_usergroup_2": 0.17857128381729126,
      "jsd_usergroup_2": 0.07997092604637146,
      "ndcg_usergroup_3": 0.2361893504858017,
      "jsd_usergroup_3": 0.07891151309013367
    },
    "epoch_4": {
      "ndcg": 0.1713639795780182,
      "jsd": 0.07412095367908478,
      "ndcg_usergroup_1": 0.14611688256263733,
      "jsd_usergroup_1": 0.070672407746315,
      "ndcg_usergroup_2": 0.16498897969722748,
      "jsd_usergroup_2": 0.07629497349262238,
      "ndcg_usergroup_3": 0.2157360315322876,
      "jsd_usergroup_3": 0.07104746997356415
    },
    "epoch_5": {
      "ndcg": 0.16675199568271637,
      "jsd": 0.06891869753599167,
      "ndcg_usergroup_1": 0.14091980457305908,
      "jsd_usergroup_1": 0.06807800382375717,
      "ndcg_usergroup_2": 0.15933439135551453,
      "jsd_usergroup_2": 0.07000178098678589,
      "ndcg_usergroup_3": 0.21483691036701202,
      "jsd_usergroup_3": 0.06651013344526291
    },
    "epoch_7": {
      "ndcg": 0.14669080078601837,
      "jsd": 0.06737607717514038,
      "ndcg_usergroup_1": 0.13228993117809296,
      "jsd_usergroup_1": 0.06885191053152084,
      "ndcg_usergroup_2": 0.1401592493057251,
      "jsd_usergroup_2": 0.06860712170600891,
      "ndcg_usergroup_3": 0.1806863695383072,
      "jsd_usergroup_3": 0.06220707669854164
    },
    "epoch_8": {
      "ndcg": 0.1466122418642044,
      "jsd": 0.06282670795917511,
      "ndcg_usergroup_1": 0.13254322111606598,
      "jsd_usergroup_1": 0.0671105682849884,
      "ndcg_usergroup_2": 0.13865867257118225,
      "jsd_usergroup_2": 0.06340155005455017,
      "ndcg_usergroup_3": 0.18454201519489288,
      "jsd_usergroup_3": 0.05681832879781723
    },
    "epoch_11": {
      "ndcg": 0.14058102667331696,
      "jsd": 0.06191600486636162,
      "ndcg_usergroup_1": 0.12944753468036652,
      "jsd_usergroup_1": 0.06572161614894867,
      "ndcg_usergroup_2": 0.13168874382972717,
      "jsd_usergroup_2": 0.06302428245544434,
      "ndcg_usergroup_3": 0.17839138209819794,
      "jsd_usergroup_3": 0.05478551983833313
    },
    "epoch_13": {
      "ndcg": 0.1411091387271881,
      "jsd": 0.057507243007421494,
      "ndcg_usergroup_1": 0.13332241773605347,
      "jsd_usergroup_1": 0.06026410683989525,
      "ndcg_usergroup_2": 0.13272316753864288,
      "jsd_usergroup_2": 0.05789671838283539,
      "ndcg_usergroup_3": 0.17405377328395844,
      "jsd_usergroup_3": 0.05358195677399635
    },
    "epoch_16": {
      "ndcg": 0.13604336977005005,
      "jsd": 0.05669562146067619,
      "ndcg_usergroup_1": 0.12548643350601196,
      "jsd_usergroup_1": 0.06104651838541031,
      "ndcg_usergroup_2": 0.12737396359443665,
      "jsd_usergroup_2": 0.05700050666928291,
      "ndcg_usergroup_3": 0.17260845005512238,
      "jsd_usergroup_3": 0.051430072635412216
    },
    "epoch_18": {
      "ndcg": 0.13481462001800537,
      "jsd": 0.05608353763818741,
      "ndcg_usergroup_1": 0.12405440956354141,
      "jsd_usergroup_1": 0.060408636927604675,
      "ndcg_usergroup_2": 0.1253436803817749,
      "jsd_usergroup_2": 0.056519754230976105,
      "ndcg_usergroup_3": 0.17398765683174133,
      "jsd_usergroup_3": 0.05044977366924286
    },
    "epoch_30": {
      "ndcg": 0.14210861921310425,
      "jsd": 0.0514596551656723,
      "ndcg_usergroup_1": 0.12915579974651337,
      "jsd_usergroup_1": 0.051550302654504776,
      "ndcg_usergroup_2": 0.13252103328704834,
      "jsd_usergroup_2": 0.05195728689432144,
      "ndcg_usergroup_3": 0.18382424116134644,
      "jsd_usergroup_3": 0.049876097589731216
    }
  }
}