{
  "base_recommendations": {
    "ndcg": 0.2663273811340332,
    "jsd": 0.12193825840950012,
    "ndcg_usergroup_1": 0.21388721466064453,
    "jsd_usergroup_1": 0.11441239714622498,
    "ndcg_usergroup_2": 0.256170392036438,
    "jsd_usergroup_2": 0.12063903361558914,
    "ndcg_usergroup_3": 0.34923845529556274,
    "jsd_usergroup_3": 0.13336177170276642
  },
  "postprocessed": {},
  "finetuned": {
    "epoch_1": {
      "ndcg": 0.18874694406986237,
      "jsd": 0.08780729025602341,
      "ndcg_usergroup_1": 0.16305853426456451,
      "jsd_usergroup_1": 0.07435277104377747,
      "ndcg_usergroup_2": 0.17675837874412537,
      "jsd_usergroup_2": 0.09207186847925186,
      "ndcg_usergroup_3": 0.25040102005004883,
      "jsd_usergroup_3": 0.0884680449962616
    },
    "epoch_2": {
      "ndcg": 0.16436170041561127,
      "jsd": 0.07173846662044525,
      "ndcg_usergroup_1": 0.14750534296035767,
      "jsd_usergroup_1": 0.06509694457054138,
      "ndcg_usergroup_2": 0.1565297394990921,
      "jsd_usergroup_2": 0.07320988178253174,
      "ndcg_usergroup_3": 0.2047138661146164,
      "jsd_usergroup_3": 0.07396570593118668
    },
    "epoch_3": {
      "ndcg": 0.15912146866321564,
      "jsd": 0.06373628973960876,
      "ndcg_usergroup_1": 0.1440580189228058,
      "jsd_usergroup_1": 0.06243794038891792,
      "ndcg_usergroup_2": 0.14833815395832062,
      "jsd_usergroup_2": 0.06640318781137466,
      "ndcg_usergroup_3": 0.20653483271598816,
      "jsd_usergroup_3": 0.057033900171518326
    },
    "epoch_5": {
      "ndcg": 0.15788578987121582,
      "jsd": 0.05786895751953125,
      "ndcg_usergroup_1": 0.14721451699733734,
      "jsd_usergroup_1": 0.05713539198040962,
      "ndcg_usergroup_2": 0.14685584604740143,
      "jsd_usergroup_2": 0.05910099670290947,
      "ndcg_usergroup_3": 0.20164692401885986,
      "jsd_usergroup_3": 0.054906416684389114
    },
    "epoch_6": {
      "ndcg": 0.16317883133888245,
      "jsd": 0.054214973002672195,
      "ndcg_usergroup_1": 0.15682584047317505,
      "jsd_usergroup_1": 0.04886056110262871,
      "ndcg_usergroup_2": 0.15181393921375275,
      "jsd_usergroup_2": 0.05531405657529831,
      "ndcg_usergroup_3": 0.20362642407417297,
      "jsd_usergroup_3": 0.05627213418483734
    },
    "epoch_7": {
      "ndcg": 0.16580048203468323,
      "jsd": 0.05346737802028656,
      "ndcg_usergroup_1": 0.16094444692134857,
      "jsd_usergroup_1": 0.048389825969934464,
      "ndcg_usergroup_2": 0.1534937471151352,
      "jsd_usergroup_2": 0.054744038730859756,
      "ndcg_usergroup_3": 0.207576721906662,
      "jsd_usergroup_3": 0.05471494048833847
    },
    "epoch_11": {
      "ndcg": 0.17876869440078735,
      "jsd": 0.049255724996328354,
      "ndcg_usergroup_1": 0.16531972587108612,
      "jsd_usergroup_1": 0.04321657493710518,
      "ndcg_usergroup_2": 0.16766394674777985,
      "jsd_usergroup_2": 0.050224725157022476,
      "ndcg_usergroup_3": 0.2255319207906723,
      "jsd_usergroup_3": 0.05238788202404976
    }
  }
}