{
  "base_recommendations": {
    "ndcg": 0.2663273811340332,
    "jsd": 0.12193825840950012,
    "ndcg_usergroup_1": 0.21388721466064453,
    "jsd_usergroup_1": 0.11441239714622498,
    "ndcg_usergroup_2": 0.256170392036438,
    "jsd_usergroup_2": 0.12063903361558914,
    "ndcg_usergroup_3": 0.34923845529556274,
    "jsd_usergroup_3": 0.13336177170276642
  },
  "postprocessed": {},
  "finetuned": {
    "epoch_1": {
      "ndcg": 0.2414584755897522,
      "jsd": 0.09577736258506775,
      "ndcg_usergroup_1": 0.19738124310970306,
      "jsd_usergroup_1": 0.08267927914857864,
      "ndcg_usergroup_2": 0.22968044877052307,
      "jsd_usergroup_2": 0.09548307955265045,
      "ndcg_usergroup_3": 0.32086971402168274,
      "jsd_usergroup_3": 0.10975830256938934
    },
    "epoch_2": {
      "ndcg": 0.21537721157073975,
      "jsd": 0.08970021456480026,
      "ndcg_usergroup_1": 0.17888139188289642,
      "jsd_usergroup_1": 0.07420384883880615,
      "ndcg_usergroup_2": 0.20343348383903503,
      "jsd_usergroup_2": 0.09248565882444382,
      "ndcg_usergroup_3": 0.2877041697502136,
      "jsd_usergroup_3": 0.09684029966592789
    },
    "epoch_3": {
      "ndcg": 0.19911205768585205,
      "jsd": 0.08490926027297974,
      "ndcg_usergroup_1": 0.16986118257045746,
      "jsd_usergroup_1": 0.07458527386188507,
      "ndcg_usergroup_2": 0.18828044831752777,
      "jsd_usergroup_2": 0.08856033533811569,
      "ndcg_usergroup_3": 0.2608577609062195,
      "jsd_usergroup_3": 0.08427997678518295
    },
    "epoch_4": {
      "ndcg": 0.18793734908103943,
      "jsd": 0.08038970082998276,
      "ndcg_usergroup_1": 0.16432558000087738,
      "jsd_usergroup_1": 0.07435759156942368,
      "ndcg_usergroup_2": 0.1772274225950241,
      "jsd_usergroup_2": 0.08386538922786713,
      "ndcg_usergroup_3": 0.24367892742156982,
      "jsd_usergroup_3": 0.07599472999572754
    },
    "epoch_5": {
      "ndcg": 0.179537832736969,
      "jsd": 0.07697410136461258,
      "ndcg_usergroup_1": 0.15740999579429626,
      "jsd_usergroup_1": 0.07048846781253815,
      "ndcg_usergroup_2": 0.16892436146736145,
      "jsd_usergroup_2": 0.08014435321092606,
      "ndcg_usergroup_3": 0.2335060089826584,
      "jsd_usergroup_3": 0.0739489421248436
    },
    "epoch_6": {
      "ndcg": 0.1747824251651764,
      "jsd": 0.07521864771842957,
      "ndcg_usergroup_1": 0.15570853650569916,
      "jsd_usergroup_1": 0.07059617340564728,
      "ndcg_usergroup_2": 0.16365326941013336,
      "jsd_usergroup_2": 0.07809815555810928,
      "ndcg_usergroup_3": 0.22724369168281555,
      "jsd_usergroup_3": 0.07120262831449509
    },
    "epoch_7": {
      "ndcg": 0.16963261365890503,
      "jsd": 0.07203879207372665,
      "ndcg_usergroup_1": 0.1492527574300766,
      "jsd_usergroup_1": 0.06876683980226517,
      "ndcg_usergroup_2": 0.1596476286649704,
      "jsd_usergroup_2": 0.07441684603691101,
      "ndcg_usergroup_3": 0.21996742486953735,
      "jsd_usergroup_3": 0.06817661225795746
    },
    "epoch_8": {
      "ndcg": 0.16571585834026337,
      "jsd": 0.0703219622373581,
      "ndcg_usergroup_1": 0.14526812732219696,
      "jsd_usergroup_1": 0.06743743270635605,
      "ndcg_usergroup_2": 0.15537191927433014,
      "jsd_usergroup_2": 0.07291289418935776,
      "ndcg_usergroup_3": 0.21719542145729065,
      "jsd_usergroup_3": 0.06543372571468353
    },
    "epoch_9": {
      "ndcg": 0.1627746969461441,
      "jsd": 0.06923434883356094,
      "ndcg_usergroup_1": 0.14382947981357574,
      "jsd_usergroup_1": 0.06651204824447632,
      "ndcg_usergroup_2": 0.15226568281650543,
      "jsd_usergroup_2": 0.07125581800937653,
      "ndcg_usergroup_3": 0.2132469266653061,
      "jsd_usergroup_3": 0.0658922865986824
    },
    "epoch_10": {
      "ndcg": 0.16139820218086243,
      "jsd": 0.06805535405874252,
      "ndcg_usergroup_1": 0.14246857166290283,
      "jsd_usergroup_1": 0.0656273290514946,
      "ndcg_usergroup_2": 0.15088628232479095,
      "jsd_usergroup_2": 0.0704006627202034,
      "ndcg_usergroup_3": 0.21186359226703644,
      "jsd_usergroup_3": 0.0634474828839302
    },
    "epoch_11": {
      "ndcg": 0.16064715385437012,
      "jsd": 0.0652882382273674,
      "ndcg_usergroup_1": 0.14284543693065643,
      "jsd_usergroup_1": 0.06426534056663513,
      "ndcg_usergroup_2": 0.15037104487419128,
      "jsd_usergroup_2": 0.06712076812982559,
      "ndcg_usergroup_3": 0.2092772275209427,
      "jsd_usergroup_3": 0.060813549906015396
    },
    "epoch_12": {
      "ndcg": 0.16123591363430023,
      "jsd": 0.06302494555711746,
      "ndcg_usergroup_1": 0.142594575881958,
      "jsd_usergroup_1": 0.06178716942667961,
      "ndcg_usergroup_2": 0.15098699927330017,
      "jsd_usergroup_2": 0.06431479007005692,
      "ndcg_usergroup_3": 0.2106240689754486,
      "jsd_usergroup_3": 0.06039319559931755
    },
    "epoch_13": {
      "ndcg": 0.15940096974372864,
      "jsd": 0.06217510998249054,
      "ndcg_usergroup_1": 0.14303813874721527,
      "jsd_usergroup_1": 0.06102664768695831,
      "ndcg_usergroup_2": 0.14884653687477112,
      "jsd_usergroup_2": 0.06326206028461456,
      "ndcg_usergroup_3": 0.20742714405059814,
      "jsd_usergroup_3": 0.0600627101957798
    },
    "epoch_14": {
      "ndcg": 0.15851500630378723,
      "jsd": 0.06127643957734108,
      "ndcg_usergroup_1": 0.14188453555107117,
      "jsd_usergroup_1": 0.06019499897956848,
      "ndcg_usergroup_2": 0.14798028767108917,
      "jsd_usergroup_2": 0.06259998679161072,
      "ndcg_usergroup_3": 0.20674961805343628,
      "jsd_usergroup_3": 0.05838722735643387
    },
    "epoch_15": {
      "ndcg": 0.15911048650741577,
      "jsd": 0.060317497700452805,
      "ndcg_usergroup_1": 0.1441076099872589,
      "jsd_usergroup_1": 0.058620017021894455,
      "ndcg_usergroup_2": 0.14855486154556274,
      "jsd_usergroup_2": 0.06162276118993759,
      "ndcg_usergroup_3": 0.2057802826166153,
      "jsd_usergroup_3": 0.05809919536113739
    },
    "epoch_16": {
      "ndcg": 0.15990935266017914,
      "jsd": 0.05834290385246277,
      "ndcg_usergroup_1": 0.14330172538757324,
      "jsd_usergroup_1": 0.05742303654551506,
      "ndcg_usergroup_2": 0.1502034068107605,
      "jsd_usergroup_2": 0.058976251631975174,
      "ndcg_usergroup_3": 0.20563481748104095,
      "jsd_usergroup_3": 0.05736272782087326
    },
    "epoch_18": {
      "ndcg": 0.15853926539421082,
      "jsd": 0.058014482259750366,
      "ndcg_usergroup_1": 0.1438300609588623,
      "jsd_usergroup_1": 0.05697525665163994,
      "ndcg_usergroup_2": 0.14842523634433746,
      "jsd_usergroup_2": 0.05873540788888931,
      "ndcg_usergroup_3": 0.2035905122756958,
      "jsd_usergroup_3": 0.05689091607928276
    },
    "epoch_19": {
      "ndcg": 0.15977312624454498,
      "jsd": 0.05655306577682495,
      "ndcg_usergroup_1": 0.14649240672588348,
      "jsd_usergroup_1": 0.05557410046458244,
      "ndcg_usergroup_2": 0.14946095645427704,
      "jsd_usergroup_2": 0.05707086995244026,
      "ndcg_usergroup_3": 0.20399034023284912,
      "jsd_usergroup_3": 0.05597861111164093
    },
    "epoch_20": {
      "ndcg": 0.1606215089559555,
      "jsd": 0.056562408804893494,
      "ndcg_usergroup_1": 0.145073801279068,
      "jsd_usergroup_1": 0.0567309632897377,
      "ndcg_usergroup_2": 0.15029670298099518,
      "jsd_usergroup_2": 0.0568913072347641,
      "ndcg_usergroup_3": 0.2071436643600464,
      "jsd_usergroup_3": 0.05540714040398598
    },
    "epoch_21": {
      "ndcg": 0.16083501279354095,
      "jsd": 0.0562090128660202,
      "ndcg_usergroup_1": 0.14654387533664703,
      "jsd_usergroup_1": 0.0555829182267189,
      "ndcg_usergroup_2": 0.15118053555488586,
      "jsd_usergroup_2": 0.05634428933262825,
      "ndcg_usergroup_3": 0.20408956706523895,
      "jsd_usergroup_3": 0.05642930045723915
    },
    "epoch_22": {
      "ndcg": 0.16210374236106873,
      "jsd": 0.05532579496502876,
      "ndcg_usergroup_1": 0.14635267853736877,
      "jsd_usergroup_1": 0.055538248270750046,