{
  "base_recommendations": {
    "ndcg": 0.2663273811340332,
    "jsd": 0.12193825840950012,
    "ndcg_usergroup_1": 0.21388721466064453,
    "jsd_usergroup_1": 0.11441239714622498,
    "ndcg_usergroup_2": 0.256170392036438,
    "jsd_usergroup_2": 0.12063903361558914,
    "ndcg_usergroup_3": 0.34923845529556274,
    "jsd_usergroup_3": 0.13336177170276642
  },
  "postprocessed": {},
  "finetuned": {
    "epoch_1": {
      "ndcg": 0.19432397186756134,
      "jsd": 0.09197904914617538,
      "ndcg_usergroup_1": 0.17541053891181946,
      "jsd_usergroup_1": 0.0821893960237503,
      "ndcg_usergroup_2": 0.18272854387760162,
      "jsd_usergroup_2": 0.09362489730119705,
      "ndcg_usergroup_3": 0.24802380800247192,
      "jsd_usergroup_3": 0.09683117270469666
    },
    "epoch_2": {
      "ndcg": 0.16600020229816437,
      "jsd": 0.08759935200214386,
      "ndcg_usergroup_1": 0.16439247131347656,
      "jsd_usergroup_1": 0.08335798233747482,
      "ndcg_usergroup_2": 0.15416669845581055,
      "jsd_usergroup_2": 0.09025644510984421,
      "ndcg_usergroup_3": 0.20310847461223602,
      "jsd_usergroup_3": 0.08386946469545364
    },
    "epoch_3": {
      "ndcg": 0.15971040725708008,
      "jsd": 0.08017189800739288,
      "ndcg_usergroup_1": 0.15753385424613953,
      "jsd_usergroup_1": 0.07998252660036087,
      "ndcg_usergroup_2": 0.145607590675354,
      "jsd_usergroup_2": 0.08229748904705048,
      "ndcg_usergroup_3": 0.20419546961784363,
      "jsd_usergroup_3": 0.07398448139429092
    },
    "epoch_4": {
      "ndcg": 0.1572107970714569,
      "jsd": 0.0750231146812439,
      "ndcg_usergroup_1": 0.16240310668945312,
      "jsd_usergroup_1": 0.07826259732246399,
      "ndcg_usergroup_2": 0.1464480310678482,
      "jsd_usergroup_2": 0.07459970563650131,
      "ndcg_usergroup_3": 0.18430672585964203,
      "jsd_usergroup_3": 0.07305385172367096
    },
    "epoch_5": {
      "ndcg": 0.1615278124809265,
      "jsd": 0.07050687074661255,
      "ndcg_usergroup_1": 0.16207383573055267,
      "jsd_usergroup_1": 0.07503107935190201,
      "ndcg_usergroup_2": 0.14875806868076324,
      "jsd_usergroup_2": 0.07084064930677414,
      "ndcg_usergroup_3": 0.19929105043411255,
      "jsd_usergroup_3": 0.0649813562631607
    },
    "epoch_6": {
      "ndcg": 0.16034746170043945,
      "jsd": 0.06997570395469666,
      "ndcg_usergroup_1": 0.16536638140678406,
      "jsd_usergroup_1": 0.07453285157680511,
      "ndcg_usergroup_2": 0.14898210763931274,
      "jsd_usergroup_2": 0.0684688538312912,
      "ndcg_usergroup_3": 0.18942463397979736,
      "jsd_usergroup_3": 0.06993910670280457
    },
    "epoch_7": {
      "ndcg": 0.1705409735441208,
      "jsd": 0.06612157821655273,
      "ndcg_usergroup_1": 0.1692640334367752,
      "jsd_usergroup_1": 0.07350127398967743,
      "ndcg_usergroup_2": 0.15893565118312836,
      "jsd_usergroup_2": 0.0654064193367958,
      "ndcg_usergroup_3": 0.20663398504257202,
      "jsd_usergroup_3": 0.06088736280798912
    },
    "epoch_9": {
      "ndcg": 0.1703519970178604,
      "jsd": 0.0656866505742073,
      "ndcg_usergroup_1": 0.17199736833572388,
      "jsd_usergroup_1": 0.07218491286039352,
      "ndcg_usergroup_2": 0.15710408985614777,
      "jsd_usergroup_2": 0.06462345272302628,
      "ndcg_usergroup_3": 0.20845024287700653,
      "jsd_usergroup_3": 0.062377966940402985
    },
    "epoch_11": {
      "ndcg": 0.17561708390712738,
      "jsd": 0.06610248237848282,
      "ndcg_usergroup_1": 0.17400676012039185,
      "jsd_usergroup_1": 0.07265794277191162,
      "ndcg_usergroup_2": 0.16325169801712036,
      "jsd_usergroup_2": 0.06436484307050705,
      "ndcg_usergroup_3": 0.21432356536388397,
      "jsd_usergroup_3": 0.06475995481014252
    },
    "epoch_13": {
      "ndcg": 0.1796288788318634,
      "jsd": 0.06430621445178986,
      "ndcg_usergroup_1": 0.178614541888237,
      "jsd_usergroup_1": 0.07427983731031418,
      "ndcg_usergroup_2": 0.16790340840816498,
      "jsd_usergroup_2": 0.061196476221084595,
      "ndcg_usergroup_3": 0.2158195525407791,
      "jsd_usergroup_3": 0.06366176903247833
    },
    "epoch_16": {
      "ndcg": 0.1837887018918991,
      "jsd": 0.06556053459644318,
      "ndcg_usergroup_1": 0.18534129858016968,
      "jsd_usergroup_1": 0.07507878541946411,
      "ndcg_usergroup_2": 0.1725354790687561,
      "jsd_usergroup_2": 0.06131394952535629,
      "ndcg_usergroup_3": 0.21599575877189636,
      "jsd_usergroup_3": 0.0687820315361023
    },
    "epoch_17": {
      "ndcg": 0.18432149291038513,
      "jsd": 0.06518327444791794,
      "ndcg_usergroup_1": 0.18411368131637573,
      "jsd_usergroup_1": 0.07556381076574326,
      "ndcg_usergroup_2": 0.17290715873241425,
      "jsd_usergroup_2": 0.06208111718297005,
      "ndcg_usergroup_3": 0.2187722772359848,
      "jsd_usergroup_3": 0.06410922110080719
    },
    "epoch_19": {
      "ndcg": 0.18634656071662903,
      "jsd": 0.06453438103199005,
      "ndcg_usergroup_1": 0.18724645674228668,
      "jsd_usergroup_1": 0.07479849457740784,
      "ndcg_usergroup_2": 0.17378757894039154,
      "jsd_usergroup_2": 0.06165279075503349,
      "ndcg_usergroup_3": 0.22312356531620026,
      "jsd_usergroup_3": 0.06291501969099045
    },
    "epoch_21": {
      "ndcg": 0.19195078313350677,
      "jsd": 0.06370025128126144,
      "ndcg_usergroup_1": 0.19018077850341797,
      "jsd_usergroup_1": 0.07567401230335236,
      "ndcg_usergroup_2": 0.1810164749622345,
      "jsd_usergroup_2": 0.060343507677316666,
      "ndcg_usergroup_3": 0.22652365267276764,
      "jsd_usergroup_3": 0.06179671362042427
    },
    "epoch_23": {
      "ndcg": 0.19181779026985168,
      "jsd": 0.06306301802396774,
      "ndcg_usergroup_1": 0.18919619917869568,
      "jsd_usergroup_1": 0.07192820310592651,
      "ndcg_usergroup_2": 0.1798587441444397,
      "jsd_usergroup_2": 0.0599336177110672,
      "ndcg_usergroup_3": 0.23031653463840485,
      "jsd_usergroup_3": 0.0635860487818718
    },
    "epoch_27": {
      "ndcg": 0.19243261218070984,
      "jsd": 0.06174754723906517,
      "ndcg_usergroup_1": 0.18745510280132294,
      "jsd_usergroup_1": 0.06978189200162888,
      "ndcg_usergroup_2": 0.18186156451702118,
      "jsd_usergroup_2": 0.059464823454618454,
      "ndcg_usergroup_3": 0.2291232943534851,
      "jsd_usergroup_3": 0.060561344027519226
    },
    "epoch_29": {
      "ndcg": 0.1959010809659958,
      "jsd": 0.06234771013259888,
      "ndcg_usergroup_1": 0.19157548248767853,
      "jsd_usergroup_1": 0.07222998142242432,
      "ndcg_usergroup_2": 0.1844654232263565,
      "jsd_usergroup_2": 0.0593644380569458,
      "ndcg_usergroup_3": 0.23453375697135925,
      "jsd_usergroup_3": 0.061415255069732666
    },
    "epoch_31": {
      "ndcg": 0.19689542055130005,
      "jsd": 0.06248846277594566,
      "ndcg_usergroup_1": 0.1908644586801529,
      "jsd_usergroup_1": 0.07484991103410721,
      "ndcg_usergroup_2": 0.18678691983222961,
      "jsd_usergroup_2": 0.05855416879057884,
      "ndcg_usergroup_3": 0.2332518845796585,
      "jsd_usergroup_3": 0.061929892748594284
    },
    "epoch_33": {
      "ndcg": 0.19617003202438354,
      "jsd": 0.06204617768526077,
      "ndcg_usergroup_1": 0.19025494158267975,
      "jsd_usergroup_1": 0.07166779786348343,
      "ndcg_usergroup_2": 0.1848888248205185,
      "jsd_usergroup_2": 0.05893496051430702,
      "ndcg_usergroup_3": 0.23592860996723175,
      "jsd_usergroup_3": 0.06175820529460907
    },
    "epoch_35": {
      "ndcg": 0.19482649862766266,
      "jsd": 0.06387493759393692,
      "ndcg_usergroup_1": 0.18916141986846924,
      "jsd_usergroup_1": 0.07232088595628738,
      "ndcg_usergroup_2": 0.18629390001296997,
      "jsd_usergroup_2": 0.06105626001954079,
      "ndcg_usergroup_3": 0.22608943283557892,
      "jsd_usergroup_3": 0.06388502568006516
    },
    "epoch_37": {
      "ndcg": 0.1969481259584427,
      "jsd": 0.06180475652217865,
      "ndcg_usergroup_1": 0.18837298452854156,
      "jsd_usergroup_1": 0.07151080667972565,