{
  "base_recommendations": {
    "ndcg": 0.2663273811340332,
    "jsd": 0.12193825840950012,
    "ndcg_usergroup_1": 0.21388721466064453,
    "jsd_usergroup_1": 0.11441239714622498,
    "ndcg_usergroup_2": 0.256170392036438,
    "jsd_usergroup_2": 0.12063903361558914,
    "ndcg_usergroup_3": 0.34923845529556274,
    "jsd_usergroup_3": 0.13336177170276642
  },
  "postprocessed": {},
  "finetuned": {
    "epoch_1": {
      "ndcg": 0.1972799003124237,
      "jsd": 0.08865619450807571,
      "ndcg_usergroup_1": 0.1642884910106659,
      "jsd_usergroup_1": 0.07527760416269302,
      "ndcg_usergroup_2": 0.18595720827579498,
      "jsd_usergroup_2": 0.09218253195285797,
      "ndcg_usergroup_3": 0.26423928141593933,
      "jsd_usergroup_3": 0.09145573526620865
    },
    "epoch_2": {
      "ndcg": 0.17397162318229675,
      "jsd": 0.07068827003240585,
      "ndcg_usergroup_1": 0.1498318910598755,
      "jsd_usergroup_1": 0.0685214251279831,
      "ndcg_usergroup_2": 0.16726171970367432,
      "jsd_usergroup_2": 0.07074181735515594,
      "ndcg_usergroup_3": 0.21824102103710175,
      "jsd_usergroup_3": 0.07269445806741714
    },
    "epoch_3": {
      "ndcg": 0.1605793833732605,
      "jsd": 0.06551635265350342,
      "ndcg_usergroup_1": 0.14854119718074799,
      "jsd_usergroup_1": 0.062010083347558975,
      "ndcg_usergroup_2": 0.15105709433555603,
      "jsd_usergroup_2": 0.06626797467470169,
      "ndcg_usergroup_3": 0.2011844515800476,
      "jsd_usergroup_3": 0.06676773726940155
    },
    "epoch_4": {
      "ndcg": 0.15606428682804108,
      "jsd": 0.06140359491109848,
      "ndcg_usergroup_1": 0.14241914451122284,
      "jsd_usergroup_1": 0.06446368992328644,
      "ndcg_usergroup_2": 0.14551089704036713,
      "jsd_usergroup_2": 0.061612632125616074,
      "ndcg_usergroup_3": 0.20136956870555878,
      "jsd_usergroup_3": 0.057716380804777145
    },
    "epoch_5": {
      "ndcg": 0.15649011731147766,
      "jsd": 0.054907456040382385,
      "ndcg_usergroup_1": 0.14541222155094147,
      "jsd_usergroup_1": 0.0595342181622982,
      "ndcg_usergroup_2": 0.14606472849845886,
      "jsd_usergroup_2": 0.05503993108868599,
      "ndcg_usergroup_3": 0.19884422421455383,
      "jsd_usergroup_3": 0.04988323524594307
    },
    "epoch_6": {
      "ndcg": 0.16074508428573608,
      "jsd": 0.05276533216238022,
      "ndcg_usergroup_1": 0.15136419236660004,
      "jsd_usergroup_1": 0.053014349192380905,
      "ndcg_usergroup_2": 0.15062375366687775,
      "jsd_usergroup_2": 0.052520591765642166,
      "ndcg_usergroup_3": 0.20048999786376953,
      "jsd_usergroup_3": 0.05325052887201309
    },
    "epoch_7": {
      "ndcg": 0.16244880855083466,
      "jsd": 0.05295828729867935,
      "ndcg_usergroup_1": 0.1501084417104721,
      "jsd_usergroup_1": 0.056783102452754974,
      "ndcg_usergroup_2": 0.15239602327346802,
      "jsd_usergroup_2": 0.05254440754652023,
      "ndcg_usergroup_3": 0.20494744181632996,
      "jsd_usergroup_3": 0.050375085324048996
    },
    "epoch_8": {
      "ndcg": 0.16399799287319183,
      "jsd": 0.05097503587603569,
      "ndcg_usergroup_1": 0.14945894479751587,
      "jsd_usergroup_1": 0.051372963935136795,
      "ndcg_usergroup_2": 0.15324893593788147,
      "jsd_usergroup_2": 0.051305074244737625,
      "ndcg_usergroup_3": 0.2107842117547989,
      "jsd_usergroup_3": 0.04958698898553848
    },
    "epoch_10": {
      "ndcg": 0.16677333414554596,
      "jsd": 0.051362842321395874,
      "ndcg_usergroup_1": 0.15526019036769867,
      "jsd_usergroup_1": 0.05228190869092941,
      "ndcg_usergroup_2": 0.15523332357406616,
      "jsd_usergroup_2": 0.051173530519008636,
      "ndcg_usergroup_3": 0.21290650963783264,
      "jsd_usergroup_3": 0.051011718809604645
    },
    "epoch_11": {
      "ndcg": 0.1687859743833542,
      "jsd": 0.05087258294224739,
      "ndcg_usergroup_1": 0.15848544239997864,
      "jsd_usergroup_1": 0.04619419202208519,
      "ndcg_usergroup_2": 0.15834808349609375,
      "jsd_usergroup_2": 0.051481977105140686,
      "ndcg_usergroup_3": 0.21040010452270508,
      "jsd_usergroup_3": 0.053722791373729706
    },
    "epoch_12": {
      "ndcg": 0.16936661303043365,
      "jsd": 0.0510321781039238,
      "ndcg_usergroup_1": 0.15713761746883392,
      "jsd_usergroup_1": 0.0497998371720314,
      "ndcg_usergroup_2": 0.15873387455940247,
      "jsd_usergroup_2": 0.051617175340652466,
      "ndcg_usergroup_3": 0.21349377930164337,
      "jsd_usergroup_3": 0.0505094900727272
    },
    "epoch_14": {
      "ndcg": 0.17268285155296326,
      "jsd": 0.047045543789863586,
      "ndcg_usergroup_1": 0.15907302498817444,
      "jsd_usergroup_1": 0.04335435852408409,
      "ndcg_usergroup_2": 0.1619173139333725,
      "jsd_usergroup_2": 0.0474468395113945,
      "ndcg_usergroup_3": 0.21858930587768555,
      "jsd_usergroup_3": 0.04953286051750183
    },
    "epoch_20": {
      "ndcg": 0.1800948977470398,
      "jsd": 0.04644336923956871,
      "ndcg_usergroup_1": 0.16561566293239594,
      "jsd_usergroup_1": 0.038347408175468445,
      "ndcg_usergroup_2": 0.16685576736927032,
      "jsd_usergroup_2": 0.047835301607847214,
      "ndcg_usergroup_3": 0.23429147899150848,
      "jsd_usergroup_3": 0.050363533198833466
    }
  }
}