{
  "base_recommendations": {
    "ndcg": 0.2663273811340332,
    "jsd": 0.12193825840950012,
    "ndcg_usergroup_1": 0.21388721466064453,
    "jsd_usergroup_1": 0.11441239714622498,
    "ndcg_usergroup_2": 0.256170392036438,
    "jsd_usergroup_2": 0.12063903361558914,
    "ndcg_usergroup_3": 0.34923845529556274,
    "jsd_usergroup_3": 0.13336177170276642
  },
  "postprocessed": {},
  "finetuned": {
    "epoch_1": {
      "ndcg": 0.10571226477622986,
      "jsd": 0.14079102873802185,
      "ndcg_usergroup_1": 0.138825923204422,
      "jsd_usergroup_1": 0.10046693682670593,
      "ndcg_usergroup_2": 0.09195192158222198,
      "jsd_usergroup_2": 0.15213783085346222,
      "ndcg_usergroup_3": 0.11387962847948074,
      "jsd_usergroup_3": 0.14707477390766144
    },
    "epoch_2": {
      "ndcg": 0.1591852903366089,
      "jsd": 0.12603165209293365,
      "ndcg_usergroup_1": 0.1632709950208664,
      "jsd_usergroup_1": 0.08936332166194916,
      "ndcg_usergroup_2": 0.1495710015296936,
      "jsd_usergroup_2": 0.12118154764175415,
      "ndcg_usergroup_3": 0.18394245207309723,
      "jsd_usergroup_3": 0.1772502362728119
    },
    "epoch_4": {
      "ndcg": 0.10082323104143143,
      "jsd": 0.10471196472644806,
      "ndcg_usergroup_1": 0.10034788399934769,
      "jsd_usergroup_1": 0.0723605751991272,
      "ndcg_usergroup_2": 0.09296495467424393,
      "jsd_usergroup_2": 0.10018270462751389,
      "ndcg_usergroup_3": 0.12487340718507767,
      "jsd_usergroup_3": 0.15065111219882965
    },
    "epoch_6": {
      "ndcg": 0.15480206906795502,
      "jsd": 0.0875280350446701,
      "ndcg_usergroup_1": 0.1586763560771942,
      "jsd_usergroup_1": 0.08411634713411331,
      "ndcg_usergroup_2": 0.15331092476844788,
      "jsd_usergroup_2": 0.0883781686425209,
      "ndcg_usergroup_3": 0.15540118515491486,
      "jsd_usergroup_3": 0.0883893296122551
    },
    "epoch_8": {
      "ndcg": 0.16591089963912964,
      "jsd": 0.09701469540596008,
      "ndcg_usergroup_1": 0.1708088368177414,
      "jsd_usergroup_1": 0.09165716171264648,
      "ndcg_usergroup_2": 0.16546253859996796,
      "jsd_usergroup_2": 0.10041928291320801,
      "ndcg_usergroup_3": 0.1623581051826477,
      "jsd_usergroup_3": 0.09215845912694931
    }
  }
}