{
  "base_recommendations": {
    "ndcg": 0.2663273811340332,
    "jsd": 0.12193825840950012,
    "ndcg_usergroup_1": 0.21388721466064453,
    "jsd_usergroup_1": 0.11441239714622498,
    "ndcg_usergroup_2": 0.256170392036438,
    "jsd_usergroup_2": 0.12063903361558914,
    "ndcg_usergroup_3": 0.34923845529556274,
    "jsd_usergroup_3": 0.13336177170276642
  },
  "postprocessed": {},
  "finetuned": {
    "epoch_1": {
      "ndcg": 0.1722230315208435,
      "jsd": 0.09009338915348053,
      "ndcg_usergroup_1": 0.16166692972183228,
      "jsd_usergroup_1": 0.09029330313205719,
      "ndcg_usergroup_2": 0.16274607181549072,
      "jsd_usergroup_2": 0.09025458246469498,
      "ndcg_usergroup_3": 0.2112099975347519,
      "jsd_usergroup_3": 0.08940990269184113
    },
    "epoch_2": {
      "ndcg": 0.15910175442695618,
      "jsd": 0.08349310606718063,
      "ndcg_usergroup_1": 0.15791168808937073,
      "jsd_usergroup_1": 0.08586304634809494,
      "ndcg_usergroup_2": 0.14944306015968323,
      "jsd_usergroup_2": 0.08372984081506729,
      "ndcg_usergroup_3": 0.18926790356636047,
      "jsd_usergroup_3": 0.08041294664144516
    },
    "epoch_3": {
      "ndcg": 0.15796899795532227,
      "jsd": 0.08012207597494125,
      "ndcg_usergroup_1": 0.1635139435529709,
      "jsd_usergroup_1": 0.0869366005063057,
      "ndcg_usergroup_2": 0.14645129442214966,
      "jsd_usergroup_2": 0.0804838165640831,
      "ndcg_usergroup_3": 0.1869770586490631,
      "jsd_usergroup_3": 0.07222235947847366
    },
    "epoch_4": {
      "ndcg": 0.1693892925977707,
      "jsd": 0.07828550040721893,
      "ndcg_usergroup_1": 0.1749441772699356,
      "jsd_usergroup_1": 0.0898934006690979,
      "ndcg_usergroup_2": 0.16102997958660126,
      "jsd_usergroup_2": 0.07574933767318726,
      "ndcg_usergroup_3": 0.1889123022556305,
      "jsd_usergroup_3": 0.0742860659956932
    },
    "epoch_5": {
      "ndcg": 0.17644387483596802,
      "jsd": 0.07709568738937378,
      "ndcg_usergroup_1": 0.18160592019557953,
      "jsd_usergroup_1": 0.09404715150594711,
      "ndcg_usergroup_2": 0.16852934658527374,
      "jsd_usergroup_2": 0.07267935574054718,
      "ndcg_usergroup_3": 0.19502539932727814,
      "jsd_usergroup_3": 0.07339318841695786
    },
    "epoch_6": {
      "ndcg": 0.18603606522083282,
      "jsd": 0.07981608062982559,
      "ndcg_usergroup_1": 0.19435304403305054,
      "jsd_usergroup_1": 0.10811032354831696,
      "ndcg_usergroup_2": 0.17948472499847412,
      "jsd_usergroup_2": 0.07118725031614304,
      "ndcg_usergroup_3": 0.1973731368780136,
      "jsd_usergroup_3": 0.0774083137512207
    },
    "epoch_7": {
      "ndcg": 0.1959645301103592,
      "jsd": 0.07655112445354462,
      "ndcg_usergroup_1": 0.1957785189151764,
      "jsd_usergroup_1": 0.1054205447435379,
      "ndcg_usergroup_2": 0.1896156519651413,
      "jsd_usergroup_2": 0.06809431314468384,
      "ndcg_usergroup_3": 0.21519723534584045,
      "jsd_usergroup_3": 0.07305212318897247
    },
    "epoch_8": {
      "ndcg": 0.1983989179134369,
      "jsd": 0.07712432742118835,
      "ndcg_usergroup_1": 0.2003154307603836,
      "jsd_usergroup_1": 0.10353488475084305,
      "ndcg_usergroup_2": 0.19121162593364716,
      "jsd_usergroup_2": 0.06805955618619919,
      "ndcg_usergroup_3": 0.2180442363023758,
      "jsd_usergroup_3": 0.07790807634592056
    },
    "epoch_9": {
      "ndcg": 0.20865580439567566,
      "jsd": 0.077167809009552,
      "ndcg_usergroup_1": 0.20285388827323914,
      "jsd_usergroup_1": 0.1087464839220047,
      "ndcg_usergroup_2": 0.20194564759731293,
      "jsd_usergroup_2": 0.06744656711816788,
      "ndcg_usergroup_3": 0.2345881164073944,
      "jsd_usergroup_3": 0.07475284487009048
    },
    "epoch_10": {
      "ndcg": 0.21153326332569122,
      "jsd": 0.07939458638429642,
      "ndcg_usergroup_1": 0.20462581515312195,
      "jsd_usergroup_1": 0.11388599127531052,
      "ndcg_usergroup_2": 0.20676666498184204,
      "jsd_usergroup_2": 0.06818578392267227,
      "ndcg_usergroup_3": 0.23274049162864685,
      "jsd_usergroup_3": 0.07852958887815475
    },
    "epoch_11": {
      "ndcg": 0.21815408766269684,
      "jsd": 0.07782471925020218,
      "ndcg_usergroup_1": 0.2097121775150299,
      "jsd_usergroup_1": 0.11957842856645584,
      "ndcg_usergroup_2": 0.21059294044971466,
      "jsd_usergroup_2": 0.06606735289096832,
      "ndcg_usergroup_3": 0.24927937984466553,
      "jsd_usergroup_3": 0.07134305685758591
    },
    "epoch_13": {
      "ndcg": 0.2226628214120865,
      "jsd": 0.08018037676811218,
      "ndcg_usergroup_1": 0.208965465426445,
      "jsd_usergroup_1": 0.12150245159864426,
      "ndcg_usergroup_2": 0.21733984351158142,
      "jsd_usergroup_2": 0.06823679804801941,
      "ndcg_usergroup_3": 0.2523290514945984,
      "jsd_usergroup_3": 0.07468904554843903
    },
    "epoch_14": {
      "ndcg": 0.22577159106731415,
      "jsd": 0.0845908671617508,
      "ndcg_usergroup_1": 0.21287453174591064,
      "jsd_usergroup_1": 0.12790684401988983,
      "ndcg_usergroup_2": 0.22213990986347198,
      "jsd_usergroup_2": 0.07157415896654129,
      "ndcg_usergroup_3": 0.24956363439559937,
      "jsd_usergroup_3": 0.08032502233982086
    },
    "epoch_15": {
      "ndcg": 0.22808200120925903,
      "jsd": 0.08294930309057236,
      "ndcg_usergroup_1": 0.20966465771198273,
      "jsd_usergroup_1": 0.12313948571681976,
      "ndcg_usergroup_2": 0.2226255089044571,
      "jsd_usergroup_2": 0.07088442146778107,
      "ndcg_usergroup_3": 0.2628687024116516,
      "jsd_usergroup_3": 0.07895377278327942
    },
    "epoch_16": {
      "ndcg": 0.2268206775188446,
      "jsd": 0.08146189898252487,
      "ndcg_usergroup_1": 0.21148249506950378,
      "jsd_usergroup_1": 0.1201481744647026,
      "ndcg_usergroup_2": 0.2212253361940384,
      "jsd_usergroup_2": 0.07039329409599304,
      "ndcg_usergroup_3": 0.2589447796344757,
      "jsd_usergroup_3": 0.07598143815994263
    },
    "epoch_18": {
      "ndcg": 0.23292729258537292,
      "jsd": 0.086617112159729,
      "ndcg_usergroup_1": 0.21619999408721924,
      "jsd_usergroup_1": 0.1326228678226471,
      "ndcg_usergroup_2": 0.22888262569904327,
      "jsd_usergroup_2": 0.07379600405693054,
      "ndcg_usergroup_3": 0.26178863644599915,
      "jsd_usergroup_3": 0.07907463610172272
    },
    "epoch_19": {
      "ndcg": 0.23587743937969208,
      "jsd": 0.08746197819709778,
      "ndcg_usergroup_1": 0.21431918442249298,
      "jsd_usergroup_1": 0.13442328572273254,
      "ndcg_usergroup_2": 0.23281683027744293,
      "jsd_usergroup_2": 0.0752037987112999,
      "ndcg_usergroup_3": 0.26661741733551025,
      "jsd_usergroup_3": 0.07727520912885666
    },
    "epoch_20": {
      "ndcg": 0.23660698533058167,
      "jsd": 0.08397915959358215,
      "ndcg_usergroup_1": 0.2136562466621399,
      "jsd_usergroup_1": 0.1278209090232849,
      "ndcg_usergroup_2": 0.23174606263637543,
      "jsd_usergroup_2": 0.07454860955476761,
      "ndcg_usergroup_3": 0.27414053678512573,
      "jsd_usergroup_3": 0.06842905282974243
    },
    "epoch_22": {
      "ndcg": 0.23755881190299988,
      "jsd": 0.08829141408205032,
      "ndcg_usergroup_1": 0.2147103101015091,
      "jsd_usergroup_1": 0.13719181716442108,
      "ndcg_usergroup_2": 0.23385532200336456,
      "jsd_usergroup_2": 0.07651904970407486,
      "ndcg_usergroup_3": 0.27151766419410706,
      "jsd_usergroup_3": 0.07470808178186417
    },
    "epoch_24": {
      "ndcg": 0.24123774468898773,
      "jsd": 0.08860279619693756,
      "ndcg_usergroup_1": 0.2167486697435379,
      "jsd_usergroup_1": 0.14349037408828735,
      "ndcg_usergroup_2": 0.2368677854537964,
      "jsd_usergroup_2": 0.0757381021976471,
      "ndcg_usergroup_3": 0.2788366377353668,
      "jsd_usergroup_3": 0.07230934500694275
    },
    "epoch_26": {
      "ndcg": 0.2429978996515274,
      "jsd": 0.09063692390918732,
      "ndcg_usergroup_1": 0.2161637544631958,
      "jsd_usergroup_1": 0.1467389315366745,