{
  "base_recommendations": {
    "ndcg": 0.2663273811340332,
    "jsd": 0.12193825840950012,
    "ndcg_usergroup_1": 0.21388721466064453,
    "jsd_usergroup_1": 0.11441239714622498,
    "ndcg_usergroup_2": 0.256170392036438,
    "jsd_usergroup_2": 0.12063903361558914,
    "ndcg_usergroup_3": 0.34923845529556274,
    "jsd_usergroup_3": 0.13336177170276642
  },
  "postprocessed": {},
  "finetuned": {
    "epoch_1": {
      "ndcg": 0.25527042150497437,
      "jsd": 0.10388753563165665,
      "ndcg_usergroup_1": 0.20874427258968353,
      "jsd_usergroup_1": 0.09354418516159058,
      "ndcg_usergroup_2": 0.24457623064517975,
      "jsd_usergroup_2": 0.10300911962985992,
      "ndcg_usergroup_3": 0.33387911319732666,
      "jsd_usergroup_3": 0.11686617136001587
    },
    "epoch_2": {
      "ndcg": 0.23628216981887817,
      "jsd": 0.09429726004600525,
      "ndcg_usergroup_1": 0.19450664520263672,
      "jsd_usergroup_1": 0.08121214061975479,
      "ndcg_usergroup_2": 0.224875807762146,
      "jsd_usergroup_2": 0.09458884596824646,
      "ndcg_usergroup_3": 0.3122767210006714,
      "jsd_usergroup_3": 0.10650762170553207
    },
    "epoch_3": {
      "ndcg": 0.218878373503685,
      "jsd": 0.09057631343603134,
      "ndcg_usergroup_1": 0.18314462900161743,
      "jsd_usergroup_1": 0.07855255156755447,
      "ndcg_usergroup_2": 0.20644418895244598,
      "jsd_usergroup_2": 0.09204968810081482,
      "ndcg_usergroup_3": 0.2919147312641144,
      "jsd_usergroup_3": 0.09817998111248016
    },
    "epoch_4": {
      "ndcg": 0.20479795336723328,
      "jsd": 0.08916231989860535,
      "ndcg_usergroup_1": 0.17547503113746643,
      "jsd_usergroup_1": 0.07891557365655899,
      "ndcg_usergroup_2": 0.19269849359989166,
      "jsd_usergroup_2": 0.09184578061103821,
      "ndcg_usergroup_3": 0.27041926980018616,
      "jsd_usergroup_3": 0.09135860204696655
    },
    "epoch_5": {
      "ndcg": 0.19472861289978027,
      "jsd": 0.0873141661286354,
      "ndcg_usergroup_1": 0.16894179582595825,
      "jsd_usergroup_1": 0.07944850623607635,
      "ndcg_usergroup_2": 0.18351617455482483,
      "jsd_usergroup_2": 0.09045074880123138,
      "ndcg_usergroup_3": 0.25415265560150146,
      "jsd_usergroup_3": 0.08577006310224533
    },
    "epoch_6": {
      "ndcg": 0.18809790909290314,
      "jsd": 0.08454344421625137,
      "ndcg_usergroup_1": 0.16638325154781342,
      "jsd_usergroup_1": 0.07819996774196625,
      "ndcg_usergroup_2": 0.17740052938461304,
      "jsd_usergroup_2": 0.08809788525104523,
      "ndcg_usergroup_3": 0.24190470576286316,
      "jsd_usergroup_3": 0.08022356778383255
    },
    "epoch_7": {
      "ndcg": 0.1826901137828827,
      "jsd": 0.0832027941942215,
      "ndcg_usergroup_1": 0.16659964621067047,
      "jsd_usergroup_1": 0.07866450399160385,
      "ndcg_usergroup_2": 0.17107471823692322,
      "jsd_usergroup_2": 0.08629345148801804,
      "ndcg_usergroup_3": 0.23362666368484497,
      "jsd_usergroup_3": 0.07846908271312714
    },
    "epoch_8": {
      "ndcg": 0.17841053009033203,
      "jsd": 0.08167289942502975,
      "ndcg_usergroup_1": 0.16194821894168854,
      "jsd_usergroup_1": 0.07929614931344986,
      "ndcg_usergroup_2": 0.16657036542892456,
      "jsd_usergroup_2": 0.08460959792137146,
      "ndcg_usergroup_3": 0.23039336502552032,
      "jsd_usergroup_3": 0.07523957639932632
    },
    "epoch_9": {
      "ndcg": 0.17504055798053741,
      "jsd": 0.08028937131166458,
      "ndcg_usergroup_1": 0.16085271537303925,
      "jsd_usergroup_1": 0.07989802211523056,
      "ndcg_usergroup_2": 0.16316694021224976,
      "jsd_usergroup_2": 0.08279361575841904,
      "ndcg_usergroup_3": 0.22484922409057617,
      "jsd_usergroup_3": 0.07316796481609344
    },
    "epoch_10": {
      "ndcg": 0.17122459411621094,
      "jsd": 0.07968007773160934,
      "ndcg_usergroup_1": 0.1590709686279297,
      "jsd_usergroup_1": 0.07993584126234055,
      "ndcg_usergroup_2": 0.1590454876422882,
      "jsd_usergroup_2": 0.08244060724973679,
      "ndcg_usergroup_3": 0.21991555392742157,
      "jsd_usergroup_3": 0.07114266604185104
    },
    "epoch_11": {
      "ndcg": 0.16879282891750336,
      "jsd": 0.0776999220252037,
      "ndcg_usergroup_1": 0.15689630806446075,
      "jsd_usergroup_1": 0.07968379557132721,
      "ndcg_usergroup_2": 0.15666291117668152,
      "jsd_usergroup_2": 0.08029723912477493,
      "ndcg_usergroup_3": 0.2170790433883667,
      "jsd_usergroup_3": 0.06792406737804413
    },
    "epoch_12": {
      "ndcg": 0.16552823781967163,
      "jsd": 0.0769696980714798,
      "ndcg_usergroup_1": 0.1545165628194809,
      "jsd_usergroup_1": 0.07852820307016373,
      "ndcg_usergroup_2": 0.15366236865520477,
      "jsd_usergroup_2": 0.07969766855239868,
      "ndcg_usergroup_3": 0.21213753521442413,
      "jsd_usergroup_3": 0.06722728163003922
    },
    "epoch_13": {
      "ndcg": 0.16145829856395721,
      "jsd": 0.07653088867664337,
      "ndcg_usergroup_1": 0.15283732116222382,
      "jsd_usergroup_1": 0.07766076922416687,
      "ndcg_usergroup_2": 0.14904101192951202,
      "jsd_usergroup_2": 0.07945266366004944,
      "ndcg_usergroup_3": 0.207331120967865,
      "jsd_usergroup_3": 0.06663569808006287
    },
    "epoch_14": {
      "ndcg": 0.1604674905538559,
      "jsd": 0.07457797229290009,
      "ndcg_usergroup_1": 0.15126585960388184,
      "jsd_usergroup_1": 0.07507305592298508,
      "ndcg_usergroup_2": 0.14857663214206696,
      "jsd_usergroup_2": 0.07757382839918137,
      "ndcg_usergroup_3": 0.20534174144268036,
      "jsd_usergroup_3": 0.06509526073932648
    },
    "epoch_15": {
      "ndcg": 0.15735334157943726,
      "jsd": 0.07450158149003983,
      "ndcg_usergroup_1": 0.14629843831062317,
      "jsd_usergroup_1": 0.07512722909450531,
      "ndcg_usergroup_2": 0.14581651985645294,
      "jsd_usergroup_2": 0.07768634706735611,
      "ndcg_usergroup_3": 0.20301872491836548,
      "jsd_usergroup_3": 0.06432164460420609
    },
    "epoch_16": {
      "ndcg": 0.15852133929729462,
      "jsd": 0.07243598252534866,
      "ndcg_usergroup_1": 0.14817175269126892,
      "jsd_usergroup_1": 0.07393689453601837,
      "ndcg_usergroup_2": 0.14705553650856018,
      "jsd_usergroup_2": 0.07487939298152924,
      "ndcg_usergroup_3": 0.20326831936836243,
      "jsd_usergroup_3": 0.06360480934381485
    },
    "epoch_18": {
      "ndcg": 0.15411415696144104,
      "jsd": 0.07087227702140808,
      "ndcg_usergroup_1": 0.1439039707183838,
      "jsd_usergroup_1": 0.07222794741392136,
      "ndcg_usergroup_2": 0.14246538281440735,
      "jsd_usergroup_2": 0.07319711893796921,
      "ndcg_usergroup_3": 0.19927066564559937,
      "jsd_usergroup_3": 0.06254207342863083
    },
    "epoch_19": {
      "ndcg": 0.15324142575263977,
      "jsd": 0.06966525316238403,
      "ndcg_usergroup_1": 0.14443044364452362,
      "jsd_usergroup_1": 0.0717729702591896,
      "ndcg_usergroup_2": 0.14116698503494263,
      "jsd_usergroup_2": 0.07149234414100647,
      "ndcg_usergroup_3": 0.19827573001384735,
      "jsd_usergroup_3": 0.06207625940442085
    },
    "epoch_20": {
      "ndcg": 0.1530110388994217,
      "jsd": 0.06881881505250931,
      "ndcg_usergroup_1": 0.14529919624328613,
      "jsd_usergroup_1": 0.07211548835039139,
      "ndcg_usergroup_2": 0.14069484174251556,
      "jsd_usergroup_2": 0.07047067582607269,
      "ndcg_usergroup_3": 0.19767147302627563,
      "jsd_usergroup_3": 0.06056654080748558
    },
    "epoch_21": {
      "ndcg": 0.15121091902256012,
      "jsd": 0.06826144456863403,
      "ndcg_usergroup_1": 0.14374014735221863,
      "jsd_usergroup_1": 0.07127101719379425,
      "ndcg_usergroup_2": 0.13875067234039307,
      "jsd_usergroup_2": 0.07010862976312637,
      "ndcg_usergroup_3": 0.19606240093708038,
      "jsd_usergroup_3": 0.0597103051841259
    },
    "epoch_22": {
      "ndcg": 0.15181632339954376,
      "jsd": 0.06649085134267807,
      "ndcg_usergroup_1": 0.14468994736671448,
      "jsd_usergroup_1": 0.06828001886606216,