{
  "base_recommendations": {
    "ndcg": 0.2663273811340332,
    "jsd": 0.12193825840950012,
    "ndcg_usergroup_1": 0.21388721466064453,
    "jsd_usergroup_1": 0.11441239714622498,
    "ndcg_usergroup_2": 0.256170392036438,
    "jsd_usergroup_2": 0.12063903361558914,
    "ndcg_usergroup_3": 0.34923845529556274,
    "jsd_usergroup_3": 0.13336177170276642
  },
  "postprocessed": {},
  "finetuned": {
    "epoch_1": {
      "ndcg": 0.09922852367162704,
      "jsd": 0.2080467790365219,
      "ndcg_usergroup_1": 0.12709636986255646,
      "jsd_usergroup_1": 0.10580238699913025,
      "ndcg_usergroup_2": 0.08492063730955124,
      "jsd_usergroup_2": 0.2221929430961609,
      "ndcg_usergroup_3": 0.11428436636924744,
      "jsd_usergroup_3": 0.26785266399383545
    },
    "epoch_2": {
      "ndcg": 0.18609954416751862,
      "jsd": 0.11926902085542679,
      "ndcg_usergroup_1": 0.17722156643867493,
      "jsd_usergroup_1": 0.06894367188215256,
      "ndcg_usergroup_2": 0.17302371561527252,
      "jsd_usergroup_2": 0.1108822152018547,
      "ndcg_usergroup_3": 0.23420505225658417,
      "jsd_usergroup_3": 0.19475477933883667
    },
    "epoch_4": {
      "ndcg": 0.2121151238679886,
      "jsd": 0.07444047182798386,
      "ndcg_usergroup_1": 0.20074059069156647,
      "jsd_usergroup_1": 0.0819135531783104,
      "ndcg_usergroup_2": 0.20191124081611633,
      "jsd_usergroup_2": 0.06870608031749725,
      "ndcg_usergroup_3": 0.25410136580467224,
      "jsd_usergroup_3": 0.08417057245969772
    },
    "epoch_6": {
      "ndcg": 0.21873460710048676,
      "jsd": 0.07152235507965088,
      "ndcg_usergroup_1": 0.20037232339382172,
      "jsd_usergroup_1": 0.08363202959299088,
      "ndcg_usergroup_2": 0.21198728680610657,
      "jsd_usergroup_2": 0.06894684582948685,
      "ndcg_usergroup_3": 0.25733888149261475,
      "jsd_usergroup_3": 0.06713919341564178
    },
    "epoch_8": {
      "ndcg": 0.22116719186306,
      "jsd": 0.07158835977315903,
      "ndcg_usergroup_1": 0.20116260647773743,
      "jsd_usergroup_1": 0.08468944579362869,
      "ndcg_usergroup_2": 0.21345610916614532,
      "jsd_usergroup_2": 0.067781962454319,
      "ndcg_usergroup_3": 0.2643049657344818,
      "jsd_usergroup_3": 0.06990649551153183
    },
    "epoch_10": {
      "ndcg": 0.23225539922714233,
      "jsd": 0.08357570320367813,
      "ndcg_usergroup_1": 0.20459043979644775,
      "jsd_usergroup_1": 0.1097293347120285,
      "ndcg_usergroup_2": 0.22941318154335022,
      "jsd_usergroup_2": 0.07936583459377289,
      "ndcg_usergroup_3": 0.26844707131385803,
      "jsd_usergroup_3": 0.0700516477227211
    },
    "epoch_30": {
      "ndcg": 0.2216092050075531,
      "jsd": 0.07001356780529022,
      "ndcg_usergroup_1": 0.182868093252182,
      "jsd_usergroup_1": 0.08435607701539993,
      "ndcg_usergroup_2": 0.2164863497018814,
      "jsd_usergroup_2": 0.0670945942401886,
      "ndcg_usergroup_3": 0.27571889758110046,
      "jsd_usergroup_3": 0.064427949488163
    },
    "epoch_32": {
      "ndcg": 0.21973370015621185,
      "jsd": 0.06759355962276459,
      "ndcg_usergroup_1": 0.1760491281747818,
      "jsd_usergroup_1": 0.08014001697301865,
      "ndcg_usergroup_2": 0.21438194811344147,
      "jsd_usergroup_2": 0.06556472182273865,
      "ndcg_usergroup_3": 0.2794734835624695,
      "jsd_usergroup_3": 0.06113358214497566
    },
    "epoch_38": {
      "ndcg": 0.21362583339214325,
      "jsd": 0.06512956321239471,
      "ndcg_usergroup_1": 0.17207707464694977,
      "jsd_usergroup_1": 0.06981896609067917,
      "ndcg_usergroup_2": 0.20542392134666443,
      "jsd_usergroup_2": 0.06478484719991684,
      "ndcg_usergroup_3": 0.2797802984714508,
      "jsd_usergroup_3": 0.06147432699799538
    },
    "epoch_48": {
      "ndcg": 0.20750585198402405,
      "jsd": 0.060574013739824295,
      "ndcg_usergroup_1": 0.16672547161579132,
      "jsd_usergroup_1": 0.06396262347698212,
      "ndcg_usergroup_2": 0.2018512338399887,
      "jsd_usergroup_2": 0.05837954208254814,
      "ndcg_usergroup_3": 0.26525020599365234,
      "jsd_usergroup_3": 0.06376881897449493
    },
    "epoch_50": {
      "ndcg": 0.20418187975883484,
      "jsd": 0.059897299855947495,
      "ndcg_usergroup_1": 0.16381371021270752,
      "jsd_usergroup_1": 0.07078127562999725,
      "ndcg_usergroup_2": 0.19771622121334076,
      "jsd_usergroup_2": 0.056993912905454636,
      "ndcg_usergroup_3": 0.26394709944725037,
      "jsd_usergroup_3": 0.05772346258163452
    },
    "epoch_60": {
      "ndcg": 0.19904203712940216,
      "jsd": 0.059752438217401505,
      "ndcg_usergroup_1": 0.16191112995147705,
      "jsd_usergroup_1": 0.06657236814498901,
      "ndcg_usergroup_2": 0.18936164677143097,
      "jsd_usergroup_2": 0.05753304436802864,
      "ndcg_usergroup_3": 0.26521411538124084,
      "jsd_usergroup_3": 0.05959067493677139
    },
    "epoch_62": {
      "ndcg": 0.1993795931339264,
      "jsd": 0.05690521001815796,
      "ndcg_usergroup_1": 0.16270267963409424,
      "jsd_usergroup_1": 0.059869714081287384,
      "ndcg_usergroup_2": 0.189596027135849,
      "jsd_usergroup_2": 0.055240143090486526,
      "ndcg_usergroup_3": 0.2654072344303131,
      "jsd_usergroup_3": 0.05893588066101074
    }
  }
}