{
  "base_recommendations": {
    "ndcg": 0.2663273811340332,
    "jsd": 0.12193825840950012,
    "ndcg_usergroup_1": 0.21388721466064453,
    "jsd_usergroup_1": 0.11441239714622498,
    "ndcg_usergroup_2": 0.256170392036438,
    "jsd_usergroup_2": 0.12063903361558914,
    "ndcg_usergroup_3": 0.34923845529556274,
    "jsd_usergroup_3": 0.13336177170276642
  },
  "postprocessed": {},
  "finetuned": {
    "epoch_1": {
      "ndcg": 0.2317642718553543,
      "jsd": 0.09282519668340683,
      "ndcg_usergroup_1": 0.19094431400299072,
      "jsd_usergroup_1": 0.08137939125299454,
      "ndcg_usergroup_2": 0.22097830474376678,
      "jsd_usergroup_2": 0.09296969324350357,
      "ndcg_usergroup_3": 0.30494213104248047,
      "jsd_usergroup_3": 0.1038374975323677
    },
    "epoch_2": {
      "ndcg": 0.20113505423069,
      "jsd": 0.08930579572916031,
      "ndcg_usergroup_1": 0.1764669269323349,
      "jsd_usergroup_1": 0.0791478231549263,
      "ndcg_usergroup_2": 0.18863964080810547,
      "jsd_usergroup_2": 0.09237444400787354,
      "ndcg_usergroup_3": 0.2632894217967987,
      "jsd_usergroup_3": 0.09025773406028748
    },
    "epoch_3": {
      "ndcg": 0.18231669068336487,
      "jsd": 0.08730531483888626,
      "ndcg_usergroup_1": 0.1681828498840332,
      "jsd_usergroup_1": 0.08144841343164444,
      "ndcg_usergroup_2": 0.16947993636131287,
      "jsd_usergroup_2": 0.09105467051267624,
      "ndcg_usergroup_3": 0.23496069014072418,
      "jsd_usergroup_3": 0.08191411942243576
    },
    "epoch_4": {
      "ndcg": 0.17062713205814362,
      "jsd": 0.08563818782567978,
      "ndcg_usergroup_1": 0.16163566708564758,
      "jsd_usergroup_1": 0.08190713822841644,
      "ndcg_usergroup_2": 0.15838369727134705,
      "jsd_usergroup_2": 0.08853451162576675,
      "ndcg_usergroup_3": 0.21634893119335175,
      "jsd_usergroup_3": 0.08068021386861801
    },
    "epoch_5": {
      "ndcg": 0.1645651012659073,
      "jsd": 0.08251561224460602,
      "ndcg_usergroup_1": 0.15797457098960876,
      "jsd_usergroup_1": 0.07912672311067581,
      "ndcg_usergroup_2": 0.15206994116306305,
      "jsd_usergroup_2": 0.08513249456882477,
      "ndcg_usergroup_3": 0.20864111185073853,
      "jsd_usergroup_3": 0.07805382460355759
    },
    "epoch_6": {
      "ndcg": 0.16277438402175903,
      "jsd": 0.07938210666179657,
      "ndcg_usergroup_1": 0.1558200567960739,
      "jsd_usergroup_1": 0.07522343099117279,
      "ndcg_usergroup_2": 0.15118081867694855,
      "jsd_usergroup_2": 0.08261864632368088,
      "ndcg_usergroup_3": 0.20450936257839203,
      "jsd_usergroup_3": 0.07383116334676743
    },
    "epoch_7": {
      "ndcg": 0.15879908204078674,
      "jsd": 0.0764501690864563,
      "ndcg_usergroup_1": 0.1532767415046692,
      "jsd_usergroup_1": 0.07253693789243698,
      "ndcg_usergroup_2": 0.14684532582759857,
      "jsd_usergroup_2": 0.07922337204217911,
      "ndcg_usergroup_3": 0.2001826912164688,
      "jsd_usergroup_3": 0.07204381376504898
    },
    "epoch_8": {
      "ndcg": 0.15646085143089294,
      "jsd": 0.0741724967956543,
      "ndcg_usergroup_1": 0.15151381492614746,
      "jsd_usergroup_1": 0.06829877197742462,
      "ndcg_usergroup_2": 0.144862562417984,
      "jsd_usergroup_2": 0.07779213786125183,
      "ndcg_usergroup_3": 0.19620281457901,
      "jsd_usergroup_3": 0.06918728351593018
    },
    "epoch_9": {
      "ndcg": 0.15633955597877502,
      "jsd": 0.0729643851518631,
      "ndcg_usergroup_1": 0.15440666675567627,
      "jsd_usergroup_1": 0.06848547607660294,
      "ndcg_usergroup_2": 0.14445297420024872,
      "jsd_usergroup_2": 0.07584767788648605,
      "ndcg_usergroup_3": 0.1939322054386139,
      "jsd_usergroup_3": 0.0687934160232544
    },
    "epoch_10": {
      "ndcg": 0.1565757691860199,
      "jsd": 0.07159307599067688,
      "ndcg_usergroup_1": 0.155201256275177,
      "jsd_usergroup_1": 0.06684575974941254,
      "ndcg_usergroup_2": 0.14507047832012177,
      "jsd_usergroup_2": 0.0745357796549797,
      "ndcg_usergroup_3": 0.1924661099910736,
      "jsd_usergroup_3": 0.06751226633787155
    },
    "epoch_11": {
      "ndcg": 0.1554788053035736,
      "jsd": 0.07090628892183304,
      "ndcg_usergroup_1": 0.15490850806236267,
      "jsd_usergroup_1": 0.06562238186597824,
      "ndcg_usergroup_2": 0.1438048630952835,
      "jsd_usergroup_2": 0.07404723763465881,
      "ndcg_usergroup_3": 0.19107094407081604,
      "jsd_usergroup_3": 0.06676734983921051
    },
    "epoch_12": {
      "ndcg": 0.15692053735256195,
      "jsd": 0.06890171021223068,
      "ndcg_usergroup_1": 0.15735472738742828,
      "jsd_usergroup_1": 0.06348471343517303,
      "ndcg_usergroup_2": 0.1451454758644104,
      "jsd_usergroup_2": 0.07227064669132233,
      "ndcg_usergroup_3": 0.1918114572763443,
      "jsd_usergroup_3": 0.064211905002594
    },
    "epoch_13": {
      "ndcg": 0.15911339223384857,
      "jsd": 0.06756990402936935,
      "ndcg_usergroup_1": 0.16215699911117554,
      "jsd_usergroup_1": 0.06190011277794838,
      "ndcg_usergroup_2": 0.14726106822490692,
      "jsd_usergroup_2": 0.07027582079172134,
      "ndcg_usergroup_3": 0.1916266828775406,
      "jsd_usergroup_3": 0.06512190401554108
    },
    "epoch_14": {
      "ndcg": 0.159333735704422,
      "jsd": 0.06632205843925476,
      "ndcg_usergroup_1": 0.1600048691034317,
      "jsd_usergroup_1": 0.06100626662373543,
      "ndcg_usergroup_2": 0.14777934551239014,
      "jsd_usergroup_2": 0.0691838189959526,
      "ndcg_usergroup_3": 0.1933257132768631,
      "jsd_usergroup_3": 0.06305253505706787
    },
    "epoch_15": {
      "ndcg": 0.16146008670330048,
      "jsd": 0.06531208753585815,
      "ndcg_usergroup_1": 0.1646391898393631,
      "jsd_usergroup_1": 0.06075365096330643,
      "ndcg_usergroup_2": 0.15023621916770935,
      "jsd_usergroup_2": 0.06702179461717606,
      "ndcg_usergroup_3": 0.19195258617401123,
      "jsd_usergroup_3": 0.06474136561155319
    },
    "epoch_16": {
      "ndcg": 0.16284149885177612,
      "jsd": 0.06460685282945633,
      "ndcg_usergroup_1": 0.16555525362491608,
      "jsd_usergroup_1": 0.059163209050893784,
      "ndcg_usergroup_2": 0.15168778598308563,
      "jsd_usergroup_2": 0.0665988177061081,
      "ndcg_usergroup_3": 0.19358879327774048,
      "jsd_usergroup_3": 0.06407458335161209
    },
    "epoch_18": {
      "ndcg": 0.1662682145833969,
      "jsd": 0.06429903209209442,
      "ndcg_usergroup_1": 0.17115315794944763,
      "jsd_usergroup_1": 0.05850740149617195,
      "ndcg_usergroup_2": 0.15494808554649353,
      "jsd_usergroup_2": 0.06548262387514114,
      "ndcg_usergroup_3": 0.19534364342689514,
      "jsd_usergroup_3": 0.06653989851474762
    },
    "epoch_19": {
      "ndcg": 0.16679061949253082,
      "jsd": 0.06458050012588501,
      "ndcg_usergroup_1": 0.1717393398284912,
      "jsd_usergroup_1": 0.056976865977048874,
      "ndcg_usergroup_2": 0.1558258831501007,
      "jsd_usergroup_2": 0.06613173335790634,
      "ndcg_usergroup_3": 0.19473609328269958,
      "jsd_usergroup_3": 0.06753043830394745
    },
    "epoch_20": {
      "ndcg": 0.17049771547317505,
      "jsd": 0.06290896981954575,
      "ndcg_usergroup_1": 0.172545924782753,
      "jsd_usergroup_1": 0.05532174929976463,
      "ndcg_usergroup_2": 0.16010703146457672,
      "jsd_usergroup_2": 0.06447189301252365,
      "ndcg_usergroup_3": 0.19962145388126373,
      "jsd_usergroup_3": 0.06580740213394165
    },
    "epoch_21": {
      "ndcg": 0.1721206158399582,
      "jsd": 0.0628485381603241,
      "ndcg_usergroup_1": 0.17676390707492828,
      "jsd_usergroup_1": 0.05780533328652382,
      "ndcg_usergroup_2": 0.16185997426509857,
      "jsd_usergroup_2": 0.0629143938422203,
      "ndcg_usergroup_3": 0.19825923442840576,
      "jsd_usergroup_3": 0.06769418716430664
    },
    "epoch_22": {
      "ndcg": 0.17312929034233093,
      "jsd": 0.061773303896188736,
      "ndcg_usergroup_1": 0.17641137540340424,
      "jsd_usergroup_1": 0.056466955691576004,