{
  "base_recommendations": {
    "ndcg": 0.2663273811340332,
    "jsd": 0.12193825840950012,
    "ndcg_usergroup_1": 0.21388721466064453,
    "jsd_usergroup_1": 0.11441239714622498,
    "ndcg_usergroup_2": 0.256170392036438,
    "jsd_usergroup_2": 0.12063903361558914,
    "ndcg_usergroup_3": 0.34923845529556274,
    "jsd_usergroup_3": 0.13336177170276642
  },
  "postprocessed": {},
  "finetuned": {
    "epoch_1": {
      "ndcg": 0.11150866746902466,
      "jsd": 0.1351287066936493,
      "ndcg_usergroup_1": 0.14068125188350677,
      "jsd_usergroup_1": 0.09520421922206879,
      "ndcg_usergroup_2": 0.09682895988225937,
      "jsd_usergroup_2": 0.14538998901844025,
      "ndcg_usergroup_3": 0.126375213265419,
      "jsd_usergroup_3": 0.14426933228969574
    },
    "epoch_2": {
      "ndcg": 0.15860536694526672,
      "jsd": 0.11218249052762985,
      "ndcg_usergroup_1": 0.153703972697258,
      "jsd_usergroup_1": 0.07677215337753296,
      "ndcg_usergroup_2": 0.15007030963897705,
      "jsd_usergroup_2": 0.10836078226566315,
      "ndcg_usergroup_3": 0.18911191821098328,
      "jsd_usergroup_3": 0.15905791521072388
    },
    "epoch_4": {
      "ndcg": 0.16291847825050354,
      "jsd": 0.14986346662044525,
      "ndcg_usergroup_1": 0.16136841475963593,
      "jsd_usergroup_1": 0.08376774191856384,
      "ndcg_usergroup_2": 0.15460063517093658,
      "jsd_usergroup_2": 0.14996735751628876,
      "ndcg_usergroup_3": 0.18942202627658844,
      "jsd_usergroup_3": 0.21564741432666779
    },
    "epoch_24": {
      "ndcg": 0.06848649680614471,
      "jsd": 0.10307387262582779,
      "ndcg_usergroup_1": 0.09290967136621475,
      "jsd_usergroup_1": 0.07219656556844711,
      "ndcg_usergroup_2": 0.05987757071852684,
      "jsd_usergroup_2": 0.09874826669692993,
      "ndcg_usergroup_3": 0.069890096783638,
      "jsd_usergroup_3": 0.14692801237106323
    },
    "epoch_28": {
      "ndcg": 0.0843547135591507,
      "jsd": 0.09352006018161774,
      "ndcg_usergroup_1": 0.10742863267660141,
      "jsd_usergroup_1": 0.055994704365730286,
      "ndcg_usergroup_2": 0.07281313836574554,
      "jsd_usergroup_2": 0.09421724826097488,
      "ndcg_usergroup_3": 0.09590551257133484,
      "jsd_usergroup_3": 0.12895385921001434
    },
    "epoch_30": {
      "ndcg": 0.08752569556236267,
      "jsd": 0.0928146243095398,
      "ndcg_usergroup_1": 0.11010420322418213,
      "jsd_usergroup_1": 0.06769417971372604,
      "ndcg_usergroup_2": 0.07865968346595764,
      "jsd_usergroup_2": 0.10121508687734604,
      "ndcg_usergroup_3": 0.0915452167391777,
      "jsd_usergroup_3": 0.09273363649845123
    },
    "epoch_32": {
      "ndcg": 0.08491603285074234,
      "jsd": 0.0921788141131401,
      "ndcg_usergroup_1": 0.11715415120124817,
      "jsd_usergroup_1": 0.0672702044248581,
      "ndcg_usergroup_2": 0.07511021196842194,
      "jsd_usergroup_2": 0.08507152646780014,
      "ndcg_usergroup_3": 0.08209533989429474,
      "jsd_usergroup_3": 0.13840927183628082
    },
    "epoch_35": {
      "ndcg": 0.06213320419192314,
      "jsd": 0.07308190315961838,
      "ndcg_usergroup_1": 0.10921227931976318,
      "jsd_usergroup_1": 0.08238121122121811,
      "ndcg_usergroup_2": 0.04964444786310196,
      "jsd_usergroup_2": 0.07865598052740097,
      "ndcg_usergroup_3": 0.052520379424095154,
      "jsd_usergroup_3": 0.04706034064292908
    }
  }
}