{
  "base_recommendations": {
    "ndcg": 0.2663273811340332,
    "jsd": 0.12193825840950012,
    "ndcg_usergroup_1": 0.21388721466064453,
    "jsd_usergroup_1": 0.11441239714622498,
    "ndcg_usergroup_2": 0.256170392036438,
    "jsd_usergroup_2": 0.12063903361558914,
    "ndcg_usergroup_3": 0.34923845529556274,
    "jsd_usergroup_3": 0.13336177170276642
  },
  "postprocessed": {},
  "finetuned": {
    "epoch_1": {
      "ndcg": 0.16713719069957733,
      "jsd": 0.09098852425813675,
      "ndcg_usergroup_1": 0.15596069395542145,
      "jsd_usergroup_1": 0.08026153594255447,
      "ndcg_usergroup_2": 0.15659593045711517,
      "jsd_usergroup_2": 0.09406844526529312,
      "ndcg_usergroup_3": 0.20993737876415253,
      "jsd_usergroup_3": 0.0924757644534111
    },
    "epoch_2": {
      "ndcg": 0.15297657251358032,
      "jsd": 0.07766164094209671,
      "ndcg_usergroup_1": 0.15025080740451813,
      "jsd_usergroup_1": 0.06995853036642075,
      "ndcg_usergroup_2": 0.14289842545986176,
      "jsd_usergroup_2": 0.08067181706428528,
      "ndcg_usergroup_3": 0.18593677878379822,
      "jsd_usergroup_3": 0.07633420079946518
    },
    "epoch_3": {
      "ndcg": 0.15156780183315277,
      "jsd": 0.0743468850851059,
      "ndcg_usergroup_1": 0.15309743583202362,
      "jsd_usergroup_1": 0.06464029848575592,
      "ndcg_usergroup_2": 0.13931608200073242,
      "jsd_usergroup_2": 0.07931661605834961,
      "ndcg_usergroup_3": 0.18679332733154297,
      "jsd_usergroup_3": 0.06914425641298294
    },
    "epoch_4": {
      "ndcg": 0.16231852769851685,
      "jsd": 0.06983504444360733,
      "ndcg_usergroup_1": 0.16518157720565796,
      "jsd_usergroup_1": 0.06280601769685745,
      "ndcg_usergroup_2": 0.151897132396698,
      "jsd_usergroup_2": 0.07094068825244904,
      "ndcg_usergroup_3": 0.1907196044921875,
      "jsd_usergroup_3": 0.0735471323132515
    },
    "epoch_5": {
      "ndcg": 0.1676046997308731,
      "jsd": 0.06733507663011551,
      "ndcg_usergroup_1": 0.16869494318962097,
      "jsd_usergroup_1": 0.05991242825984955,
      "ndcg_usergroup_2": 0.15709389746189117,
      "jsd_usergroup_2": 0.0683746263384819,
      "ndcg_usergroup_3": 0.19804689288139343,
      "jsd_usergroup_3": 0.07163906842470169
    },
    "epoch_6": {
      "ndcg": 0.17774532735347748,
      "jsd": 0.06538902223110199,
      "ndcg_usergroup_1": 0.18226230144500732,
      "jsd_usergroup_1": 0.06681852787733078,
      "ndcg_usergroup_2": 0.16761456429958344,
      "jsd_usergroup_2": 0.062104467302560806,
      "ndcg_usergroup_3": 0.20362070202827454,
      "jsd_usergroup_3": 0.07381317019462585
    },
    "epoch_7": {
      "ndcg": 0.1814306080341339,
      "jsd": 0.06413185596466064,
      "ndcg_usergroup_1": 0.18293239176273346,
      "jsd_usergroup_1": 0.05803949013352394,
      "ndcg_usergroup_2": 0.17167480289936066,
      "jsd_usergroup_2": 0.06312666088342667,
      "ndcg_usergroup_3": 0.20919619500637054,
      "jsd_usergroup_3": 0.07323981076478958
    },
    "epoch_8": {
      "ndcg": 0.18234939873218536,
      "jsd": 0.06704513728618622,
      "ndcg_usergroup_1": 0.18953338265419006,
      "jsd_usergroup_1": 0.05926647409796715,
      "ndcg_usergroup_2": 0.17224976420402527,
      "jsd_usergroup_2": 0.06400793045759201,
      "ndcg_usergroup_3": 0.20546425879001617,
      "jsd_usergroup_3": 0.08393538743257523
    },
    "epoch_9": {
      "ndcg": 0.1940300017595291,
      "jsd": 0.06080244481563568,
      "ndcg_usergroup_1": 0.19148743152618408,
      "jsd_usergroup_1": 0.0592387355864048,
      "ndcg_usergroup_2": 0.18470104038715363,
      "jsd_usergroup_2": 0.0582902617752552,
      "ndcg_usergroup_3": 0.2245594561100006,
      "jsd_usergroup_3": 0.06990272551774979
    },
    "epoch_11": {
      "ndcg": 0.1991087645292282,
      "jsd": 0.0630921944975853,
      "ndcg_usergroup_1": 0.19762909412384033,
      "jsd_usergroup_1": 0.06458281725645065,
      "ndcg_usergroup_2": 0.18882763385772705,
      "jsd_usergroup_2": 0.057995740324258804,
      "ndcg_usergroup_3": 0.23143190145492554,
      "jsd_usergroup_3": 0.07689090818166733
    },
    "epoch_12": {
      "ndcg": 0.19905981421470642,
      "jsd": 0.06202767416834831,
      "ndcg_usergroup_1": 0.1975969672203064,
      "jsd_usergroup_1": 0.061534199863672256,
      "ndcg_usergroup_2": 0.18810836970806122,
      "jsd_usergroup_2": 0.05913418158888817,
      "ndcg_usergroup_3": 0.23337696492671967,
      "jsd_usergroup_3": 0.0712016373872757
    },
    "epoch_13": {
      "ndcg": 0.20350492000579834,
      "jsd": 0.0667724534869194,
      "ndcg_usergroup_1": 0.20124046504497528,
      "jsd_usergroup_1": 0.06820105016231537,
      "ndcg_usergroup_2": 0.1948280930519104,
      "jsd_usergroup_2": 0.06103627756237984,
      "ndcg_usergroup_3": 0.2317999005317688,
      "jsd_usergroup_3": 0.08255238831043243
    },
    "epoch_14": {
      "ndcg": 0.21038918197155,
      "jsd": 0.061765216290950775,
      "ndcg_usergroup_1": 0.20033757388591766,
      "jsd_usergroup_1": 0.06842971593141556,
      "ndcg_usergroup_2": 0.20074674487113953,
      "jsd_usergroup_2": 0.058511629700660706,
      "ndcg_usergroup_3": 0.24936802685260773,
      "jsd_usergroup_3": 0.0648614689707756
    },
    "epoch_16": {
      "ndcg": 0.21179789304733276,
      "jsd": 0.0633249431848526,
      "ndcg_usergroup_1": 0.2035192847251892,
      "jsd_usergroup_1": 0.06829270720481873,
      "ndcg_usergroup_2": 0.20242491364479065,
      "jsd_usergroup_2": 0.05930136889219284,
      "ndcg_usergroup_3": 0.24819542467594147,
      "jsd_usergroup_3": 0.07042790204286575
    },
    "epoch_18": {
      "ndcg": 0.21210885047912598,
      "jsd": 0.06400410085916519,
      "ndcg_usergroup_1": 0.2046251744031906,
      "jsd_usergroup_1": 0.07045722752809525,
      "ndcg_usergroup_2": 0.2026699334383011,
      "jsd_usergroup_2": 0.0591726116836071,
      "ndcg_usergroup_3": 0.2479093223810196,
      "jsd_usergroup_3": 0.07204540818929672
    },
    "epoch_20": {
      "ndcg": 0.21539175510406494,
      "jsd": 0.06359931826591492,
      "ndcg_usergroup_1": 0.20396128296852112,
      "jsd_usergroup_1": 0.07376797497272491,
      "ndcg_usergroup_2": 0.20482560992240906,
      "jsd_usergroup_2": 0.0588235929608345,
      "ndcg_usergroup_3": 0.2585206627845764,
      "jsd_usergroup_3": 0.06775783747434616
    },
    "epoch_22": {
      "ndcg": 0.2157699316740036,
      "jsd": 0.06284301728010178,
      "ndcg_usergroup_1": 0.2046428918838501,
      "jsd_usergroup_1": 0.06667196750640869,
      "ndcg_usergroup_2": 0.2063823640346527,
      "jsd_usergroup_2": 0.05861428752541542,
      "ndcg_usergroup_3": 0.2550596594810486,
      "jsd_usergroup_3": 0.07170028239488602
    },
    "epoch_26": {
      "ndcg": 0.2162870168685913,
      "jsd": 0.06492907553911209,
      "ndcg_usergroup_1": 0.2073652744293213,
      "jsd_usergroup_1": 0.0715336725115776,
      "ndcg_usergroup_2": 0.2061607539653778,
      "jsd_usergroup_2": 0.06057414039969444,
      "ndcg_usergroup_3": 0.2555873990058899,
      "jsd_usergroup_3": 0.07138930261135101
    },
    "epoch_28": {
      "ndcg": 0.21662375330924988,
      "jsd": 0.06112236902117729,
      "ndcg_usergroup_1": 0.20009881258010864,
      "jsd_usergroup_1": 0.06463146954774857,
      "ndcg_usergroup_2": 0.20806623995304108,
      "jsd_usergroup_2": 0.057440709322690964,
      "ndcg_usergroup_3": 0.2588212788105011,
      "jsd_usergroup_3": 0.0686582699418068
    },
    "epoch_45": {
      "ndcg": 0.2034357190132141,
      "jsd": 0.06041907146573067,
      "ndcg_usergroup_1": 0.18638955056667328,
      "jsd_usergroup_1": 0.055706802755594254,
      "ndcg_usergroup_2": 0.19274619221687317,
      "jsd_usergroup_2": 0.05752935633063316,
      "ndcg_usergroup_3": 0.2525504529476166,
      "jsd_usergroup_3": 0.0738004818558693
    },
    "epoch_49": {
      "ndcg": 0.20503196120262146,
      "jsd": 0.059607915580272675,
      "ndcg_usergroup_1": 0.18319712579250336,
      "jsd_usergroup_1": 0.05786909535527229,