{
  "base_recommendations": {
    "ndcg": 0.2663273811340332,
    "jsd": 0.12193825840950012,
    "ndcg_usergroup_1": 0.21388721466064453,
    "jsd_usergroup_1": 0.11441239714622498,
    "ndcg_usergroup_2": 0.256170392036438,
    "jsd_usergroup_2": 0.12063903361558914,
    "ndcg_usergroup_3": 0.34923845529556274,
    "jsd_usergroup_3": 0.13336177170276642
  },
  "postprocessed": {},
  "finetuned": {
    "epoch_1": {
      "ndcg": 0.19228483736515045,
      "jsd": 0.09073545038700104,
      "ndcg_usergroup_1": 0.17719610035419464,
      "jsd_usergroup_1": 0.0839395672082901,
      "ndcg_usergroup_2": 0.18114331364631653,
      "jsd_usergroup_2": 0.09331691265106201,
      "ndcg_usergroup_3": 0.2407980114221573,
      "jsd_usergroup_3": 0.08978700637817383
    },
    "epoch_2": {
      "ndcg": 0.17169590294361115,
      "jsd": 0.085121288895607,
      "ndcg_usergroup_1": 0.17107419669628143,
      "jsd_usergroup_1": 0.08575049042701721,
      "ndcg_usergroup_2": 0.1598186045885086,
      "jsd_usergroup_2": 0.08700819313526154,
      "ndcg_usergroup_3": 0.2079494595527649,
      "jsd_usergroup_3": 0.07883137464523315
    },
    "epoch_3": {
      "ndcg": 0.16229383647441864,
      "jsd": 0.07842974364757538,
      "ndcg_usergroup_1": 0.16432881355285645,
      "jsd_usergroup_1": 0.08351948857307434,
      "ndcg_usergroup_2": 0.14761881530284882,
      "jsd_usergroup_2": 0.07979835569858551,
      "ndcg_usergroup_3": 0.2042839676141739,
      "jsd_usergroup_3": 0.06923417001962662
    },
    "epoch_4": {
      "ndcg": 0.15498685836791992,
      "jsd": 0.0741950049996376,
      "ndcg_usergroup_1": 0.16549848020076752,
      "jsd_usergroup_1": 0.08119265735149384,
      "ndcg_usergroup_2": 0.14383564889431,
      "jsd_usergroup_2": 0.07272244244813919,
      "ndcg_usergroup_3": 0.1779288500547409,
      "jsd_usergroup_3": 0.07161503285169601
    },
    "epoch_5": {
      "ndcg": 0.15435826778411865,
      "jsd": 0.06936518102884293,
      "ndcg_usergroup_1": 0.16401444375514984,
      "jsd_usergroup_1": 0.07531771063804626,
      "ndcg_usergroup_2": 0.1389264464378357,
      "jsd_usergroup_2": 0.06916963309049606,
      "ndcg_usergroup_3": 0.19099757075309753,
      "jsd_usergroup_3": 0.06399928033351898
    },
    "epoch_6": {
      "ndcg": 0.15658867359161377,
      "jsd": 0.06865345686674118,
      "ndcg_usergroup_1": 0.1653052121400833,
      "jsd_usergroup_1": 0.0777568593621254,
      "ndcg_usergroup_2": 0.14527882635593414,
      "jsd_usergroup_2": 0.06602758914232254,
      "ndcg_usergroup_3": 0.1818017065525055,
      "jsd_usergroup_3": 0.06742766499519348
    },
    "epoch_7": {
      "ndcg": 0.15727920830249786,
      "jsd": 0.06443411111831665,
      "ndcg_usergroup_1": 0.16421841084957123,
      "jsd_usergroup_1": 0.07408546656370163,
      "ndcg_usergroup_2": 0.1417018175125122,
      "jsd_usergroup_2": 0.06357307732105255,
      "ndcg_usergroup_3": 0.19707217812538147,
      "jsd_usergroup_3": 0.05736587196588516
    },
    "epoch_10": {
      "ndcg": 0.1588314324617386,
      "jsd": 0.06526714563369751,
      "ndcg_usergroup_1": 0.16575740277767181,
      "jsd_usergroup_1": 0.07469353824853897,
      "ndcg_usergroup_2": 0.14809025824069977,
      "jsd_usergroup_2": 0.062183696776628494,
      "ndcg_usergroup_3": 0.1841290146112442,
      "jsd_usergroup_3": 0.06509106606245041
    },
    "epoch_12": {
      "ndcg": 0.15955404937267303,
      "jsd": 0.06509380042552948,
      "ndcg_usergroup_1": 0.1673254817724228,
      "jsd_usergroup_1": 0.07430125772953033,
      "ndcg_usergroup_2": 0.1480150669813156,
      "jsd_usergroup_2": 0.06170863285660744,
      "ndcg_usergroup_3": 0.18639948964118958,
      "jsd_usergroup_3": 0.06604187190532684
    },
    "epoch_14": {
      "ndcg": 0.16761110723018646,
      "jsd": 0.06391782313585281,
      "ndcg_usergroup_1": 0.16929835081100464,
      "jsd_usergroup_1": 0.07278727740049362,
      "ndcg_usergroup_2": 0.15768371522426605,
      "jsd_usergroup_2": 0.06151130422949791,
      "ndcg_usergroup_3": 0.1957060694694519,
      "jsd_usergroup_3": 0.062267936766147614
    },
    "epoch_18": {
      "ndcg": 0.17263402044773102,
      "jsd": 0.0635404959321022,
      "ndcg_usergroup_1": 0.17407110333442688,
      "jsd_usergroup_1": 0.07792072743177414,
      "ndcg_usergroup_2": 0.16260415315628052,
      "jsd_usergroup_2": 0.059272993355989456,
      "ndcg_usergroup_3": 0.2012864649295807,
      "jsd_usergroup_3": 0.061962779611349106
    },
    "epoch_24": {
      "ndcg": 0.17287155985832214,
      "jsd": 0.06315253674983978,
      "ndcg_usergroup_1": 0.17387452721595764,
      "jsd_usergroup_1": 0.07546079903841019,
      "ndcg_usergroup_2": 0.16060030460357666,
      "jsd_usergroup_2": 0.05963819473981857,
      "ndcg_usergroup_3": 0.2086823433637619,
      "jsd_usergroup_3": 0.06138729676604271
    },
    "epoch_26": {
      "ndcg": 0.1779811680316925,
      "jsd": 0.06122296303510666,
      "ndcg_usergroup_1": 0.17431092262268066,
      "jsd_usergroup_1": 0.07329455018043518,
      "ndcg_usergroup_2": 0.16649341583251953,
      "jsd_usergroup_2": 0.05808384343981743,
      "ndcg_usergroup_3": 0.21611469984054565,
      "jsd_usergroup_3": 0.058568745851516724
    },
    "epoch_28": {
      "ndcg": 0.1795416623353958,
      "jsd": 0.06134366616606712,
      "ndcg_usergroup_1": 0.17853482067584991,
      "jsd_usergroup_1": 0.07386073470115662,
      "ndcg_usergroup_2": 0.1663532555103302,
      "jsd_usergroup_2": 0.05764881148934364,
      "ndcg_usergroup_3": 0.22011370956897736,
      "jsd_usergroup_3": 0.05991115793585777
    },
    "epoch_30": {
      "ndcg": 0.18306699395179749,
      "jsd": 0.06153242662549019,
      "ndcg_usergroup_1": 0.17575755715370178,
      "jsd_usergroup_1": 0.07083433121442795,
      "ndcg_usergroup_2": 0.17058399319648743,
      "jsd_usergroup_2": 0.058996472507715225,
      "ndcg_usergroup_3": 0.2278253734111786,
      "jsd_usergroup_3": 0.05983838811516762
    },
    "epoch_32": {
      "ndcg": 0.1831175535917282,
      "jsd": 0.06104638800024986,
      "ndcg_usergroup_1": 0.1794547587633133,
      "jsd_usergroup_1": 0.0752490684390068,
      "ndcg_usergroup_2": 0.1707291603088379,
      "jsd_usergroup_2": 0.057740554213523865,
      "ndcg_usergroup_3": 0.22394558787345886,
      "jsd_usergroup_3": 0.056761205196380615
    },
    "epoch_34": {
      "ndcg": 0.18383409082889557,
      "jsd": 0.05933568254113197,
      "ndcg_usergroup_1": 0.17935217916965485,
      "jsd_usergroup_1": 0.0722971260547638,
      "ndcg_usergroup_2": 0.17103347182273865,
      "jsd_usergroup_2": 0.05620848387479782,
      "ndcg_usergroup_3": 0.22671794891357422,
      "jsd_usergroup_3": 0.055755823850631714
    },
    "epoch_42": {
      "ndcg": 0.1825406551361084,
      "jsd": 0.05899643152952194,
      "ndcg_usergroup_1": 0.1828738898038864,
      "jsd_usergroup_1": 0.06681805849075317,
      "ndcg_usergroup_2": 0.16841554641723633,
      "jsd_usergroup_2": 0.05701421946287155,
      "ndcg_usergroup_3": 0.224582701921463,
      "jsd_usergroup_3": 0.05712142959237099
    },
    "epoch_48": {
      "ndcg": 0.18741117417812347,
      "jsd": 0.05864649638533592,
      "ndcg_usergroup_1": 0.1848587840795517,
      "jsd_usergroup_1": 0.06668519973754883,
      "ndcg_usergroup_2": 0.17437417805194855,
      "jsd_usergroup_2": 0.05641002580523491,
      "ndcg_usergroup_3": 0.22907456755638123,
      "jsd_usergroup_3": 0.05731719732284546
    },
    "epoch_58": {
      "ndcg": 0.18778163194656372,
      "jsd": 0.05941562354564667,
      "ndcg_usergroup_1": 0.18698738515377045,
      "jsd_usergroup_1": 0.07484334707260132,
      "ndcg_usergroup_2": 0.17751269042491913,
      "jsd_usergroup_2": 0.05618160590529442,
      "ndcg_usergroup_3": 0.21938270330429077,
      "jsd_usergroup_3": 0.05368993058800697
    },
    "epoch_67": {
      "ndcg": 0.18331743776798248,
      "jsd": 0.05838499218225479,
      "ndcg_usergroup_1": 0.18351000547409058,
      "jsd_usergroup_1": 0.06307211518287659,