{
  "base_recommendations": {
    "ndcg": 0.2663273811340332,
    "jsd": 0.12193825840950012,
    "ndcg_usergroup_1": 0.21388721466064453,
    "jsd_usergroup_1": 0.11441239714622498,
    "ndcg_usergroup_2": 0.256170392036438,
    "jsd_usergroup_2": 0.12063903361558914,
    "ndcg_usergroup_3": 0.34923845529556274,
    "jsd_usergroup_3": 0.13336177170276642
  },
  "postprocessed": {},
  "finetuned": {
    "epoch_1": {
      "ndcg": 0.11173848807811737,
      "jsd": 0.1522960513830185,
      "ndcg_usergroup_1": 0.12993614375591278,
      "jsd_usergroup_1": 0.1084497943520546,
      "ndcg_usergroup_2": 0.1005801409482956,
      "jsd_usergroup_2": 0.1572120636701584,
      "ndcg_usergroup_3": 0.1270158588886261,
      "jsd_usergroup_3": 0.18139423429965973
    },
    "epoch_2": {
      "ndcg": 0.13542155921459198,
      "jsd": 0.13956639170646667,
      "ndcg_usergroup_1": 0.14129269123077393,
      "jsd_usergroup_1": 0.08843892812728882,
      "ndcg_usergroup_2": 0.1284988671541214,
      "jsd_usergroup_2": 0.14251486957073212,
      "ndcg_usergroup_3": 0.1503184288740158,
      "jsd_usergroup_3": 0.1818484216928482
    },
    "epoch_3": {
      "ndcg": 0.06657745689153671,
      "jsd": 0.12862776219844818,
      "ndcg_usergroup_1": 0.10729144513607025,
      "jsd_usergroup_1": 0.12547795474529266,
      "ndcg_usergroup_2": 0.053375933319330215,
      "jsd_usergroup_2": 0.1389317810535431,
      "ndcg_usergroup_3": 0.06546804308891296,
      "jsd_usergroup_3": 0.10086550563573837
    },
    "epoch_14": {
      "ndcg": 0.05997971445322037,
      "jsd": 0.12859883904457092,
      "ndcg_usergroup_1": 0.06274158507585526,
      "jsd_usergroup_1": 0.08163541555404663,
      "ndcg_usergroup_2": 0.05668880045413971,
      "jsd_usergroup_2": 0.13818708062171936,
      "ndcg_usergroup_3": 0.06709056347608566,
      "jsd_usergroup_3": 0.14679749310016632
    },
    "epoch_16": {
      "ndcg": 0.029622163623571396,
      "jsd": 0.070444755256176,
      "ndcg_usergroup_1": 0.04365099221467972,
      "jsd_usergroup_1": 0.06435447931289673,
      "ndcg_usergroup_2": 0.022153379395604134,
      "jsd_usergroup_2": 0.071546271443367,
      "ndcg_usergroup_3": 0.03799968212842941,
      "jsd_usergroup_3": 0.07323049008846283
    },
    "epoch_28": {
      "ndcg": 0.045515276491642,
      "jsd": 0.04735814779996872,
      "ndcg_usergroup_1": 0.06384485960006714,
      "jsd_usergroup_1": 0.057949502021074295,
      "ndcg_usergroup_2": 0.0395129956305027,
      "jsd_usergroup_2": 0.04479999840259552,
      "ndcg_usergroup_3": 0.04519251734018326,
      "jsd_usergroup_3": 0.04444122314453125
    }
  }
}