{
  "base_recommendations": {
    "ndcg": 0.2663273811340332,
    "jsd": 0.12193825840950012,
    "ndcg_usergroup_1": 0.21388721466064453,
    "jsd_usergroup_1": 0.11441239714622498,
    "ndcg_usergroup_2": 0.256170392036438,
    "jsd_usergroup_2": 0.12063903361558914,
    "ndcg_usergroup_3": 0.34923845529556274,
    "jsd_usergroup_3": 0.13336177170276642
  },
  "postprocessed": {},
  "finetuned": {
    "epoch_1": {
      "ndcg": 0.22321271896362305,
      "jsd": 0.09234774857759476,
      "ndcg_usergroup_1": 0.18061037361621857,
      "jsd_usergroup_1": 0.07487280666828156,
      "ndcg_usergroup_2": 0.2104964703321457,
      "jsd_usergroup_2": 0.09424157440662384,
      "ndcg_usergroup_3": 0.3039637506008148,
      "jsd_usergroup_3": 0.10414117574691772
    },
    "epoch_2": {
      "ndcg": 0.2029937207698822,
      "jsd": 0.08204495906829834,
      "ndcg_usergroup_1": 0.15687695145606995,
      "jsd_usergroup_1": 0.07407558709383011,
      "ndcg_usergroup_2": 0.19439800083637238,
      "jsd_usergroup_2": 0.08473414182662964,
      "ndcg_usergroup_3": 0.2748975455760956,
      "jsd_usergroup_3": 0.08194678276777267
    },
    "epoch_3": {
      "ndcg": 0.18191537261009216,
      "jsd": 0.0767827108502388,
      "ndcg_usergroup_1": 0.15090630948543549,
      "jsd_usergroup_1": 0.07454393804073334,
      "ndcg_usergroup_2": 0.17472253739833832,
      "jsd_usergroup_2": 0.07900252938270569,
      "ndcg_usergroup_3": 0.2345028817653656,
      "jsd_usergroup_3": 0.0723620131611824
    },
    "epoch_4": {
      "ndcg": 0.1673355996608734,
      "jsd": 0.07585352659225464,
      "ndcg_usergroup_1": 0.14119970798492432,
      "jsd_usergroup_1": 0.07736193388700485,
      "ndcg_usergroup_2": 0.15906409919261932,
      "jsd_usergroup_2": 0.07737386971712112,
      "ndcg_usergroup_3": 0.21828602254390717,
      "jsd_usergroup_3": 0.06978409737348557
    },
    "epoch_5": {
      "ndcg": 0.1593344658613205,
      "jsd": 0.07177911698818207,
      "ndcg_usergroup_1": 0.13491635024547577,
      "jsd_usergroup_1": 0.07580351829528809,
      "ndcg_usergroup_2": 0.15090394020080566,
      "jsd_usergroup_2": 0.0726611539721489,
      "ndcg_usergroup_3": 0.20904412865638733,
      "jsd_usergroup_3": 0.06510858237743378
    },
    "epoch_6": {
      "ndcg": 0.15273214876651764,
      "jsd": 0.06866482645273209,
      "ndcg_usergroup_1": 0.13215379416942596,
      "jsd_usergroup_1": 0.07235118746757507,
      "ndcg_usergroup_2": 0.1450297087430954,
      "jsd_usergroup_2": 0.06941134482622147,
      "ndcg_usergroup_3": 0.196417897939682,
      "jsd_usergroup_3": 0.06273892521858215
    },
    "epoch_7": {
      "ndcg": 0.1472543329000473,
      "jsd": 0.0667753666639328,
      "ndcg_usergroup_1": 0.13252463936805725,
      "jsd_usergroup_1": 0.07069245725870132,
      "ndcg_usergroup_2": 0.13756927847862244,
      "jsd_usergroup_2": 0.0679568275809288,
      "ndcg_usergroup_3": 0.19103913009166718,
      "jsd_usergroup_3": 0.059313882142305374
    },
    "epoch_10": {
      "ndcg": 0.1331680417060852,
      "jsd": 0.06463968753814697,
      "ndcg_usergroup_1": 0.12157908827066422,
      "jsd_usergroup_1": 0.0733090490102768,
      "ndcg_usergroup_2": 0.12396813184022903,
      "jsd_usergroup_2": 0.0640881285071373,
      "ndcg_usergroup_3": 0.17235668003559113,
      "jsd_usergroup_3": 0.05762498080730438
    },
    "epoch_12": {
      "ndcg": 0.12949879467487335,
      "jsd": 0.06099987030029297,
      "ndcg_usergroup_1": 0.1209908276796341,
      "jsd_usergroup_1": 0.06813974678516388,
      "ndcg_usergroup_2": 0.12112515419721603,
      "jsd_usergroup_2": 0.06124870479106903,
      "ndcg_usergroup_3": 0.16312772035598755,
      "jsd_usergroup_3": 0.05311347171664238
    },
    "epoch_13": {
      "ndcg": 0.12819592654705048,
      "jsd": 0.06088825315237045,
      "ndcg_usergroup_1": 0.11904687434434891,
      "jsd_usergroup_1": 0.06860722601413727,
      "ndcg_usergroup_2": 0.11855234205722809,
      "jsd_usergroup_2": 0.061341989785432816,
      "ndcg_usergroup_3": 0.16627570986747742,
      "jsd_usergroup_3": 0.05180807784199715
    },
    "epoch_14": {
      "ndcg": 0.1282605081796646,
      "jsd": 0.05886930227279663,
      "ndcg_usergroup_1": 0.11683366447687149,
      "jsd_usergroup_1": 0.06682983040809631,
      "ndcg_usergroup_2": 0.11886204034090042,
      "jsd_usergroup_2": 0.05859161168336868,
      "ndcg_usergroup_3": 0.16788271069526672,
      "jsd_usergroup_3": 0.0517418347299099
    },
    "epoch_15": {
      "ndcg": 0.12576214969158173,
      "jsd": 0.058816973119974136,
      "ndcg_usergroup_1": 0.11522822082042694,
      "jsd_usergroup_1": 0.06391216069459915,
      "ndcg_usergroup_2": 0.11690005660057068,
      "jsd_usergroup_2": 0.05983307212591171,
      "ndcg_usergroup_3": 0.16288237273693085,
      "jsd_usergroup_3": 0.05067348852753639
    },
    "epoch_16": {
      "ndcg": 0.12713338434696198,
      "jsd": 0.056976865977048874,
      "ndcg_usergroup_1": 0.11461294442415237,
      "jsd_usergroup_1": 0.06249812990427017,
      "ndcg_usergroup_2": 0.11889013648033142,
      "jsd_usergroup_2": 0.05713297054171562,
      "ndcg_usergroup_3": 0.16438356041908264,
      "jsd_usergroup_3": 0.05098727345466614
    },
    "epoch_21": {
      "ndcg": 0.12501738965511322,
      "jsd": 0.054770614951848984,
      "ndcg_usergroup_1": 0.1146353930234909,
      "jsd_usergroup_1": 0.05961800366640091,
      "ndcg_usergroup_2": 0.11566133797168732,
      "jsd_usergroup_2": 0.055193137377500534,
      "ndcg_usergroup_3": 0.16346748173236847,
      "jsd_usergroup_3": 0.048655640333890915
    },
    "epoch_29": {
      "ndcg": 0.12568296492099762,
      "jsd": 0.054050106555223465,
      "ndcg_usergroup_1": 0.11461737751960754,
      "jsd_usergroup_1": 0.05673405900597572,
      "ndcg_usergroup_2": 0.11629253625869751,
      "jsd_usergroup_2": 0.05492286756634712,
      "ndcg_usergroup_3": 0.16491979360580444,
      "jsd_usergroup_3": 0.04874788224697113
    }
  }
}