{
  "base_recommendations": {
    "ndcg": 0.2663273811340332,
    "jsd": 0.12193825840950012,
    "ndcg_usergroup_1": 0.21388721466064453,
    "jsd_usergroup_1": 0.11441239714622498,
    "ndcg_usergroup_2": 0.256170392036438,
    "jsd_usergroup_2": 0.12063903361558914,
    "ndcg_usergroup_3": 0.34923845529556274,
    "jsd_usergroup_3": 0.13336177170276642
  },
  "postprocessed": {},
  "finetuned": {
    "epoch_1": {
      "ndcg": 0.24868252873420715,
      "jsd": 0.099922314286232,
      "ndcg_usergroup_1": 0.20700198411941528,
      "jsd_usergroup_1": 0.09194578975439072,
      "ndcg_usergroup_2": 0.23730921745300293,
      "jsd_usergroup_2": 0.09923676401376724,
      "ndcg_usergroup_3": 0.32448309659957886,
      "jsd_usergroup_3": 0.10995543748140335
    },
    "epoch_2": {
      "ndcg": 0.22371523082256317,
      "jsd": 0.09172821044921875,
      "ndcg_usergroup_1": 0.19313636422157288,
      "jsd_usergroup_1": 0.08366426080465317,
      "ndcg_usergroup_2": 0.2123747169971466,
      "jsd_usergroup_2": 0.09302477538585663,
      "ndcg_usergroup_3": 0.28831562399864197,
      "jsd_usergroup_3": 0.09590250253677368
    },
    "epoch_3": {
      "ndcg": 0.20612211525440216,
      "jsd": 0.09112919121980667,
      "ndcg_usergroup_1": 0.1877596378326416,
      "jsd_usergroup_1": 0.08504646271467209,
      "ndcg_usergroup_2": 0.19541621208190918,
      "jsd_usergroup_2": 0.0932840034365654,
      "ndcg_usergroup_3": 0.25660231709480286,
      "jsd_usergroup_3": 0.09074746817350388
    },
    "epoch_6": {
      "ndcg": 0.18252941966056824,
      "jsd": 0.09097801148891449,
      "ndcg_usergroup_1": 0.1800357550382614,
      "jsd_usergroup_1": 0.09604984521865845,
      "ndcg_usergroup_2": 0.1722150593996048,
      "jsd_usergroup_2": 0.09167774021625519,
      "ndcg_usergroup_3": 0.2159661501646042,
      "jsd_usergroup_3": 0.08380702883005142
    },
    "epoch_7": {
      "ndcg": 0.17738141119480133,
      "jsd": 0.0908861979842186,
      "ndcg_usergroup_1": 0.17690560221672058,
      "jsd_usergroup_1": 0.09727340191602707,
      "ndcg_usergroup_2": 0.1674521118402481,
      "jsd_usergroup_2": 0.09115997701883316,
      "ndcg_usergroup_3": 0.20764511823654175,
      "jsd_usergroup_3": 0.08367764204740524
    },
    "epoch_8": {
      "ndcg": 0.17474684119224548,
      "jsd": 0.09058339148759842,
      "ndcg_usergroup_1": 0.1741108000278473,
      "jsd_usergroup_1": 0.09761811792850494,
      "ndcg_usergroup_2": 0.16477517783641815,
      "jsd_usergroup_2": 0.0912095308303833,
      "ndcg_usergroup_3": 0.20529787242412567,
      "jsd_usergroup_3": 0.08167020976543427
    },
    "epoch_9": {
      "ndcg": 0.1709480732679367,
      "jsd": 0.09050341695547104,
      "ndcg_usergroup_1": 0.17466795444488525,
      "jsd_usergroup_1": 0.09887766093015671,
      "ndcg_usergroup_2": 0.16095489263534546,
      "jsd_usergroup_2": 0.0910884365439415,
      "ndcg_usergroup_3": 0.1972077190876007,
      "jsd_usergroup_3": 0.08037415891885757
    },
    "epoch_10": {
      "ndcg": 0.16989527642726898,
      "jsd": 0.08928774297237396,
      "ndcg_usergroup_1": 0.17508377134799957,
      "jsd_usergroup_1": 0.09873566031455994,
      "ndcg_usergroup_2": 0.15916743874549866,
      "jsd_usergroup_2": 0.08970779925584793,
      "ndcg_usergroup_3": 0.19689029455184937,
      "jsd_usergroup_3": 0.07857964187860489
    },
    "epoch_11": {
      "ndcg": 0.16927459836006165,
      "jsd": 0.08900510519742966,
      "ndcg_usergroup_1": 0.17342472076416016,
      "jsd_usergroup_1": 0.09855917096138,
      "ndcg_usergroup_2": 0.15881697833538055,
      "jsd_usergroup_2": 0.08919226378202438,
      "ndcg_usergroup_3": 0.19649729132652283,
      "jsd_usergroup_3": 0.07888953387737274
    },
    "epoch_12": {
      "ndcg": 0.16758307814598083,
      "jsd": 0.08806399255990982,
      "ndcg_usergroup_1": 0.17219024896621704,
      "jsd_usergroup_1": 0.09924650937318802,
      "ndcg_usergroup_2": 0.15721826255321503,
      "jsd_usergroup_2": 0.08824744075536728,
      "ndcg_usergroup_3": 0.19407035410404205,
      "jsd_usergroup_3": 0.07633113116025925
    },
    "epoch_13": {
      "ndcg": 0.1660081446170807,
      "jsd": 0.0878152847290039,
      "ndcg_usergroup_1": 0.172023743391037,
      "jsd_usergroup_1": 0.10138266533613205,
      "ndcg_usergroup_2": 0.15607880055904388,
      "jsd_usergroup_2": 0.08679915219545364,
      "ndcg_usergroup_3": 0.18978054821491241,
      "jsd_usergroup_3": 0.07729627192020416
    },
    "epoch_14": {
      "ndcg": 0.16571514308452606,
      "jsd": 0.08695822209119797,
      "ndcg_usergroup_1": 0.17142468690872192,
      "jsd_usergroup_1": 0.10088969767093658,
      "ndcg_usergroup_2": 0.15609906613826752,
      "jsd_usergroup_2": 0.0862065851688385,
      "ndcg_usergroup_3": 0.18885385990142822,
      "jsd_usergroup_3": 0.07528163492679596
    },
    "epoch_15": {
      "ndcg": 0.1656317561864853,
      "jsd": 0.08632168173789978,
      "ndcg_usergroup_1": 0.17226220667362213,
      "jsd_usergroup_1": 0.10253143310546875,
      "ndcg_usergroup_2": 0.1549304872751236,
      "jsd_usergroup_2": 0.08539669215679169,
      "ndcg_usergroup_3": 0.19110511243343353,
      "jsd_usergroup_3": 0.07288692891597748
    },
    "epoch_17": {
      "ndcg": 0.16402862966060638,
      "jsd": 0.08588104695081711,
      "ndcg_usergroup_1": 0.16999521851539612,
      "jsd_usergroup_1": 0.10376831144094467,
      "ndcg_usergroup_2": 0.153830885887146,
      "jsd_usergroup_2": 0.08428925275802612,
      "ndcg_usergroup_3": 0.1886553019285202,
      "jsd_usergroup_3": 0.0727691650390625
    },
    "epoch_18": {
      "ndcg": 0.16499528288841248,
      "jsd": 0.08459349721670151,
      "ndcg_usergroup_1": 0.17054131627082825,
      "jsd_usergroup_1": 0.10523495078086853,
      "ndcg_usergroup_2": 0.15470834076404572,
      "jsd_usergroup_2": 0.08201398700475693,
      "ndcg_usergroup_3": 0.1903100162744522,
      "jsd_usergroup_3": 0.07169053703546524
    },
    "epoch_20": {
      "ndcg": 0.1639389991760254,
      "jsd": 0.08440140634775162,
      "ndcg_usergroup_1": 0.1699426919221878,
      "jsd_usergroup_1": 0.10468309372663498,
      "ndcg_usergroup_2": 0.15394864976406097,
      "jsd_usergroup_2": 0.0819232389330864,
      "ndcg_usergroup_3": 0.1879063844680786,
      "jsd_usergroup_3": 0.07155422121286392
    },
    "epoch_22": {
      "ndcg": 0.16402937471866608,
      "jsd": 0.08374243229627609,
      "ndcg_usergroup_1": 0.16907687485218048,
      "jsd_usergroup_1": 0.10504355281591415,
      "ndcg_usergroup_2": 0.15445373952388763,
      "jsd_usergroup_2": 0.08101527392864227,
      "ndcg_usergroup_3": 0.18770883977413177,
      "jsd_usergroup_3": 0.0706227570772171
    },
    "epoch_24": {
      "ndcg": 0.16298280656337738,
      "jsd": 0.08327238261699677,
      "ndcg_usergroup_1": 0.16954664885997772,
      "jsd_usergroup_1": 0.10726006329059601,
      "ndcg_usergroup_2": 0.15209335088729858,
      "jsd_usergroup_2": 0.0799490213394165,
      "ndcg_usergroup_3": 0.189087375998497,
      "jsd_usergroup_3": 0.06925477087497711
    },
    "epoch_26": {
      "ndcg": 0.16314534842967987,
      "jsd": 0.08302722126245499,
      "ndcg_usergroup_1": 0.16957412660121918,
      "jsd_usergroup_1": 0.1075441762804985,
      "ndcg_usergroup_2": 0.15317757427692413,
      "jsd_usergroup_2": 0.07945205271244049,
      "ndcg_usergroup_3": 0.1866198629140854,
      "jsd_usergroup_3": 0.06923579424619675
    },
    "epoch_27": {
      "ndcg": 0.16333572566509247,
      "jsd": 0.08250673860311508,
      "ndcg_usergroup_1": 0.1696431040763855,
      "jsd_usergroup_1": 0.10703130811452866,
      "ndcg_usergroup_2": 0.1527470350265503,
      "jsd_usergroup_2": 0.07873524725437164,
      "ndcg_usergroup_3": 0.18879438936710358,
      "jsd_usergroup_3": 0.06929662823677063
    },
    "epoch_28": {
      "ndcg": 0.16217683255672455,
      "jsd": 0.0820874273777008,
      "ndcg_usergroup_1": 0.16952075064182281,
      "jsd_usergroup_1": 0.10728872567415237,