{
  "base_recommendations": {
    "ndcg": 0.2663273811340332,
    "jsd": 0.12193825840950012,
    "ndcg_usergroup_1": 0.21388721466064453,
    "jsd_usergroup_1": 0.11441239714622498,
    "ndcg_usergroup_2": 0.256170392036438,
    "jsd_usergroup_2": 0.12063903361558914,
    "ndcg_usergroup_3": 0.34923845529556274,
    "jsd_usergroup_3": 0.13336177170276642
  },
  "postprocessed": {},
  "finetuned": {
    "epoch_1": {
      "ndcg": 0.24374724924564362,
      "jsd": 0.09536127001047134,
      "ndcg_usergroup_1": 0.19664765894412994,
      "jsd_usergroup_1": 0.07879655063152313,
      "ndcg_usergroup_2": 0.23268413543701172,
      "jsd_usergroup_2": 0.09525635838508606,
      "ndcg_usergroup_3": 0.32403621077537537,
      "jsd_usergroup_3": 0.11224072426557541
    },
    "epoch_2": {
      "ndcg": 0.21911312639713287,
      "jsd": 0.09007157385349274,
      "ndcg_usergroup_1": 0.17526185512542725,
      "jsd_usergroup_1": 0.07236652821302414,
      "ndcg_usergroup_2": 0.20777708292007446,
      "jsd_usergroup_2": 0.09276996552944183,
      "ndcg_usergroup_3": 0.29697251319885254,
      "jsd_usergroup_3": 0.09968142956495285
    },
    "epoch_3": {
      "ndcg": 0.2059255689382553,
      "jsd": 0.084287129342556,
      "ndcg_usergroup_1": 0.165523961186409,
      "jsd_usergroup_1": 0.07176484912633896,
      "ndcg_usergroup_2": 0.19566521048545837,
      "jsd_usergroup_2": 0.08773084729909897,
      "ndcg_usergroup_3": 0.2771082818508148,
      "jsd_usergroup_3": 0.08647823333740234
    },
    "epoch_4": {
      "ndcg": 0.19492802023887634,
      "jsd": 0.07900454103946686,
      "ndcg_usergroup_1": 0.15989623963832855,
      "jsd_usergroup_1": 0.07160411030054092,
      "ndcg_usergroup_2": 0.1853984147310257,
      "jsd_usergroup_2": 0.08188125491142273,
      "ndcg_usergroup_3": 0.2585485875606537,
      "jsd_usergroup_3": 0.07777481526136398
    },
    "epoch_5": {
      "ndcg": 0.18677906692028046,
      "jsd": 0.0769195407629013,
      "ndcg_usergroup_1": 0.15438471734523773,
      "jsd_usergroup_1": 0.0721486359834671,
      "ndcg_usergroup_2": 0.17782306671142578,
      "jsd_usergroup_2": 0.07902040332555771,
      "ndcg_usergroup_3": 0.2460414618253708,
      "jsd_usergroup_3": 0.0753878578543663
    },
    "epoch_6": {
      "ndcg": 0.18028569221496582,
      "jsd": 0.07486817985773087,
      "ndcg_usergroup_1": 0.14780494570732117,
      "jsd_usergroup_1": 0.0724325105547905,
      "ndcg_usergroup_2": 0.17183993756771088,
      "jsd_usergroup_2": 0.07617583870887756,
      "ndcg_usergroup_3": 0.2381037026643753,
      "jsd_usergroup_3": 0.07338084280490875
    },
    "epoch_7": {
      "ndcg": 0.17515113949775696,
      "jsd": 0.07354406267404556,
      "ndcg_usergroup_1": 0.14690212905406952,
      "jsd_usergroup_1": 0.07159984856843948,
      "ndcg_usergroup_2": 0.16618084907531738,
      "jsd_usergroup_2": 0.0749790295958519,
      "ndcg_usergroup_3": 0.23031096160411835,
      "jsd_usergroup_3": 0.07118337601423264
    },
    "epoch_8": {
      "ndcg": 0.17248229682445526,
      "jsd": 0.07247379422187805,
      "ndcg_usergroup_1": 0.14617368578910828,
      "jsd_usergroup_1": 0.07192595303058624,
      "ndcg_usergroup_2": 0.16296397149562836,
      "jsd_usergroup_2": 0.07395973801612854,
      "ndcg_usergroup_3": 0.22734592854976654,
      "jsd_usergroup_3": 0.06856382638216019
    },
    "epoch_9": {
      "ndcg": 0.1722138226032257,
      "jsd": 0.06982273608446121,
      "ndcg_usergroup_1": 0.1463550478219986,
      "jsd_usergroup_1": 0.0728498250246048,
      "ndcg_usergroup_2": 0.1622476577758789,
      "jsd_usergroup_2": 0.07041288167238235,
      "ndcg_usergroup_3": 0.22797106206417084,
      "jsd_usergroup_3": 0.06502518057823181
    },
    "epoch_11": {
      "ndcg": 0.16611486673355103,
      "jsd": 0.0678197368979454,
      "ndcg_usergroup_1": 0.14046333730220795,
      "jsd_usergroup_1": 0.07123725116252899,
      "ndcg_usergroup_2": 0.15595602989196777,
      "jsd_usergroup_2": 0.06824716925621033,
      "ndcg_usergroup_3": 0.22224289178848267,
      "jsd_usergroup_3": 0.06311990320682526
    },
    "epoch_12": {
      "ndcg": 0.16308069229125977,
      "jsd": 0.06675275415182114,
      "ndcg_usergroup_1": 0.13624420762062073,
      "jsd_usergroup_1": 0.07058990001678467,
      "ndcg_usergroup_2": 0.15322135388851166,
      "jsd_usergroup_2": 0.0676029846072197,
      "ndcg_usergroup_3": 0.21949514746665955,
      "jsd_usergroup_3": 0.060364920645952225
    },
    "epoch_13": {
      "ndcg": 0.16055865585803986,
      "jsd": 0.0664333626627922,
      "ndcg_usergroup_1": 0.1331307590007782,
      "jsd_usergroup_1": 0.07045258581638336,
      "ndcg_usergroup_2": 0.1507205069065094,
      "jsd_usergroup_2": 0.06733924895524979,
      "ndcg_usergroup_3": 0.2175009697675705,
      "jsd_usergroup_3": 0.05969645082950592
    },
    "epoch_14": {
      "ndcg": 0.1600620448589325,
      "jsd": 0.06556598842144012,
      "ndcg_usergroup_1": 0.1349448263645172,
      "jsd_usergroup_1": 0.06906959414482117,
      "ndcg_usergroup_2": 0.14945870637893677,
      "jsd_usergroup_2": 0.0664261057972908,
      "ndcg_usergroup_3": 0.21698921918869019,
      "jsd_usergroup_3": 0.059482019394636154
    },
    "epoch_15": {
      "ndcg": 0.15842707455158234,
      "jsd": 0.06379086524248123,
      "ndcg_usergroup_1": 0.13109749555587769,
      "jsd_usergroup_1": 0.06850900501012802,
      "ndcg_usergroup_2": 0.14820478856563568,
      "jsd_usergroup_2": 0.06462625414133072,
      "ndcg_usergroup_3": 0.21642349660396576,
      "jsd_usergroup_3": 0.056566547602415085
    },
    "epoch_16": {
      "ndcg": 0.1595207005739212,
      "jsd": 0.06217906251549721,
      "ndcg_usergroup_1": 0.13327200710773468,
      "jsd_usergroup_1": 0.06611140817403793,
      "ndcg_usergroup_2": 0.14937007427215576,
      "jsd_usergroup_2": 0.06308059394359589,
      "ndcg_usergroup_3": 0.21622128784656525,
      "jsd_usergroup_3": 0.05554213747382164
    },
    "epoch_18": {
      "ndcg": 0.1560448855161667,
      "jsd": 0.06075924262404442,
      "ndcg_usergroup_1": 0.12864641845226288,
      "jsd_usergroup_1": 0.06501121819019318,
      "ndcg_usergroup_2": 0.1469544768333435,
      "jsd_usergroup_2": 0.06116614490747452,
      "ndcg_usergroup_3": 0.21071454882621765,
      "jsd_usergroup_3": 0.05528654530644417
    },
    "epoch_19": {
      "ndcg": 0.15720310807228088,
      "jsd": 0.060093123465776443,
      "ndcg_usergroup_1": 0.13231024146080017,
      "jsd_usergroup_1": 0.06458841264247894,
      "ndcg_usergroup_2": 0.14683754742145538,
      "jsd_usergroup_2": 0.06035074219107628,
      "ndcg_usergroup_3": 0.2131926417350769,
      "jsd_usergroup_3": 0.05482495576143265
    },
    "epoch_20": {
      "ndcg": 0.1567884236574173,
      "jsd": 0.05923708155751228,
      "ndcg_usergroup_1": 0.12909331917762756,
      "jsd_usergroup_1": 0.06572563946247101,
      "ndcg_usergroup_2": 0.1476575881242752,
      "jsd_usergroup_2": 0.05924277752637863,
      "ndcg_usergroup_3": 0.21187609434127808,
      "jsd_usergroup_3": 0.05273143947124481
    },
    "epoch_21": {
      "ndcg": 0.15694959461688995,
      "jsd": 0.058282602578401566,
      "ndcg_usergroup_1": 0.13368920981884003,
      "jsd_usergroup_1": 0.06285864859819412,
      "ndcg_usergroup_2": 0.1468038260936737,
      "jsd_usergroup_2": 0.05849405378103256,
      "ndcg_usergroup_3": 0.21064721047878265,
      "jsd_usergroup_3": 0.05307219177484512
    },
    "epoch_22": {
      "ndcg": 0.15680906176567078,
      "jsd": 0.05805078148841858,
      "ndcg_usergroup_1": 0.1290559619665146,
      "jsd_usergroup_1": 0.06377193331718445,
      "ndcg_usergroup_2": 0.1474379003047943,
      "jsd_usergroup_2": 0.05789138376712799,
      "ndcg_usergroup_3": 0.21267566084861755,
      "jsd_usergroup_3": 0.052807796746492386
    },
    "epoch_23": {
      "ndcg": 0.1563953310251236,
      "jsd": 0.05734140798449516,
      "ndcg_usergroup_1": 0.13067783415317535,
      "jsd_usergroup_1": 0.060539182275533676,