{
  "base_recommendations": {
    "ndcg": 0.2663273811340332,
    "jsd": 0.12193825840950012,
    "ndcg_usergroup_1": 0.21388721466064453,
    "jsd_usergroup_1": 0.11441239714622498,
    "ndcg_usergroup_2": 0.256170392036438,
    "jsd_usergroup_2": 0.12063903361558914,
    "ndcg_usergroup_3": 0.34923845529556274,
    "jsd_usergroup_3": 0.13336177170276642
  },
  "postprocessed": {},
  "finetuned": {
    "epoch_1": {
      "ndcg": 0.13588401675224304,
      "jsd": 0.15808431804180145,
      "ndcg_usergroup_1": 0.10044234246015549,
      "jsd_usergroup_1": 0.21268942952156067,
      "ndcg_usergroup_2": 0.13420841097831726,
      "jsd_usergroup_2": 0.14868111908435822,
      "ndcg_usergroup_3": 0.17635251581668854,
      "jsd_usergroup_3": 0.13168871402740479
    },
    "epoch_2": {
      "ndcg": 0.14182987809181213,
      "jsd": 0.24738995730876923,
      "ndcg_usergroup_1": 0.12676379084587097,
      "jsd_usergroup_1": 0.24650704860687256,
      "ndcg_usergroup_2": 0.1381884068250656,
      "jsd_usergroup_2": 0.26045194268226624,
      "ndcg_usergroup_3": 0.16782033443450928,
      "jsd_usergroup_3": 0.20908696949481964
    },
    "epoch_3": {
      "ndcg": 0.031405020505189896,
      "jsd": 0.09102057665586472,
      "ndcg_usergroup_1": 0.01792459934949875,
      "jsd_usergroup_1": 0.038070615381002426,
      "ndcg_usergroup_2": 0.02661956287920475,
      "jsd_usergroup_2": 0.08072653412818909,
      "ndcg_usergroup_3": 0.05924179404973984,
      "jsd_usergroup_3": 0.17485268414020538
    }
  }
}