{
  "base_recommendations": {
    "ndcg": 0.2663273811340332,
    "jsd": 0.12193825840950012,
    "ndcg_usergroup_1": 0.21388721466064453,
    "jsd_usergroup_1": 0.11441239714622498,
    "ndcg_usergroup_2": 0.256170392036438,
    "jsd_usergroup_2": 0.12063903361558914,
    "ndcg_usergroup_3": 0.34923845529556274,
    "jsd_usergroup_3": 0.13336177170276642
  },
  "postprocessed": {},
  "finetuned": {
    "epoch_1": {
      "ndcg": 0.2358304262161255,
      "jsd": 0.09339570254087448,
      "ndcg_usergroup_1": 0.19602519273757935,
      "jsd_usergroup_1": 0.08673809468746185,
      "ndcg_usergroup_2": 0.22545881569385529,
      "jsd_usergroup_2": 0.09346679598093033,
      "ndcg_usergroup_3": 0.30675041675567627,
      "jsd_usergroup_3": 0.09984002262353897
    },
    "epoch_2": {
      "ndcg": 0.21561318635940552,
      "jsd": 0.09097043424844742,
      "ndcg_usergroup_1": 0.18747279047966003,
      "jsd_usergroup_1": 0.09124434739351273,
      "ndcg_usergroup_2": 0.20524251461029053,
      "jsd_usergroup_2": 0.09188342839479446,
      "ndcg_usergroup_3": 0.2748655080795288,
      "jsd_usergroup_3": 0.08795754611492157
    },
    "epoch_7": {
      "ndcg": 0.18264345824718475,
      "jsd": 0.08866016566753387,
      "ndcg_usergroup_1": 0.17231157422065735,
      "jsd_usergroup_1": 0.10947327315807343,
      "ndcg_usergroup_2": 0.17186331748962402,
      "jsd_usergroup_2": 0.08708003163337708,
      "ndcg_usergroup_3": 0.22531582415103912,
      "jsd_usergroup_3": 0.07258743792772293
    },
    "epoch_8": {
      "ndcg": 0.17990365624427795,
      "jsd": 0.0867290198802948,
      "ndcg_usergroup_1": 0.17087602615356445,
      "jsd_usergroup_1": 0.1055845245718956,
      "ndcg_usergroup_2": 0.1692250519990921,
      "jsd_usergroup_2": 0.08539237827062607,
      "ndcg_usergroup_3": 0.22096702456474304,
      "jsd_usergroup_3": 0.07188341021537781
    },
    "epoch_9": {
      "ndcg": 0.17878757417201996,
      "jsd": 0.08623532205820084,
      "ndcg_usergroup_1": 0.17103053629398346,
      "jsd_usergroup_1": 0.10686957836151123,
      "ndcg_usergroup_2": 0.1680878847837448,
      "jsd_usergroup_2": 0.08422263711690903,
      "ndcg_usergroup_3": 0.21864372491836548,
      "jsd_usergroup_3": 0.0716390386223793
    },
    "epoch_10": {
      "ndcg": 0.17714790999889374,
      "jsd": 0.08361509442329407,
      "ndcg_usergroup_1": 0.17045412957668304,
      "jsd_usergroup_1": 0.1023254543542862,
      "ndcg_usergroup_2": 0.16640445590019226,
      "jsd_usergroup_2": 0.08186842501163483,
      "ndcg_usergroup_3": 0.21607203781604767,
      "jsd_usergroup_3": 0.07014475017786026
    },
    "epoch_11": {
      "ndcg": 0.1758115142583847,
      "jsd": 0.08152693510055542,
      "ndcg_usergroup_1": 0.16912809014320374,
      "jsd_usergroup_1": 0.1007903516292572,
      "ndcg_usergroup_2": 0.16556409001350403,
      "jsd_usergroup_2": 0.07942906767129898,
      "ndcg_usergroup_3": 0.21323713660240173,
      "jsd_usergroup_3": 0.06855714321136475
    },
    "epoch_12": {
      "ndcg": 0.1763126701116562,
      "jsd": 0.08077261596918106,
      "ndcg_usergroup_1": 0.16975142061710358,
      "jsd_usergroup_1": 0.10069651156663895,
      "ndcg_usergroup_2": 0.16583938896656036,
      "jsd_usergroup_2": 0.07830514013767242,
      "ndcg_usergroup_3": 0.21429362893104553,
      "jsd_usergroup_3": 0.0682511180639267
    },
    "epoch_14": {
      "ndcg": 0.1767040193080902,
      "jsd": 0.07970594614744186,
      "ndcg_usergroup_1": 0.17145080864429474,
      "jsd_usergroup_1": 0.09958995878696442,
      "ndcg_usergroup_2": 0.1661362648010254,
      "jsd_usergroup_2": 0.07722648233175278,
      "ndcg_usergroup_3": 0.21366040408611298,
      "jsd_usergroup_3": 0.06726031005382538
    },
    "epoch_16": {
      "ndcg": 0.17694364488124847,
      "jsd": 0.07887393981218338,
      "ndcg_usergroup_1": 0.1722179502248764,
      "jsd_usergroup_1": 0.10064148902893066,
      "ndcg_usergroup_2": 0.16761897504329681,
      "jsd_usergroup_2": 0.07598543167114258,
      "ndcg_usergroup_3": 0.20964331924915314,
      "jsd_usergroup_3": 0.06577188521623611
    },
    "epoch_19": {
      "ndcg": 0.17906785011291504,
      "jsd": 0.07791069149971008,
      "ndcg_usergroup_1": 0.17536938190460205,
      "jsd_usergroup_1": 0.10112281888723373,
      "ndcg_usergroup_2": 0.1697247177362442,
      "jsd_usergroup_2": 0.07458873093128204,
      "ndcg_usergroup_3": 0.21079568564891815,
      "jsd_usergroup_3": 0.06466440856456757
    }
  }
}