{
  "base_recommendations": {
    "ndcg": 0.2663273811340332,
    "jsd": 0.12193825840950012,
    "ndcg_usergroup_1": 0.21388721466064453,
    "jsd_usergroup_1": 0.11441239714622498,
    "ndcg_usergroup_2": 0.256170392036438,
    "jsd_usergroup_2": 0.12063903361558914,
    "ndcg_usergroup_3": 0.34923845529556274,
    "jsd_usergroup_3": 0.13336177170276642
  },
  "postprocessed": {},
  "finetuned": {
    "epoch_1": {
      "ndcg": 0.19291891157627106,
      "jsd": 0.09226044267416,
      "ndcg_usergroup_1": 0.15745002031326294,
      "jsd_usergroup_1": 0.08075501769781113,
      "ndcg_usergroup_2": 0.1830105036497116,
      "jsd_usergroup_2": 0.09658345580101013,
      "ndcg_usergroup_3": 0.2581131160259247,
      "jsd_usergroup_3": 0.09079684317111969
    },
    "epoch_2": {
      "ndcg": 0.17543327808380127,
      "jsd": 0.06905756890773773,
      "ndcg_usergroup_1": 0.14755503833293915,
      "jsd_usergroup_1": 0.06718090176582336,
      "ndcg_usergroup_2": 0.16880181431770325,
      "jsd_usergroup_2": 0.06899554282426834,
      "ndcg_usergroup_3": 0.22320586442947388,
      "jsd_usergroup_3": 0.07112029939889908
    },
    "epoch_3": {
      "ndcg": 0.1657906323671341,
      "jsd": 0.06098353862762451,
      "ndcg_usergroup_1": 0.14686886966228485,
      "jsd_usergroup_1": 0.0643467903137207,
      "ndcg_usergroup_2": 0.15408937633037567,
      "jsd_usergroup_2": 0.06190643459558487,
      "ndcg_usergroup_3": 0.21981611847877502,
      "jsd_usergroup_3": 0.05485159531235695
    },
    "epoch_4": {
      "ndcg": 0.15210703015327454,
      "jsd": 0.0607508048415184,
      "ndcg_usergroup_1": 0.13958710432052612,
      "jsd_usergroup_1": 0.05929254740476608,
      "ndcg_usergroup_2": 0.14295050501823425,
      "jsd_usergroup_2": 0.06027529016137123,
      "ndcg_usergroup_3": 0.1920965313911438,
      "jsd_usergroup_3": 0.06363560259342194
    },
    "epoch_5": {
      "ndcg": 0.15098930895328522,
      "jsd": 0.054839640855789185,
      "ndcg_usergroup_1": 0.12903545796871185,
      "jsd_usergroup_1": 0.05859477445483208,
      "ndcg_usergroup_2": 0.14182545244693756,
      "jsd_usergroup_2": 0.05507339537143707,
      "ndcg_usergroup_3": 0.20043468475341797,
      "jsd_usergroup_3": 0.05038322135806084
    },
    "epoch_6": {
      "ndcg": 0.14748063683509827,
      "jsd": 0.054236315190792084,
      "ndcg_usergroup_1": 0.13751888275146484,
      "jsd_usergroup_1": 0.04918196424841881,
      "ndcg_usergroup_2": 0.1401374191045761,
      "jsd_usergroup_2": 0.053466226905584335,
      "ndcg_usergroup_3": 0.17947204411029816,
      "jsd_usergroup_3": 0.061600930988788605
    },
    "epoch_7": {
      "ndcg": 0.1535027176141739,
      "jsd": 0.048464734107255936,
      "ndcg_usergroup_1": 0.1361139863729477,
      "jsd_usergroup_1": 0.04959561303257942,
      "ndcg_usergroup_2": 0.14453284442424774,
      "jsd_usergroup_2": 0.049179557710886,
      "ndcg_usergroup_3": 0.19780106842517853,
      "jsd_usergroup_3": 0.04518939182162285
    },
    "epoch_9": {
      "ndcg": 0.15282583236694336,
      "jsd": 0.04742499440908432,
      "ndcg_usergroup_1": 0.14079420268535614,
      "jsd_usergroup_1": 0.044235702604055405,
      "ndcg_usergroup_2": 0.14354129135608673,
      "jsd_usergroup_2": 0.04762611538171768,
      "ndcg_usergroup_3": 0.19271104037761688,
      "jsd_usergroup_3": 0.050010934472084045
    },
    "epoch_24": {
      "ndcg": 0.1647150069475174,
      "jsd": 0.04935166984796524,
      "ndcg_usergroup_1": 0.15677106380462646,
      "jsd_usergroup_1": 0.04180304706096649,
      "ndcg_usergroup_2": 0.15421833097934723,
      "jsd_usergroup_2": 0.05091346427798271,
      "ndcg_usergroup_3": 0.2041490375995636,
      "jsd_usergroup_3": 0.052214909344911575
    }
  }
}