{
  "base_recommendations": {
    "ndcg": 0.2663273811340332,
    "jsd": 0.12193825840950012,
    "ndcg_usergroup_1": 0.21388721466064453,
    "jsd_usergroup_1": 0.11441239714622498,
    "ndcg_usergroup_2": 0.256170392036438,
    "jsd_usergroup_2": 0.12063903361558914,
    "ndcg_usergroup_3": 0.34923845529556274,
    "jsd_usergroup_3": 0.13336177170276642
  },
  "postprocessed": {},
  "finetuned": {
    "epoch_1": {
      "ndcg": 0.2404247224330902,
      "jsd": 0.09470643103122711,
      "ndcg_usergroup_1": 0.19531337916851044,
      "jsd_usergroup_1": 0.08100155740976334,
      "ndcg_usergroup_2": 0.22911950945854187,
      "jsd_usergroup_2": 0.09417709708213806,
      "ndcg_usergroup_3": 0.3194516897201538,
      "jsd_usergroup_3": 0.10999937355518341
    },
    "epoch_2": {
      "ndcg": 0.2110797017812729,
      "jsd": 0.08896702527999878,
      "ndcg_usergroup_1": 0.1742643266916275,
      "jsd_usergroup_1": 0.07412590831518173,
      "ndcg_usergroup_2": 0.19979344308376312,
      "jsd_usergroup_2": 0.09214174002408981,
      "ndcg_usergroup_3": 0.2817537784576416,
      "jsd_usergroup_3": 0.09428399801254272
    },
    "epoch_3": {
      "ndcg": 0.19472439587116241,
      "jsd": 0.08435048907995224,
      "ndcg_usergroup_1": 0.17187358438968658,
      "jsd_usergroup_1": 0.07571247220039368,
      "ndcg_usergroup_2": 0.18323051929473877,
      "jsd_usergroup_2": 0.08758637309074402,
      "ndcg_usergroup_3": 0.25205686688423157,
      "jsd_usergroup_3": 0.08328081667423248
    },
    "epoch_4": {
      "ndcg": 0.18172909319400787,
      "jsd": 0.08072149008512497,
      "ndcg_usergroup_1": 0.1619676798582077,
      "jsd_usergroup_1": 0.07509814947843552,
      "ndcg_usergroup_2": 0.17080549895763397,
      "jsd_usergroup_2": 0.0833270251750946,
      "ndcg_usergroup_3": 0.23426128923892975,
      "jsd_usergroup_3": 0.07852823287248611
    },
    "epoch_5": {
      "ndcg": 0.1748158037662506,
      "jsd": 0.07761810719966888,
      "ndcg_usergroup_1": 0.15463468432426453,
      "jsd_usergroup_1": 0.07297152280807495,
      "ndcg_usergroup_2": 0.16399502754211426,
      "jsd_usergroup_2": 0.07991190999746323,
      "ndcg_usergroup_3": 0.22745923697948456,
      "jsd_usergroup_3": 0.07538328319787979
    },
    "epoch_6": {
      "ndcg": 0.17042744159698486,
      "jsd": 0.07384435087442398,
      "ndcg_usergroup_1": 0.1541571468114853,
      "jsd_usergroup_1": 0.06992392241954803,
      "ndcg_usergroup_2": 0.15887343883514404,
      "jsd_usergroup_2": 0.07638329267501831,
      "ndcg_usergroup_3": 0.2213597297668457,
      "jsd_usergroup_3": 0.07014794647693634
    },
    "epoch_7": {
      "ndcg": 0.1668238639831543,
      "jsd": 0.07095131278038025,
      "ndcg_usergroup_1": 0.14874586462974548,
      "jsd_usergroup_1": 0.06813286244869232,
      "ndcg_usergroup_2": 0.15587811172008514,
      "jsd_usergroup_2": 0.07312799245119095,
      "ndcg_usergroup_3": 0.2177390307188034,
      "jsd_usergroup_3": 0.06723974645137787
    },
    "epoch_8": {
      "ndcg": 0.16336557269096375,
      "jsd": 0.07048555463552475,
      "ndcg_usergroup_1": 0.14760078489780426,
      "jsd_usergroup_1": 0.06745195388793945,
      "ndcg_usergroup_2": 0.15180204808712006,
      "jsd_usergroup_2": 0.0724950060248375,
      "ndcg_usergroup_3": 0.2138209491968155,
      "jsd_usergroup_3": 0.06749078631401062
    },
    "epoch_9": {
      "ndcg": 0.1632293164730072,
      "jsd": 0.06717601418495178,
      "ndcg_usergroup_1": 0.14892852306365967,
      "jsd_usergroup_1": 0.06476520001888275,
      "ndcg_usergroup_2": 0.15138301253318787,
      "jsd_usergroup_2": 0.06914422661066055,
      "ndcg_usergroup_3": 0.21306903660297394,
      "jsd_usergroup_3": 0.06368216127157211
    },
    "epoch_10": {
      "ndcg": 0.15930454432964325,
      "jsd": 0.06697322428226471,
      "ndcg_usergroup_1": 0.14535048604011536,
      "jsd_usergroup_1": 0.06322450190782547,
      "ndcg_usergroup_2": 0.1477675884962082,
      "jsd_usergroup_2": 0.06915657967329025,
      "ndcg_usergroup_3": 0.20786939561367035,
      "jsd_usergroup_3": 0.06417187303304672
    },
    "epoch_11": {
      "ndcg": 0.16074231266975403,
      "jsd": 0.06401373445987701,
      "ndcg_usergroup_1": 0.14720194041728973,
      "jsd_usergroup_1": 0.06089932471513748,
      "ndcg_usergroup_2": 0.1485758125782013,
      "jsd_usergroup_2": 0.06612520664930344,
      "ndcg_usergroup_3": 0.21078217029571533,
      "jsd_usergroup_3": 0.060793738812208176
    },
    "epoch_12": {
      "ndcg": 0.15871421992778778,
      "jsd": 0.06267651170492172,
      "ndcg_usergroup_1": 0.14539214968681335,
      "jsd_usergroup_1": 0.059136345982551575,
      "ndcg_usergroup_2": 0.1475229561328888,
      "jsd_usergroup_2": 0.06490840762853622,
      "ndcg_usergroup_3": 0.2056100219488144,
      "jsd_usergroup_3": 0.059521012008190155
    },
    "epoch_13": {
      "ndcg": 0.15710806846618652,
      "jsd": 0.061776746064424515,
      "ndcg_usergroup_1": 0.14572632312774658,
      "jsd_usergroup_1": 0.05909895896911621,
      "ndcg_usergroup_2": 0.145736962556839,
      "jsd_usergroup_2": 0.06355798989534378,
      "ndcg_usergroup_3": 0.20260310173034668,
      "jsd_usergroup_3": 0.059110768139362335
    },
    "epoch_14": {
      "ndcg": 0.15674994885921478,
      "jsd": 0.060150131583213806,
      "ndcg_usergroup_1": 0.1451416164636612,
      "jsd_usergroup_1": 0.058072663843631744,
      "ndcg_usergroup_2": 0.1454622745513916,
      "jsd_usergroup_2": 0.062030497938394547,
      "ndcg_usergroup_3": 0.20222128927707672,
      "jsd_usergroup_3": 0.05658651143312454
    },
    "epoch_15": {
      "ndcg": 0.1555907428264618,
      "jsd": 0.060015853494405746,
      "ndcg_usergroup_1": 0.14566698670387268,
      "jsd_usergroup_1": 0.05803857371211052,
      "ndcg_usergroup_2": 0.14469178020954132,
      "jsd_usergroup_2": 0.06149915233254433,
      "ndcg_usergroup_3": 0.19821134209632874,
      "jsd_usergroup_3": 0.057543255388736725
    },
    "epoch_16": {
      "ndcg": 0.15616877377033234,
      "jsd": 0.0584443174302578,
      "ndcg_usergroup_1": 0.14470617473125458,
      "jsd_usergroup_1": 0.05423557758331299,
      "ndcg_usergroup_2": 0.1459294855594635,
      "jsd_usergroup_2": 0.05989683046936989,
      "ndcg_usergroup_3": 0.19834928214550018,
      "jsd_usergroup_3": 0.05829550325870514
    },
    "epoch_18": {
      "ndcg": 0.15619820356369019,
      "jsd": 0.057668544352054596,
      "ndcg_usergroup_1": 0.14699681103229523,
      "jsd_usergroup_1": 0.05454517528414726,
      "ndcg_usergroup_2": 0.14562208950519562,
      "jsd_usergroup_2": 0.05906306207180023,
      "ndcg_usergroup_3": 0.19712793827056885,
      "jsd_usergroup_3": 0.056608352810144424
    },
    "epoch_20": {
      "ndcg": 0.1553325206041336,
      "jsd": 0.05682149901986122,
      "ndcg_usergroup_1": 0.1423760950565338,
      "jsd_usergroup_1": 0.05354659631848335,
      "ndcg_usergroup_2": 0.14536596834659576,
      "jsd_usergroup_2": 0.05843433365225792,
      "ndcg_usergroup_3": 0.19818849861621857,
      "jsd_usergroup_3": 0.0552578866481781
    },
    "epoch_21": {
      "ndcg": 0.15620091557502747,
      "jsd": 0.05572308599948883,
      "ndcg_usergroup_1": 0.14535272121429443,
      "jsd_usergroup_1": 0.05051248520612717,
      "ndcg_usergroup_2": 0.14639076590538025,
      "jsd_usergroup_2": 0.057318005710840225,
      "ndcg_usergroup_3": 0.19647955894470215,
      "jsd_usergroup_3": 0.0561489462852478
    },
    "epoch_23": {
      "ndcg": 0.15687212347984314,
      "jsd": 0.055114809423685074,
      "ndcg_usergroup_1": 0.1472940593957901,
      "jsd_usergroup_1": 0.05010068044066429,
      "ndcg_usergroup_2": 0.14620442688465118,
      "jsd_usergroup_2": 0.056914787739515305,
      "ndcg_usergroup_3": 0.19845323264598846,
      "jsd_usergroup_3": 0.05472899600863457
    },
    "epoch_24": {
      "ndcg": 0.15719807147979736,
      "jsd": 0.054488398134708405,
      "ndcg_usergroup_1": 0.1447310745716095,
      "jsd_usergroup_1": 0.051197078078985214,