{
  "base_recommendations": {
    "ndcg": 0.2663273811340332,
    "jsd": 0.12193825840950012,
    "ndcg_usergroup_1": 0.21388721466064453,
    "jsd_usergroup_1": 0.11441239714622498,
    "ndcg_usergroup_2": 0.256170392036438,
    "jsd_usergroup_2": 0.12063903361558914,
    "ndcg_usergroup_3": 0.34923845529556274,
    "jsd_usergroup_3": 0.13336177170276642
  },
  "postprocessed": {},
  "finetuned": {
    "epoch_1": {
      "ndcg": 0.17014797031879425,
      "jsd": 0.10966816544532776,
      "ndcg_usergroup_1": 0.1646067202091217,
      "jsd_usergroup_1": 0.13599807024002075,
      "ndcg_usergroup_2": 0.16477136313915253,
      "jsd_usergroup_2": 0.10623887926340103,
      "ndcg_usergroup_3": 0.19181905686855316,
      "jsd_usergroup_3": 0.09362607449293137
    },
    "epoch_2": {
      "ndcg": 0.17418724298477173,
      "jsd": 0.11992015689611435,
      "ndcg_usergroup_1": 0.1511114537715912,
      "jsd_usergroup_1": 0.15652984380722046,
      "ndcg_usergroup_2": 0.17103154957294464,
      "jsd_usergroup_2": 0.11795023828744888,
      "ndcg_usergroup_3": 0.20673014223575592,
      "jsd_usergroup_3": 0.08922024816274643
    },
    "epoch_4": {
      "ndcg": 0.18083630502223969,
      "jsd": 0.16933795809745789,
      "ndcg_usergroup_1": 0.14424850046634674,
      "jsd_usergroup_1": 0.20936213433742523,
      "ndcg_usergroup_2": 0.17919804155826569,
      "jsd_usergroup_2": 0.17492234706878662,
      "ndcg_usergroup_3": 0.2223389446735382,
      "jsd_usergroup_3": 0.11256060004234314
    },
    "epoch_6": {
      "ndcg": 0.18462856113910675,
      "jsd": 0.1556277871131897,
      "ndcg_usergroup_1": 0.14997179806232452,
      "jsd_usergroup_1": 0.18029342591762543,
      "ndcg_usergroup_2": 0.1855679452419281,
      "jsd_usergroup_2": 0.1651836782693863,
      "ndcg_usergroup_3": 0.21646711230278015,
      "jsd_usergroup_3": 0.10229439288377762
    },
    "epoch_8": {
      "ndcg": 0.18059790134429932,
      "jsd": 0.1771135926246643,
      "ndcg_usergroup_1": 0.14323192834854126,
      "jsd_usergroup_1": 0.20932114124298096,
      "ndcg_usergroup_2": 0.18347585201263428,
      "jsd_usergroup_2": 0.19166578352451324,
      "ndcg_usergroup_3": 0.20932994782924652,
      "jsd_usergroup_3": 0.10124954581260681
    },
    "epoch_9": {
      "ndcg": 0.1833656132221222,
      "jsd": 0.17757654190063477,
      "ndcg_usergroup_1": 0.14335377514362335,
      "jsd_usergroup_1": 0.21940532326698303,
      "ndcg_usergroup_2": 0.18388666212558746,
      "jsd_usergroup_2": 0.18606464564800262,
      "ndcg_usergroup_3": 0.22181428968906403,
      "jsd_usergroup_3": 0.11028338968753815
    },
    "epoch_10": {
      "ndcg": 0.1883758157491684,
      "jsd": 0.2170906364917755,
      "ndcg_usergroup_1": 0.14518599212169647,
      "jsd_usergroup_1": 0.24072542786598206,
      "ndcg_usergroup_2": 0.18865026533603668,
      "jsd_usergroup_2": 0.23364804685115814,
      "ndcg_usergroup_3": 0.2307422012090683,
      "jsd_usergroup_3": 0.1437835395336151
    },
    "epoch_11": {
      "ndcg": 0.18770287930965424,
      "jsd": 0.22176769375801086,
      "ndcg_usergroup_1": 0.14657236635684967,
      "jsd_usergroup_1": 0.2232515513896942,
      "ndcg_usergroup_2": 0.18719162046909332,
      "jsd_usergroup_2": 0.24685847759246826,
      "ndcg_usergroup_3": 0.23036716878414154,
      "jsd_usergroup_3": 0.14501145482063293
    },
    "epoch_20": {
      "ndcg": 0.18844200670719147,
      "jsd": 0.2338915318250656,
      "ndcg_usergroup_1": 0.1490401178598404,
      "jsd_usergroup_1": 0.23878449201583862,
      "ndcg_usergroup_2": 0.1878342479467392,
      "jsd_usergroup_2": 0.26359862089157104,
      "ndcg_usergroup_3": 0.22966720163822174,
      "jsd_usergroup_3": 0.13987736403942108
    },
    "epoch_23": {
      "ndcg": 0.19133254885673523,
      "jsd": 0.22245103120803833,
      "ndcg_usergroup_1": 0.14132636785507202,
      "jsd_usergroup_1": 0.2375534027814865,
      "ndcg_usergroup_2": 0.19167038798332214,
      "jsd_usergroup_2": 0.24817490577697754,
      "ndcg_usergroup_3": 0.2403251975774765,
      "jsd_usergroup_3": 0.13017700612545013
    },
    "epoch_28": {
      "ndcg": 0.18923738598823547,
      "jsd": 0.21872065961360931,
      "ndcg_usergroup_1": 0.1356748342514038,
      "jsd_usergroup_1": 0.2368169128894806,
      "ndcg_usergroup_2": 0.19263313710689545,
      "jsd_usergroup_2": 0.2455015927553177,
      "ndcg_usergroup_3": 0.2326127141714096,
      "jsd_usergroup_3": 0.12028152495622635
    },
    "epoch_30": {
      "ndcg": 0.19411025941371918,
      "jsd": 0.20820175111293793,
      "ndcg_usergroup_1": 0.14253968000411987,
      "jsd_usergroup_1": 0.2240360528230667,
      "ndcg_usergroup_2": 0.1949671357870102,
      "jsd_usergroup_2": 0.22625164687633514,
      "ndcg_usergroup_3": 0.24311019480228424,
      "jsd_usergroup_3": 0.1382177770137787
    },
    "epoch_32": {
      "ndcg": 0.19684797525405884,
      "jsd": 0.2219521701335907,
      "ndcg_usergroup_1": 0.1459801346063614,
      "jsd_usergroup_1": 0.25511300563812256,
      "ndcg_usergroup_2": 0.19754146039485931,
      "jsd_usergroup_2": 0.24184668064117432,
      "ndcg_usergroup_3": 0.24563537538051605,
      "jsd_usergroup_3": 0.12910762429237366
    },
    "epoch_33": {
      "ndcg": 0.1962803155183792,
      "jsd": 0.2095458060503006,
      "ndcg_usergroup_1": 0.1410495936870575,
      "jsd_usergroup_1": 0.25208985805511475,
      "ndcg_usergroup_2": 0.1967732310295105,
      "jsd_usergroup_2": 0.22355248034000397,
      "ndcg_usergroup_3": 0.2500322461128235,
      "jsd_usergroup_3": 0.12498173117637634
    },
    "epoch_34": {
      "ndcg": 0.031405020505189896,
      "jsd": 0.09102057665586472,
      "ndcg_usergroup_1": 0.01792459934949875,
      "jsd_usergroup_1": 0.038070615381002426,
      "ndcg_usergroup_2": 0.02661956287920475,
      "jsd_usergroup_2": 0.08072653412818909,
      "ndcg_usergroup_3": 0.05924179404973984,
      "jsd_usergroup_3": 0.17485268414020538
    }
  }
}