{
  "base_recommendations": {
    "ndcg": 0.2663273811340332,
    "jsd": 0.12193825840950012,
    "ndcg_usergroup_1": 0.21388721466064453,
    "jsd_usergroup_1": 0.11441239714622498,
    "ndcg_usergroup_2": 0.256170392036438,
    "jsd_usergroup_2": 0.12063903361558914,
    "ndcg_usergroup_3": 0.34923845529556274,
    "jsd_usergroup_3": 0.13336177170276642
  },
  "postprocessed": {},
  "finetuned": {
    "epoch_1": {
      "ndcg": 0.08913057297468185,
      "jsd": 0.2230052500963211,
      "ndcg_usergroup_1": 0.10160261392593384,
      "jsd_usergroup_1": 0.1306629627943039,
      "ndcg_usergroup_2": 0.07597485929727554,
      "jsd_usergroup_2": 0.2387118637561798,
      "ndcg_usergroup_3": 0.11612565070390701,
      "jsd_usergroup_3": 0.26822757720947266
    },
    "epoch_2": {
      "ndcg": 0.158900648355484,
      "jsd": 0.1120334267616272,
      "ndcg_usergroup_1": 0.14799320697784424,
      "jsd_usergroup_1": 0.06293341517448425,
      "ndcg_usergroup_2": 0.1469096690416336,
      "jsd_usergroup_2": 0.10781264305114746,
      "ndcg_usergroup_3": 0.20578104257583618,
      "jsd_usergroup_3": 0.17379577457904816
    },
    "epoch_4": {
      "ndcg": 0.16534751653671265,
      "jsd": 0.07163499295711517,
      "ndcg_usergroup_1": 0.167842298746109,
      "jsd_usergroup_1": 0.06365376710891724,
      "ndcg_usergroup_2": 0.1566874235868454,
      "jsd_usergroup_2": 0.06793037056922913,
      "ndcg_usergroup_3": 0.1888330727815628,
      "jsd_usergroup_3": 0.09073010087013245
    },
    "epoch_6": {
      "ndcg": 0.17429018020629883,
      "jsd": 0.06777208298444748,
      "ndcg_usergroup_1": 0.17993374168872833,
      "jsd_usergroup_1": 0.0655413269996643,
      "ndcg_usergroup_2": 0.17275328934192657,
      "jsd_usergroup_2": 0.06208258867263794,
      "ndcg_usergroup_3": 0.17325735092163086,
      "jsd_usergroup_3": 0.08707131445407867
    },
    "epoch_8": {
      "ndcg": 0.17224419116973877,
      "jsd": 0.07809563726186752,
      "ndcg_usergroup_1": 0.173089861869812,
      "jsd_usergroup_1": 0.07936392724514008,
      "ndcg_usergroup_2": 0.1718154102563858,
      "jsd_usergroup_2": 0.06944670528173447,
      "ndcg_usergroup_3": 0.17268477380275726,
      "jsd_usergroup_3": 0.10277410596609116
    },
    "epoch_10": {
      "ndcg": 0.1854928731918335,
      "jsd": 0.071590356528759,
      "ndcg_usergroup_1": 0.18147893249988556,
      "jsd_usergroup_1": 0.08502054214477539,
      "ndcg_usergroup_2": 0.18467487394809723,
      "jsd_usergroup_2": 0.06421900540590286,
      "ndcg_usergroup_3": 0.191960871219635,
      "jsd_usergroup_3": 0.08027423918247223
    },
    "epoch_18": {
      "ndcg": 0.18931952118873596,
      "jsd": 0.08252959698438644,
      "ndcg_usergroup_1": 0.17981573939323425,
      "jsd_usergroup_1": 0.10480083525180817,
      "ndcg_usergroup_2": 0.19137133657932281,
      "jsd_usergroup_2": 0.07380913943052292,
      "ndcg_usergroup_3": 0.19266778230667114,
      "jsd_usergroup_3": 0.08641974627971649
    },
    "epoch_34": {
      "ndcg": 0.18343578279018402,
      "jsd": 0.06816282123327255,
      "ndcg_usergroup_1": 0.16935104131698608,
      "jsd_usergroup_1": 0.07788830995559692,
      "ndcg_usergroup_2": 0.1843356490135193,
      "jsd_usergroup_2": 0.058838434517383575,
      "ndcg_usergroup_3": 0.19482086598873138,
      "jsd_usergroup_3": 0.08641048520803452
    },
    "epoch_37": {
      "ndcg": 0.19007031619548798,
      "jsd": 0.06626895070075989,
      "ndcg_usergroup_1": 0.1688414067029953,
      "jsd_usergroup_1": 0.07972946763038635,
      "ndcg_usergroup_2": 0.18934009969234467,
      "jsd_usergroup_2": 0.06250156462192535,
      "ndcg_usergroup_3": 0.21348990499973297,
      "jsd_usergroup_3": 0.06411062180995941
    },
    "epoch_40": {
      "ndcg": 0.20062629878520966,
      "jsd": 0.06359892338514328,
      "ndcg_usergroup_1": 0.17366431653499603,
      "jsd_usergroup_1": 0.08693573623895645,
      "ndcg_usergroup_2": 0.1978946030139923,
      "jsd_usergroup_2": 0.05832422524690628,
      "ndcg_usergroup_3": 0.23578335344791412,
      "jsd_usergroup_3": 0.05608624219894409
    },
    "epoch_42": {
      "ndcg": 0.20034688711166382,
      "jsd": 0.05900418385863304,
      "ndcg_usergroup_1": 0.16847972571849823,
      "jsd_usergroup_1": 0.0861068144440651,
      "ndcg_usergroup_2": 0.19587525725364685,
      "jsd_usergroup_2": 0.0521288737654686,
      "ndcg_usergroup_3": 0.24562890827655792,
      "jsd_usergroup_3": 0.05252745747566223
    },
    "epoch_46": {
      "ndcg": 0.1999499648809433,
      "jsd": 0.058745045214891434,
      "ndcg_usergroup_1": 0.17096582055091858,
      "jsd_usergroup_1": 0.07394856214523315,
      "ndcg_usergroup_2": 0.19675053656101227,
      "jsd_usergroup_2": 0.05446431413292885,
      "ndcg_usergroup_3": 0.2385324090719223,
      "jsd_usergroup_3": 0.05638374015688896
    },
    "epoch_48": {
      "ndcg": 0.20157155394554138,
      "jsd": 0.058988090604543686,
      "ndcg_usergroup_1": 0.17188434302806854,
      "jsd_usergroup_1": 0.07996553182601929,
      "ndcg_usergroup_2": 0.19463582336902618,
      "jsd_usergroup_2": 0.05387445539236069,
      "ndcg_usergroup_3": 0.2520659267902374,
      "jsd_usergroup_3": 0.05335152894258499
    },
    "epoch_52": {
      "ndcg": 0.1985275149345398,
      "jsd": 0.06062215939164162,
      "ndcg_usergroup_1": 0.16833432018756866,
      "jsd_usergroup_1": 0.0868574008345604,
      "ndcg_usergroup_2": 0.19369648396968842,
      "jsd_usergroup_2": 0.054931286722421646,
      "ndcg_usergroup_3": 0.24321383237838745,
      "jsd_usergroup_3": 0.05145953595638275
    },
    "epoch_54": {
      "ndcg": 0.19980843365192413,
      "jsd": 0.0582098662853241,
      "ndcg_usergroup_1": 0.174413800239563,
      "jsd_usergroup_1": 0.07370425015687943,
      "ndcg_usergroup_2": 0.19356343150138855,
      "jsd_usergroup_2": 0.05347718670964241,
      "ndcg_usergroup_3": 0.24393801391124725,
      "jsd_usergroup_3": 0.056913502514362335
    },
    "epoch_58": {
      "ndcg": 0.19259071350097656,
      "jsd": 0.056515492498874664,
      "ndcg_usergroup_1": 0.1646684855222702,
      "jsd_usergroup_1": 0.06554803997278214,
      "ndcg_usergroup_2": 0.1884526163339615,
      "jsd_usergroup_2": 0.05145595595240593,
      "ndcg_usergroup_3": 0.23292727768421173,
      "jsd_usergroup_3": 0.0626615658402443
    },
    "epoch_62": {
      "ndcg": 0.201497420668602,
      "jsd": 0.05705561861395836,
      "ndcg_usergroup_1": 0.16664913296699524,
      "jsd_usergroup_1": 0.07699067145586014,
      "ndcg_usergroup_2": 0.19727671146392822,
      "jsd_usergroup_2": 0.05112495273351669,
      "ndcg_usergroup_3": 0.2490079253911972,
      "jsd_usergroup_3": 0.05491257831454277
    }
  }
}