{
  "base_recommendations": {
    "ndcg": 0.2663273811340332,
    "jsd": 0.12193825840950012,
    "ndcg_usergroup_1": 0.21388721466064453,
    "jsd_usergroup_1": 0.11441239714622498,
    "ndcg_usergroup_2": 0.256170392036438,
    "jsd_usergroup_2": 0.12063903361558914,
    "ndcg_usergroup_3": 0.34923845529556274,
    "jsd_usergroup_3": 0.13336177170276642
  },
  "postprocessed": {},
  "finetuned": {
    "epoch_1": {
      "ndcg": 0.17570562660694122,
      "jsd": 0.09135042130947113,
      "ndcg_usergroup_1": 0.15759888291358948,
      "jsd_usergroup_1": 0.07622961699962616,
      "ndcg_usergroup_2": 0.16430959105491638,
      "jsd_usergroup_2": 0.09645156562328339,
      "ndcg_usergroup_3": 0.22800052165985107,
      "jsd_usergroup_3": 0.09116781502962112
    },
    "epoch_2": {
      "ndcg": 0.16228123009204865,
      "jsd": 0.06926404684782028,
      "ndcg_usergroup_1": 0.1490715742111206,
      "jsd_usergroup_1": 0.06375789642333984,
      "ndcg_usergroup_2": 0.15177370607852936,
      "jsd_usergroup_2": 0.07094942778348923,
      "ndcg_usergroup_3": 0.20701338350772858,
      "jsd_usergroup_3": 0.06971406936645508
    },
    "epoch_3": {
      "ndcg": 0.15186889469623566,
      "jsd": 0.0636848509311676,
      "ndcg_usergroup_1": 0.14225128293037415,
      "jsd_usergroup_1": 0.06012633442878723,
      "ndcg_usergroup_2": 0.14012263715267181,
      "jsd_usergroup_2": 0.06617321819067001,
      "ndcg_usergroup_3": 0.1967252790927887,
      "jsd_usergroup_3": 0.05977825075387955
    },
    "epoch_4": {
      "ndcg": 0.15371108055114746,
      "jsd": 0.05765024572610855,
      "ndcg_usergroup_1": 0.1464928686618805,
      "jsd_usergroup_1": 0.054713521152734756,
      "ndcg_usergroup_2": 0.1431463062763214,
      "jsd_usergroup_2": 0.05925525724887848,
      "ndcg_usergroup_3": 0.19262360036373138,
      "jsd_usergroup_3": 0.05577193573117256
    },
    "epoch_5": {
      "ndcg": 0.15067896246910095,
      "jsd": 0.057011015713214874,
      "ndcg_usergroup_1": 0.14146579802036285,
      "jsd_usergroup_1": 0.05196671932935715,
      "ndcg_usergroup_2": 0.14029356837272644,
      "jsd_usergroup_2": 0.05827406048774719,
      "ndcg_usergroup_3": 0.1910482794046402,
      "jsd_usergroup_3": 0.05826617777347565
    },
    "epoch_6": {
      "ndcg": 0.15535414218902588,
      "jsd": 0.05588127300143242,
      "ndcg_usergroup_1": 0.15590277314186096,
      "jsd_usergroup_1": 0.04748772457242012,
      "ndcg_usergroup_2": 0.1439955085515976,
      "jsd_usergroup_2": 0.057857826352119446,
      "ndcg_usergroup_3": 0.18888135254383087,
      "jsd_usergroup_3": 0.05834515020251274
    },
    "epoch_7": {
      "ndcg": 0.16229532659053802,
      "jsd": 0.052710678428411484,
      "ndcg_usergroup_1": 0.15406373143196106,
      "jsd_usergroup_1": 0.045901741832494736,
      "ndcg_usergroup_2": 0.15336070954799652,
      "jsd_usergroup_2": 0.05358473211526871,
      "ndcg_usergroup_3": 0.1973307728767395,
      "jsd_usergroup_3": 0.056897446513175964
    },
    "epoch_13": {
      "ndcg": 0.17195475101470947,
      "jsd": 0.05688894912600517,
      "ndcg_usergroup_1": 0.17240817844867706,
      "jsd_usergroup_1": 0.03990795835852623,
      "ndcg_usergroup_2": 0.16043753921985626,
      "jsd_usergroup_2": 0.05871427804231644,
      "ndcg_usergroup_3": 0.20605289936065674,
      "jsd_usergroup_3": 0.06839394569396973
    },
    "epoch_15": {
      "ndcg": 0.17554129660129547,
      "jsd": 0.05675749108195305,
      "ndcg_usergroup_1": 0.16851936280727386,
      "jsd_usergroup_1": 0.043544378131628036,
      "ndcg_usergroup_2": 0.16680197417736053,
      "jsd_usergroup_2": 0.0583493635058403,
      "ndcg_usergroup_3": 0.20878122746944427,
      "jsd_usergroup_3": 0.0651949867606163
    },
    "epoch_19": {
      "ndcg": 0.18116667866706848,
      "jsd": 0.05712272971868515,
      "ndcg_usergroup_1": 0.17913883924484253,
      "jsd_usergroup_1": 0.04179874807596207,
      "ndcg_usergroup_2": 0.16969607770442963,
      "jsd_usergroup_2": 0.05892147123813629,
      "ndcg_usergroup_3": 0.21760627627372742,
      "jsd_usergroup_3": 0.06705047190189362
    },
    "epoch_21": {
      "ndcg": 0.185648575425148,
      "jsd": 0.05491993948817253,
      "ndcg_usergroup_1": 0.17573991417884827,
      "jsd_usergroup_1": 0.04107968509197235,
      "ndcg_usergroup_2": 0.17488017678260803,
      "jsd_usergroup_2": 0.057964619249105453,
      "ndcg_usergroup_3": 0.2278624325990677,
      "jsd_usergroup_3": 0.05962613597512245
    },
    "epoch_34": {
      "ndcg": 0.18804246187210083,
      "jsd": 0.057221267372369766,
      "ndcg_usergroup_1": 0.178624227643013,
      "jsd_usergroup_1": 0.04461042582988739,
      "ndcg_usergroup_2": 0.17896108329296112,
      "jsd_usergroup_2": 0.058248668909072876,
      "ndcg_usergroup_3": 0.22470484673976898,
      "jsd_usergroup_3": 0.06674990057945251
    },
    "epoch_38": {
      "ndcg": 0.1865144670009613,
      "jsd": 0.05777187645435333,
      "ndcg_usergroup_1": 0.1813383847475052,
      "jsd_usergroup_1": 0.04130758345127106,
      "ndcg_usergroup_2": 0.17584660649299622,
      "jsd_usergroup_2": 0.060152046382427216,
      "ndcg_usergroup_3": 0.2236941009759903,
      "jsd_usergroup_3": 0.06709565967321396
    }
  }
}