{
  "base_recommendations": {
    "ndcg": 0.2663273811340332,
    "jsd": 0.12193825840950012,
    "ndcg_usergroup_1": 0.21388721466064453,
    "jsd_usergroup_1": 0.11441239714622498,
    "ndcg_usergroup_2": 0.256170392036438,
    "jsd_usergroup_2": 0.12063903361558914,
    "ndcg_usergroup_3": 0.34923845529556274,
    "jsd_usergroup_3": 0.13336177170276642
  },
  "postprocessed": {},
  "finetuned": {
    "epoch_1": {
      "ndcg": 0.2168886363506317,
      "jsd": 0.09154575318098068,
      "ndcg_usergroup_1": 0.1713162213563919,
      "jsd_usergroup_1": 0.07554005086421967,
      "ndcg_usergroup_2": 0.20568785071372986,
      "jsd_usergroup_2": 0.09466542303562164,
      "ndcg_usergroup_3": 0.2960633635520935,
      "jsd_usergroup_3": 0.09819244593381882
    },
    "epoch_2": {
      "ndcg": 0.19673237204551697,
      "jsd": 0.0747295394539833,
      "ndcg_usergroup_1": 0.1487503945827484,
      "jsd_usergroup_1": 0.0745445117354393,
      "ndcg_usergroup_2": 0.19015386700630188,
      "jsd_usergroup_2": 0.07494901865720749,
      "ndcg_usergroup_3": 0.26444992423057556,
      "jsd_usergroup_3": 0.07425612956285477
    },
    "epoch_3": {
      "ndcg": 0.17797735333442688,
      "jsd": 0.0679124966263771,
      "ndcg_usergroup_1": 0.14164310693740845,
      "jsd_usergroup_1": 0.07184513658285141,
      "ndcg_usergroup_2": 0.17050114274024963,
      "jsd_usergroup_2": 0.06864769011735916,
      "ndcg_usergroup_3": 0.23674015700817108,
      "jsd_usergroup_3": 0.061774253845214844
    },
    "epoch_4": {
      "ndcg": 0.16772772371768951,
      "jsd": 0.06423328816890717,
      "ndcg_usergroup_1": 0.13710810244083405,
      "jsd_usergroup_1": 0.07185934484004974,
      "ndcg_usergroup_2": 0.16090738773345947,
      "jsd_usergroup_2": 0.06355825811624527,
      "ndcg_usergroup_3": 0.2188083529472351,
      "jsd_usergroup_3": 0.058632321655750275
    },
    "epoch_6": {
      "ndcg": 0.15007296204566956,
      "jsd": 0.06119191274046898,
      "ndcg_usergroup_1": 0.13060052692890167,
      "jsd_usergroup_1": 0.06916694343090057,
      "ndcg_usergroup_2": 0.1404818445444107,
      "jsd_usergroup_2": 0.06090172007679939,
      "ndcg_usergroup_3": 0.19831876456737518,
      "jsd_usergroup_3": 0.05408746376633644
    },
    "epoch_7": {
      "ndcg": 0.14396263659000397,
      "jsd": 0.05748256295919418,
      "ndcg_usergroup_1": 0.12617678940296173,
      "jsd_usergroup_1": 0.0648399069905281,
      "ndcg_usergroup_2": 0.1352507770061493,
      "jsd_usergroup_2": 0.05726281553506851,
      "ndcg_usergroup_3": 0.18788400292396545,
      "jsd_usergroup_3": 0.05078445374965668
    },
    "epoch_8": {
      "ndcg": 0.1430814564228058,
      "jsd": 0.05696355178952217,
      "ndcg_usergroup_1": 0.12474317848682404,
      "jsd_usergroup_1": 0.06611143052577972,
      "ndcg_usergroup_2": 0.13440947234630585,
      "jsd_usergroup_2": 0.05614331737160683,
      "ndcg_usergroup_3": 0.18743567168712616,
      "jsd_usergroup_3": 0.05027637630701065
    },
    "epoch_9": {
      "ndcg": 0.14601130783557892,
      "jsd": 0.05274314805865288,
      "ndcg_usergroup_1": 0.12741205096244812,
      "jsd_usergroup_1": 0.05708424746990204,
      "ndcg_usergroup_2": 0.13682502508163452,
      "jsd_usergroup_2": 0.05241069942712784,
      "ndcg_usergroup_3": 0.19216938316822052,
      "jsd_usergroup_3": 0.049399394541978836
    },
    "epoch_13": {
      "ndcg": 0.13828803598880768,
      "jsd": 0.051643550395965576,
      "ndcg_usergroup_1": 0.1268208920955658,
      "jsd_usergroup_1": 0.052497223019599915,
      "ndcg_usergroup_2": 0.12914326786994934,
      "jsd_usergroup_2": 0.052183255553245544,
      "ndcg_usergroup_3": 0.17718949913978577,
      "jsd_usergroup_3": 0.049170732498168945
    },
    "epoch_14": {
      "ndcg": 0.1415315419435501,
      "jsd": 0.04723679646849632,
      "ndcg_usergroup_1": 0.1286173015832901,
      "jsd_usergroup_1": 0.0499042347073555,
      "ndcg_usergroup_2": 0.13164709508419037,
      "jsd_usergroup_2": 0.04706030339002609,
      "ndcg_usergroup_3": 0.18409912288188934,
      "jsd_usergroup_3": 0.04509881138801575
    },
    "epoch_22": {
      "ndcg": 0.14013126492500305,
      "jsd": 0.047600679099559784,
      "ndcg_usergroup_1": 0.12781669199466705,
      "jsd_usergroup_1": 0.052730221301317215,
      "ndcg_usergroup_2": 0.131940558552742,
      "jsd_usergroup_2": 0.046947162598371506,
      "ndcg_usergroup_3": 0.1770179122686386,
      "jsd_usergroup_3": 0.04443167522549629
    },
    "epoch_24": {
      "ndcg": 0.13957828283309937,
      "jsd": 0.046879466623067856,
      "ndcg_usergroup_1": 0.12909212708473206,
      "jsd_usergroup_1": 0.04801877588033676,
      "ndcg_usergroup_2": 0.13107502460479736,
      "jsd_usergroup_2": 0.04729737713932991,
      "ndcg_usergroup_3": 0.17557421326637268,
      "jsd_usergroup_3": 0.04448641836643219
    },
    "epoch_26": {
      "ndcg": 0.1396714150905609,
      "jsd": 0.04634682461619377,
      "ndcg_usergroup_1": 0.12713399529457092,
      "jsd_usergroup_1": 0.04586164653301239,
      "ndcg_usergroup_2": 0.13163961470127106,
      "jsd_usergroup_2": 0.04690399020910263,
      "ndcg_usergroup_3": 0.17630422115325928,
      "jsd_usergroup_3": 0.045160528272390366
    },
    "epoch_28": {
      "ndcg": 0.142176553606987,
      "jsd": 0.04474066570401192,
      "ndcg_usergroup_1": 0.12992994487285614,
      "jsd_usergroup_1": 0.041922952979803085,
      "ndcg_usergroup_2": 0.13329963386058807,
      "jsd_usergroup_2": 0.04514200612902641,
      "ndcg_usergroup_3": 0.18105386197566986,
      "jsd_usergroup_3": 0.04635435342788696
    },
    "epoch_33": {
      "ndcg": 0.1424352377653122,
      "jsd": 0.043869905173778534,
      "ndcg_usergroup_1": 0.1329890787601471,
      "jsd_usergroup_1": 0.041422463953495026,
      "ndcg_usergroup_2": 0.13398359715938568,
      "jsd_usergroup_2": 0.044441211968660355,
      "ndcg_usergroup_3": 0.17723631858825684,
      "jsd_usergroup_3": 0.044603440910577774
    }
  }
}