{
  "base_recommendations": {
    "ndcg": 0.2663273811340332,
    "jsd": 0.12193825840950012,
    "ndcg_usergroup_1": 0.21388721466064453,
    "jsd_usergroup_1": 0.11441239714622498,
    "ndcg_usergroup_2": 0.256170392036438,
    "jsd_usergroup_2": 0.12063903361558914,
    "ndcg_usergroup_3": 0.34923845529556274,
    "jsd_usergroup_3": 0.13336177170276642
  },
  "postprocessed": {},
  "finetuned": {
    "epoch_1": {
      "ndcg": 0.20356930792331696,
      "jsd": 0.08917806297540665,
      "ndcg_usergroup_1": 0.175253227353096,
      "jsd_usergroup_1": 0.07856429368257523,
      "ndcg_usergroup_2": 0.19217252731323242,
      "jsd_usergroup_2": 0.09211865067481995,
      "ndcg_usergroup_3": 0.2660757303237915,
      "jsd_usergroup_3": 0.09097003936767578
    },
    "epoch_2": {
      "ndcg": 0.1741238683462143,
      "jsd": 0.0809255838394165,
      "ndcg_usergroup_1": 0.16367855668067932,
      "jsd_usergroup_1": 0.07964041829109192,
      "ndcg_usergroup_2": 0.1616472601890564,
      "jsd_usergroup_2": 0.08251232653856277,
      "ndcg_usergroup_3": 0.22199895977973938,
      "jsd_usergroup_3": 0.07745049148797989
    },
    "epoch_3": {
      "ndcg": 0.16071799397468567,
      "jsd": 0.07297872751951218,
      "ndcg_usergroup_1": 0.1517038345336914,
      "jsd_usergroup_1": 0.07325075566768646,
      "ndcg_usergroup_2": 0.1473132222890854,
      "jsd_usergroup_2": 0.07630359381437302,
      "ndcg_usergroup_3": 0.20994648337364197,
      "jsd_usergroup_3": 0.06273210048675537
    },
    "epoch_4": {
      "ndcg": 0.15267303586006165,
      "jsd": 0.06492123007774353,
      "ndcg_usergroup_1": 0.1527724415063858,
      "jsd_usergroup_1": 0.06546992063522339,
      "ndcg_usergroup_2": 0.1396457999944687,
      "jsd_usergroup_2": 0.06549205631017685,
      "ndcg_usergroup_3": 0.19165535271167755,
      "jsd_usergroup_3": 0.06266005337238312
    },
    "epoch_5": {
      "ndcg": 0.15152306854724884,
      "jsd": 0.05997646600008011,
      "ndcg_usergroup_1": 0.1532709151506424,
      "jsd_usergroup_1": 0.060246314853429794,
      "ndcg_usergroup_2": 0.13681446015834808,
      "jsd_usergroup_2": 0.06143708899617195,
      "ndcg_usergroup_3": 0.19390104711055756,
      "jsd_usergroup_3": 0.0553247295320034
    },
    "epoch_6": {
      "ndcg": 0.14608009159564972,
      "jsd": 0.059372834861278534,
      "ndcg_usergroup_1": 0.15276776254177094,
      "jsd_usergroup_1": 0.056168146431446075,
      "ndcg_usergroup_2": 0.13226762413978577,
      "jsd_usergroup_2": 0.06006589159369469,
      "ndcg_usergroup_3": 0.18082980811595917,
      "jsd_usergroup_3": 0.06049833819270134
    },
    "epoch_7": {
      "ndcg": 0.15097936987876892,
      "jsd": 0.05230345577001572,
      "ndcg_usergroup_1": 0.15526948869228363,
      "jsd_usergroup_1": 0.05084703490138054,
      "ndcg_usergroup_2": 0.13638314604759216,
      "jsd_usergroup_2": 0.05285230278968811,
      "ndcg_usergroup_3": 0.1904778629541397,
      "jsd_usergroup_3": 0.05211332067847252
    },
    "epoch_9": {
      "ndcg": 0.14819350838661194,
      "jsd": 0.05172370374202728,
      "ndcg_usergroup_1": 0.15491801500320435,
      "jsd_usergroup_1": 0.04600100964307785,
      "ndcg_usergroup_2": 0.1328762173652649,
      "jsd_usergroup_2": 0.05284543335437775,
      "ndcg_usergroup_3": 0.1874208003282547,
      "jsd_usergroup_3": 0.05408119782805443
    },
    "epoch_19": {
      "ndcg": 0.1527654081583023,
      "jsd": 0.052759017795324326,
      "ndcg_usergroup_1": 0.1569431573152542,
      "jsd_usergroup_1": 0.04344087839126587,
      "ndcg_usergroup_2": 0.1386309564113617,
      "jsd_usergroup_2": 0.05469045415520668,
      "ndcg_usergroup_3": 0.19099105894565582,
      "jsd_usergroup_3": 0.05628282576799393
    },
    "epoch_20": {
      "ndcg": 0.15442869067192078,
      "jsd": 0.05255173146724701,
      "ndcg_usergroup_1": 0.16410085558891296,
      "jsd_usergroup_1": 0.044313959777355194,
      "ndcg_usergroup_2": 0.14055880904197693,
      "jsd_usergroup_2": 0.052810609340667725,
      "ndcg_usergroup_3": 0.18636609613895416,
      "jsd_usergroup_3": 0.06001286953687668
    },
    "epoch_22": {
      "ndcg": 0.15561974048614502,
      "jsd": 0.05137033015489578,
      "ndcg_usergroup_1": 0.1646392047405243,
      "jsd_usergroup_1": 0.04246120899915695,
      "ndcg_usergroup_2": 0.1406681090593338,
      "jsd_usergroup_2": 0.05271655693650246,
      "ndcg_usergroup_3": 0.1914551854133606,
      "jsd_usergroup_3": 0.05624080076813698
    },
    "epoch_24": {
      "ndcg": 0.15693730115890503,
      "jsd": 0.051361098885536194,
      "ndcg_usergroup_1": 0.16286435723304749,
      "jsd_usergroup_1": 0.043527137488126755,
      "ndcg_usergroup_2": 0.14184430241584778,
      "jsd_usergroup_2": 0.05272434651851654,
      "ndcg_usergroup_3": 0.19628921151161194,
      "jsd_usergroup_3": 0.05510532855987549
    },
    "epoch_26": {
      "ndcg": 0.15895120799541473,
      "jsd": 0.051141511648893356,
      "ndcg_usergroup_1": 0.16347771883010864,
      "jsd_usergroup_1": 0.04370446130633354,
      "ndcg_usergroup_2": 0.1443929374217987,
      "jsd_usergroup_2": 0.05217726156115532,
      "ndcg_usergroup_3": 0.19809947907924652,
      "jsd_usergroup_3": 0.05547131225466728
    },
    "epoch_38": {
      "ndcg": 0.16138708591461182,
      "jsd": 0.05143563076853752,
      "ndcg_usergroup_1": 0.16764147579669952,
      "jsd_usergroup_1": 0.04274579882621765,
      "ndcg_usergroup_2": 0.14601178467273712,
      "jsd_usergroup_2": 0.053428541868925095,
      "ndcg_usergroup_3": 0.2012586146593094,
      "jsd_usergroup_3": 0.05414674058556557
    },
    "epoch_40": {
      "ndcg": 0.1651667207479477,
      "jsd": 0.05191055312752724,
      "ndcg_usergroup_1": 0.16964906454086304,
      "jsd_usergroup_1": 0.043263450264930725,
      "ndcg_usergroup_2": 0.14920984208583832,
      "jsd_usergroup_2": 0.05396968126296997,
      "ndcg_usergroup_3": 0.2085549682378769,
      "jsd_usergroup_3": 0.054380279034376144
    },
    "epoch_44": {
      "ndcg": 0.1660899817943573,
      "jsd": 0.05047127604484558,
      "ndcg_usergroup_1": 0.1686852127313614,
      "jsd_usergroup_1": 0.04236092418432236,
      "ndcg_usergroup_2": 0.15070486068725586,
      "jsd_usergroup_2": 0.05311737582087517,
      "ndcg_usergroup_3": 0.2096501886844635,
      "jsd_usergroup_3": 0.050643302500247955
    }
  }
}