{
  "base_recommendations": {
    "ndcg": 0.2663273811340332,
    "jsd": 0.12193825840950012,
    "ndcg_usergroup_1": 0.21388721466064453,
    "jsd_usergroup_1": 0.11441239714622498,
    "ndcg_usergroup_2": 0.256170392036438,
    "jsd_usergroup_2": 0.12063903361558914,
    "ndcg_usergroup_3": 0.34923845529556274,
    "jsd_usergroup_3": 0.13336177170276642
  },
  "postprocessed": {},
  "finetuned": {
    "epoch_1": {
      "ndcg": 0.1911715716123581,
      "jsd": 0.0925062820315361,
      "ndcg_usergroup_1": 0.1770259290933609,
      "jsd_usergroup_1": 0.11198943108320236,
      "ndcg_usergroup_2": 0.18169747292995453,
      "jsd_usergroup_2": 0.09041851758956909,
      "ndcg_usergroup_3": 0.23373943567276,
      "jsd_usergroup_3": 0.0792863592505455
    },
    "epoch_2": {
      "ndcg": 0.175706148147583,
      "jsd": 0.0847117155790329,
      "ndcg_usergroup_1": 0.17120583355426788,
      "jsd_usergroup_1": 0.10349900275468826,
      "ndcg_usergroup_2": 0.1653737723827362,
      "jsd_usergroup_2": 0.08341526985168457,
      "ndcg_usergroup_3": 0.21120360493659973,
      "jsd_usergroup_3": 0.06981373578310013
    },
    "epoch_3": {
      "ndcg": 0.17543719708919525,
      "jsd": 0.08058597892522812,
      "ndcg_usergroup_1": 0.1690179705619812,
      "jsd_usergroup_1": 0.1026235818862915,
      "ndcg_usergroup_2": 0.16444872319698334,
      "jsd_usergroup_2": 0.07798541337251663,
      "ndcg_usergroup_3": 0.21482177078723907,
      "jsd_usergroup_3": 0.0663500651717186
    },
    "epoch_4": {
      "ndcg": 0.1793280392885208,
      "jsd": 0.08071950823068619,
      "ndcg_usergroup_1": 0.17352989315986633,
      "jsd_usergroup_1": 0.10574160516262054,
      "ndcg_usergroup_2": 0.1709512174129486,
      "jsd_usergroup_2": 0.07706796377897263,
      "ndcg_usergroup_3": 0.2102566659450531,
      "jsd_usergroup_3": 0.06665204465389252
    },
    "epoch_5": {
      "ndcg": 0.18432782590389252,
      "jsd": 0.0790187194943428,
      "ndcg_usergroup_1": 0.17236138880252838,
      "jsd_usergroup_1": 0.10105928778648376,
      "ndcg_usergroup_2": 0.17636655271053314,
      "jsd_usergroup_2": 0.07638375461101532,
      "ndcg_usergroup_3": 0.22017811238765717,
      "jsd_usergroup_3": 0.0648830235004425
    },
    "epoch_7": {
      "ndcg": 0.19476617872714996,
      "jsd": 0.08245182037353516,
      "ndcg_usergroup_1": 0.18701279163360596,
      "jsd_usergroup_1": 0.11343256384134293,
      "ndcg_usergroup_2": 0.18774698674678802,
      "jsd_usergroup_2": 0.0770464837551117,
      "ndcg_usergroup_3": 0.2235771268606186,
      "jsd_usergroup_3": 0.06768711656332016
    },
    "epoch_8": {
      "ndcg": 0.19768479466438293,
      "jsd": 0.0832451730966568,
      "ndcg_usergroup_1": 0.18657715618610382,
      "jsd_usergroup_1": 0.11392255127429962,
      "ndcg_usergroup_2": 0.19109654426574707,
      "jsd_usergroup_2": 0.07797259837388992,
      "ndcg_usergroup_3": 0.22855710983276367,
      "jsd_usergroup_3": 0.0683855339884758
    },
    "epoch_9": {
      "ndcg": 0.2040480524301529,
      "jsd": 0.0861947163939476,
      "ndcg_usergroup_1": 0.189112588763237,
      "jsd_usergroup_1": 0.12261980772018433,
      "ndcg_usergroup_2": 0.19801442325115204,
      "jsd_usergroup_2": 0.07966139167547226,
      "ndcg_usergroup_3": 0.23708434402942657,
      "jsd_usergroup_3": 0.06936957687139511
    },
    "epoch_10": {
      "ndcg": 0.2120826244354248,
      "jsd": 0.0944647416472435,
      "ndcg_usergroup_1": 0.19507047533988953,
      "jsd_usergroup_1": 0.13751006126403809,
      "ndcg_usergroup_2": 0.20755641162395477,
      "jsd_usergroup_2": 0.08861440420150757,
      "ndcg_usergroup_3": 0.24267342686653137,
      "jsd_usergroup_3": 0.06897036731243134
    },
    "epoch_11": {
      "ndcg": 0.21489134430885315,
      "jsd": 0.09532737731933594,
      "ndcg_usergroup_1": 0.19568252563476562,
      "jsd_usergroup_1": 0.1419382095336914,
      "ndcg_usergroup_2": 0.21037262678146362,
      "jsd_usergroup_2": 0.08836324512958527,
      "ndcg_usergroup_3": 0.24765631556510925,
      "jsd_usergroup_3": 0.06960891932249069
    },
    "epoch_12": {
      "ndcg": 0.22206376492977142,
      "jsd": 0.09801587462425232,
      "ndcg_usergroup_1": 0.19653494656085968,
      "jsd_usergroup_1": 0.14288315176963806,
      "ndcg_usergroup_2": 0.21713796257972717,
      "jsd_usergroup_2": 0.09191205352544785,
      "ndcg_usergroup_3": 0.2623699903488159,
      "jsd_usergroup_3": 0.07146003842353821
    },
    "epoch_13": {
      "ndcg": 0.22312521934509277,
      "jsd": 0.09541240334510803,
      "ndcg_usergroup_1": 0.1967732012271881,
      "jsd_usergroup_1": 0.1367381364107132,
      "ndcg_usergroup_2": 0.21672792732715607,
      "jsd_usergroup_2": 0.08944293856620789,
      "ndcg_usergroup_3": 0.26866909861564636,
      "jsd_usergroup_3": 0.07199504226446152
    },
    "epoch_14": {
      "ndcg": 0.2255413979291916,
      "jsd": 0.10002148151397705,
      "ndcg_usergroup_1": 0.19691984355449677,
      "jsd_usergroup_1": 0.1445382535457611,
      "ndcg_usergroup_2": 0.2212897688150406,
      "jsd_usergroup_2": 0.09427104890346527,
      "ndcg_usergroup_3": 0.2669178545475006,
      "jsd_usergroup_3": 0.07275604456663132
    },
    "epoch_15": {
      "ndcg": 0.2315572202205658,
      "jsd": 0.10401706397533417,
      "ndcg_usergroup_1": 0.19619572162628174,
      "jsd_usergroup_1": 0.14963087439537048,
      "ndcg_usergroup_2": 0.22720736265182495,
      "jsd_usergroup_2": 0.09874782711267471,
      "ndcg_usergroup_3": 0.2799682021141052,
      "jsd_usergroup_3": 0.07421097904443741
    },
    "epoch_16": {
      "ndcg": 0.23571667075157166,
      "jsd": 0.10865230113267899,
      "ndcg_usergroup_1": 0.19960978627204895,
      "jsd_usergroup_1": 0.1553274244070053,
      "ndcg_usergroup_2": 0.2327854186296463,
      "jsd_usergroup_2": 0.1042332872748375,
      "ndcg_usergroup_3": 0.28061726689338684,
      "jsd_usergroup_3": 0.07523421943187714
    },
    "epoch_17": {
      "ndcg": 0.235566645860672,
      "jsd": 0.11364034563302994,
      "ndcg_usergroup_1": 0.19774532318115234,
      "jsd_usergroup_1": 0.1604849249124527,
      "ndcg_usergroup_2": 0.2327784150838852,
      "jsd_usergroup_2": 0.11007712036371231,
      "ndcg_usergroup_3": 0.2817526161670685,
      "jsd_usergroup_3": 0.07748550921678543
    },
    "epoch_19": {
      "ndcg": 0.24303120374679565,
      "jsd": 0.11752574145793915,
      "ndcg_usergroup_1": 0.19915154576301575,
      "jsd_usergroup_1": 0.16773921251296997,
      "ndcg_usergroup_2": 0.2405417263507843,
      "jsd_usergroup_2": 0.11373119801282883,
      "ndcg_usergroup_3": 0.2943792939186096,
      "jsd_usergroup_3": 0.0786958634853363
    },
    "epoch_21": {
      "ndcg": 0.2442731261253357,
      "jsd": 0.1140870451927185,
      "ndcg_usergroup_1": 0.1977706104516983,
      "jsd_usergroup_1": 0.15518011152744293,
      "ndcg_usergroup_2": 0.24027113616466522,
      "jsd_usergroup_2": 0.1110488697886467,
      "ndcg_usergroup_3": 0.3027816116809845,
      "jsd_usergroup_3": 0.0821085274219513
    },
    "epoch_22": {
      "ndcg": 0.25060123205184937,
      "jsd": 0.12458089739084244,
      "ndcg_usergroup_1": 0.20625635981559753,
      "jsd_usergroup_1": 0.170792818069458,
      "ndcg_usergroup_2": 0.24683184921741486,
      "jsd_usergroup_2": 0.12264620512723923,
      "ndcg_usergroup_3": 0.30625414848327637,
      "jsd_usergroup_3": 0.08417309820652008
    },
    "epoch_23": {
      "ndcg": 0.24972712993621826,
      "jsd": 0.11971686035394669,
      "ndcg_usergroup_1": 0.20358999073505402,
      "jsd_usergroup_1": 0.1667950600385666,
      "ndcg_usergroup_2": 0.24767304956912994,
      "jsd_usergroup_2": 0.11820850521326065,
      "ndcg_usergroup_3": 0.3020264208316803,
      "jsd_usergroup_3": 0.07716367393732071
    },
    "epoch_24": {
      "ndcg": 0.2517220973968506,
      "jsd": 0.12266366183757782,
      "ndcg_usergroup_1": 0.2049890011548996,
      "jsd_usergroup_1": 0.1688477247953415,
      "ndcg_usergroup_2": 0.24825777113437653,