{
  "base_recommendations": {
    "ndcg": 0.2663273811340332,
    "jsd": 0.12193825840950012,
    "ndcg_usergroup_1": 0.21388721466064453,
    "jsd_usergroup_1": 0.11441239714622498,
    "ndcg_usergroup_2": 0.256170392036438,
    "jsd_usergroup_2": 0.12063903361558914,
    "ndcg_usergroup_3": 0.34923845529556274,
    "jsd_usergroup_3": 0.13336177170276642
  },
  "postprocessed": {},
  "finetuned": {
    "epoch_1": {
      "ndcg": 0.24952803552150726,
      "jsd": 0.10186164826154709,
      "ndcg_usergroup_1": 0.20752538740634918,
      "jsd_usergroup_1": 0.09541255235671997,
      "ndcg_usergroup_2": 0.23849394917488098,
      "jsd_usergroup_2": 0.10052575916051865,
      "ndcg_usergroup_3": 0.3246329128742218,
      "jsd_usergroup_3": 0.11231843382120132
    },
    "epoch_2": {
      "ndcg": 0.22898223996162415,
      "jsd": 0.09539425373077393,
      "ndcg_usergroup_1": 0.19644710421562195,
      "jsd_usergroup_1": 0.08833836019039154,
      "ndcg_usergroup_2": 0.21764610707759857,
      "jsd_usergroup_2": 0.09567724168300629,
      "ndcg_usergroup_3": 0.29552578926086426,
      "jsd_usergroup_3": 0.10160112380981445
    },
    "epoch_3": {
      "ndcg": 0.21591611206531525,
      "jsd": 0.09503363817930222,
      "ndcg_usergroup_1": 0.1927391141653061,
      "jsd_usergroup_1": 0.09105400741100311,
      "ndcg_usergroup_2": 0.20455890893936157,
      "jsd_usergroup_2": 0.0956193134188652,
      "ndcg_usergroup_3": 0.2731647491455078,
      "jsd_usergroup_3": 0.09725626558065414
    },
    "epoch_42": {
      "ndcg": 0.17984876036643982,
      "jsd": 0.09493641555309296,
      "ndcg_usergroup_1": 0.14805017411708832,
      "jsd_usergroup_1": 0.12186628580093384,
      "ndcg_usergroup_2": 0.17441973090171814,
      "jsd_usergroup_2": 0.09195303171873093,
      "ndcg_usergroup_3": 0.22793440520763397,
      "jsd_usergroup_3": 0.07695668190717697
    },
    "epoch_43": {
      "ndcg": 0.179934561252594,
      "jsd": 0.09486156702041626,
      "ndcg_usergroup_1": 0.14687028527259827,
      "jsd_usergroup_1": 0.12132924795150757,
      "ndcg_usergroup_2": 0.1744389533996582,
      "jsd_usergroup_2": 0.09245864301919937,
      "ndcg_usergroup_3": 0.2294856160879135,
      "jsd_usergroup_3": 0.07560265809297562
    },
    "epoch_45": {
      "ndcg": 0.1806822121143341,
      "jsd": 0.09469770640134811,
      "ndcg_usergroup_1": 0.14711587131023407,
      "jsd_usergroup_1": 0.12097238749265671,
      "ndcg_usergroup_2": 0.17513804137706757,
      "jsd_usergroup_2": 0.09203675389289856,
      "ndcg_usergroup_3": 0.23088110983371735,
      "jsd_usergroup_3": 0.0764058381319046
    },
    "epoch_50": {
      "ndcg": 0.1827128678560257,
      "jsd": 0.09404618293046951,
      "ndcg_usergroup_1": 0.14767318964004517,
      "jsd_usergroup_1": 0.11766523122787476,
      "ndcg_usergroup_2": 0.1777586042881012,
      "jsd_usergroup_2": 0.09160516411066055,
      "ndcg_usergroup_3": 0.23261529207229614,
      "jsd_usergroup_3": 0.07775022834539413
    },
    "epoch_55": {
      "ndcg": 0.1843390017747879,
      "jsd": 0.09333468228578568,
      "ndcg_usergroup_1": 0.14735639095306396,
      "jsd_usergroup_1": 0.11695235222578049,
      "ndcg_usergroup_2": 0.17923203110694885,
      "jsd_usergroup_2": 0.09092970937490463,
      "ndcg_usergroup_3": 0.2366424947977066,
      "jsd_usergroup_3": 0.0769319161772728
    },
    "epoch_80": {
      "ndcg": 0.19352608919143677,
      "jsd": 0.09301022440195084,
      "ndcg_usergroup_1": 0.14962895214557648,
      "jsd_usergroup_1": 0.11584855616092682,
      "ndcg_usergroup_2": 0.19019781053066254,
      "jsd_usergroup_2": 0.09071216732263565,
      "ndcg_usergroup_3": 0.24740812182426453,
      "jsd_usergroup_3": 0.07706600427627563
    }
  }
}