{
  "base_recommendations": {
    "ndcg": 0.2663273811340332,
    "jsd": 0.12193825840950012,
    "ndcg_usergroup_1": 0.21388721466064453,
    "jsd_usergroup_1": 0.11441239714622498,
    "ndcg_usergroup_2": 0.256170392036438,
    "jsd_usergroup_2": 0.12063903361558914,
    "ndcg_usergroup_3": 0.34923845529556274,
    "jsd_usergroup_3": 0.13336177170276642
  },
  "postprocessed": {},
  "finetuned": {
    "epoch_1": {
      "ndcg": 0.13489167392253876,
      "jsd": 0.10968241840600967,
      "ndcg_usergroup_1": 0.16001564264297485,
      "jsd_usergroup_1": 0.10106828063726425,
      "ndcg_usergroup_2": 0.12432955950498581,
      "jsd_usergroup_2": 0.10975360870361328,
      "ndcg_usergroup_3": 0.14145402610301971,
      "jsd_usergroup_3": 0.11808299273252487
    },
    "epoch_2": {
      "ndcg": 0.16423992812633514,
      "jsd": 0.11155778914690018,
      "ndcg_usergroup_1": 0.1606425791978836,
      "jsd_usergroup_1": 0.13856574892997742,
      "ndcg_usergroup_2": 0.1600857526063919,
      "jsd_usergroup_2": 0.1021675318479538,
      "ndcg_usergroup_3": 0.1802998036146164,
      "jsd_usergroup_3": 0.11272061616182327
    },
    "epoch_4": {
      "ndcg": 0.1664542257785797,
      "jsd": 0.11673574894666672,
      "ndcg_usergroup_1": 0.16188745200634003,
      "jsd_usergroup_1": 0.1625193953514099,
      "ndcg_usergroup_2": 0.163437157869339,
      "jsd_usergroup_2": 0.10570120066404343,
      "ndcg_usergroup_3": 0.18007217347621918,
      "jsd_usergroup_3": 0.1040557324886322
    },
    "epoch_6": {
      "ndcg": 0.1663888394832611,
      "jsd": 0.11946621537208557,
      "ndcg_usergroup_1": 0.1639571189880371,
      "jsd_usergroup_1": 0.17998172342777252,
      "ndcg_usergroup_2": 0.16278021037578583,
      "jsd_usergroup_2": 0.10354702174663544,
      "ndcg_usergroup_3": 0.17964649200439453,
      "jsd_usergroup_3": 0.10670827329158783
    },
    "epoch_12": {
      "ndcg": 0.14876382052898407,
      "jsd": 0.10954360663890839,
      "ndcg_usergroup_1": 0.1507592350244522,
      "jsd_usergroup_1": 0.16005365550518036,
      "ndcg_usergroup_2": 0.14972585439682007,
      "jsd_usergroup_2": 0.10355986654758453,
      "ndcg_usergroup_3": 0.14388234913349152,
      "jsd_usergroup_3": 0.0769847184419632
    },
    "epoch_13": {
      "ndcg": 0.1107969582080841,
      "jsd": 0.10633642226457596,
      "ndcg_usergroup_1": 0.14067469537258148,
      "jsd_usergroup_1": 0.16182471811771393,
      "ndcg_usergroup_2": 0.10009761899709702,
      "jsd_usergroup_2": 0.09923803061246872,
      "ndcg_usergroup_3": 0.11301722377538681,
      "jsd_usergroup_3": 0.07214325666427612
    },
    "epoch_15": {
      "ndcg": 0.10953015834093094,
      "jsd": 0.09850240498781204,
      "ndcg_usergroup_1": 0.1331738531589508,
      "jsd_usergroup_1": 0.12733545899391174,
      "ndcg_usergroup_2": 0.09994999319314957,
      "jsd_usergroup_2": 0.0962722897529602,
      "ndcg_usergroup_3": 0.11462696641683578,
      "jsd_usergroup_3": 0.07635970413684845
    },
    "epoch_17": {
      "ndcg": 0.10417214035987854,
      "jsd": 0.09771770983934402,
      "ndcg_usergroup_1": 0.12003647536039352,
      "jsd_usergroup_1": 0.1361856460571289,
      "ndcg_usergroup_2": 0.0911828875541687,
      "jsd_usergroup_2": 0.09228237718343735,
      "ndcg_usergroup_3": 0.12727554142475128,
      "jsd_usergroup_3": 0.07555578649044037
    },
    "epoch_21": {
      "ndcg": 0.1101347878575325,
      "jsd": 0.09403689950704575,
      "ndcg_usergroup_1": 0.12033166736364365,
      "jsd_usergroup_1": 0.13078968226909637,
      "ndcg_usergroup_2": 0.1005948856472969,
      "jsd_usergroup_2": 0.08960312604904175,
      "ndcg_usergroup_3": 0.12855759263038635,
      "jsd_usergroup_3": 0.07058542966842651
    },
    "epoch_24": {
      "ndcg": 0.16406682133674622,
      "jsd": 0.11855089664459229,
      "ndcg_usergroup_1": 0.1551409363746643,
      "jsd_usergroup_1": 0.1949368119239807,
      "ndcg_usergroup_2": 0.16574858129024506,
      "jsd_usergroup_2": 0.10628192126750946,
      "ndcg_usergroup_3": 0.1679474413394928,
      "jsd_usergroup_3": 0.07897193729877472
    },
    "epoch_28": {
      "ndcg": 0.1696881502866745,
      "jsd": 0.12323121726512909,
      "ndcg_usergroup_1": 0.1619955450296402,
      "jsd_usergroup_1": 0.20613856613636017,
      "ndcg_usergroup_2": 0.17336039245128632,
      "jsd_usergroup_2": 0.11238040775060654,
      "ndcg_usergroup_3": 0.16636402904987335,
      "jsd_usergroup_3": 0.07287626713514328
    },
    "epoch_30": {
      "ndcg": 0.16727925837039948,
      "jsd": 0.12075626850128174,
      "ndcg_usergroup_1": 0.166354700922966,
      "jsd_usergroup_1": 0.19061994552612305,
      "ndcg_usergroup_2": 0.16904117166996002,
      "jsd_usergroup_2": 0.11030980944633484,
      "ndcg_usergroup_3": 0.16291797161102295,
      "jsd_usergroup_3": 0.08223197609186172
    },
    "epoch_36": {
      "ndcg": 0.16683222353458405,
      "jsd": 0.11360970884561539,
      "ndcg_usergroup_1": 0.16472969949245453,
      "jsd_usergroup_1": 0.18678435683250427,
      "ndcg_usergroup_2": 0.16948449611663818,
      "jsd_usergroup_2": 0.10490002483129501,
      "ndcg_usergroup_3": 0.16097792983055115,
      "jsd_usergroup_3": 0.06656410545110703
    },
    "epoch_37": {
      "ndcg": 0.14131245017051697,
      "jsd": 0.09060347825288773,
      "ndcg_usergroup_1": 0.14518946409225464,
      "jsd_usergroup_1": 0.1323125660419464,
      "ndcg_usergroup_2": 0.1350276619195938,
      "jsd_usergroup_2": 0.08375880122184753,
      "ndcg_usergroup_3": 0.15628983080387115,
      "jsd_usergroup_3": 0.0694284662604332
    },
    "epoch_40": {
      "ndcg": 0.16732263565063477,
      "jsd": 0.12020532786846161,
      "ndcg_usergroup_1": 0.15408717095851898,
      "jsd_usergroup_1": 0.1976163685321808,
      "ndcg_usergroup_2": 0.1710343062877655,
      "jsd_usergroup_2": 0.11065148562192917,
      "ndcg_usergroup_3": 0.16942305862903595,
      "jsd_usergroup_3": 0.07145582884550095
    },
    "epoch_42": {
      "ndcg": 0.16745629906654358,
      "jsd": 0.11507673561573029,
      "ndcg_usergroup_1": 0.15540625154972076,
      "jsd_usergroup_1": 0.19516883790493011,
      "ndcg_usergroup_2": 0.17013680934906006,
      "jsd_usergroup_2": 0.10265181958675385,
      "ndcg_usergroup_3": 0.1714647263288498,
      "jsd_usergroup_3": 0.07225937396287918
    },
    "epoch_48": {
      "ndcg": 0.17192956805229187,
      "jsd": 0.10676942765712738,
      "ndcg_usergroup_1": 0.16265209019184113,
      "jsd_usergroup_1": 0.18002845346927643,
      "ndcg_usergroup_2": 0.1723090559244156,
      "jsd_usergroup_2": 0.09589766710996628,
      "ndcg_usergroup_3": 0.18006861209869385,
      "jsd_usergroup_3": 0.06612566113471985
    },
    "epoch_50": {
      "ndcg": 0.1744827777147293,
      "jsd": 0.11630572378635406,
      "ndcg_usergroup_1": 0.1626986265182495,
      "jsd_usergroup_1": 0.20447765290737152,
      "ndcg_usergroup_2": 0.17706795036792755,
      "jsd_usergroup_2": 0.10161678493022919,
      "ndcg_usergroup_3": 0.1785113662481308,
      "jsd_usergroup_3": 0.07220064848661423
    },
    "epoch_55": {
      "ndcg": 0.16942809522151947,
      "jsd": 0.10476072132587433,
      "ndcg_usergroup_1": 0.16050106287002563,
      "jsd_usergroup_1": 0.1654578298330307,
      "ndcg_usergroup_2": 0.16962936520576477,
      "jsd_usergroup_2": 0.09555649757385254,
      "ndcg_usergroup_3": 0.1777513027191162,
      "jsd_usergroup_3": 0.07167629152536392
    },
    "epoch_57": {
      "ndcg": 0.16637367010116577,
      "jsd": 0.0999787375330925,
      "ndcg_usergroup_1": 0.15580466389656067,
      "jsd_usergroup_1": 0.16158288717269897,
      "ndcg_usergroup_2": 0.1686021387577057,
      "jsd_usergroup_2": 0.08993103355169296,
      "ndcg_usergroup_3": 0.17025719583034515,
      "jsd_usergroup_3": 0.06851770728826523
    },
    "epoch_65": {
      "ndcg": 0.17833460867404938,
      "jsd": 0.10295362025499344,
      "ndcg_usergroup_1": 0.16341929137706757,
      "jsd_usergroup_1": 0.174433171749115,