{
  "base_recommendations": {
    "ndcg": 0.2663273811340332,
    "jsd": 0.12193825840950012,
    "ndcg_usergroup_1": 0.21388721466064453,
    "jsd_usergroup_1": 0.11441239714622498,
    "ndcg_usergroup_2": 0.256170392036438,
    "jsd_usergroup_2": 0.12063903361558914,
    "ndcg_usergroup_3": 0.34923845529556274,
    "jsd_usergroup_3": 0.13336177170276642
  },
  "postprocessed": {},
  "finetuned": {
    "epoch_1": {
      "ndcg": 0.23964789509773254,
      "jsd": 0.16057473421096802,
      "ndcg_usergroup_1": 0.19811347126960754,
      "jsd_usergroup_1": 0.2297830581665039,
      "ndcg_usergroup_2": 0.23874305188655853,
      "jsd_usergroup_2": 0.15759725868701935,
      "ndcg_usergroup_3": 0.283896803855896,
      "jsd_usergroup_3": 0.10029879212379456
    },
    "epoch_2": {
      "ndcg": 0.2418341040611267,
      "jsd": 0.1647135615348816,
      "ndcg_usergroup_1": 0.1949085146188736,
      "jsd_usergroup_1": 0.24536892771720886,
      "ndcg_usergroup_2": 0.243160679936409,
      "jsd_usergroup_2": 0.16121205687522888,
      "ndcg_usergroup_3": 0.28477993607521057,
      "jsd_usergroup_3": 0.09456268697977066
    },
    "epoch_3": {
      "ndcg": 0.24302507936954498,
      "jsd": 0.16726019978523254,
      "ndcg_usergroup_1": 0.19178138673305511,
      "jsd_usergroup_1": 0.2513105273246765,
      "ndcg_usergroup_2": 0.2451190948486328,
      "jsd_usergroup_2": 0.16366130113601685,
      "ndcg_usergroup_3": 0.287986695766449,
      "jsd_usergroup_3": 0.09400645643472672
    },
    "epoch_5": {
      "ndcg": 0.24115940928459167,
      "jsd": 0.1588047742843628,
      "ndcg_usergroup_1": 0.1887548416852951,
      "jsd_usergroup_1": 0.2442903369665146,
      "ndcg_usergroup_2": 0.2449837327003479,
      "jsd_usergroup_2": 0.15314552187919617,
      "ndcg_usergroup_3": 0.2820909321308136,
      "jsd_usergroup_3": 0.09029695391654968
    },
    "epoch_6": {
      "ndcg": 0.2367561012506485,
      "jsd": 0.1576831191778183,
      "ndcg_usergroup_1": 0.18768315017223358,
      "jsd_usergroup_1": 0.24945414066314697,
      "ndcg_usergroup_2": 0.2412000298500061,
      "jsd_usergroup_2": 0.15096934139728546,
      "ndcg_usergroup_3": 0.2724973261356354,
      "jsd_usergroup_3": 0.08605346828699112
    }
  }
}