{
  "base_recommendations": {
    "ndcg": 0.2663273811340332,
    "jsd": 0.12193825840950012,
    "ndcg_usergroup_1": 0.21388721466064453,
    "jsd_usergroup_1": 0.11441239714622498,
    "ndcg_usergroup_2": 0.256170392036438,
    "jsd_usergroup_2": 0.12063903361558914,
    "ndcg_usergroup_3": 0.34923845529556274,
    "jsd_usergroup_3": 0.13336177170276642
  },
  "postprocessed": {},
  "finetuned": {
    "epoch_1": {
      "ndcg": 0.19511941075325012,
      "jsd": 0.09251490980386734,
      "ndcg_usergroup_1": 0.16967812180519104,
      "jsd_usergroup_1": 0.07929758727550507,
      "ndcg_usergroup_2": 0.18358291685581207,
      "jsd_usergroup_2": 0.09714534878730774,
      "ndcg_usergroup_3": 0.2551701068878174,
      "jsd_usergroup_3": 0.09184093773365021
    },
    "epoch_2": {
      "ndcg": 0.17483839392662048,
      "jsd": 0.07635610550642014,
      "ndcg_usergroup_1": 0.16539393365383148,
      "jsd_usergroup_1": 0.07367926090955734,
      "ndcg_usergroup_2": 0.16331228613853455,
      "jsd_usergroup_2": 0.07629209756851196,
      "ndcg_usergroup_3": 0.21886125206947327,
      "jsd_usergroup_3": 0.07922493666410446
    },
    "epoch_3": {
      "ndcg": 0.15222801268100739,
      "jsd": 0.06536209583282471,
      "ndcg_usergroup_1": 0.13588982820510864,
      "jsd_usergroup_1": 0.06381705403327942,
      "ndcg_usergroup_2": 0.13899458944797516,
      "jsd_usergroup_2": 0.06735402345657349,
      "ndcg_usergroup_3": 0.2082664519548416,
      "jsd_usergroup_3": 0.06093135103583336
    },
    "epoch_4": {
      "ndcg": 0.13078176975250244,
      "jsd": 0.05816984921693802,
      "ndcg_usergroup_1": 0.1270478069782257,
      "jsd_usergroup_1": 0.05477553606033325,
      "ndcg_usergroup_2": 0.12006041407585144,
      "jsd_usergroup_2": 0.05938029661774635,
      "ndcg_usergroup_3": 0.1666797399520874,
      "jsd_usergroup_3": 0.057932835072278976
    },
    "epoch_5": {
      "ndcg": 0.11954094469547272,
      "jsd": 0.05468578264117241,
      "ndcg_usergroup_1": 0.12174537777900696,
      "jsd_usergroup_1": 0.050620198249816895,
      "ndcg_usergroup_2": 0.110477514564991,
      "jsd_usergroup_2": 0.056684937328100204,
      "ndcg_usergroup_3": 0.14452680945396423,
      "jsd_usergroup_3": 0.05275391787290573
    },
    "epoch_6": {
      "ndcg": 0.11441154778003693,
      "jsd": 0.04791221767663956,
      "ndcg_usergroup_1": 0.1167823076248169,
      "jsd_usergroup_1": 0.04382773116230965,
      "ndcg_usergroup_2": 0.10634666681289673,
      "jsd_usergroup_2": 0.04937327280640602,
      "ndcg_usergroup_3": 0.13623538613319397,
      "jsd_usergroup_3": 0.04761354252696037
    },
    "epoch_7": {
      "ndcg": 0.10746066272258759,
      "jsd": 0.04596060514450073,
      "ndcg_usergroup_1": 0.11642219871282578,
      "jsd_usergroup_1": 0.0432623066008091,
      "ndcg_usergroup_2": 0.10099250823259354,
      "jsd_usergroup_2": 0.04764115437865257,
      "ndcg_usergroup_3": 0.11790360510349274,
      "jsd_usergroup_3": 0.04361724853515625
    },
    "epoch_8": {
      "ndcg": 0.09988373517990112,
      "jsd": 0.04347176477313042,
      "ndcg_usergroup_1": 0.11233444511890411,
      "jsd_usergroup_1": 0.03966902568936348,
      "ndcg_usergroup_2": 0.0938243567943573,
      "jsd_usergroup_2": 0.04528581351041794,
      "ndcg_usergroup_3": 0.105611152946949,
      "jsd_usergroup_3": 0.041832368820905685
    },
    "epoch_9": {
      "ndcg": 0.09449712932109833,
      "jsd": 0.0417468398809433,
      "ndcg_usergroup_1": 0.11031633615493774,
      "jsd_usergroup_1": 0.03799887374043465,
      "ndcg_usergroup_2": 0.0898514986038208,
      "jsd_usergroup_2": 0.04397517442703247,
      "ndcg_usergroup_3": 0.09261481463909149,
      "jsd_usergroup_3": 0.038809821009635925
    },
    "epoch_10": {
      "ndcg": 0.09570715576410294,
      "jsd": 0.040397413074970245,
      "ndcg_usergroup_1": 0.11270421743392944,
      "jsd_usergroup_1": 0.03967738524079323,
      "ndcg_usergroup_2": 0.09193363040685654,
      "jsd_usergroup_2": 0.041587721556425095,
      "ndcg_usergroup_3": 0.09003067016601562,
      "jsd_usergroup_3": 0.03754651919007301
    },
    "epoch_11": {
      "ndcg": 0.08693112432956696,
      "jsd": 0.03838833421468735,
      "ndcg_usergroup_1": 0.10489781945943832,
      "jsd_usergroup_1": 0.03586256876587868,
      "ndcg_usergroup_2": 0.08286978304386139,
      "jsd_usergroup_2": 0.04004056379199028,
      "ndcg_usergroup_3": 0.0811484232544899,
      "jsd_usergroup_3": 0.03595741093158722
    },
    "epoch_13": {
      "ndcg": 0.08514367043972015,
      "jsd": 0.03687146306037903,
      "ndcg_usergroup_1": 0.10530610382556915,
      "jsd_usergroup_1": 0.03387058153748512,
      "ndcg_usergroup_2": 0.08019950985908508,
      "jsd_usergroup_2": 0.03797557204961777,
      "ndcg_usergroup_3": 0.07981367409229279,
      "jsd_usergroup_3": 0.03656003251671791
    },
    "epoch_15": {
      "ndcg": 0.08397537469863892,
      "jsd": 0.03663773834705353,
      "ndcg_usergroup_1": 0.1050453707575798,
      "jsd_usergroup_1": 0.033539067953825,
      "ndcg_usergroup_2": 0.0789928138256073,
      "jsd_usergroup_2": 0.03754687309265137,
      "ndcg_usergroup_3": 0.07785303890705109,
      "jsd_usergroup_3": 0.037009019404649734
    },
    "epoch_16": {
      "ndcg": 0.08187646418809891,
      "jsd": 0.035757698118686676,
      "ndcg_usergroup_1": 0.1053655669093132,
      "jsd_usergroup_1": 0.03442443907260895,
      "ndcg_usergroup_2": 0.07628222554922104,
      "jsd_usergroup_2": 0.036203090101480484,
      "ndcg_usergroup_3": 0.07517004758119583,
      "jsd_usergroup_3": 0.03575477376580238
    },
    "epoch_21": {
      "ndcg": 0.07697424292564392,
      "jsd": 0.03504149243235588,
      "ndcg_usergroup_1": 0.10094428062438965,
      "jsd_usergroup_1": 0.032803718000650406,
      "ndcg_usergroup_2": 0.07069835066795349,
      "jsd_usergroup_2": 0.034926678985357285,
      "ndcg_usergroup_3": 0.07183193415403366,
      "jsd_usergroup_3": 0.03762371093034744
    },
    "epoch_23": {
      "ndcg": 0.07644089311361313,
      "jsd": 0.03468778729438782,
      "ndcg_usergroup_1": 0.09924719482660294,
      "jsd_usergroup_1": 0.032141562551259995,
      "ndcg_usergroup_2": 0.06988298147916794,
      "jsd_usergroup_2": 0.03499741107225418,
      "ndcg_usergroup_3": 0.07330834865570068,
      "jsd_usergroup_3": 0.03630514442920685
    },
    "epoch_26": {
      "ndcg": 0.07472571730613708,
      "jsd": 0.03460933640599251,
      "ndcg_usergroup_1": 0.09805809706449509,
      "jsd_usergroup_1": 0.03406248986721039,
      "ndcg_usergroup_2": 0.06827949732542038,
      "jsd_usergroup_2": 0.03361948952078819,
      "ndcg_usergroup_3": 0.0707319900393486,
      "jsd_usergroup_3": 0.03812572360038757
    },
    "epoch_27": {
      "ndcg": 0.07391630113124847,
      "jsd": 0.034257762134075165,
      "ndcg_usergroup_1": 0.09762202948331833,
      "jsd_usergroup_1": 0.03366526588797569,
      "ndcg_usergroup_2": 0.06656280905008316,
      "jsd_usergroup_2": 0.032816626131534576,
      "ndcg_usergroup_3": 0.07227107137441635,
      "jsd_usergroup_3": 0.039173636585474014
    },
    "epoch_28": {
      "ndcg": 0.07367219030857086,
      "jsd": 0.03369558975100517,
      "ndcg_usergroup_1": 0.09672050178050995,
      "jsd_usergroup_1": 0.032074254006147385,
      "ndcg_usergroup_2": 0.06636925041675568,
      "jsd_usergroup_2": 0.031966060400009155,
      "ndcg_usergroup_3": 0.07253268361091614,
      "jsd_usergroup_3": 0.04050551354885101
    },
    "epoch_30": {
      "ndcg": 0.07154595851898193,
      "jsd": 0.03296220675110817,
      "ndcg_usergroup_1": 0.09566659480333328,
      "jsd_usergroup_1": 0.03108123689889908,
      "ndcg_usergroup_2": 0.06392469257116318,
      "jsd_usergroup_2": 0.03129168972373009,
      "ndcg_usergroup_3": 0.07028910517692566,
      "jsd_usergroup_3": 0.03985472396016121
    }
  }
}