{
  "base_recommendations": {
    "ndcg": 0.2663273811340332,
    "jsd": 0.12193825840950012,
    "ndcg_usergroup_1": 0.21388721466064453,
    "jsd_usergroup_1": 0.11441239714622498,
    "ndcg_usergroup_2": 0.256170392036438,
    "jsd_usergroup_2": 0.12063903361558914,
    "ndcg_usergroup_3": 0.34923845529556274,
    "jsd_usergroup_3": 0.13336177170276642
  },
  "postprocessed": {},
  "finetuned": {
    "epoch_1": {
      "ndcg": 0.1910608559846878,
      "jsd": 0.09159842133522034,
      "ndcg_usergroup_1": 0.18544192612171173,
      "jsd_usergroup_1": 0.08566591888666153,
      "ndcg_usergroup_2": 0.17969848215579987,
      "jsd_usergroup_2": 0.09248991310596466,
      "ndcg_usergroup_3": 0.2307669222354889,
      "jsd_usergroup_3": 0.09485645592212677
    },
    "epoch_2": {
      "ndcg": 0.19536921381950378,
      "jsd": 0.08185140788555145,
      "ndcg_usergroup_1": 0.17742949724197388,
      "jsd_usergroup_1": 0.09183409065008163,
      "ndcg_usergroup_2": 0.18499977886676788,
      "jsd_usergroup_2": 0.0803677886724472,
      "ndcg_usergroup_3": 0.24441714584827423,
      "jsd_usergroup_3": 0.07631959021091461
    },
    "epoch_3": {
      "ndcg": 0.17354711890220642,
      "jsd": 0.07780057191848755,
      "ndcg_usergroup_1": 0.16927620768547058,
      "jsd_usergroup_1": 0.09392747282981873,
      "ndcg_usergroup_2": 0.16498173773288727,
      "jsd_usergroup_2": 0.07555195689201355,
      "ndcg_usergroup_3": 0.2035142183303833,
      "jsd_usergroup_3": 0.06841955333948135
    },
    "epoch_4": {
      "ndcg": 0.1673743724822998,
      "jsd": 0.07342568039894104,
      "ndcg_usergroup_1": 0.16816949844360352,
      "jsd_usergroup_1": 0.09451667964458466,
      "ndcg_usergroup_2": 0.1615159958600998,
      "jsd_usergroup_2": 0.07030421495437622,
      "ndcg_usergroup_3": 0.18415431678295135,
      "jsd_usergroup_3": 0.06169906631112099
    },
    "epoch_5": {
      "ndcg": 0.15490297973155975,
      "jsd": 0.07202345132827759,
      "ndcg_usergroup_1": 0.16330860555171967,
      "jsd_usergroup_1": 0.09768880158662796,
      "ndcg_usergroup_2": 0.1518685668706894,
      "jsd_usergroup_2": 0.06863806396722794,
      "ndcg_usergroup_3": 0.1556006222963333,
      "jsd_usergroup_3": 0.056514251977205276
    },
    "epoch_6": {
      "ndcg": 0.1464744508266449,
      "jsd": 0.07026064395904541,
      "ndcg_usergroup_1": 0.15560941398143768,
      "jsd_usergroup_1": 0.10029231011867523,
      "ndcg_usergroup_2": 0.14312726259231567,
      "jsd_usergroup_2": 0.06586235016584396,
      "ndcg_usergroup_3": 0.14738108217716217,
      "jsd_usergroup_3": 0.053423844277858734
    },
    "epoch_7": {
      "ndcg": 0.14442342519760132,
      "jsd": 0.06998302042484283,
      "ndcg_usergroup_1": 0.15407797694206238,
      "jsd_usergroup_1": 0.10131228715181351,
      "ndcg_usergroup_2": 0.14278854429721832,
      "jsd_usergroup_2": 0.06534749269485474,
      "ndcg_usergroup_3": 0.13967353105545044,
      "jsd_usergroup_3": 0.052560314536094666
    },
    "epoch_8": {
      "ndcg": 0.13897767663002014,
      "jsd": 0.06863704323768616,
      "ndcg_usergroup_1": 0.1510903239250183,
      "jsd_usergroup_1": 0.10941850394010544,
      "ndcg_usergroup_2": 0.13721969723701477,
      "jsd_usergroup_2": 0.06122696399688721,
      "ndcg_usergroup_3": 0.1321389079093933,
      "jsd_usergroup_3": 0.05008580535650253
    },
    "epoch_9": {
      "ndcg": 0.13395079970359802,
      "jsd": 0.06623684614896774,
      "ndcg_usergroup_1": 0.14636245369911194,
      "jsd_usergroup_1": 0.10203627496957779,
      "ndcg_usergroup_2": 0.13244886696338654,
      "jsd_usergroup_2": 0.060009490698575974,
      "ndcg_usergroup_3": 0.12604492902755737,
      "jsd_usergroup_3": 0.0491194948554039
    },
    "epoch_11": {
      "ndcg": 0.12956827878952026,
      "jsd": 0.06615950912237167,
      "ndcg_usergroup_1": 0.14730648696422577,
      "jsd_usergroup_1": 0.10847744345664978,
      "ndcg_usergroup_2": 0.12758731842041016,
      "jsd_usergroup_2": 0.05749310180544853,
      "ndcg_usergroup_3": 0.11777292937040329,
      "jsd_usergroup_3": 0.049840785562992096
    },
    "epoch_12": {
      "ndcg": 0.12743571400642395,
      "jsd": 0.06605552136898041,
      "ndcg_usergroup_1": 0.14654013514518738,
      "jsd_usergroup_1": 0.11296004801988602,
      "ndcg_usergroup_2": 0.12570680677890778,
      "jsd_usergroup_2": 0.05669817328453064,
      "ndcg_usergroup_3": 0.11351806670427322,
      "jsd_usergroup_3": 0.047223031520843506
    },
    "epoch_16": {
      "ndcg": 0.12073887884616852,
      "jsd": 0.06576049327850342,
      "ndcg_usergroup_1": 0.14428934454917908,
      "jsd_usergroup_1": 0.11884400993585587,
      "ndcg_usergroup_2": 0.11806792765855789,
      "jsd_usergroup_2": 0.05503443628549576,
      "ndcg_usergroup_3": 0.10520124435424805,
      "jsd_usergroup_3": 0.04485512897372246
    },
    "epoch_19": {
      "ndcg": 0.11236118525266647,
      "jsd": 0.06494884192943573,
      "ndcg_usergroup_1": 0.13836923241615295,
      "jsd_usergroup_1": 0.121490478515625,
      "ndcg_usergroup_2": 0.10918021947145462,
      "jsd_usergroup_2": 0.0532512441277504,
      "ndcg_usergroup_3": 0.09589604288339615,
      "jsd_usergroup_3": 0.04349997267127037
    },
    "epoch_23": {
      "ndcg": 0.10694760829210281,
      "jsd": 0.06432070583105087,
      "ndcg_usergroup_1": 0.13502398133277893,
      "jsd_usergroup_1": 0.11865901201963425,
      "ndcg_usergroup_2": 0.10265913605690002,
      "jsd_usergroup_2": 0.05344661325216293,
      "ndcg_usergroup_3": 0.09173667430877686,
      "jsd_usergroup_3": 0.04260464757680893
    },
    "epoch_25": {
      "ndcg": 0.10511313378810883,
      "jsd": 0.06399957090616226,
      "ndcg_usergroup_1": 0.1335606575012207,
      "jsd_usergroup_1": 0.11651996523141861,
      "ndcg_usergroup_2": 0.10071621090173721,
      "jsd_usergroup_2": 0.05334081873297691,
      "ndcg_usergroup_3": 0.08985631912946701,
      "jsd_usergroup_3": 0.04345542564988136
    },
    "epoch_29": {
      "ndcg": 0.09855138510465622,
      "jsd": 0.06344595551490784,
      "ndcg_usergroup_1": 0.12672732770442963,
      "jsd_usergroup_1": 0.11633989214897156,
      "ndcg_usergroup_2": 0.09313525259494781,
      "jsd_usergroup_2": 0.052308306097984314,
      "ndcg_usergroup_3": 0.08662383258342743,
      "jsd_usergroup_3": 0.0439649298787117
    },
    "epoch_31": {
      "ndcg": 0.09755124151706696,
      "jsd": 0.06329501420259476,
      "ndcg_usergroup_1": 0.12582926452159882,
      "jsd_usergroup_1": 0.1162385493516922,
      "ndcg_usergroup_2": 0.09201521426439285,
      "jsd_usergroup_2": 0.05216456204652786,
      "ndcg_usergroup_3": 0.08588124811649323,
      "jsd_usergroup_3": 0.043742816895246506
    },
    "epoch_33": {
      "ndcg": 0.09729466587305069,
      "jsd": 0.06290410459041595,
      "ndcg_usergroup_1": 0.1258179247379303,
      "jsd_usergroup_1": 0.1160418689250946,
      "ndcg_usergroup_2": 0.09151824563741684,
      "jsd_usergroup_2": 0.050704631954431534,
      "ndcg_usergroup_3": 0.08610066026449203,
      "jsd_usergroup_3": 0.04636477306485176
    },
    "epoch_47": {
      "ndcg": 0.07965978980064392,
      "jsd": 0.06231246516108513,
      "ndcg_usergroup_1": 0.10538303852081299,
      "jsd_usergroup_1": 0.11080776154994965,
      "ndcg_usergroup_2": 0.07215482741594315,
      "jsd_usergroup_2": 0.05122268199920654,
      "ndcg_usergroup_3": 0.07645140588283539,
      "jsd_usergroup_3": 0.047086503356695175
    },
    "epoch_55": {
      "ndcg": 0.0744602382183075,
      "jsd": 0.061735838651657104,
      "ndcg_usergroup_1": 0.10101121664047241,
      "jsd_usergroup_1": 0.10559958964586258,
      "ndcg_usergroup_2": 0.06616545468568802,
      "jsd_usergroup_2": 0.050930824130773544,
      "ndcg_usergroup_3": 0.0727936178445816,
      "jsd_usergroup_3": 0.05028712376952171
    },
    "epoch_56": {
      "ndcg": 0.07505254447460175,
      "jsd": 0.0614524707198143,
      "ndcg_usergroup_1": 0.09962721914052963,