{
  "base_recommendations": {
    "ndcg": 0.2663273811340332,
    "jsd": 0.12193825840950012,
    "ndcg_usergroup_1": 0.21388721466064453,
    "jsd_usergroup_1": 0.11441239714622498,
    "ndcg_usergroup_2": 0.256170392036438,
    "jsd_usergroup_2": 0.12063903361558914,
    "ndcg_usergroup_3": 0.34923845529556274,
    "jsd_usergroup_3": 0.13336177170276642
  },
  "postprocessed": {},
  "finetuned": {
    "epoch_1": {
      "ndcg": 0.21423646807670593,
      "jsd": 0.09807001799345016,
      "ndcg_usergroup_1": 0.16619521379470825,
      "jsd_usergroup_1": 0.0792885348200798,
      "ndcg_usergroup_2": 0.20194895565509796,
      "jsd_usergroup_2": 0.1015976294875145,
      "ndcg_usergroup_3": 0.29914021492004395,
      "jsd_usergroup_3": 0.10626865178346634
    },
    "epoch_2": {
      "ndcg": 0.1999398171901703,
      "jsd": 0.07949155569076538,
      "ndcg_usergroup_1": 0.15139421820640564,
      "jsd_usergroup_1": 0.0736919641494751,
      "ndcg_usergroup_2": 0.1934143453836441,
      "jsd_usergroup_2": 0.08115214854478836,
      "ndcg_usergroup_3": 0.26806169748306274,
      "jsd_usergroup_3": 0.08030935376882553
    },
    "epoch_3": {
      "ndcg": 0.17052261531352997,
      "jsd": 0.0764494463801384,
      "ndcg_usergroup_1": 0.1321268379688263,
      "jsd_usergroup_1": 0.07555313408374786,
      "ndcg_usergroup_2": 0.1661933809518814,
      "jsd_usergroup_2": 0.07633201032876968,
      "ndcg_usergroup_3": 0.22190606594085693,
      "jsd_usergroup_3": 0.07769806683063507
    },
    "epoch_4": {
      "ndcg": 0.16177524626255035,
      "jsd": 0.06639539450407028,
      "ndcg_usergroup_1": 0.1267606019973755,
      "jsd_usergroup_1": 0.0693795308470726,
      "ndcg_usergroup_2": 0.15459072589874268,
      "jsd_usergroup_2": 0.06618712842464447,
      "ndcg_usergroup_3": 0.21834346652030945,
      "jsd_usergroup_3": 0.064036063849926
    },
    "epoch_6": {
      "ndcg": 0.11279472708702087,
      "jsd": 0.062117934226989746,
      "ndcg_usergroup_1": 0.09161408245563507,
      "jsd_usergroup_1": 0.07323245704174042,
      "ndcg_usergroup_2": 0.1049981340765953,
      "jsd_usergroup_2": 0.06111518666148186,
      "ndcg_usergroup_3": 0.15736515820026398,
      "jsd_usergroup_3": 0.054011665284633636
    },
    "epoch_7": {
      "ndcg": 0.09536788612604141,
      "jsd": 0.05635656416416168,
      "ndcg_usergroup_1": 0.07952430844306946,
      "jsd_usergroup_1": 0.06647342443466187,
      "ndcg_usergroup_2": 0.08940359205007553,
      "jsd_usergroup_2": 0.05440077185630798,
      "ndcg_usergroup_3": 0.12910433113574982,
      "jsd_usergroup_3": 0.0521070659160614
    },
    "epoch_11": {
      "ndcg": 0.0825967863202095,
      "jsd": 0.05538535490632057,
      "ndcg_usergroup_1": 0.06861821562051773,
      "jsd_usergroup_1": 0.06713785231113434,
      "ndcg_usergroup_2": 0.0759124606847763,
      "jsd_usergroup_2": 0.0533968061208725,
      "ndcg_usergroup_3": 0.11662829667329788,
      "jsd_usergroup_3": 0.04959849640727043
    },
    "epoch_12": {
      "ndcg": 0.08173052966594696,
      "jsd": 0.05448272079229355,
      "ndcg_usergroup_1": 0.0671529471874237,
      "jsd_usergroup_1": 0.06492181122303009,
      "ndcg_usergroup_2": 0.07528770714998245,
      "jsd_usergroup_2": 0.05294856056571007,
      "ndcg_usergroup_3": 0.11563658714294434,
      "jsd_usergroup_3": 0.04864610731601715
    },
    "epoch_13": {
      "ndcg": 0.0782284140586853,
      "jsd": 0.05393179506063461,
      "ndcg_usergroup_1": 0.06646084040403366,
      "jsd_usergroup_1": 0.06412346661090851,
      "ndcg_usergroup_2": 0.07196253538131714,
      "jsd_usergroup_2": 0.05296199023723602,
      "ndcg_usergroup_3": 0.10879363864660263,
      "jsd_usergroup_3": 0.04664954915642738
    },
    "epoch_14": {
      "ndcg": 0.07955453544855118,
      "jsd": 0.05252745747566223,
      "ndcg_usergroup_1": 0.06777209788560867,
      "jsd_usergroup_1": 0.0609586276113987,
      "ndcg_usergroup_2": 0.07335053384304047,
      "jsd_usergroup_2": 0.05184169113636017,
      "ndcg_usergroup_3": 0.10994896292686462,
      "jsd_usergroup_3": 0.04615359753370285
    },
    "epoch_16": {
      "ndcg": 0.07701654732227325,
      "jsd": 0.0508938767015934,
      "ndcg_usergroup_1": 0.06733441352844238,
      "jsd_usergroup_1": 0.057140614837408066,
      "ndcg_usergroup_2": 0.07148953527212143,
      "jsd_usergroup_2": 0.05056795850396156,
      "ndcg_usergroup_3": 0.1032797172665596,
      "jsd_usergroup_3": 0.04562488570809364
    },
    "epoch_20": {
      "ndcg": 0.07540309429168701,
      "jsd": 0.05021459236741066,
      "ndcg_usergroup_1": 0.06873840093612671,
      "jsd_usergroup_1": 0.05436166003346443,
      "ndcg_usergroup_2": 0.06960119307041168,
      "jsd_usergroup_2": 0.05079085752367973,
      "ndcg_usergroup_3": 0.0994735136628151,
      "jsd_usergroup_3": 0.04433869943022728
    },
    "epoch_25": {
      "ndcg": 0.07263759523630142,
      "jsd": 0.04872828349471092,
      "ndcg_usergroup_1": 0.06530562788248062,
      "jsd_usergroup_1": 0.05283615365624428,
      "ndcg_usergroup_2": 0.06734296679496765,
      "jsd_usergroup_2": 0.049280326813459396,
      "ndcg_usergroup_3": 0.09585347026586533,
      "jsd_usergroup_3": 0.04296426475048065
    },
    "epoch_28": {
      "ndcg": 0.0731261670589447,
      "jsd": 0.048178791999816895,
      "ndcg_usergroup_1": 0.06675779074430466,
      "jsd_usergroup_1": 0.04900249093770981,
      "ndcg_usergroup_2": 0.06794331222772598,
      "jsd_usergroup_2": 0.049679167568683624,
      "ndcg_usergroup_3": 0.09504308551549911,
      "jsd_usergroup_3": 0.042853955179452896
    },
    "epoch_32": {
      "ndcg": 0.07126903533935547,
      "jsd": 0.048113882541656494,
      "ndcg_usergroup_1": 0.06517061591148376,
      "jsd_usergroup_1": 0.04868866875767708,
      "ndcg_usergroup_2": 0.0665515810251236,
      "jsd_usergroup_2": 0.04966595768928528,
      "ndcg_usergroup_3": 0.09151982516050339,
      "jsd_usergroup_3": 0.04288288950920105
    },
    "epoch_33": {
      "ndcg": 0.07102243602275848,
      "jsd": 0.04733685776591301,
      "ndcg_usergroup_1": 0.06578617542982101,
      "jsd_usergroup_1": 0.047168027609586716,
      "ndcg_usergroup_2": 0.06596071273088455,
      "jsd_usergroup_2": 0.04899070784449577,
      "ndcg_usergroup_3": 0.09144382923841476,
      "jsd_usergroup_3": 0.042544130235910416
    }
  }
}