{
  "base_recommendations": {
    "ndcg": 0.2663273811340332,
    "jsd": 0.12193825840950012,
    "ndcg_usergroup_1": 0.21388721466064453,
    "jsd_usergroup_1": 0.11441239714622498,
    "ndcg_usergroup_2": 0.256170392036438,
    "jsd_usergroup_2": 0.12063903361558914,
    "ndcg_usergroup_3": 0.34923845529556274,
    "jsd_usergroup_3": 0.13336177170276642
  },
  "postprocessed": {},
  "finetuned": {
    "epoch_1": {
      "ndcg": 0.10684220492839813,
      "jsd": 0.15587596595287323,
      "ndcg_usergroup_1": 0.10935661196708679,
      "jsd_usergroup_1": 0.13011351227760315,
      "ndcg_usergroup_2": 0.09693451225757599,
      "jsd_usergroup_2": 0.16302557289600372,
      "ndcg_usergroup_3": 0.1340508759021759,
      "jsd_usergroup_3": 0.1601896733045578
    },
    "epoch_2": {
      "ndcg": 0.14820706844329834,
      "jsd": 0.22288279235363007,
      "ndcg_usergroup_1": 0.12160148471593857,
      "jsd_usergroup_1": 0.14800125360488892,
      "ndcg_usergroup_2": 0.14302928745746613,
      "jsd_usergroup_2": 0.22524647414684296,
      "ndcg_usergroup_3": 0.19034604728221893,
      "jsd_usergroup_3": 0.29067322611808777
    },
    "epoch_5": {
      "ndcg": 0.03219616040587425,
      "jsd": 0.12261298298835754,
      "ndcg_usergroup_1": 0.03766090050339699,
      "jsd_usergroup_1": 0.10635361075401306,
      "ndcg_usergroup_2": 0.026761893182992935,
      "jsd_usergroup_2": 0.14213687181472778,
      "ndcg_usergroup_3": 0.043034233152866364,
      "jsd_usergroup_3": 0.08030065894126892
    },
    "epoch_11": {
      "ndcg": 0.019373930990695953,
      "jsd": 0.08815526962280273,
      "ndcg_usergroup_1": 0.026784265413880348,
      "jsd_usergroup_1": 0.05481290444731712,
      "ndcg_usergroup_2": 0.014799331314861774,
      "jsd_usergroup_2": 0.11010250449180603,
      "ndcg_usergroup_3": 0.02568739280104637,
      "jsd_usergroup_3": 0.055655889213085175
    },
    "epoch_15": {
      "ndcg": 0.017999760806560516,
      "jsd": 0.07650040835142136,
      "ndcg_usergroup_1": 0.014665305614471436,
      "jsd_usergroup_1": 0.0965297743678093,
      "ndcg_usergroup_2": 0.014039258472621441,
      "jsd_usergroup_2": 0.08161144703626633,
      "ndcg_usergroup_3": 0.0332157127559185,
      "jsd_usergroup_3": 0.0411379300057888
    },
    "epoch_17": {
      "ndcg": 0.018767427653074265,
      "jsd": 0.07419409602880478,
      "ndcg_usergroup_1": 0.021127836778759956,
      "jsd_usergroup_1": 0.06956098228693008,
      "ndcg_usergroup_2": 0.012140920385718346,
      "jsd_usergroup_2": 0.0867997258901596,
      "ndcg_usergroup_3": 0.03628653660416603,
      "jsd_usergroup_3": 0.041010331362485886
    },
    "epoch_19": {
      "ndcg": 0.02227073349058628,
      "jsd": 0.07244429737329483,
      "ndcg_usergroup_1": 0.01856178231537342,
      "jsd_usergroup_1": 0.07952980697154999,
      "ndcg_usergroup_2": 0.017139071598649025,
      "jsd_usergroup_2": 0.07718345522880554,
      "ndcg_usergroup_3": 0.04137466847896576,
      "jsd_usergroup_3": 0.05114131048321724
    },
    "epoch_21": {
      "ndcg": 0.03370020166039467,
      "jsd": 0.051750533282756805,
      "ndcg_usergroup_1": 0.026659710332751274,
      "jsd_usergroup_1": 0.03416533023118973,
      "ndcg_usergroup_2": 0.03052629344165325,
      "jsd_usergroup_2": 0.054126325994729996,
      "ndcg_usergroup_3": 0.050262417644262314,
      "jsd_usergroup_3": 0.062208350747823715
    },
    "epoch_23": {
      "ndcg": 0.03062339499592781,
      "jsd": 0.03361120820045471,
      "ndcg_usergroup_1": 0.024452850222587585,
      "jsd_usergroup_1": 0.036208827048540115,
      "ndcg_usergroup_2": 0.028247185051441193,
      "jsd_usergroup_2": 0.03112020157277584,
      "ndcg_usergroup_3": 0.04392257705330849,
      "jsd_usergroup_3": 0.03848661482334137
    },
    "epoch_27": {
      "ndcg": 0.03125089406967163,
      "jsd": 0.03308716043829918,
      "ndcg_usergroup_1": 0.024164816364645958,
      "jsd_usergroup_1": 0.026668844744563103,
      "ndcg_usergroup_2": 0.030114671215415,
      "jsd_usergroup_2": 0.0355808362364769,
      "ndcg_usergroup_3": 0.0417456328868866,
      "jsd_usergroup_3": 0.03202445060014725
    },
    "epoch_28": {
      "ndcg": 0.031156914308667183,
      "jsd": 0.03232093155384064,
      "ndcg_usergroup_1": 0.02421862818300724,
      "jsd_usergroup_1": 0.027843507006764412,
      "ndcg_usergroup_2": 0.028998328372836113,
      "jsd_usergroup_2": 0.0320129431784153,
      "ndcg_usergroup_3": 0.044570956379175186,
      "jsd_usergroup_3": 0.03772232308983803
    },
    "epoch_29": {
      "ndcg": 0.030900154262781143,
      "jsd": 0.0312943160533905,
      "ndcg_usergroup_1": 0.024662243202328682,
      "jsd_usergroup_1": 0.02968604303896427,
      "ndcg_usergroup_2": 0.029009152203798294,
      "jsd_usergroup_2": 0.031206950545310974,
      "ndcg_usergroup_3": 0.042811065912246704,
      "jsd_usergroup_3": 0.033164698630571365
    },
    "epoch_30": {
      "ndcg": 0.031142355874180794,
      "jsd": 0.029544921591877937,
      "ndcg_usergroup_1": 0.02425849810242653,
      "jsd_usergroup_1": 0.02783316746354103,
      "ndcg_usergroup_2": 0.02881423756480217,
      "jsd_usergroup_2": 0.027914730831980705,
      "ndcg_usergroup_3": 0.045010559260845184,
      "jsd_usergroup_3": 0.03614725172519684
    },
    "epoch_32": {
      "ndcg": 0.030244173482060432,
      "jsd": 0.028713537380099297,
      "ndcg_usergroup_1": 0.022942431271076202,
      "jsd_usergroup_1": 0.030097998678684235,
      "ndcg_usergroup_2": 0.027890333905816078,
      "jsd_usergroup_2": 0.026878299191594124,
      "ndcg_usergroup_3": 0.04460744187235832,
      "jsd_usergroup_3": 0.03283477947115898
    },
    "epoch_36": {
      "ndcg": 0.02876460738480091,
      "jsd": 0.027607031166553497,
      "ndcg_usergroup_1": 0.023684706538915634,
      "jsd_usergroup_1": 0.03397255763411522,
      "ndcg_usergroup_2": 0.025955170392990112,
      "jsd_usergroup_2": 0.02450227551162243,
      "ndcg_usergroup_3": 0.04227282106876373,
      "jsd_usergroup_3": 0.030555760487914085
    },
    "epoch_37": {
      "ndcg": 0.028448211029171944,
      "jsd": 0.027538178488612175,
      "ndcg_usergroup_1": 0.02250209078192711,
      "jsd_usergroup_1": 0.03451768308877945,
      "ndcg_usergroup_2": 0.02599850296974182,
      "jsd_usergroup_2": 0.024310806766152382,
      "ndcg_usergroup_3": 0.041743453592061996,
      "jsd_usergroup_3": 0.03024079091846943
    }
  }
}