{
  "base_recommendations": {
    "ndcg": 0.2663273811340332,
    "jsd": 0.12193825840950012,
    "ndcg_usergroup_1": 0.21388721466064453,
    "jsd_usergroup_1": 0.11441239714622498,
    "ndcg_usergroup_2": 0.256170392036438,
    "jsd_usergroup_2": 0.12063903361558914,
    "ndcg_usergroup_3": 0.34923845529556274,
    "jsd_usergroup_3": 0.13336177170276642
  },
  "postprocessed": {},
  "finetuned": {
    "epoch_1": {
      "ndcg": 0.256519615650177,
      "jsd": 0.10435613244771957,
      "ndcg_usergroup_1": 0.20881079137325287,
      "jsd_usergroup_1": 0.0948200672864914,
      "ndcg_usergroup_2": 0.24599003791809082,
      "jsd_usergroup_2": 0.10358653962612152,
      "ndcg_usergroup_3": 0.3358171582221985,
      "jsd_usergroup_3": 0.1162009984254837
    },
    "epoch_2": {
      "ndcg": 0.23748040199279785,
      "jsd": 0.09223458170890808,
      "ndcg_usergroup_1": 0.19483323395252228,
      "jsd_usergroup_1": 0.08103803545236588,
      "ndcg_usergroup_2": 0.22693784534931183,
      "jsd_usergroup_2": 0.09221676737070084,
      "ndcg_usergroup_3": 0.3117552399635315,
      "jsd_usergroup_3": 0.10348457098007202
    },
    "epoch_3": {
      "ndcg": 0.21705494821071625,
      "jsd": 0.08800866454839706,
      "ndcg_usergroup_1": 0.18392974138259888,
      "jsd_usergroup_1": 0.07646185904741287,
      "ndcg_usergroup_2": 0.2062111645936966,
      "jsd_usergroup_2": 0.09079710394144058,
      "ndcg_usergroup_3": 0.2827115058898926,
      "jsd_usergroup_3": 0.09119017422199249
    },
    "epoch_4": {
      "ndcg": 0.1992240697145462,
      "jsd": 0.08751360327005386,
      "ndcg_usergroup_1": 0.17646005749702454,
      "jsd_usergroup_1": 0.07955905050039291,
      "ndcg_usergroup_2": 0.1885288953781128,
      "jsd_usergroup_2": 0.09016703069210052,
      "ndcg_usergroup_3": 0.25407353043556213,
      "jsd_usergroup_3": 0.08750783652067184
    },
    "epoch_5": {
      "ndcg": 0.18593564629554749,
      "jsd": 0.08683443814516068,
      "ndcg_usergroup_1": 0.1665498912334442,
      "jsd_usergroup_1": 0.07980368286371231,
      "ndcg_usergroup_2": 0.17613038420677185,
      "jsd_usergroup_2": 0.08869060128927231,
      "ndcg_usergroup_3": 0.23473717272281647,
      "jsd_usergroup_3": 0.08829672634601593
    },
    "epoch_6": {
      "ndcg": 0.17948834598064423,
      "jsd": 0.08356311172246933,
      "ndcg_usergroup_1": 0.16337426006793976,
      "jsd_usergroup_1": 0.0784197673201561,
      "ndcg_usergroup_2": 0.16878189146518707,
      "jsd_usergroup_2": 0.0845450758934021,
      "ndcg_usergroup_3": 0.2277219146490097,
      "jsd_usergroup_3": 0.08576056361198425
    },
    "epoch_7": {
      "ndcg": 0.173152893781662,
      "jsd": 0.08080031722784042,
      "ndcg_usergroup_1": 0.1581084430217743,
      "jsd_usergroup_1": 0.07698015868663788,
      "ndcg_usergroup_2": 0.16185607016086578,
      "jsd_usergroup_2": 0.0814567282795906,
      "ndcg_usergroup_3": 0.2220878303050995,
      "jsd_usergroup_3": 0.08265124261379242
    },
    "epoch_8": {
      "ndcg": 0.16347016394138336,
      "jsd": 0.0783347338438034,
      "ndcg_usergroup_1": 0.1507539004087448,
      "jsd_usergroup_1": 0.07668250054121017,
      "ndcg_usergroup_2": 0.15211017429828644,
      "jsd_usergroup_2": 0.07844242453575134,
      "ndcg_usergroup_3": 0.21026641130447388,
      "jsd_usergroup_3": 0.07966388016939163
    },
    "epoch_9": {
      "ndcg": 0.15424448251724243,
      "jsd": 0.07307492196559906,
      "ndcg_usergroup_1": 0.1442190259695053,
      "jsd_usergroup_1": 0.07073590904474258,
      "ndcg_usergroup_2": 0.1432478129863739,
      "jsd_usergroup_2": 0.07322705537080765,
      "ndcg_usergroup_3": 0.19725994765758514,
      "jsd_usergroup_3": 0.07495754957199097
    },
    "epoch_10": {
      "ndcg": 0.1438453197479248,
      "jsd": 0.06951195746660233,
      "ndcg_usergroup_1": 0.136030912399292,
      "jsd_usergroup_1": 0.06779545545578003,
      "ndcg_usergroup_2": 0.1328359842300415,
      "jsd_usergroup_2": 0.06952402740716934,
      "ndcg_usergroup_3": 0.18468773365020752,
      "jsd_usergroup_3": 0.07119224220514297
    },
    "epoch_11": {
      "ndcg": 0.13282036781311035,
      "jsd": 0.0663129910826683,
      "ndcg_usergroup_1": 0.12533976137638092,
      "jsd_usergroup_1": 0.06468845158815384,
      "ndcg_usergroup_2": 0.1226552352309227,
      "jsd_usergroup_2": 0.0665997862815857,
      "ndcg_usergroup_3": 0.17079630494117737,
      "jsd_usergroup_3": 0.06707713007926941
    },
    "epoch_12": {
      "ndcg": 0.12353293597698212,
      "jsd": 0.06302663683891296,
      "ndcg_usergroup_1": 0.11791329085826874,
      "jsd_usergroup_1": 0.06332723051309586,
      "ndcg_usergroup_2": 0.115131676197052,
      "jsd_usergroup_2": 0.06311863660812378,
      "ndcg_usergroup_3": 0.15435633063316345,
      "jsd_usergroup_3": 0.06245001032948494
    },
    "epoch_13": {
      "ndcg": 0.11299099773168564,
      "jsd": 0.058876119554042816,
      "ndcg_usergroup_1": 0.10963984578847885,
      "jsd_usergroup_1": 0.058951206505298615,
      "ndcg_usergroup_2": 0.10608567297458649,
      "jsd_usergroup_2": 0.059267595410346985,
      "ndcg_usergroup_3": 0.13705813884735107,
      "jsd_usergroup_3": 0.05762657895684242
    },
    "epoch_14": {
      "ndcg": 0.1054145097732544,
      "jsd": 0.05566645413637161,
      "ndcg_usergroup_1": 0.10427271574735641,
      "jsd_usergroup_1": 0.05640772730112076,
      "ndcg_usergroup_2": 0.0990559458732605,
      "jsd_usergroup_2": 0.05644437298178673,
      "ndcg_usergroup_3": 0.12563195824623108,
      "jsd_usergroup_3": 0.05259140580892563
    },
    "epoch_15": {
      "ndcg": 0.09961286187171936,
      "jsd": 0.05285198986530304,
      "ndcg_usergroup_1": 0.10052544623613358,
      "jsd_usergroup_1": 0.05466518551111221,
      "ndcg_usergroup_2": 0.0942564383149147,
      "jsd_usergroup_2": 0.05318666622042656,
      "ndcg_usergroup_3": 0.11476951092481613,
      "jsd_usergroup_3": 0.050034765154123306
    },
    "epoch_17": {
      "ndcg": 0.10154068470001221,
      "jsd": 0.05278003588318825,
      "ndcg_usergroup_1": 0.1049661934375763,
      "jsd_usergroup_1": 0.05219869315624237,
      "ndcg_usergroup_2": 0.09574587643146515,
      "jsd_usergroup_2": 0.053765080869197845,
      "ndcg_usergroup_3": 0.11549955606460571,
      "jsd_usergroup_3": 0.05040622875094414
    },
    "epoch_18": {
      "ndcg": 0.09537970274686813,
      "jsd": 0.049928344786167145,
      "ndcg_usergroup_1": 0.09931980073451996,
      "jsd_usergroup_1": 0.05048280581831932,
      "ndcg_usergroup_2": 0.09034161269664764,
      "jsd_usergroup_2": 0.0506167970597744,
      "ndcg_usergroup_3": 0.10655384510755539,
      "jsd_usergroup_3": 0.04730851948261261
    },
    "epoch_19": {
      "ndcg": 0.09127330780029297,
      "jsd": 0.04760894924402237,
      "ndcg_usergroup_1": 0.09649816900491714,
      "jsd_usergroup_1": 0.04750564694404602,
      "ndcg_usergroup_2": 0.08670802414417267,
      "jsd_usergroup_2": 0.04801122471690178,
      "ndcg_usergroup_3": 0.09974423795938492,
      "jsd_usergroup_3": 0.04650542885065079
    },
    "epoch_20": {
      "ndcg": 0.09229884296655655,
      "jsd": 0.0472862608730793,
      "ndcg_usergroup_1": 0.09831052273511887,
      "jsd_usergroup_1": 0.04662910848855972,
      "ndcg_usergroup_2": 0.08739744126796722,
      "jsd_usergroup_2": 0.048020221292972565,
      "ndcg_usergroup_3": 0.10099136829376221,
      "jsd_usergroup_3": 0.04574153572320938
    },
    "epoch_21": {
      "ndcg": 0.08889996260404587,
      "jsd": 0.045134998857975006,
      "ndcg_usergroup_1": 0.09530102461576462,
      "jsd_usergroup_1": 0.045290302485227585,
      "ndcg_usergroup_2": 0.08429033309221268,
      "jsd_usergroup_2": 0.04536036401987076,
      "ndcg_usergroup_3": 0.0963277742266655,
      "jsd_usergroup_3": 0.04430359974503517
    },
    "epoch_22": {
      "ndcg": 0.08590423315763474,
      "jsd": 0.043707024306058884,
      "ndcg_usergroup_1": 0.09327563643455505,
      "jsd_usergroup_1": 0.044430144131183624,