{
  "base_recommendations": {
    "ndcg": 0.2663273811340332,
    "jsd": 0.12193825840950012,
    "ndcg_usergroup_1": 0.21388721466064453,
    "jsd_usergroup_1": 0.11441239714622498,
    "ndcg_usergroup_2": 0.256170392036438,
    "jsd_usergroup_2": 0.12063903361558914,
    "ndcg_usergroup_3": 0.34923845529556274,
    "jsd_usergroup_3": 0.13336177170276642
  },
  "postprocessed": {},
  "finetuned": {
    "epoch_1": {
      "ndcg": 0.22917112708091736,
      "jsd": 0.20829518139362335,
      "ndcg_usergroup_1": 0.1738206148147583,
      "jsd_usergroup_1": 0.2969230115413666,
      "ndcg_usergroup_2": 0.23595266044139862,
      "jsd_usergroup_2": 0.21402408182621002,
      "ndcg_usergroup_3": 0.26417699456214905,
      "jsd_usergroup_3": 0.10248071700334549
    },
    "epoch_2": {
      "ndcg": 0.2307247519493103,
      "jsd": 0.2366761565208435,
      "ndcg_usergroup_1": 0.1750570386648178,
      "jsd_usergroup_1": 0.31385213136672974,
      "ndcg_usergroup_2": 0.23885704576969147,
      "jsd_usergroup_2": 0.25234323740005493,
      "ndcg_usergroup_3": 0.2619955241680145,
      "jsd_usergroup_3": 0.11249876022338867
    },
    "epoch_13": {
      "ndcg": 0.03767500817775726,
      "jsd": 0.16410748660564423,
      "ndcg_usergroup_1": 0.029417309910058975,
      "jsd_usergroup_1": 0.15509189665317535,
      "ndcg_usergroup_2": 0.03188982233405113,
      "jsd_usergroup_2": 0.1655135154724121,
      "ndcg_usergroup_3": 0.06328826397657394,
      "jsd_usergroup_3": 0.16890493035316467
    },
    "epoch_14": {
      "ndcg": 0.037300508469343185,
      "jsd": 0.15050961077213287,
      "ndcg_usergroup_1": 0.030235523357987404,
      "jsd_usergroup_1": 0.1272079199552536,
      "ndcg_usergroup_2": 0.03163545951247215,
      "jsd_usergroup_2": 0.152597114443779,
      "ndcg_usergroup_3": 0.061360638588666916,
      "jsd_usergroup_3": 0.16754873096942902
    },
    "epoch_15": {
      "ndcg": 0.03462793305516243,
      "jsd": 0.12808868288993835,
      "ndcg_usergroup_1": 0.02566412277519703,
      "jsd_usergroup_1": 0.10657013952732086,
      "ndcg_usergroup_2": 0.02911178395152092,
      "jsd_usergroup_2": 0.12650194764137268,
      "ndcg_usergroup_3": 0.06014019250869751,
      "jsd_usergroup_3": 0.15436746180057526
    },
    "epoch_16": {
      "ndcg": 0.03416672721505165,
      "jsd": 0.11371768265962601,
      "ndcg_usergroup_1": 0.025667304173111916,
      "jsd_usergroup_1": 0.09425776451826096,
      "ndcg_usergroup_2": 0.028341233730316162,
      "jsd_usergroup_2": 0.10895900428295135,
      "ndcg_usergroup_3": 0.06014261767268181,
      "jsd_usergroup_3": 0.1474536657333374
    },
    "epoch_17": {
      "ndcg": 0.03301255404949188,
      "jsd": 0.10231327265501022,
      "ndcg_usergroup_1": 0.022934680804610252,
      "jsd_usergroup_1": 0.07836839556694031,
      "ndcg_usergroup_2": 0.027584506198763847,
      "jsd_usergroup_2": 0.09638086706399918,
      "ndcg_usergroup_3": 0.05937456339597702,
      "jsd_usergroup_3": 0.14405539631843567
    },
    "epoch_19": {
      "ndcg": 0.032561931759119034,
      "jsd": 0.09592916071414948,
      "ndcg_usergroup_1": 0.02198830619454384,
      "jsd_usergroup_1": 0.06622195243835449,
      "ndcg_usergroup_2": 0.026992591097950935,
      "jsd_usergroup_2": 0.08772212266921997,
      "ndcg_usergroup_3": 0.059843581169843674,
      "jsd_usergroup_3": 0.15025745332241058
    },
    "epoch_20": {
      "ndcg": 0.03267914801836014,
      "jsd": 0.0926603302359581,
      "ndcg_usergroup_1": 0.022100815549492836,
      "jsd_usergroup_1": 0.06378597021102905,
      "ndcg_usergroup_2": 0.027228474617004395,
      "jsd_usergroup_2": 0.08249340951442719,
      "ndcg_usergroup_3": 0.05960950627923012,
      "jsd_usergroup_3": 0.15203547477722168
    },
    "epoch_21": {
      "ndcg": 0.03214573115110397,
      "jsd": 0.08691000193357468,
      "ndcg_usergroup_1": 0.020959509536623955,
      "jsd_usergroup_1": 0.04912896826863289,
      "ndcg_usergroup_2": 0.026867864653468132,
      "jsd_usergroup_2": 0.07915569096803665,
      "ndcg_usergroup_3": 0.05916554853320122,
      "jsd_usergroup_3": 0.14795391261577606
    },
    "epoch_23": {
      "ndcg": 0.03175053372979164,
      "jsd": 0.08592980355024338,
      "ndcg_usergroup_1": 0.01977129466831684,
      "jsd_usergroup_1": 0.04203256219625473,
      "ndcg_usergroup_2": 0.02654195949435234,
      "jsd_usergroup_2": 0.07737383246421814,
      "ndcg_usergroup_3": 0.05935549736022949,
      "jsd_usergroup_3": 0.15549492835998535
    },
    "epoch_24": {
      "ndcg": 0.032035745680332184,
      "jsd": 0.08531136810779572,
      "ndcg_usergroup_1": 0.020732756704092026,
      "jsd_usergroup_1": 0.042716097086668015,
      "ndcg_usergroup_2": 0.02666325308382511,
      "jsd_usergroup_2": 0.07659824192523956,
      "ndcg_usergroup_3": 0.05945620685815811,
      "jsd_usergroup_3": 0.15404602885246277
    },
    "epoch_28": {
      "ndcg": 0.03180483356118202,
      "jsd": 0.08477456122636795,
      "ndcg_usergroup_1": 0.0195390023291111,
      "jsd_usergroup_1": 0.03679266199469566,
      "ndcg_usergroup_2": 0.02661992609500885,
      "jsd_usergroup_2": 0.07753007858991623,
      "ndcg_usergroup_3": 0.059625398367643356,
      "jsd_usergroup_3": 0.1544899344444275
    },
    "epoch_31": {
      "ndcg": 0.031734321266412735,
      "jsd": 0.08410920202732086,
      "ndcg_usergroup_1": 0.01937469281256199,
      "jsd_usergroup_1": 0.033116601407527924,
      "ndcg_usergroup_2": 0.02663576975464821,
      "jsd_usergroup_2": 0.07647155970335007,
      "ndcg_usergroup_3": 0.059389594942331314,
      "jsd_usergroup_3": 0.158014714717865
    },
    "epoch_38": {
      "ndcg": 0.031876903027296066,
      "jsd": 0.07921475172042847,
      "ndcg_usergroup_1": 0.01925770565867424,
      "jsd_usergroup_1": 0.03487120196223259,
      "ndcg_usergroup_2": 0.026660842821002007,
      "jsd_usergroup_2": 0.07165161520242691,
      "ndcg_usergroup_3": 0.06014428660273552,
      "jsd_usergroup_3": 0.14624765515327454
    }
  }
}