{
  "base_recommendations": {
    "ndcg": 0.2663273811340332,
    "jsd": 0.12193825840950012,
    "ndcg_usergroup_1": 0.21388721466064453,
    "jsd_usergroup_1": 0.11441239714622498,
    "ndcg_usergroup_2": 0.256170392036438,
    "jsd_usergroup_2": 0.12063903361558914,
    "ndcg_usergroup_3": 0.34923845529556274,
    "jsd_usergroup_3": 0.13336177170276642
  },
  "postprocessed": {},
  "finetuned": {
    "epoch_1": {
      "ndcg": 0.2549358010292053,
      "jsd": 0.10275032371282578,
      "ndcg_usergroup_1": 0.2087647169828415,
      "jsd_usergroup_1": 0.09568176418542862,
      "ndcg_usergroup_2": 0.24432659149169922,
      "jsd_usergroup_2": 0.1018344983458519,
      "ndcg_usergroup_3": 0.33293449878692627,
      "jsd_usergroup_3": 0.11256634443998337
    },
    "epoch_2": {
      "ndcg": 0.2341812700033188,
      "jsd": 0.09067446738481522,
      "ndcg_usergroup_1": 0.19563014805316925,
      "jsd_usergroup_1": 0.08262964338064194,
      "ndcg_usergroup_2": 0.22375774383544922,
      "jsd_usergroup_2": 0.09121564030647278,
      "ndcg_usergroup_3": 0.3040027916431427,
      "jsd_usergroup_3": 0.0970957949757576
    },
    "epoch_3": {
      "ndcg": 0.21274802088737488,
      "jsd": 0.08802372962236404,
      "ndcg_usergroup_1": 0.18439148366451263,
      "jsd_usergroup_1": 0.07961764186620712,
      "ndcg_usergroup_2": 0.2019549161195755,
      "jsd_usergroup_2": 0.09017162770032883,
      "ndcg_usergroup_3": 0.2734839618206024,
      "jsd_usergroup_3": 0.08998618274927139
    },
    "epoch_4": {
      "ndcg": 0.19687767326831818,
      "jsd": 0.08688011020421982,
      "ndcg_usergroup_1": 0.1777689903974533,
      "jsd_usergroup_1": 0.08131829649209976,
      "ndcg_usergroup_2": 0.18700861930847168,
      "jsd_usergroup_2": 0.08809937536716461,
      "ndcg_usergroup_3": 0.24559344351291656,
      "jsd_usergroup_3": 0.08878417313098907
    },
    "epoch_5": {
      "ndcg": 0.18722787499427795,
      "jsd": 0.08613380789756775,
      "ndcg_usergroup_1": 0.17480945587158203,
      "jsd_usergroup_1": 0.0821252167224884,
      "ndcg_usergroup_2": 0.17732839286327362,
      "jsd_usergroup_2": 0.08641202002763748,
      "ndcg_usergroup_3": 0.22934460639953613,
      "jsd_usergroup_3": 0.08930770307779312
    },
    "epoch_6": {
      "ndcg": 0.18011727929115295,
      "jsd": 0.08327902853488922,
      "ndcg_usergroup_1": 0.17068131268024445,
      "jsd_usergroup_1": 0.08292815834283829,
      "ndcg_usergroup_2": 0.16983170807361603,
      "jsd_usergroup_2": 0.08245078474283218,
      "ndcg_usergroup_3": 0.2204100787639618,
      "jsd_usergroup_3": 0.08611463010311127
    },
    "epoch_7": {
      "ndcg": 0.1727706640958786,
      "jsd": 0.07914663106203079,
      "ndcg_usergroup_1": 0.163995623588562,
      "jsd_usergroup_1": 0.08124125003814697,
      "ndcg_usergroup_2": 0.16332605481147766,
      "jsd_usergroup_2": 0.07820316404104233,
      "ndcg_usergroup_3": 0.2098795622587204,
      "jsd_usergroup_3": 0.07988240569829941
    },
    "epoch_8": {
      "ndcg": 0.16223256289958954,
      "jsd": 0.07559456676244736,
      "ndcg_usergroup_1": 0.1561918407678604,
      "jsd_usergroup_1": 0.07758273184299469,
      "ndcg_usergroup_2": 0.15285423398017883,
      "jsd_usergroup_2": 0.07524506002664566,
      "ndcg_usergroup_3": 0.19640827178955078,
      "jsd_usergroup_3": 0.07465487718582153
    },
    "epoch_9": {
      "ndcg": 0.15413367748260498,
      "jsd": 0.07083892077207565,
      "ndcg_usergroup_1": 0.1488228142261505,
      "jsd_usergroup_1": 0.07290740311145782,
      "ndcg_usergroup_2": 0.14569583535194397,
      "jsd_usergroup_2": 0.07056815922260284,
      "ndcg_usergroup_3": 0.1847579926252365,
      "jsd_usergroup_3": 0.0695827305316925
    },
    "epoch_10": {
      "ndcg": 0.1451755166053772,
      "jsd": 0.06692170351743698,
      "ndcg_usergroup_1": 0.1421348601579666,
      "jsd_usergroup_1": 0.06760651618242264,
      "ndcg_usergroup_2": 0.1371205449104309,
      "jsd_usergroup_2": 0.06738363951444626,
      "ndcg_usergroup_3": 0.17238113284111023,
      "jsd_usergroup_3": 0.0648510605096817
    },
    "epoch_12": {
      "ndcg": 0.14602960646152496,
      "jsd": 0.06536303460597992,
      "ndcg_usergroup_1": 0.14482641220092773,
      "jsd_usergroup_1": 0.0663340762257576,
      "ndcg_usergroup_2": 0.13781310617923737,
      "jsd_usergroup_2": 0.06559380143880844,
      "ndcg_usergroup_3": 0.1718822419643402,
      "jsd_usergroup_3": 0.06369968503713608
    },
    "epoch_13": {
      "ndcg": 0.13841558992862701,
      "jsd": 0.06313562393188477,
      "ndcg_usergroup_1": 0.13988450169563293,
      "jsd_usergroup_1": 0.06599815934896469,
      "ndcg_usergroup_2": 0.1315719187259674,
      "jsd_usergroup_2": 0.06326482445001602,
      "ndcg_usergroup_3": 0.15747767686843872,
      "jsd_usergroup_3": 0.05988547205924988
    },
    "epoch_14": {
      "ndcg": 0.13297100365161896,
      "jsd": 0.06048814579844475,
      "ndcg_usergroup_1": 0.13739199936389923,
      "jsd_usergroup_1": 0.06147776171565056,
      "ndcg_usergroup_2": 0.12628668546676636,
      "jsd_usergroup_2": 0.060544636100530624,
      "ndcg_usergroup_3": 0.14860297739505768,
      "jsd_usergroup_3": 0.059329040348529816
    },
    "epoch_15": {
      "ndcg": 0.12894964218139648,
      "jsd": 0.05847332254052162,
      "ndcg_usergroup_1": 0.13500170409679413,
      "jsd_usergroup_1": 0.06091506779193878,
      "ndcg_usergroup_2": 0.12282712757587433,
      "jsd_usergroup_2": 0.05834954231977463,
      "ndcg_usergroup_3": 0.14126509428024292,
      "jsd_usergroup_3": 0.05640292167663574
    },
    "epoch_16": {
      "ndcg": 0.12377940863370895,
      "jsd": 0.05678676813840866,
      "ndcg_usergroup_1": 0.13318093121051788,
      "jsd_usergroup_1": 0.05874943733215332,
      "ndcg_usergroup_2": 0.11785662174224854,
      "jsd_usergroup_2": 0.05671742931008339,
      "ndcg_usergroup_3": 0.13214623928070068,
      "jsd_usergroup_3": 0.05503207817673683
    },
    "epoch_17": {
      "ndcg": 0.11946603655815125,
      "jsd": 0.05554960295557976,
      "ndcg_usergroup_1": 0.1301741898059845,
      "jsd_usergroup_1": 0.05786753073334694,
      "ndcg_usergroup_2": 0.11411356925964355,
      "jsd_usergroup_2": 0.05545542761683464,
      "ndcg_usergroup_3": 0.12481525540351868,
      "jsd_usergroup_3": 0.05351416394114494
    },
    "epoch_18": {
      "ndcg": 0.11917419731616974,
      "jsd": 0.055509913712739944,
      "ndcg_usergroup_1": 0.1313738077878952,
      "jsd_usergroup_1": 0.05697202309966087,
      "ndcg_usergroup_2": 0.1138533353805542,
      "jsd_usergroup_2": 0.05592343583703041,
      "ndcg_usergroup_3": 0.1229371577501297,
      "jsd_usergroup_3": 0.05280725657939911
    },
    "epoch_19": {
      "ndcg": 0.11489409953355789,
      "jsd": 0.05425384268164635,
      "ndcg_usergroup_1": 0.1292947232723236,
      "jsd_usergroup_1": 0.05624305084347725,
      "ndcg_usergroup_2": 0.10973499715328217,
      "jsd_usergroup_2": 0.05433258041739464,
      "ndcg_usergroup_3": 0.11597081273794174,
      "jsd_usergroup_3": 0.05202842503786087
    },
    "epoch_21": {
      "ndcg": 0.11355721205472946,
      "jsd": 0.05311514437198639,
      "ndcg_usergroup_1": 0.13088302314281464,
      "jsd_usergroup_1": 0.05576379969716072,
      "ndcg_usergroup_2": 0.10863445699214935,
      "jsd_usergroup_2": 0.053323667496442795,
      "ndcg_usergroup_3": 0.11099960654973984,
      "jsd_usergroup_3": 0.04984091594815254
    },
    "epoch_22": {
      "ndcg": 0.11120925098657608,
      "jsd": 0.05268632620573044,
      "ndcg_usergroup_1": 0.13034799695014954,
      "jsd_usergroup_1": 0.055648937821388245,
      "ndcg_usergroup_2": 0.10627353936433792,
      "jsd_usergroup_2": 0.05276424065232277,
      "ndcg_usergroup_3": 0.10687758773565292,
      "jsd_usergroup_3": 0.049489982426166534
    },
    "epoch_23": {
      "ndcg": 0.10825769603252411,
      "jsd": 0.05209945887327194,
      "ndcg_usergroup_1": 0.12798461318016052,
      "jsd_usergroup_1": 0.055268242955207825,