{
  "base_recommendations": {
    "ndcg": 0.2663273811340332,
    "jsd": 0.12193825840950012,
    "ndcg_usergroup_1": 0.21388721466064453,
    "jsd_usergroup_1": 0.11441239714622498,
    "ndcg_usergroup_2": 0.256170392036438,
    "jsd_usergroup_2": 0.12063903361558914,
    "ndcg_usergroup_3": 0.34923845529556274,
    "jsd_usergroup_3": 0.13336177170276642
  },
  "postprocessed": {},
  "finetuned": {
    "epoch_1": {
      "ndcg": 0.1534920185804367,
      "jsd": 0.14247095584869385,
      "ndcg_usergroup_1": 0.09625347703695297,
      "jsd_usergroup_1": 0.19020137190818787,
      "ndcg_usergroup_2": 0.1453118622303009,
      "jsd_usergroup_2": 0.14024734497070312,
      "ndcg_usergroup_3": 0.23527108132839203,
      "jsd_usergroup_3": 0.10141139477491379
    },
    "epoch_2": {
      "ndcg": 0.14217081665992737,
      "jsd": 0.10108602046966553,
      "ndcg_usergroup_1": 0.12604746222496033,
      "jsd_usergroup_1": 0.09380709379911423,
      "ndcg_usergroup_2": 0.13539119064807892,
      "jsd_usergroup_2": 0.10334176570177078,
      "ndcg_usergroup_3": 0.17863307893276215,
      "jsd_usergroup_3": 0.10159769654273987
    },
    "epoch_14": {
      "ndcg": 0.04388611763715744,
      "jsd": 0.08982796967029572,
      "ndcg_usergroup_1": 0.05128318443894386,
      "jsd_usergroup_1": 0.09299852699041367,
      "ndcg_usergroup_2": 0.039554107934236526,
      "jsd_usergroup_2": 0.10099794715642929,
      "ndcg_usergroup_3": 0.04948509857058525,
      "jsd_usergroup_3": 0.053147461265325546
    },
    "epoch_16": {
      "ndcg": 0.033970825374126434,
      "jsd": 0.056955303996801376,
      "ndcg_usergroup_1": 0.04214171692728996,
      "jsd_usergroup_1": 0.0683114230632782,
      "ndcg_usergroup_2": 0.02740476466715336,
      "jsd_usergroup_2": 0.057382263243198395,
      "ndcg_usergroup_3": 0.04549810662865639,
      "jsd_usergroup_3": 0.0443183109164238
    },
    "epoch_18": {
      "ndcg": 0.029733670875430107,
      "jsd": 0.04012678936123848,
      "ndcg_usergroup_1": 0.0361909419298172,
      "jsd_usergroup_1": 0.060036059468984604,
      "ndcg_usergroup_2": 0.02430019900202751,
      "jsd_usergroup_2": 0.03444116935133934,
      "ndcg_usergroup_3": 0.03957680985331535,
      "jsd_usergroup_3": 0.03727435693144798
    },
    "epoch_20": {
      "ndcg": 0.02865859866142273,
      "jsd": 0.03183835744857788,
      "ndcg_usergroup_1": 0.03314473107457161,
      "jsd_usergroup_1": 0.029895277693867683,
      "ndcg_usergroup_2": 0.023372624069452286,
      "jsd_usergroup_2": 0.03185376524925232,
      "ndcg_usergroup_3": 0.04003036394715309,
      "jsd_usergroup_3": 0.033735211938619614
    },
    "epoch_21": {
      "ndcg": 0.026960158720612526,
      "jsd": 0.03136976808309555,
      "ndcg_usergroup_1": 0.026094088330864906,
      "jsd_usergroup_1": 0.03396889939904213,
      "ndcg_usergroup_2": 0.022895662114024162,
      "jsd_usergroup_2": 0.030842943117022514,
      "ndcg_usergroup_3": 0.04001971706748009,
      "jsd_usergroup_3": 0.030351094901561737
    },
    "epoch_22": {
      "ndcg": 0.029089951887726784,
      "jsd": 0.03090481646358967,
      "ndcg_usergroup_1": 0.02826518937945366,
      "jsd_usergroup_1": 0.0343303382396698,
      "ndcg_usergroup_2": 0.0247456394135952,
      "jsd_usergroup_2": 0.02968991920351982,
      "ndcg_usergroup_3": 0.04294765740633011,
      "jsd_usergroup_3": 0.03112398460507393
    },
    "epoch_23": {
      "ndcg": 0.027227196842432022,
      "jsd": 0.02369961328804493,
      "ndcg_usergroup_1": 0.027632663026452065,
      "jsd_usergroup_1": 0.02411799319088459,
      "ndcg_usergroup_2": 0.022343730553984642,
      "jsd_usergroup_2": 0.021392982453107834,
      "ndcg_usergroup_3": 0.041472144424915314,
      "jsd_usergroup_3": 0.03020111843943596
    },
    "epoch_33": {
      "ndcg": 0.027768390253186226,
      "jsd": 0.02289721742272377,
      "ndcg_usergroup_1": 0.018989672884345055,
      "jsd_usergroup_1": 0.022497868165373802,
      "ndcg_usergroup_2": 0.02369028329849243,
      "jsd_usergroup_2": 0.01817706786096096,
      "ndcg_usergroup_3": 0.04878142103552818,
      "jsd_usergroup_3": 0.03745700418949127
    },
    "epoch_35": {
      "ndcg": 0.026226256042718887,
      "jsd": 0.022270463407039642,
      "ndcg_usergroup_1": 0.015068638138473034,
      "jsd_usergroup_1": 0.023595506325364113,
      "ndcg_usergroup_2": 0.022121112793684006,
      "jsd_usergroup_2": 0.01657101698219776,
      "ndcg_usergroup_3": 0.049699295312166214,
      "jsd_usergroup_3": 0.038043756037950516
    },
    "epoch_37": {
      "ndcg": 0.0268087200820446,
      "jsd": 0.022122874855995178,
      "ndcg_usergroup_1": 0.016301406547427177,
      "jsd_usergroup_1": 0.01917288638651371,
      "ndcg_usergroup_2": 0.023399142548441887,
      "jsd_usergroup_2": 0.01790950633585453,
      "ndcg_usergroup_3": 0.04754476249217987,
      "jsd_usergroup_3": 0.03771297633647919
    },
    "epoch_39": {
      "ndcg": 0.026862354949116707,
      "jsd": 0.021178416907787323,
      "ndcg_usergroup_1": 0.015453196130692959,
      "jsd_usergroup_1": 0.018499888479709625,
      "ndcg_usergroup_2": 0.02366533689200878,
      "jsd_usergroup_2": 0.016866035759449005,
      "ndcg_usergroup_3": 0.04786257445812225,
      "jsd_usergroup_3": 0.03679409250617027
    },
    "epoch_41": {
      "ndcg": 0.026697050780057907,
      "jsd": 0.019755199551582336,
      "ndcg_usergroup_1": 0.01487104780972004,
      "jsd_usergroup_1": 0.018027516081929207,
      "ndcg_usergroup_2": 0.02345559187233448,
      "jsd_usergroup_2": 0.016267064958810806,
      "ndcg_usergroup_3": 0.048247430473566055,
      "jsd_usergroup_3": 0.031947288662195206
    }
  }
}