{
  "base_recommendations": {
    "ndcg": 0.2663273811340332,
    "jsd": 0.12193825840950012,
    "ndcg_usergroup_1": 0.21388721466064453,
    "jsd_usergroup_1": 0.11441239714622498,
    "ndcg_usergroup_2": 0.256170392036438,
    "jsd_usergroup_2": 0.12063903361558914,
    "ndcg_usergroup_3": 0.34923845529556274,
    "jsd_usergroup_3": 0.13336177170276642
  },
  "postprocessed": {},
  "finetuned": {
    "epoch_1": {
      "ndcg": 0.1987432837486267,
      "jsd": 0.09454350918531418,
      "ndcg_usergroup_1": 0.1679636389017105,
      "jsd_usergroup_1": 0.079922154545784,
      "ndcg_usergroup_2": 0.18707552552223206,
      "jsd_usergroup_2": 0.09944671392440796,
      "ndcg_usergroup_3": 0.2645260989665985,
      "jsd_usergroup_3": 0.09445520490407944
    },
    "epoch_2": {
      "ndcg": 0.17279352247714996,
      "jsd": 0.07563470304012299,
      "ndcg_usergroup_1": 0.16077455878257751,
      "jsd_usergroup_1": 0.06981813162565231,
      "ndcg_usergroup_2": 0.16382920742034912,
      "jsd_usergroup_2": 0.07578976452350616,
      "ndcg_usergroup_3": 0.21170538663864136,
      "jsd_usergroup_3": 0.08098608255386353
    },
    "epoch_3": {
      "ndcg": 0.14978884160518646,
      "jsd": 0.06591742485761642,
      "ndcg_usergroup_1": 0.12704432010650635,
      "jsd_usergroup_1": 0.07002152502536774,
      "ndcg_usergroup_2": 0.13736294209957123,
      "jsd_usergroup_2": 0.06704362481832504,
      "ndcg_usergroup_3": 0.2098110467195511,
      "jsd_usergroup_3": 0.05843473970890045
    },
    "epoch_4": {
      "ndcg": 0.12428722530603409,
      "jsd": 0.05801839381456375,
      "ndcg_usergroup_1": 0.11668054759502411,
      "jsd_usergroup_1": 0.05633123591542244,
      "ndcg_usergroup_2": 0.11426077038049698,
      "jsd_usergroup_2": 0.05840218812227249,
      "ndcg_usergroup_3": 0.1619732826948166,
      "jsd_usergroup_3": 0.058554161339998245
    },
    "epoch_5": {
      "ndcg": 0.11287155002355576,
      "jsd": 0.054901983588933945,
      "ndcg_usergroup_1": 0.10368950664997101,
      "jsd_usergroup_1": 0.055899109691381454,
      "ndcg_usergroup_2": 0.10309936106204987,
      "jsd_usergroup_2": 0.05558504909276962,
      "ndcg_usergroup_3": 0.151370108127594,
      "jsd_usergroup_3": 0.05185566842556
    },
    "epoch_6": {
      "ndcg": 0.10990046709775925,
      "jsd": 0.052824363112449646,
      "ndcg_usergroup_1": 0.10608965158462524,
      "jsd_usergroup_1": 0.049146924167871475,
      "ndcg_usergroup_2": 0.10029502958059311,
      "jsd_usergroup_2": 0.05442125350236893,
      "ndcg_usergroup_3": 0.14252759516239166,
      "jsd_usergroup_3": 0.05171111226081848
    },
    "epoch_7": {
      "ndcg": 0.10366874188184738,
      "jsd": 0.04993075132369995,
      "ndcg_usergroup_1": 0.10496675223112106,
      "jsd_usergroup_1": 0.04691137373447418,
      "ndcg_usergroup_2": 0.09556832164525986,
      "jsd_usergroup_2": 0.05151848867535591,
      "ndcg_usergroup_3": 0.12667196989059448,
      "jsd_usergroup_3": 0.048186879605054855
    },
    "epoch_9": {
      "ndcg": 0.09679826349020004,
      "jsd": 0.048786066472530365,
      "ndcg_usergroup_1": 0.10046832263469696,
      "jsd_usergroup_1": 0.04360366240143776,
      "ndcg_usergroup_2": 0.08916010707616806,
      "jsd_usergroup_2": 0.05137322098016739,
      "ndcg_usergroup_3": 0.11604269593954086,
      "jsd_usergroup_3": 0.0462069995701313
    },
    "epoch_10": {
      "ndcg": 0.0973021388053894,
      "jsd": 0.04841378331184387,
      "ndcg_usergroup_1": 0.10163833945989609,
      "jsd_usergroup_1": 0.04426220804452896,
      "ndcg_usergroup_2": 0.08987081795930862,
      "jsd_usergroup_2": 0.05078406259417534,
      "ndcg_usergroup_3": 0.11525985598564148,
      "jsd_usergroup_3": 0.04545452445745468
    },
    "epoch_11": {
      "ndcg": 0.09485895931720734,
      "jsd": 0.047263313084840775,
      "ndcg_usergroup_1": 0.10367260128259659,
      "jsd_usergroup_1": 0.041042979806661606,
      "ndcg_usergroup_2": 0.08750421553850174,
      "jsd_usergroup_2": 0.05035862326622009,
      "ndcg_usergroup_3": 0.10810957849025726,
      "jsd_usergroup_3": 0.044197726994752884
    },
    "epoch_12": {
      "ndcg": 0.09466602653265,
      "jsd": 0.046816784888505936,
      "ndcg_usergroup_1": 0.10475944727659225,
      "jsd_usergroup_1": 0.03972462937235832,
      "ndcg_usergroup_2": 0.08713605254888535,
      "jsd_usergroup_2": 0.049993131309747696,
      "ndcg_usergroup_3": 0.1071624904870987,
      "jsd_usergroup_3": 0.04437990486621857
    },
    "epoch_13": {
      "ndcg": 0.09354377537965775,
      "jsd": 0.04590823873877525,
      "ndcg_usergroup_1": 0.10273480415344238,
      "jsd_usergroup_1": 0.03839553892612457,
      "ndcg_usergroup_2": 0.08652167022228241,
      "jsd_usergroup_2": 0.04907853901386261,
      "ndcg_usergroup_3": 0.10541899502277374,
      "jsd_usergroup_3": 0.04391006752848625
    },
    "epoch_14": {
      "ndcg": 0.0942317545413971,
      "jsd": 0.045752253383398056,
      "ndcg_usergroup_1": 0.10496342927217484,
      "jsd_usergroup_1": 0.039103105664253235,
      "ndcg_usergroup_2": 0.08695020526647568,
      "jsd_usergroup_2": 0.04886835068464279,
      "ndcg_usergroup_3": 0.10534471273422241,
      "jsd_usergroup_3": 0.043053075671195984
    },
    "epoch_16": {
      "ndcg": 0.08995282649993896,
      "jsd": 0.04565797746181488,
      "ndcg_usergroup_1": 0.10404504090547562,
      "jsd_usergroup_1": 0.038376811891794205,
      "ndcg_usergroup_2": 0.08284052461385727,
      "jsd_usergroup_2": 0.04914219304919243,
      "ndcg_usergroup_3": 0.09719754755496979,
      "jsd_usergroup_3": 0.04248648136854172
    },
    "epoch_17": {
      "ndcg": 0.08989619463682175,
      "jsd": 0.043874070048332214,
      "ndcg_usergroup_1": 0.10444711893796921,
      "jsd_usergroup_1": 0.03726276010274887,
      "ndcg_usergroup_2": 0.08303355425596237,
      "jsd_usergroup_2": 0.04670756682753563,
      "ndcg_usergroup_3": 0.09593314677476883,
      "jsd_usergroup_3": 0.0419849194586277
    },
    "epoch_19": {
      "ndcg": 0.0884556844830513,
      "jsd": 0.043492767959833145,
      "ndcg_usergroup_1": 0.10566607117652893,
      "jsd_usergroup_1": 0.03518248721957207,
      "ndcg_usergroup_2": 0.08185648173093796,
      "jsd_usergroup_2": 0.04673415794968605,
      "ndcg_usergroup_3": 0.09104292839765549,
      "jsd_usergroup_3": 0.04207887500524521
    },
    "epoch_21": {
      "ndcg": 0.08696527034044266,
      "jsd": 0.04296617954969406,
      "ndcg_usergroup_1": 0.1023905947804451,
      "jsd_usergroup_1": 0.03515049070119858,
      "ndcg_usergroup_2": 0.08067004382610321,
      "jsd_usergroup_2": 0.046070799231529236,
      "ndcg_usergroup_3": 0.09042559564113617,
      "jsd_usergroup_3": 0.04146800935268402
    },
    "epoch_23": {
      "ndcg": 0.08589999377727509,
      "jsd": 0.04284554719924927,
      "ndcg_usergroup_1": 0.10091453045606613,
      "jsd_usergroup_1": 0.035459548234939575,
      "ndcg_usergroup_2": 0.07946769148111343,
      "jsd_usergroup_2": 0.04550471529364586,
      "ndcg_usergroup_3": 0.0901823341846466,
      "jsd_usergroup_3": 0.042254041880369186
    },
    "epoch_28": {
      "ndcg": 0.08146251738071442,
      "jsd": 0.042801614850759506,
      "ndcg_usergroup_1": 0.09802825003862381,
      "jsd_usergroup_1": 0.03537809103727341,
      "ndcg_usergroup_2": 0.07510137557983398,
      "jsd_usergroup_2": 0.04579105228185654,
      "ndcg_usergroup_3": 0.08398021012544632,
      "jsd_usergroup_3": 0.04125683009624481
    },
    "epoch_30": {
      "ndcg": 0.07874628156423569,
      "jsd": 0.04227330908179283,
      "ndcg_usergroup_1": 0.0964803397655487,
      "jsd_usergroup_1": 0.03523803874850273,
      "ndcg_usergroup_2": 0.07258262485265732,
      "jsd_usergroup_2": 0.04525752738118172,
      "ndcg_usergroup_3": 0.07950317859649658,
      "jsd_usergroup_3": 0.040355924516916275
    },
    "epoch_34": {
      "ndcg": 0.07780753821134567,
      "jsd": 0.04203299805521965,
      "ndcg_usergroup_1": 0.09489062428474426,