{
  "base_recommendations": {
    "ndcg": 0.2663273811340332,
    "jsd": 0.12193825840950012,
    "ndcg_usergroup_1": 0.21388721466064453,
    "jsd_usergroup_1": 0.11441239714622498,
    "ndcg_usergroup_2": 0.256170392036438,
    "jsd_usergroup_2": 0.12063903361558914,
    "ndcg_usergroup_3": 0.34923845529556274,
    "jsd_usergroup_3": 0.13336177170276642
  },
  "postprocessed": {},
  "finetuned": {
    "epoch_1": {
      "ndcg": 0.09364737570285797,
      "jsd": 0.21558183431625366,
      "ndcg_usergroup_1": 0.09523319453001022,
      "jsd_usergroup_1": 0.15702350437641144,
      "ndcg_usergroup_2": 0.08091678470373154,
      "jsd_usergroup_2": 0.2301655262708664,
      "ndcg_usergroup_3": 0.13025327026844025,
      "jsd_usergroup_3": 0.23038910329341888
    },
    "epoch_2": {
      "ndcg": 0.15262731909751892,
      "jsd": 0.13222000002861023,
      "ndcg_usergroup_1": 0.10266271233558655,
      "jsd_usergroup_1": 0.08523450791835785,
      "ndcg_usergroup_2": 0.14587514102458954,
      "jsd_usergroup_2": 0.1283607929944992,
      "ndcg_usergroup_3": 0.22284850478172302,
      "jsd_usergroup_3": 0.1907830685377121
    },
    "epoch_4": {
      "ndcg": 0.06929412484169006,
      "jsd": 0.06663479655981064,
      "ndcg_usergroup_1": 0.06786207854747772,
      "jsd_usergroup_1": 0.07001166045665741,
      "ndcg_usergroup_2": 0.067878857254982,
      "jsd_usergroup_2": 0.06307636946439743,
      "ndcg_usergroup_3": 0.07497196644544601,
      "jsd_usergroup_3": 0.07393323630094528
    },
    "epoch_6": {
      "ndcg": 0.050591204315423965,
      "jsd": 0.03872554749250412,
      "ndcg_usergroup_1": 0.05170216038823128,
      "jsd_usergroup_1": 0.04739328846335411,
      "ndcg_usergroup_2": 0.04767540469765663,
      "jsd_usergroup_2": 0.03508004918694496,
      "ndcg_usergroup_3": 0.05822762846946716,
      "jsd_usergroup_3": 0.0409943051636219
    },
    "epoch_8": {
      "ndcg": 0.04988488182425499,
      "jsd": 0.03580811247229576,
      "ndcg_usergroup_1": 0.04864393174648285,
      "jsd_usergroup_1": 0.041451435536146164,
      "ndcg_usergroup_2": 0.04615267366170883,
      "jsd_usergroup_2": 0.03165016695857048,
      "ndcg_usergroup_3": 0.06232244148850441,
      "jsd_usergroup_3": 0.0426386334002018
    },
    "epoch_19": {
      "ndcg": 0.023266976699233055,
      "jsd": 0.02966657094657421,
      "ndcg_usergroup_1": 0.019930271431803703,
      "jsd_usergroup_1": 0.02640177682042122,
      "ndcg_usergroup_2": 0.01907733827829361,
      "jsd_usergroup_2": 0.02692396007478237,
      "ndcg_usergroup_3": 0.03917259722948074,
      "jsd_usergroup_3": 0.04115918651223183
    },
    "epoch_20": {
      "ndcg": 0.02396952174603939,
      "jsd": 0.026343965902924538,
      "ndcg_usergroup_1": 0.017326414585113525,
      "jsd_usergroup_1": 0.021147258579730988,
      "ndcg_usergroup_2": 0.01992993988096714,
      "jsd_usergroup_2": 0.02132231742143631,
      "ndcg_usergroup_3": 0.04273136705160141,
      "jsd_usergroup_3": 0.04660561680793762
    }
  }
}