{
  "base_recommendations": {
    "ndcg": 0.2663273811340332,
    "jsd": 0.12193825840950012,
    "ndcg_usergroup_1": 0.21388721466064453,
    "jsd_usergroup_1": 0.11441239714622498,
    "ndcg_usergroup_2": 0.256170392036438,
    "jsd_usergroup_2": 0.12063903361558914,
    "ndcg_usergroup_3": 0.34923845529556274,
    "jsd_usergroup_3": 0.13336177170276642
  },
  "postprocessed": {},
  "finetuned": {
    "epoch_1": {
      "ndcg": 0.12264509499073029,
      "jsd": 0.15158121287822723,
      "ndcg_usergroup_1": 0.09665150940418243,
      "jsd_usergroup_1": 0.1782386749982834,
      "ndcg_usergroup_2": 0.11974580585956573,
      "jsd_usergroup_2": 0.145705446600914,
      "ndcg_usergroup_3": 0.1573365032672882,
      "jsd_usergroup_3": 0.14255110919475555
    },
    "epoch_2": {
      "ndcg": 0.15887141227722168,
      "jsd": 0.22412127256393433,
      "ndcg_usergroup_1": 0.12864035367965698,
      "jsd_usergroup_1": 0.13531413674354553,
      "ndcg_usergroup_2": 0.15147395431995392,
      "jsd_usergroup_2": 0.22650666534900665,
      "ndcg_usergroup_3": 0.21129481494426727,
      "jsd_usergroup_3": 0.30577218532562256
    },
    "epoch_4": {
      "ndcg": 0.05268411338329315,
      "jsd": 0.11945240944623947,
      "ndcg_usergroup_1": 0.044522475451231,
      "jsd_usergroup_1": 0.1021454930305481,
      "ndcg_usergroup_2": 0.053829774260520935,
      "jsd_usergroup_2": 0.12436290830373764,
      "ndcg_usergroup_3": 0.057408757507801056,
      "jsd_usergroup_3": 0.12202784419059753
    },
    "epoch_5": {
      "ndcg": 0.021597720682621002,
      "jsd": 0.08126901090145111,
      "ndcg_usergroup_1": 0.016025612130761147,
      "jsd_usergroup_1": 0.09974326193332672,
      "ndcg_usergroup_2": 0.016325486823916435,
      "jsd_usergroup_2": 0.0814225971698761,
      "ndcg_usergroup_3": 0.04298652336001396,
      "jsd_usergroup_3": 0.06233398616313934
    },
    "epoch_6": {
      "ndcg": 0.03139854967594147,
      "jsd": 0.05966443195939064,
      "ndcg_usergroup_1": 0.023080695420503616,
      "jsd_usergroup_1": 0.05337875708937645,
      "ndcg_usergroup_2": 0.03205547109246254,
      "jsd_usergroup_2": 0.06468894332647324,
      "ndcg_usergroup_3": 0.0377456471323967,
      "jsd_usergroup_3": 0.05087657272815704
    },
    "epoch_17": {
      "ndcg": 0.027924595400691032,
      "jsd": 0.04153275862336159,
      "ndcg_usergroup_1": 0.014177631586790085,
      "jsd_usergroup_1": 0.04141226038336754,
      "ndcg_usergroup_2": 0.024833237752318382,
      "jsd_usergroup_2": 0.040188148617744446,
      "ndcg_usergroup_3": 0.050945643335580826,
      "jsd_usergroup_3": 0.04568706825375557
    },
    "epoch_19": {
      "ndcg": 0.027673812583088875,
      "jsd": 0.037633296102285385,
      "ndcg_usergroup_1": 0.019222009927034378,
      "jsd_usergroup_1": 0.04275822266936302,
      "ndcg_usergroup_2": 0.023220660164952278,
      "jsd_usergroup_2": 0.035058632493019104,
      "ndcg_usergroup_3": 0.04948507249355316,
      "jsd_usergroup_3": 0.040232349187135696
    },
    "epoch_21": {
      "ndcg": 0.027659930288791656,
      "jsd": 0.032421939074993134,
      "ndcg_usergroup_1": 0.02131400816142559,
      "jsd_usergroup_1": 0.030935147777199745,
      "ndcg_usergroup_2": 0.0231837909668684,
      "jsd_usergroup_2": 0.031512077897787094,
      "ndcg_usergroup_3": 0.04743426293134689,
      "jsd_usergroup_3": 0.03663831204175949
    },
    "epoch_22": {
      "ndcg": 0.0283544659614563,
      "jsd": 0.033260054886341095,
      "ndcg_usergroup_1": 0.022087886929512024,
      "jsd_usergroup_1": 0.036453135311603546,
      "ndcg_usergroup_2": 0.023736372590065002,
      "jsd_usergroup_2": 0.032456304877996445,
      "ndcg_usergroup_3": 0.04847532883286476,
      "jsd_usergroup_3": 0.032478224486112595
    },
    "epoch_23": {
      "ndcg": 0.028553005307912827,
      "jsd": 0.031385552138090134,
      "ndcg_usergroup_1": 0.020231127738952637,
      "jsd_usergroup_1": 0.028886450454592705,
      "ndcg_usergroup_2": 0.024253034964203835,
      "jsd_usergroup_2": 0.03020552732050419,
      "ndcg_usergroup_3": 0.049774788320064545,
      "jsd_usergroup_3": 0.0374247245490551
    },
    "epoch_24": {
      "ndcg": 0.027447409927845,
      "jsd": 0.028804726898670197,
      "ndcg_usergroup_1": 0.020128941163420677,
      "jsd_usergroup_1": 0.029396777972579002,
      "ndcg_usergroup_2": 0.023737618699669838,
      "jsd_usergroup_2": 0.028596056625247,
      "ndcg_usergroup_3": 0.04589524865150452,
      "jsd_usergroup_3": 0.028838681057095528
    },
    "epoch_36": {
      "ndcg": 0.0282321497797966,
      "jsd": 0.027975691482424736,
      "ndcg_usergroup_1": 0.0176373440772295,
      "jsd_usergroup_1": 0.024128954857587814,
      "ndcg_usergroup_2": 0.025538532063364983,
      "jsd_usergroup_2": 0.027398552745580673,
      "ndcg_usergroup_3": 0.046907808631658554,
      "jsd_usergroup_3": 0.033553849905729294
    },
    "epoch_38": {
      "ndcg": 0.028386415913701057,
      "jsd": 0.02532832697033882,
      "ndcg_usergroup_1": 0.017972039058804512,
      "jsd_usergroup_1": 0.021889489144086838,
      "ndcg_usergroup_2": 0.025486279278993607,
      "jsd_usergroup_2": 0.024671658873558044,
      "ndcg_usergroup_3": 0.047501202672719955,
      "jsd_usergroup_3": 0.030737154185771942
    },
    "epoch_42": {
      "ndcg": 0.02916257083415985,
      "jsd": 0.025608254596590996,
      "ndcg_usergroup_1": 0.01789640076458454,
      "jsd_usergroup_1": 0.019485430791974068,
      "ndcg_usergroup_2": 0.02556169219315052,
      "jsd_usergroup_2": 0.0244993157684803,
      "ndcg_usergroup_3": 0.051231373101472855,
      "jsd_usergroup_3": 0.035057879984378815
    },
    "epoch_46": {
      "ndcg": 0.027810603380203247,
      "jsd": 0.023188387975096703,
      "ndcg_usergroup_1": 0.016753926873207092,
      "jsd_usergroup_1": 0.01870018243789673,
      "ndcg_usergroup_2": 0.0251175370067358,
      "jsd_usergroup_2": 0.022617697715759277,
      "ndcg_usergroup_3": 0.046946488320827484,
      "jsd_usergroup_3": 0.029388654977083206
    }
  }
}