{
  "base_recommendations": {
    "ndcg": 0.2663273811340332,
    "jsd": 0.12193825840950012,
    "ndcg_usergroup_1": 0.21388721466064453,
    "jsd_usergroup_1": 0.11441239714622498,
    "ndcg_usergroup_2": 0.256170392036438,
    "jsd_usergroup_2": 0.12063903361558914,
    "ndcg_usergroup_3": 0.34923845529556274,
    "jsd_usergroup_3": 0.13336177170276642
  },
  "postprocessed": {},
  "finetuned": {
    "epoch_1": {
      "ndcg": 0.23947058618068695,
      "jsd": 0.09301760047674179,
      "ndcg_usergroup_1": 0.19705010950565338,
      "jsd_usergroup_1": 0.08046898245811462,
      "ndcg_usergroup_2": 0.2290540635585785,
      "jsd_usergroup_2": 0.09302660822868347,
      "ndcg_usergroup_3": 0.3131406307220459,
      "jsd_usergroup_3": 0.1055392250418663
    },
    "epoch_2": {
      "ndcg": 0.21135945618152618,
      "jsd": 0.08753839135169983,
      "ndcg_usergroup_1": 0.18437547981739044,
      "jsd_usergroup_1": 0.07603689283132553,
      "ndcg_usergroup_2": 0.20049411058425903,
      "jsd_usergroup_2": 0.09030183404684067,
      "ndcg_usergroup_3": 0.270939439535141,
      "jsd_usergroup_3": 0.09074953943490982
    },
    "epoch_3": {
      "ndcg": 0.2001115083694458,
      "jsd": 0.08503584563732147,
      "ndcg_usergroup_1": 0.18573765456676483,
      "jsd_usergroup_1": 0.08783147484064102,
      "ndcg_usergroup_2": 0.1889321655035019,
      "jsd_usergroup_2": 0.0845336765050888,
      "ndcg_usergroup_3": 0.2480233758687973,
      "jsd_usergroup_3": 0.08374675363302231
    },
    "epoch_4": {
      "ndcg": 0.1916128247976303,
      "jsd": 0.08288534730672836,
      "ndcg_usergroup_1": 0.18105588853359222,
      "jsd_usergroup_1": 0.09051705151796341,
      "ndcg_usergroup_2": 0.17966119945049286,
      "jsd_usergroup_2": 0.0817030593752861,
      "ndcg_usergroup_3": 0.23802457749843597,
      "jsd_usergroup_3": 0.0788005068898201
    },
    "epoch_5": {
      "ndcg": 0.1863541603088379,
      "jsd": 0.07836423069238663,
      "ndcg_usergroup_1": 0.17255529761314392,
      "jsd_usergroup_1": 0.08751174807548523,
      "ndcg_usergroup_2": 0.1749309003353119,
      "jsd_usergroup_2": 0.07697982341051102,
      "ndcg_usergroup_3": 0.2344226986169815,
      "jsd_usergroup_3": 0.07336994260549545
    },
    "epoch_6": {
      "ndcg": 0.1834072321653366,
      "jsd": 0.07530975341796875,
      "ndcg_usergroup_1": 0.16667117178440094,
      "jsd_usergroup_1": 0.08474012464284897,
      "ndcg_usergroup_2": 0.17171646654605865,
      "jsd_usergroup_2": 0.0737672820687294,
      "ndcg_usergroup_3": 0.23521560430526733,
      "jsd_usergroup_3": 0.07050677388906479
    },
    "epoch_7": {
      "ndcg": 0.18503767251968384,
      "jsd": 0.07224681973457336,
      "ndcg_usergroup_1": 0.17219246923923492,
      "jsd_usergroup_1": 0.08389519900083542,
      "ndcg_usergroup_2": 0.1710968315601349,
      "jsd_usergroup_2": 0.07041598856449127,
      "ndcg_usergroup_3": 0.23970547318458557,
      "jsd_usergroup_3": 0.06609093397855759
    },
    "epoch_8": {
      "ndcg": 0.17916978895664215,
      "jsd": 0.06949463486671448,
      "ndcg_usergroup_1": 0.16513213515281677,
      "jsd_usergroup_1": 0.07729547470808029,
      "ndcg_usergroup_2": 0.16635724902153015,
      "jsd_usergroup_2": 0.06839156895875931,
      "ndcg_usergroup_3": 0.23164506256580353,
      "jsd_usergroup_3": 0.06500299274921417
    },
    "epoch_9": {
      "ndcg": 0.179794579744339,
      "jsd": 0.06881029158830643,
      "ndcg_usergroup_1": 0.16722317039966583,
      "jsd_usergroup_1": 0.0790390744805336,
      "ndcg_usergroup_2": 0.1670728623867035,
      "jsd_usergroup_2": 0.06735342741012573,
      "ndcg_usergroup_3": 0.23053105175495148,
      "jsd_usergroup_3": 0.06295211613178253
    },
    "epoch_10": {
      "ndcg": 0.17740917205810547,
      "jsd": 0.0676245167851448,
      "ndcg_usergroup_1": 0.16270583868026733,
      "jsd_usergroup_1": 0.0781828761100769,
      "ndcg_usergroup_2": 0.16575025022029877,
      "jsd_usergroup_2": 0.06634228676557541,
      "ndcg_usergroup_3": 0.22708933055400848,
      "jsd_usergroup_3": 0.060912858694791794
    },
    "epoch_11": {
      "ndcg": 0.17662568390369415,
      "jsd": 0.06584501266479492,
      "ndcg_usergroup_1": 0.1618800312280655,
      "jsd_usergroup_1": 0.07629981637001038,
      "ndcg_usergroup_2": 0.16496926546096802,
      "jsd_usergroup_2": 0.06465217471122742,
      "ndcg_usergroup_3": 0.22634051740169525,
      "jsd_usergroup_3": 0.05896870046854019
    },
    "epoch_12": {
      "ndcg": 0.17297670245170593,
      "jsd": 0.06460806727409363,
      "ndcg_usergroup_1": 0.15966753661632538,
      "jsd_usergroup_1": 0.07558802515268326,
      "ndcg_usergroup_2": 0.16191478073596954,
      "jsd_usergroup_2": 0.06305955350399017,
      "ndcg_usergroup_3": 0.21947166323661804,
      "jsd_usergroup_3": 0.058273643255233765
    },
    "epoch_13": {
      "ndcg": 0.17303501069545746,
      "jsd": 0.06316724419593811,
      "ndcg_usergroup_1": 0.16010114550590515,
      "jsd_usergroup_1": 0.07580309361219406,
      "ndcg_usergroup_2": 0.16123446822166443,
      "jsd_usergroup_2": 0.06135519966483116,
      "ndcg_usergroup_3": 0.22137057781219482,
      "jsd_usergroup_3": 0.055967532098293304
    },
    "epoch_14": {
      "ndcg": 0.1731676608324051,
      "jsd": 0.06220442056655884,
      "ndcg_usergroup_1": 0.16041718423366547,
      "jsd_usergroup_1": 0.07423774152994156,
      "ndcg_usergroup_2": 0.1614866554737091,
      "jsd_usergroup_2": 0.0605696365237236,
      "ndcg_usergroup_3": 0.22096121311187744,
      "jsd_usergroup_3": 0.05507543683052063
    },
    "epoch_15": {
      "ndcg": 0.17216874659061432,
      "jsd": 0.061129163950681686,
      "ndcg_usergroup_1": 0.15611611306667328,
      "jsd_usergroup_1": 0.07513321191072464,
      "ndcg_usergroup_2": 0.16186486184597015,
      "jsd_usergroup_2": 0.05884772911667824,
      "ndcg_usergroup_3": 0.21913303434848785,
      "jsd_usergroup_3": 0.053969427943229675
    },
    "epoch_16": {
      "ndcg": 0.16907165944576263,
      "jsd": 0.05983833223581314,
      "ndcg_usergroup_1": 0.15420810878276825,
      "jsd_usergroup_1": 0.07297714799642563,
      "ndcg_usergroup_2": 0.15890778601169586,
      "jsd_usergroup_2": 0.05772511288523674,
      "ndcg_usergroup_3": 0.21442678570747375,
      "jsd_usergroup_3": 0.05303918570280075
    },
    "epoch_17": {
      "ndcg": 0.1678406149148941,
      "jsd": 0.05897080525755882,
      "ndcg_usergroup_1": 0.15193036198616028,
      "jsd_usergroup_1": 0.0709618330001831,
      "ndcg_usergroup_2": 0.15814395248889923,
      "jsd_usergroup_2": 0.057277798652648926,
      "ndcg_usergroup_3": 0.21284081041812897,
      "jsd_usergroup_3": 0.052058812230825424
    },
    "epoch_18": {
      "ndcg": 0.1644447296857834,
      "jsd": 0.058512069284915924,
      "ndcg_usergroup_1": 0.1515556424856186,
      "jsd_usergroup_1": 0.07221669703722,
      "ndcg_usergroup_2": 0.15460582077503204,
      "jsd_usergroup_2": 0.0561390183866024,
      "ndcg_usergroup_3": 0.20685049891471863,
      "jsd_usergroup_3": 0.051926616579294205
    },
    "epoch_19": {
      "ndcg": 0.16562774777412415,
      "jsd": 0.058316223323345184,
      "ndcg_usergroup_1": 0.1513313353061676,
      "jsd_usergroup_1": 0.07211451977491379,
      "ndcg_usergroup_2": 0.15576469898223877,
      "jsd_usergroup_2": 0.05587396398186684,
      "ndcg_usergroup_3": 0.20951323211193085,
      "jsd_usergroup_3": 0.051844704896211624
    },
    "epoch_20": {
      "ndcg": 0.16501794755458832,
      "jsd": 0.05675031617283821,
      "ndcg_usergroup_1": 0.1498996913433075,
      "jsd_usergroup_1": 0.06926289200782776,
      "ndcg_usergroup_2": 0.15541450679302216,
      "jsd_usergroup_2": 0.054692965000867844,
      "ndcg_usergroup_3": 0.20894645154476166,
      "jsd_usergroup_3": 0.05040978267788887
    },
    "epoch_22": {
      "ndcg": 0.1633017510175705,
      "jsd": 0.05660950765013695,
      "ndcg_usergroup_1": 0.14962059259414673,
      "jsd_usergroup_1": 0.07141479104757309,