{
  "base_recommendations": {
    "ndcg": 0.2663273811340332,
    "jsd": 0.12193825840950012,
    "ndcg_usergroup_1": 0.21388721466064453,
    "jsd_usergroup_1": 0.11441239714622498,
    "ndcg_usergroup_2": 0.256170392036438,
    "jsd_usergroup_2": 0.12063903361558914,
    "ndcg_usergroup_3": 0.34923845529556274,
    "jsd_usergroup_3": 0.13336177170276642
  },
  "postprocessed": {},
  "finetuned": {
    "epoch_1": {
      "ndcg": 0.204017773270607,
      "jsd": 0.09650370478630066,
      "ndcg_usergroup_1": 0.16249153017997742,
      "jsd_usergroup_1": 0.08017075061798096,
      "ndcg_usergroup_2": 0.19339518249034882,
      "jsd_usergroup_2": 0.10141834616661072,
      "ndcg_usergroup_3": 0.2774118483066559,
      "jsd_usergroup_3": 0.09809273481369019
    },
    "epoch_2": {
      "ndcg": 0.17564378678798676,
      "jsd": 0.07794106751680374,
      "ndcg_usergroup_1": 0.15821748971939087,
      "jsd_usergroup_1": 0.07008815556764603,
      "ndcg_usergroup_2": 0.1702597290277481,
      "jsd_usergroup_2": 0.07756543159484863,
      "ndcg_usergroup_3": 0.20922225713729858,
      "jsd_usergroup_3": 0.08692086488008499
    },
    "epoch_3": {
      "ndcg": 0.15345929563045502,
      "jsd": 0.06782647967338562,
      "ndcg_usergroup_1": 0.12281341850757599,
      "jsd_usergroup_1": 0.07171662896871567,
      "ndcg_usergroup_2": 0.14411750435829163,
      "jsd_usergroup_2": 0.06912003457546234,
      "ndcg_usergroup_3": 0.21213051676750183,
      "jsd_usergroup_3": 0.060055676847696304
    },
    "epoch_4": {
      "ndcg": 0.1273348331451416,
      "jsd": 0.06122858449816704,
      "ndcg_usergroup_1": 0.10769476741552353,
      "jsd_usergroup_1": 0.060084063559770584,
      "ndcg_usergroup_2": 0.1187058612704277,
      "jsd_usergroup_2": 0.06227735057473183,
      "ndcg_usergroup_3": 0.17286191880702972,
      "jsd_usergroup_3": 0.05922679975628853
    },
    "epoch_5": {
      "ndcg": 0.10662025213241577,
      "jsd": 0.05686018988490105,
      "ndcg_usergroup_1": 0.0873524621129036,
      "jsd_usergroup_1": 0.06321654468774796,
      "ndcg_usergroup_2": 0.09834513813257217,
      "jsd_usergroup_2": 0.05631880462169647,
      "ndcg_usergroup_3": 0.15071339905261993,
      "jsd_usergroup_3": 0.05212797224521637
    },
    "epoch_6": {
      "ndcg": 0.11043681204319,
      "jsd": 0.05176159739494324,
      "ndcg_usergroup_1": 0.09303916245698929,
      "jsd_usergroup_1": 0.05099840462207794,
      "ndcg_usergroup_2": 0.10196872800588608,
      "jsd_usergroup_2": 0.052356358617544174,
      "ndcg_usergroup_3": 0.1532386839389801,
      "jsd_usergroup_3": 0.050740499049425125
    },
    "epoch_7": {
      "ndcg": 0.1019665077328682,
      "jsd": 0.050075944513082504,
      "ndcg_usergroup_1": 0.0868338942527771,
      "jsd_usergroup_1": 0.0514044463634491,
      "ndcg_usergroup_2": 0.09441964328289032,
      "jsd_usergroup_2": 0.050504788756370544,
      "ndcg_usergroup_3": 0.13973970711231232,
      "jsd_usergroup_3": 0.047460928559303284
    },
    "epoch_9": {
      "ndcg": 0.09545134007930756,
      "jsd": 0.04885121434926987,
      "ndcg_usergroup_1": 0.08266298472881317,
      "jsd_usergroup_1": 0.04839833825826645,
      "ndcg_usergroup_2": 0.08828599005937576,
      "jsd_usergroup_2": 0.05000172182917595,
      "ndcg_usergroup_3": 0.12973567843437195,
      "jsd_usergroup_3": 0.045852579176425934
    },
    "epoch_10": {
      "ndcg": 0.094085693359375,
      "jsd": 0.047373104840517044,
      "ndcg_usergroup_1": 0.08373802155256271,
      "jsd_usergroup_1": 0.04526288062334061,
      "ndcg_usergroup_2": 0.08734460175037384,
      "jsd_usergroup_2": 0.04854653775691986,
      "ndcg_usergroup_3": 0.12465662509202957,
      "jsd_usergroup_3": 0.04596301540732384
    },
    "epoch_11": {
      "ndcg": 0.08838491141796112,
      "jsd": 0.046729572117328644,
      "ndcg_usergroup_1": 0.08112321048974991,
      "jsd_usergroup_1": 0.04483086243271828,
      "ndcg_usergroup_2": 0.08202402293682098,
      "jsd_usergroup_2": 0.04841573163866997,
      "ndcg_usergroup_3": 0.11472924053668976,
      "jsd_usergroup_3": 0.043569788336753845
    },
    "epoch_12": {
      "ndcg": 0.08828890323638916,
      "jsd": 0.04644108936190605,
      "ndcg_usergroup_1": 0.08062660694122314,
      "jsd_usergroup_1": 0.043714284896850586,
      "ndcg_usergroup_2": 0.08168476074934006,
      "jsd_usergroup_2": 0.04823443666100502,
      "ndcg_usergroup_3": 0.11576363444328308,
      "jsd_usergroup_3": 0.04378784820437431
    },
    "epoch_13": {
      "ndcg": 0.08707158267498016,
      "jsd": 0.04539468139410019,
      "ndcg_usergroup_1": 0.08187669515609741,
      "jsd_usergroup_1": 0.04210664704442024,
      "ndcg_usergroup_2": 0.08085891604423523,
      "jsd_usergroup_2": 0.04702654480934143,
      "ndcg_usergroup_3": 0.11090445518493652,
      "jsd_usergroup_3": 0.04378712177276611
    },
    "epoch_14": {
      "ndcg": 0.08930739015340805,
      "jsd": 0.044061336666345596,
      "ndcg_usergroup_1": 0.08395399898290634,
      "jsd_usergroup_1": 0.03999892622232437,
      "ndcg_usergroup_2": 0.08339246362447739,
      "jsd_usergroup_2": 0.04566787928342819,
      "ndcg_usergroup_3": 0.11240556091070175,
      "jsd_usergroup_3": 0.04330410063266754
    },
    "epoch_16": {
      "ndcg": 0.08766791224479675,
      "jsd": 0.042865585535764694,
      "ndcg_usergroup_1": 0.08429990708827972,
      "jsd_usergroup_1": 0.03712088242173195,
      "ndcg_usergroup_2": 0.08132614195346832,
      "jsd_usergroup_2": 0.044823113828897476,
      "ndcg_usergroup_3": 0.11006119102239609,
      "jsd_usergroup_3": 0.042737726122140884
    },
    "epoch_20": {
      "ndcg": 0.08304397016763687,
      "jsd": 0.04278137534856796,
      "ndcg_usergroup_1": 0.08450257778167725,
      "jsd_usergroup_1": 0.03650033846497536,
      "ndcg_usergroup_2": 0.0771365538239479,
      "jsd_usergroup_2": 0.045634590089321136,
      "ndcg_usergroup_3": 0.09930761158466339,
      "jsd_usergroup_3": 0.04050276800990105
    },
    "epoch_21": {
      "ndcg": 0.0815947875380516,
      "jsd": 0.04151947423815727,
      "ndcg_usergroup_1": 0.08087308704853058,
      "jsd_usergroup_1": 0.03595295920968056,
      "ndcg_usergroup_2": 0.07552874833345413,
      "jsd_usergroup_2": 0.043541934341192245,
      "ndcg_usergroup_3": 0.10051459819078445,
      "jsd_usergroup_3": 0.041018594056367874
    },
    "epoch_22": {
      "ndcg": 0.08052825927734375,
      "jsd": 0.04146048054099083,
      "ndcg_usergroup_1": 0.08076847344636917,
      "jsd_usergroup_1": 0.03539281338453293,
      "ndcg_usergroup_2": 0.07511861622333527,
      "jsd_usergroup_2": 0.043847888708114624,
      "ndcg_usergroup_3": 0.09651699662208557,
      "jsd_usergroup_3": 0.04036591574549675
    },
    "epoch_23": {
      "ndcg": 0.0819639191031456,
      "jsd": 0.04082518815994263,
      "ndcg_usergroup_1": 0.08314037322998047,
      "jsd_usergroup_1": 0.0340157076716423,
      "ndcg_usergroup_2": 0.07605480402708054,
      "jsd_usergroup_2": 0.04326712340116501,
      "ndcg_usergroup_3": 0.09851478785276413,
      "jsd_usergroup_3": 0.04030885919928551
    },
    "epoch_27": {
      "ndcg": 0.07665005326271057,
      "jsd": 0.04020646587014198,
      "ndcg_usergroup_1": 0.07894495874643326,
      "jsd_usergroup_1": 0.03383142501115799,
      "ndcg_usergroup_2": 0.07104778289794922,
      "jsd_usergroup_2": 0.04268304258584976,
      "ndcg_usergroup_3": 0.09116191416978836,
      "jsd_usergroup_3": 0.03915178403258324
    },
    "epoch_29": {
      "ndcg": 0.0766805112361908,
      "jsd": 0.03942449390888214,
      "ndcg_usergroup_1": 0.07978362590074539,
      "jsd_usergroup_1": 0.032507725059986115,
      "ndcg_usergroup_2": 0.07114551961421967,
      "jsd_usergroup_2": 0.04194512963294983,
      "ndcg_usergroup_3": 0.09018237888813019,
      "jsd_usergroup_3": 0.038779329508543015
    },
    "epoch_32": {
      "ndcg": 0.07363040000200272,
      "jsd": 0.039401598274707794,
      "ndcg_usergroup_1": 0.07764097303152084,