{
  "base_recommendations": {
    "ndcg": 0.2663273811340332,
    "jsd": 0.12193825840950012,
    "ndcg_usergroup_1": 0.21388721466064453,
    "jsd_usergroup_1": 0.11441239714622498,
    "ndcg_usergroup_2": 0.256170392036438,
    "jsd_usergroup_2": 0.12063903361558914,
    "ndcg_usergroup_3": 0.34923845529556274,
    "jsd_usergroup_3": 0.13336177170276642
  },
  "postprocessed": {},
  "finetuned": {
    "epoch_1": {
      "ndcg": 0.19422127306461334,
      "jsd": 0.08998133987188339,
      "ndcg_usergroup_1": 0.17734207212924957,
      "jsd_usergroup_1": 0.08045534789562225,
      "ndcg_usergroup_2": 0.1828431785106659,
      "jsd_usergroup_2": 0.09312993288040161,
      "ndcg_usergroup_3": 0.24523478746414185,
      "jsd_usergroup_3": 0.09006153047084808
    },
    "epoch_2": {
      "ndcg": 0.1843244731426239,
      "jsd": 0.0788128525018692,
      "ndcg_usergroup_1": 0.17341186106204987,
      "jsd_usergroup_1": 0.08459826558828354,
      "ndcg_usergroup_2": 0.17353147268295288,
      "jsd_usergroup_2": 0.07754302769899368,
      "ndcg_usergroup_3": 0.22761604189872742,
      "jsd_usergroup_3": 0.07683693617582321
    },
    "epoch_3": {
      "ndcg": 0.1716160625219345,
      "jsd": 0.07106278091669083,
      "ndcg_usergroup_1": 0.16282965242862701,
      "jsd_usergroup_1": 0.07301242649555206,
      "ndcg_usergroup_2": 0.15858732163906097,
      "jsd_usergroup_2": 0.07219327986240387,
      "ndcg_usergroup_3": 0.2194887399673462,
      "jsd_usergroup_3": 0.06572161614894867
    },
    "epoch_4": {
      "ndcg": 0.15822839736938477,
      "jsd": 0.06536371260881424,
      "ndcg_usergroup_1": 0.15251053869724274,
      "jsd_usergroup_1": 0.06671030819416046,
      "ndcg_usergroup_2": 0.14805568754673004,
      "jsd_usergroup_2": 0.0660778358578682,
      "ndcg_usergroup_3": 0.19446437060832977,
      "jsd_usergroup_3": 0.06187475472688675
    },
    "epoch_5": {
      "ndcg": 0.15009614825248718,
      "jsd": 0.06145627796649933,
      "ndcg_usergroup_1": 0.14901776611804962,
      "jsd_usergroup_1": 0.06264287233352661,
      "ndcg_usergroup_2": 0.14019741117954254,
      "jsd_usergroup_2": 0.062415361404418945,
      "ndcg_usergroup_3": 0.1808706820011139,
      "jsd_usergroup_3": 0.05739244073629379
    },
    "epoch_6": {
      "ndcg": 0.14253836870193481,
      "jsd": 0.05852655693888664,
      "ndcg_usergroup_1": 0.14287887513637543,
      "jsd_usergroup_1": 0.06046905368566513,
      "ndcg_usergroup_2": 0.1336631178855896,
      "jsd_usergroup_2": 0.05927969887852669,
      "ndcg_usergroup_3": 0.16882359981536865,
      "jsd_usergroup_3": 0.054324641823768616
    },
    "epoch_7": {
      "ndcg": 0.14261235296726227,
      "jsd": 0.05676767975091934,
      "ndcg_usergroup_1": 0.14502577483654022,
      "jsd_usergroup_1": 0.06199997663497925,
      "ndcg_usergroup_2": 0.1360386610031128,
      "jsd_usergroup_2": 0.05713264271616936,
      "ndcg_usergroup_3": 0.15992002189159393,
      "jsd_usergroup_3": 0.05044049024581909
    },
    "epoch_8": {
      "ndcg": 0.13743500411510468,
      "jsd": 0.055301208049058914,
      "ndcg_usergroup_1": 0.14301778376102448,
      "jsd_usergroup_1": 0.06232260540127754,
      "ndcg_usergroup_2": 0.1301453411579132,
      "jsd_usergroup_2": 0.05484766140580177,
      "ndcg_usergroup_3": 0.1537211388349533,
      "jsd_usergroup_3": 0.0496404655277729
    },
    "epoch_9": {
      "ndcg": 0.13481906056404114,
      "jsd": 0.05429859459400177,
      "ndcg_usergroup_1": 0.14191964268684387,
      "jsd_usergroup_1": 0.062242887914180756,
      "ndcg_usergroup_2": 0.1285180300474167,
      "jsd_usergroup_2": 0.05399790033698082,
      "ndcg_usergroup_3": 0.14662158489227295,
      "jsd_usergroup_3": 0.047256384044885635
    },
    "epoch_10": {
      "ndcg": 0.13419416546821594,
      "jsd": 0.05382654070854187,
      "ndcg_usergroup_1": 0.14033983647823334,
      "jsd_usergroup_1": 0.06180623173713684,
      "ndcg_usergroup_2": 0.12882128357887268,
      "jsd_usergroup_2": 0.053598787635564804,
      "ndcg_usergroup_3": 0.14416714012622833,
      "jsd_usergroup_3": 0.046530138701200485
    },
    "epoch_11": {
      "ndcg": 0.13105110824108124,
      "jsd": 0.053036343306303024,
      "ndcg_usergroup_1": 0.1392468959093094,
      "jsd_usergroup_1": 0.06215653195977211,
      "ndcg_usergroup_2": 0.12579354643821716,
      "jsd_usergroup_2": 0.052462633699178696,
      "ndcg_usergroup_3": 0.13862796127796173,
      "jsd_usergroup_3": 0.045637283474206924
    },
    "epoch_12": {
      "ndcg": 0.1284164935350418,
      "jsd": 0.05196109041571617,
      "ndcg_usergroup_1": 0.1384582221508026,
      "jsd_usergroup_1": 0.06073737144470215,
      "ndcg_usergroup_2": 0.12272711098194122,
      "jsd_usergroup_2": 0.05166029930114746,
      "ndcg_usergroup_3": 0.13544289767742157,
      "jsd_usergroup_3": 0.04408717155456543
    },
    "epoch_17": {
      "ndcg": 0.1263381391763687,
      "jsd": 0.051496896892786026,
      "ndcg_usergroup_1": 0.13800397515296936,
      "jsd_usergroup_1": 0.06377343088388443,
      "ndcg_usergroup_2": 0.1209670826792717,
      "jsd_usergroup_2": 0.050171706825494766,
      "ndcg_usergroup_3": 0.13078543543815613,
      "jsd_usergroup_3": 0.043195940554142
    },
    "epoch_18": {
      "ndcg": 0.12524181604385376,
      "jsd": 0.051310550421476364,
      "ndcg_usergroup_1": 0.1375724822282791,
      "jsd_usergroup_1": 0.06414907425642014,
      "ndcg_usergroup_2": 0.11985065042972565,
      "jsd_usergroup_2": 0.04943549633026123,
      "ndcg_usergroup_3": 0.12908464670181274,
      "jsd_usergroup_3": 0.0440971814095974
    },
    "epoch_19": {
      "ndcg": 0.12408585101366043,
      "jsd": 0.0509781651198864,
      "ndcg_usergroup_1": 0.13695061206817627,
      "jsd_usergroup_1": 0.06262398511171341,
      "ndcg_usergroup_2": 0.11862766742706299,
      "jsd_usergroup_2": 0.04938749596476555,
      "ndcg_usergroup_3": 0.12759558856487274,
      "jsd_usergroup_3": 0.044104356318712234
    },
    "epoch_22": {
      "ndcg": 0.12200845032930374,
      "jsd": 0.05061560869216919,
      "ndcg_usergroup_1": 0.1350892037153244,
      "jsd_usergroup_1": 0.06203531473875046,
      "ndcg_usergroup_2": 0.11723548173904419,
      "jsd_usergroup_2": 0.04923062026500702,
      "ndcg_usergroup_3": 0.12324665486812592,
      "jsd_usergroup_3": 0.04335084557533264
    },
    "epoch_25": {
      "ndcg": 0.11673124134540558,
      "jsd": 0.0502580963075161,
      "ndcg_usergroup_1": 0.13056951761245728,
      "jsd_usergroup_1": 0.06287967413663864,
      "ndcg_usergroup_2": 0.11243698000907898,
      "jsd_usergroup_2": 0.04862672835588455,
      "ndcg_usergroup_3": 0.11577573418617249,
      "jsd_usergroup_3": 0.042530640959739685
    },
    "epoch_27": {
      "ndcg": 0.11626045405864716,
      "jsd": 0.049795541912317276,
      "ndcg_usergroup_1": 0.13068607449531555,
      "jsd_usergroup_1": 0.06174115464091301,
      "ndcg_usergroup_2": 0.11182104051113129,
      "jsd_usergroup_2": 0.048357535153627396,
      "ndcg_usergroup_3": 0.11515308916568756,
      "jsd_usergroup_3": 0.04216396436095238
    },
    "epoch_34": {
      "ndcg": 0.10981287807226181,
      "jsd": 0.04874194785952568,
      "ndcg_usergroup_1": 0.12404387444257736,
      "jsd_usergroup_1": 0.06077134236693382,
      "ndcg_usergroup_2": 0.10530859231948853,
      "jsd_usergroup_2": 0.04721667990088463,
      "ndcg_usergroup_3": 0.1090947836637497,
      "jsd_usergroup_3": 0.0412883460521698
    },
    "epoch_37": {
      "ndcg": 0.10612136125564575,
      "jsd": 0.04767303541302681,
      "ndcg_usergroup_1": 0.12036814540624619,
      "jsd_usergroup_1": 0.057475700974464417,
      "ndcg_usergroup_2": 0.10126546770334244,
      "jsd_usergroup_2": 0.04646306484937668,
      "ndcg_usergroup_3": 0.10644224286079407,
      "jsd_usergroup_3": 0.04150029271841049
    },
    "epoch_49": {
      "ndcg": 0.0976475402712822,
      "jsd": 0.04723338037729263,
      "ndcg_usergroup_1": 0.11381806433200836,