{
  "base_recommendations": {
    "ndcg": 0.2663273811340332,
    "jsd": 0.12193825840950012,
    "ndcg_usergroup_1": 0.21388721466064453,
    "jsd_usergroup_1": 0.11441239714622498,
    "ndcg_usergroup_2": 0.256170392036438,
    "jsd_usergroup_2": 0.12063903361558914,
    "ndcg_usergroup_3": 0.34923845529556274,
    "jsd_usergroup_3": 0.13336177170276642
  },
  "postprocessed": {},
  "finetuned": {
    "epoch_1": {
      "ndcg": 0.1678653359413147,
      "jsd": 0.1016862764954567,
      "ndcg_usergroup_1": 0.17225641012191772,
      "jsd_usergroup_1": 0.09393579512834549,
      "ndcg_usergroup_2": 0.15391290187835693,
      "jsd_usergroup_2": 0.10307827591896057,
      "ndcg_usergroup_3": 0.20533153414726257,
      "jsd_usergroup_3": 0.10526075214147568
    },
    "epoch_2": {
      "ndcg": 0.1976815164089203,
      "jsd": 0.07625521719455719,
      "ndcg_usergroup_1": 0.17470669746398926,
      "jsd_usergroup_1": 0.0827317163348198,
      "ndcg_usergroup_2": 0.1826079785823822,
      "jsd_usergroup_2": 0.07355976849794388,
      "ndcg_usergroup_3": 0.2658769190311432,
      "jsd_usergroup_3": 0.07786504179239273
    },
    "epoch_4": {
      "ndcg": 0.17243123054504395,
      "jsd": 0.06305184215307236,
      "ndcg_usergroup_1": 0.15754927694797516,
      "jsd_usergroup_1": 0.08385588973760605,
      "ndcg_usergroup_2": 0.16029149293899536,
      "jsd_usergroup_2": 0.05864847078919411,
      "ndcg_usergroup_3": 0.22373250126838684,
      "jsd_usergroup_3": 0.05545790493488312
    },
    "epoch_5": {
      "ndcg": 0.15559256076812744,
      "jsd": 0.06200150400400162,
      "ndcg_usergroup_1": 0.1477278470993042,
      "jsd_usergroup_1": 0.08401498198509216,
      "ndcg_usergroup_2": 0.14543630182743073,
      "jsd_usergroup_2": 0.055497925728559494,
      "ndcg_usergroup_3": 0.1939261108636856,
      "jsd_usergroup_3": 0.05949876084923744
    },
    "epoch_6": {
      "ndcg": 0.15225322544574738,
      "jsd": 0.05889283865690231,
      "ndcg_usergroup_1": 0.1383952498435974,
      "jsd_usergroup_1": 0.09511986374855042,
      "ndcg_usergroup_2": 0.1435038298368454,
      "jsd_usergroup_2": 0.05018085613846779,
      "ndcg_usergroup_3": 0.19235944747924805,
      "jsd_usergroup_3": 0.048801764845848083
    },
    "epoch_7": {
      "ndcg": 0.1440471112728119,
      "jsd": 0.05466768145561218,
      "ndcg_usergroup_1": 0.13183531165122986,
      "jsd_usergroup_1": 0.08092928677797318,
      "ndcg_usergroup_2": 0.1366894543170929,
      "jsd_usergroup_2": 0.047589488327503204,
      "ndcg_usergroup_3": 0.17833182215690613,
      "jsd_usergroup_3": 0.04964064061641693
    },
    "epoch_8": {
      "ndcg": 0.1403910517692566,
      "jsd": 0.05401117354631424,
      "ndcg_usergroup_1": 0.12885682284832,
      "jsd_usergroup_1": 0.08692190796136856,
      "ndcg_usergroup_2": 0.1331918090581894,
      "jsd_usergroup_2": 0.04567205533385277,
      "ndcg_usergroup_3": 0.17352294921875,
      "jsd_usergroup_3": 0.046117763966321945
    },
    "epoch_9": {
      "ndcg": 0.13698577880859375,
      "jsd": 0.053311724215745926,
      "ndcg_usergroup_1": 0.1287999153137207,
      "jsd_usergroup_1": 0.08470813930034637,
      "ndcg_usergroup_2": 0.13147471845149994,
      "jsd_usergroup_2": 0.04457090422511101,
      "ndcg_usergroup_3": 0.1617048680782318,
      "jsd_usergroup_3": 0.048137784004211426
    },
    "epoch_10": {
      "ndcg": 0.13815714418888092,
      "jsd": 0.05292500928044319,
      "ndcg_usergroup_1": 0.12721671164035797,
      "jsd_usergroup_1": 0.08421363681554794,
      "ndcg_usergroup_2": 0.13238680362701416,
      "jsd_usergroup_2": 0.04476291313767433,
      "ndcg_usergroup_3": 0.16640856862068176,
      "jsd_usergroup_3": 0.04612269625067711
    },
    "epoch_11": {
      "ndcg": 0.1320180892944336,
      "jsd": 0.05171835422515869,
      "ndcg_usergroup_1": 0.12417127937078476,
      "jsd_usergroup_1": 0.07902786135673523,
      "ndcg_usergroup_2": 0.12662647664546967,
      "jsd_usergroup_2": 0.04465442895889282,
      "ndcg_usergroup_3": 0.1560397446155548,
      "jsd_usergroup_3": 0.045600611716508865
    },
    "epoch_12": {
      "ndcg": 0.13189058005809784,
      "jsd": 0.051605917513370514,
      "ndcg_usergroup_1": 0.12648241221904755,
      "jsd_usergroup_1": 0.08052361756563187,
      "ndcg_usergroup_2": 0.1275586038827896,
      "jsd_usergroup_2": 0.04451269283890724,
      "ndcg_usergroup_3": 0.15029466152191162,
      "jsd_usergroup_3": 0.04396791011095047
    },
    "epoch_13": {
      "ndcg": 0.12914928793907166,
      "jsd": 0.049224935472011566,
      "ndcg_usergroup_1": 0.11882655322551727,
      "jsd_usergroup_1": 0.07084731757640839,
      "ndcg_usergroup_2": 0.12538273632526398,
      "jsd_usergroup_2": 0.043402496725320816,
      "ndcg_usergroup_3": 0.15077164769172668,
      "jsd_usergroup_3": 0.04506987705826759
    },
    "epoch_17": {
      "ndcg": 0.11549193412065506,
      "jsd": 0.049118079245090485,
      "ndcg_usergroup_1": 0.10553248226642609,
      "jsd_usergroup_1": 0.06699271500110626,
      "ndcg_usergroup_2": 0.1132543608546257,
      "jsd_usergroup_2": 0.04495188221335411,
      "ndcg_usergroup_3": 0.13216416537761688,
      "jsd_usergroup_3": 0.043742042034864426
    }
  }
}