{
  "base_recommendations": {
    "ndcg": 0.2663273811340332,
    "jsd": 0.12193825840950012,
    "ndcg_usergroup_1": 0.21388721466064453,
    "jsd_usergroup_1": 0.11441239714622498,
    "ndcg_usergroup_2": 0.256170392036438,
    "jsd_usergroup_2": 0.12063903361558914,
    "ndcg_usergroup_3": 0.34923845529556274,
    "jsd_usergroup_3": 0.13336177170276642
  },
  "postprocessed": {},
  "finetuned": {
    "epoch_1": {
      "ndcg": 0.11057263612747192,
      "jsd": 0.1594334840774536,
      "ndcg_usergroup_1": 0.10714840143918991,
      "jsd_usergroup_1": 0.1497272253036499,
      "ndcg_usergroup_2": 0.10381759703159332,
      "jsd_usergroup_2": 0.16137796640396118,
      "ndcg_usergroup_3": 0.13426198065280914,
      "jsd_usergroup_3": 0.16330638527870178
    },
    "epoch_2": {
      "ndcg": 0.14385373890399933,
      "jsd": 0.25741440057754517,
      "ndcg_usergroup_1": 0.11425156891345978,
      "jsd_usergroup_1": 0.16385237872600555,
      "ndcg_usergroup_2": 0.1363578736782074,
      "jsd_usergroup_2": 0.2603064775466919,
      "ndcg_usergroup_3": 0.19594351947307587,
      "jsd_usergroup_3": 0.3423001170158386
    },
    "epoch_9": {
      "ndcg": 0.016057385131716728,
      "jsd": 0.14710049331188202,
      "ndcg_usergroup_1": 0.013977675698697567,
      "jsd_usergroup_1": 0.1373920887708664,
      "ndcg_usergroup_2": 0.011965756304562092,
      "jsd_usergroup_2": 0.1676034778356552,
      "ndcg_usergroup_3": 0.030411984771490097,
      "jsd_usergroup_3": 0.09529995173215866
    },
    "epoch_12": {
      "ndcg": 0.04140792414546013,
      "jsd": 0.10309688001871109,
      "ndcg_usergroup_1": 0.039398517459630966,
      "jsd_usergroup_1": 0.07112405449151993,
      "ndcg_usergroup_2": 0.041556768119335175,
      "jsd_usergroup_2": 0.11963608115911484,
      "ndcg_usergroup_3": 0.04297077655792236,
      "jsd_usergroup_3": 0.0854521095752716
    },
    "epoch_16": {
      "ndcg": 0.03663357347249985,
      "jsd": 0.08623898029327393,
      "ndcg_usergroup_1": 0.028440292924642563,
      "jsd_usergroup_1": 0.06991827487945557,
      "ndcg_usergroup_2": 0.03855986148118973,
      "jsd_usergroup_2": 0.10531317442655563,
      "ndcg_usergroup_3": 0.03904799371957779,
      "jsd_usergroup_3": 0.04533707723021507
    },
    "epoch_17": {
      "ndcg": 0.025788942351937294,
      "jsd": 0.046274278312921524,
      "ndcg_usergroup_1": 0.021797513589262962,
      "jsd_usergroup_1": 0.06835231184959412,
      "ndcg_usergroup_2": 0.02222198061645031,
      "jsd_usergroup_2": 0.04252678528428078,
      "ndcg_usergroup_3": 0.040481265634298325,
      "jsd_usergroup_3": 0.03543872758746147
    },
    "epoch_19": {
      "ndcg": 0.02626124583184719,
      "jsd": 0.03645167127251625,
      "ndcg_usergroup_1": 0.02123137377202511,
      "jsd_usergroup_1": 0.05089446157217026,
      "ndcg_usergroup_2": 0.02332710660994053,
      "jsd_usergroup_2": 0.03067041002213955,
      "ndcg_usergroup_3": 0.040093522518873215,
      "jsd_usergroup_3": 0.0393526554107666
    },
    "epoch_20": {
      "ndcg": 0.032865263521671295,
      "jsd": 0.0419464185833931,
      "ndcg_usergroup_1": 0.032109249383211136,
      "jsd_usergroup_1": 0.05964900180697441,
      "ndcg_usergroup_2": 0.030069906264543533,
      "jsd_usergroup_2": 0.03881127014756203,
      "ndcg_usergroup_3": 0.042007338255643845,
      "jsd_usergroup_3": 0.033649273216724396
    },
    "epoch_21": {
      "ndcg": 0.03193235769867897,
      "jsd": 0.034135472029447556,
      "ndcg_usergroup_1": 0.028450213372707367,
      "jsd_usergroup_1": 0.035454168915748596,
      "ndcg_usergroup_2": 0.028156407177448273,
      "jsd_usergroup_2": 0.0324140228331089,
      "ndcg_usergroup_3": 0.04674234613776207,
      "jsd_usergroup_3": 0.03798114135861397
    },
    "epoch_23": {
      "ndcg": 0.030178729444742203,
      "jsd": 0.029996173456311226,
      "ndcg_usergroup_1": 0.027062352746725082,
      "jsd_usergroup_1": 0.027953457087278366,
      "ndcg_usergroup_2": 0.02596290595829487,
      "jsd_usergroup_2": 0.029431520029902458,
      "ndcg_usergroup_3": 0.045942578464746475,
      "jsd_usergroup_3": 0.03373284637928009
    },
    "epoch_31": {
      "ndcg": 0.027058487758040428,
      "jsd": 0.029960479587316513,
      "ndcg_usergroup_1": 0.02406814694404602,
      "jsd_usergroup_1": 0.022935643792152405,
      "ndcg_usergroup_2": 0.023361340165138245,
      "jsd_usergroup_2": 0.030364438891410828,
      "ndcg_usergroup_3": 0.04114026576280594,
      "jsd_usergroup_3": 0.03577343001961708
    }
  }
}