{
  "base_recommendations": {
    "ndcg": 0.2663273811340332,
    "jsd": 0.12193825840950012,
    "ndcg_usergroup_1": 0.21388721466064453,
    "jsd_usergroup_1": 0.11441239714622498,
    "ndcg_usergroup_2": 0.256170392036438,
    "jsd_usergroup_2": 0.12063903361558914,
    "ndcg_usergroup_3": 0.34923845529556274,
    "jsd_usergroup_3": 0.13336177170276642
  },
  "postprocessed": {},
  "finetuned": {
    "epoch_1": {
      "ndcg": 0.19958005845546722,
      "jsd": 0.1108773797750473,
      "ndcg_usergroup_1": 0.1424931138753891,
      "jsd_usergroup_1": 0.10494661331176758,
      "ndcg_usergroup_2": 0.1891220510005951,
      "jsd_usergroup_2": 0.11370416730642319,
      "ndcg_usergroup_3": 0.2880410850048065,
      "jsd_usergroup_3": 0.1083277240395546
    },
    "epoch_2": {
      "ndcg": 0.19378168880939484,
      "jsd": 0.07106732577085495,
      "ndcg_usergroup_1": 0.15006256103515625,
      "jsd_usergroup_1": 0.06667982786893845,
      "ndcg_usergroup_2": 0.19035616517066956,
      "jsd_usergroup_2": 0.07136355340480804,
      "ndcg_usergroup_3": 0.24777740240097046,
      "jsd_usergroup_3": 0.07456611841917038
    },
    "epoch_4": {
      "ndcg": 0.14287132024765015,
      "jsd": 0.06575096398591995,
      "ndcg_usergroup_1": 0.11606621742248535,
      "jsd_usergroup_1": 0.06841437518596649,
      "ndcg_usergroup_2": 0.13460253179073334,
      "jsd_usergroup_2": 0.06565485894680023,
      "ndcg_usergroup_3": 0.19448275864124298,
      "jsd_usergroup_3": 0.06337586790323257
    },
    "epoch_5": {
      "ndcg": 0.12633351981639862,
      "jsd": 0.06222639977931976,
      "ndcg_usergroup_1": 0.0991651713848114,
      "jsd_usergroup_1": 0.07119938731193542,
      "ndcg_usergroup_2": 0.1159239336848259,
      "jsd_usergroup_2": 0.062470272183418274,
      "ndcg_usergroup_3": 0.1847306489944458,
      "jsd_usergroup_3": 0.05252177640795708
    },
    "epoch_6": {
      "ndcg": 0.11199843883514404,
      "jsd": 0.059486228972673416,
      "ndcg_usergroup_1": 0.09012672305107117,
      "jsd_usergroup_1": 0.0631161704659462,
      "ndcg_usergroup_2": 0.10311185568571091,
      "jsd_usergroup_2": 0.059902019798755646,
      "ndcg_usergroup_3": 0.16052992641925812,
      "jsd_usergroup_3": 0.05460893362760544
    },
    "epoch_7": {
      "ndcg": 0.10487969219684601,
      "jsd": 0.053198106586933136,
      "ndcg_usergroup_1": 0.07587660104036331,
      "jsd_usergroup_1": 0.058118704706430435,
      "ndcg_usergroup_2": 0.09659916907548904,
      "jsd_usergroup_2": 0.05331478267908096,
      "ndcg_usergroup_3": 0.1587243676185608,
      "jsd_usergroup_3": 0.04792746528983116
    },
    "epoch_9": {
      "ndcg": 0.09713881462812424,
      "jsd": 0.05262945219874382,
      "ndcg_usergroup_1": 0.07018659263849258,
      "jsd_usergroup_1": 0.05399920046329498,
      "ndcg_usergroup_2": 0.08967576920986176,
      "jsd_usergroup_2": 0.05383026599884033,
      "ndcg_usergroup_3": 0.14648018777370453,
      "jsd_usergroup_3": 0.04765729233622551
    },
    "epoch_10": {
      "ndcg": 0.09315003454685211,
      "jsd": 0.047336604446172714,
      "ndcg_usergroup_1": 0.06520751118659973,
      "jsd_usergroup_1": 0.04692530632019043,
      "ndcg_usergroup_2": 0.08614706248044968,
      "jsd_usergroup_2": 0.04707280918955803,
      "ndcg_usergroup_3": 0.14210151135921478,
      "jsd_usergroup_3": 0.048539288341999054
    },
    "epoch_13": {
      "ndcg": 0.08860939741134644,
      "jsd": 0.04427308589220047,
      "ndcg_usergroup_1": 0.06411314010620117,
      "jsd_usergroup_1": 0.037154823541641235,
      "ndcg_usergroup_2": 0.08146099746227264,
      "jsd_usergroup_2": 0.045488353818655014,
      "ndcg_usergroup_3": 0.1345508098602295,
      "jsd_usergroup_3": 0.04774554818868637
    },
    "epoch_14": {
      "ndcg": 0.0912211686372757,
      "jsd": 0.042579662054777145,
      "ndcg_usergroup_1": 0.06744230538606644,
      "jsd_usergroup_1": 0.03572741895914078,
      "ndcg_usergroup_2": 0.08426836133003235,
      "jsd_usergroup_2": 0.04380468651652336,
      "ndcg_usergroup_3": 0.1358584463596344,
      "jsd_usergroup_3": 0.045756857842206955
    },
    "epoch_17": {
      "ndcg": 0.08595230430364609,
      "jsd": 0.04221818596124649,
      "ndcg_usergroup_1": 0.06754183769226074,
      "jsd_usergroup_1": 0.03279617428779602,
      "ndcg_usergroup_2": 0.07844176143407822,
      "jsd_usergroup_2": 0.044133260846138,
      "ndcg_usergroup_3": 0.12689441442489624,
      "jsd_usergroup_3": 0.045894987881183624
    },
    "epoch_18": {
      "ndcg": 0.08587254583835602,
      "jsd": 0.03981143236160278,
      "ndcg_usergroup_1": 0.06498543918132782,
      "jsd_usergroup_1": 0.030170617625117302,
      "ndcg_usergroup_2": 0.07934989780187607,
      "jsd_usergroup_2": 0.04128603637218475,
      "ndcg_usergroup_3": 0.12632761895656586,
      "jsd_usergroup_3": 0.045028433203697205
    },
    "epoch_20": {
      "ndcg": 0.08317191153764725,
      "jsd": 0.03910195082426071,
      "ndcg_usergroup_1": 0.06332678347826004,
      "jsd_usergroup_1": 0.02842249535024166,
      "ndcg_usergroup_2": 0.07648107409477234,
      "jsd_usergroup_2": 0.040911462157964706,
      "ndcg_usergroup_3": 0.12308952957391739,
      "jsd_usergroup_3": 0.04435287415981293
    },
    "epoch_21": {
      "ndcg": 0.0831175222992897,
      "jsd": 0.038411520421504974,
      "ndcg_usergroup_1": 0.06295494735240936,
      "jsd_usergroup_1": 0.029595669358968735,
      "ndcg_usergroup_2": 0.07696583867073059,
      "jsd_usergroup_2": 0.03958408161997795,
      "ndcg_usergroup_3": 0.12173513323068619,
      "jsd_usergroup_3": 0.04370967298746109
    },
    "epoch_23": {
      "ndcg": 0.07998832315206528,
      "jsd": 0.038120515644550323,
      "ndcg_usergroup_1": 0.05985470861196518,
      "jsd_usergroup_1": 0.028772959485650063,
      "ndcg_usergroup_2": 0.07363417744636536,
      "jsd_usergroup_2": 0.039117105305194855,
      "ndcg_usergroup_3": 0.11918435245752335,
      "jsd_usergroup_3": 0.04447829723358154
    },
    "epoch_25": {
      "ndcg": 0.08130285888910294,
      "jsd": 0.036927029490470886,
      "ndcg_usergroup_1": 0.06155701354146004,
      "jsd_usergroup_1": 0.02659923955798149,
      "ndcg_usergroup_2": 0.07482266426086426,
      "jsd_usergroup_2": 0.03833891078829765,
      "ndcg_usergroup_3": 0.12048926204442978,
      "jsd_usergroup_3": 0.04301914945244789
    },
    "epoch_26": {
      "ndcg": 0.08023538440465927,
      "jsd": 0.03653333708643913,
      "ndcg_usergroup_1": 0.06278584152460098,
      "jsd_usergroup_1": 0.026713158935308456,
      "ndcg_usergroup_2": 0.07375502586364746,
      "jsd_usergroup_2": 0.037735167890787125,
      "ndcg_usergroup_3": 0.11712595820426941,
      "jsd_usergroup_3": 0.04274802282452583
    },
    "epoch_28": {
      "ndcg": 0.07765403389930725,
      "jsd": 0.03648607060313225,
      "ndcg_usergroup_1": 0.06127901375293732,
      "jsd_usergroup_1": 0.026033271104097366,
      "ndcg_usergroup_2": 0.07117801159620285,
      "jsd_usergroup_2": 0.037610918283462524,
      "ndcg_usergroup_3": 0.1134570762515068,
      "jsd_usergroup_3": 0.0435643196105957
    },
    "epoch_29": {
      "ndcg": 0.07887519150972366,
      "jsd": 0.035844046622514725,
      "ndcg_usergroup_1": 0.06093982607126236,
      "jsd_usergroup_1": 0.025514258071780205,
      "ndcg_usergroup_2": 0.07243634015321732,
      "jsd_usergroup_2": 0.03707711398601532,
      "ndcg_usergroup_3": 0.11612708866596222,
      "jsd_usergroup_3": 0.04247462376952171
    },
    "epoch_30": {
      "ndcg": 0.07651643455028534,
      "jsd": 0.03484711796045303,
      "ndcg_usergroup_1": 0.058997735381126404,
      "jsd_usergroup_1": 0.023693349212408066,
      "ndcg_usergroup_2": 0.07019073516130447,
      "jsd_usergroup_2": 0.03607123717665672,
      "ndcg_usergroup_3": 0.11301220208406448,
      "jsd_usergroup_3": 0.04232851788401604
    },
    "epoch_38": {
      "ndcg": 0.07140081375837326,
      "jsd": 0.03472937270998955,
      "ndcg_usergroup_1": 0.05280200392007828,