{
  "base_recommendations": {
    "ndcg": 0.2663273811340332,
    "jsd": 0.12193825840950012,
    "ndcg_usergroup_1": 0.21388721466064453,
    "jsd_usergroup_1": 0.11441239714622498,
    "ndcg_usergroup_2": 0.256170392036438,
    "jsd_usergroup_2": 0.12063903361558914,
    "ndcg_usergroup_3": 0.34923845529556274,
    "jsd_usergroup_3": 0.13336177170276642
  },
  "postprocessed": {},
  "finetuned": {
    "epoch_1": {
      "ndcg": 0.09941347688436508,
      "jsd": 0.19357986748218536,
      "ndcg_usergroup_1": 0.10870680958032608,
      "jsd_usergroup_1": 0.1351318061351776,
      "ndcg_usergroup_2": 0.08595062047243118,
      "jsd_usergroup_2": 0.20460358262062073,
      "ndcg_usergroup_3": 0.13050870597362518,
      "jsd_usergroup_3": 0.21895669400691986
    },
    "epoch_2": {
      "ndcg": 0.15213772654533386,
      "jsd": 0.09009958058595657,
      "ndcg_usergroup_1": 0.11030476540327072,
      "jsd_usergroup_1": 0.07169444113969803,
      "ndcg_usergroup_2": 0.14563237130641937,
      "jsd_usergroup_2": 0.08525944501161575,
      "ndcg_usergroup_3": 0.21348673105239868,
      "jsd_usergroup_3": 0.12302514910697937
    },
    "epoch_4": {
      "ndcg": 0.08492346853017807,
      "jsd": 0.052243296056985855,
      "ndcg_usergroup_1": 0.0910063162446022,
      "jsd_usergroup_1": 0.07186224311590195,
      "ndcg_usergroup_2": 0.08507110923528671,
      "jsd_usergroup_2": 0.04999649152159691,
      "ndcg_usergroup_3": 0.07839765399694443,
      "jsd_usergroup_3": 0.03936472907662392
    },
    "epoch_6": {
      "ndcg": 0.0620003305375576,
      "jsd": 0.04243960604071617,
      "ndcg_usergroup_1": 0.07737822085618973,
      "jsd_usergroup_1": 0.05167427659034729,
      "ndcg_usergroup_2": 0.05844149366021156,
      "jsd_usergroup_2": 0.04234037175774574,
      "ndcg_usergroup_3": 0.05729895830154419,
      "jsd_usergroup_3": 0.03350263088941574
    },
    "epoch_8": {
      "ndcg": 0.05473974347114563,
      "jsd": 0.03973070904612541,
      "ndcg_usergroup_1": 0.05826529487967491,
      "jsd_usergroup_1": 0.03721107542514801,
      "ndcg_usergroup_2": 0.049784041941165924,
      "jsd_usergroup_2": 0.039471469819545746,
      "ndcg_usergroup_3": 0.06608131527900696,
      "jsd_usergroup_3": 0.04302806779742241
    },
    "epoch_9": {
      "ndcg": 0.05202896147966385,
      "jsd": 0.03914414346218109,
      "ndcg_usergroup_1": 0.050006069242954254,
      "jsd_usergroup_1": 0.03163740783929825,
      "ndcg_usergroup_2": 0.04645157232880592,
      "jsd_usergroup_2": 0.036346014589071274,
      "ndcg_usergroup_3": 0.07078400999307632,
      "jsd_usergroup_3": 0.055045273154973984
    }
  }
}