{
  "base_recommendations": {
    "ndcg": 0.2663273811340332,
    "jsd": 0.12193825840950012,
    "ndcg_usergroup_1": 0.21388721466064453,
    "jsd_usergroup_1": 0.11441239714622498,
    "ndcg_usergroup_2": 0.256170392036438,
    "jsd_usergroup_2": 0.12063903361558914,
    "ndcg_usergroup_3": 0.34923845529556274,
    "jsd_usergroup_3": 0.13336177170276642
  },
  "postprocessed": {},
  "finetuned": {
    "epoch_1": {
      "ndcg": 0.1705535352230072,
      "jsd": 0.09780253469944,
      "ndcg_usergroup_1": 0.1522919088602066,
      "jsd_usergroup_1": 0.08162574470043182,
      "ndcg_usergroup_2": 0.15882042050361633,
      "jsd_usergroup_2": 0.10434043407440186,
      "ndcg_usergroup_3": 0.2240144908428192,
      "jsd_usergroup_3": 0.09436563402414322
    },
    "epoch_2": {
      "ndcg": 0.18204770982265472,
      "jsd": 0.06204163283109665,
      "ndcg_usergroup_1": 0.15105929970741272,
      "jsd_usergroup_1": 0.06124719977378845,
      "ndcg_usergroup_2": 0.1714385598897934,
      "jsd_usergroup_2": 0.06153016909956932,
      "ndcg_usergroup_3": 0.2448635995388031,
      "jsd_usergroup_3": 0.06437043845653534
    },
    "epoch_3": {
      "ndcg": 0.14716988801956177,
      "jsd": 0.06074041873216629,
      "ndcg_usergroup_1": 0.12672686576843262,
      "jsd_usergroup_1": 0.05720050260424614,
      "ndcg_usergroup_2": 0.1365308314561844,
      "jsd_usergroup_2": 0.06185892969369888,
      "ndcg_usergroup_3": 0.19953003525733948,
      "jsd_usergroup_3": 0.06092480197548866
    },
    "epoch_4": {
      "ndcg": 0.14586275815963745,
      "jsd": 0.04932258278131485,
      "ndcg_usergroup_1": 0.12187647074460983,
      "jsd_usergroup_1": 0.04931012913584709,
      "ndcg_usergroup_2": 0.13721205294132233,
      "jsd_usergroup_2": 0.05003228038549423,
      "ndcg_usergroup_3": 0.19580118358135223,
      "jsd_usergroup_3": 0.047205936163663864
    },
    "epoch_5": {
      "ndcg": 0.13259872794151306,
      "jsd": 0.04707363620400429,
      "ndcg_usergroup_1": 0.10987050831317902,
      "jsd_usergroup_1": 0.04278969392180443,
      "ndcg_usergroup_2": 0.12650299072265625,
      "jsd_usergroup_2": 0.04811583086848259,
      "ndcg_usergroup_3": 0.17361414432525635,
      "jsd_usergroup_3": 0.048231009393930435
    },
    "epoch_6": {
      "ndcg": 0.1305307000875473,
      "jsd": 0.04517707973718643,
      "ndcg_usergroup_1": 0.11359430849552155,
      "jsd_usergroup_1": 0.040882207453250885,
      "ndcg_usergroup_2": 0.12472441792488098,
      "jsd_usergroup_2": 0.04601025581359863,
      "ndcg_usergroup_3": 0.16488593816757202,
      "jsd_usergroup_3": 0.04697242006659508
    },
    "epoch_7": {
      "ndcg": 0.13287462294101715,
      "jsd": 0.04432833567261696,
      "ndcg_usergroup_1": 0.11725129187107086,
      "jsd_usergroup_1": 0.041777148842811584,
      "ndcg_usergroup_2": 0.1282823383808136,
      "jsd_usergroup_2": 0.045212917029857635,
      "ndcg_usergroup_3": 0.1622747927904129,
      "jsd_usergroup_3": 0.04422576352953911
    },
    "epoch_8": {
      "ndcg": 0.12104897946119308,
      "jsd": 0.04415535554289818,
      "ndcg_usergroup_1": 0.1084975153207779,
      "jsd_usergroup_1": 0.038531139492988586,
      "ndcg_usergroup_2": 0.11760290712118149,
      "jsd_usergroup_2": 0.04574314504861832,
      "ndcg_usergroup_3": 0.1439386010169983,
      "jsd_usergroup_3": 0.04501618072390556
    },
    "epoch_9": {
      "ndcg": 0.12200147658586502,
      "jsd": 0.04172581061720848,
      "ndcg_usergroup_1": 0.10880862921476364,
      "jsd_usergroup_1": 0.037589654326438904,
      "ndcg_usergroup_2": 0.12045324593782425,
      "jsd_usergroup_2": 0.04279231280088425,
      "ndcg_usergroup_3": 0.13983896374702454,
      "jsd_usergroup_3": 0.04266246408224106
    },
    "epoch_11": {
      "ndcg": 0.11726124584674835,
      "jsd": 0.0406445637345314,
      "ndcg_usergroup_1": 0.10590020567178726,
      "jsd_usergroup_1": 0.033912960439920425,
      "ndcg_usergroup_2": 0.11582488566637039,
      "jsd_usergroup_2": 0.04239700734615326,
      "ndcg_usergroup_3": 0.1329314112663269,
      "jsd_usergroup_3": 0.04211883991956711
    },
    "epoch_13": {
      "ndcg": 0.11144033819437027,
      "jsd": 0.04009321704506874,
      "ndcg_usergroup_1": 0.10150793194770813,
      "jsd_usergroup_1": 0.03500226512551308,
      "ndcg_usergroup_2": 0.11033856868743896,
      "jsd_usergroup_2": 0.041059710085392,
      "ndcg_usergroup_3": 0.12467800825834274,
      "jsd_usergroup_3": 0.04228469356894493
    },
    "epoch_21": {
      "ndcg": 0.09372401982545853,
      "jsd": 0.03989797458052635,
      "ndcg_usergroup_1": 0.08703003823757172,
      "jsd_usergroup_1": 0.036421239376068115,
      "ndcg_usergroup_2": 0.09522061049938202,
      "jsd_usergroup_2": 0.04032094031572342,
      "ndcg_usergroup_3": 0.09592823684215546,
      "jsd_usergroup_3": 0.04210580885410309
    },
    "epoch_22": {
      "ndcg": 0.09363696724176407,
      "jsd": 0.039593037217855453,
      "ndcg_usergroup_1": 0.0876966044306755,
      "jsd_usergroup_1": 0.03339051082730293,
      "ndcg_usergroup_2": 0.0949939638376236,
      "jsd_usergroup_2": 0.04068685322999954,
      "ndcg_usergroup_3": 0.09550630301237106,
      "jsd_usergroup_3": 0.04251411184668541
    },
    "epoch_23": {
      "ndcg": 0.09143360704183578,
      "jsd": 0.0389590784907341,
      "ndcg_usergroup_1": 0.08394497632980347,
      "jsd_usergroup_1": 0.03482549637556076,
      "ndcg_usergroup_2": 0.09300373494625092,
      "jsd_usergroup_2": 0.039795950055122375,
      "ndcg_usergroup_3": 0.09421186149120331,
      "jsd_usergroup_3": 0.04058204963803291
    },
    "epoch_25": {
      "ndcg": 0.08772996813058853,
      "jsd": 0.03801094740629196,
      "ndcg_usergroup_1": 0.08122355490922928,
      "jsd_usergroup_1": 0.03362588211894035,
      "ndcg_usergroup_2": 0.08973879367113113,
      "jsd_usergroup_2": 0.03857789933681488,
      "ndcg_usergroup_3": 0.08820988982915878,
      "jsd_usergroup_3": 0.04069514572620392
    },
    "epoch_26": {
      "ndcg": 0.08736634254455566,
      "jsd": 0.037886038422584534,
      "ndcg_usergroup_1": 0.08355360478162766,
      "jsd_usergroup_1": 0.035077840089797974,
      "ndcg_usergroup_2": 0.08840638399124146,
      "jsd_usergroup_2": 0.0383484773337841,
      "ndcg_usergroup_3": 0.08805890381336212,
      "jsd_usergroup_3": 0.03930691257119179
    },
    "epoch_29": {
      "ndcg": 0.08149412274360657,
      "jsd": 0.037213344126939774,
      "ndcg_usergroup_1": 0.07726498693227768,
      "jsd_usergroup_1": 0.03304404020309448,
      "ndcg_usergroup_2": 0.08236967027187347,
      "jsd_usergroup_2": 0.03768967092037201,
      "ndcg_usergroup_3": 0.08309663832187653,
      "jsd_usergroup_3": 0.03995365649461746
    },
    "epoch_30": {
      "ndcg": 0.08055546134710312,
      "jsd": 0.03681628033518791,
      "ndcg_usergroup_1": 0.07479456812143326,
      "jsd_usergroup_1": 0.033558301627635956,
      "ndcg_usergroup_2": 0.08166372030973434,
      "jsd_usergroup_2": 0.03755565360188484,
      "ndcg_usergroup_3": 0.08299162238836288,
      "jsd_usergroup_3": 0.03785613179206848
    },
    "epoch_32": {
      "ndcg": 0.0752124935388565,
      "jsd": 0.0368029810488224,
      "ndcg_usergroup_1": 0.07299414277076721,
      "jsd_usergroup_1": 0.03316868841648102,
      "ndcg_usergroup_2": 0.0756632462143898,
      "jsd_usergroup_2": 0.03726573288440704,
      "ndcg_usergroup_3": 0.07607857882976532,
      "jsd_usergroup_3": 0.03904903307557106
    },
    "epoch_37": {
      "ndcg": 0.06697199493646622,
      "jsd": 0.03605542704463005,
      "ndcg_usergroup_1": 0.06230682134628296,
      "jsd_usergroup_1": 0.031601645052433014,
      "ndcg_usergroup_2": 0.06791535764932632,
      "jsd_usergroup_2": 0.035849541425704956,
      "ndcg_usergroup_3": 0.06880711764097214,
      "jsd_usergroup_3": 0.04112687706947327
    },
    "epoch_46": {
      "ndcg": 0.05999191105365753,
      "jsd": 0.03593793138861656,
      "ndcg_usergroup_1": 0.05940956622362137,