{
  "base_recommendations": {
    "ndcg": 0.2663273811340332,
    "jsd": 0.12193825840950012,
    "ndcg_usergroup_1": 0.21388721466064453,
    "jsd_usergroup_1": 0.11441239714622498,
    "ndcg_usergroup_2": 0.256170392036438,
    "jsd_usergroup_2": 0.12063903361558914,
    "ndcg_usergroup_3": 0.34923845529556274,
    "jsd_usergroup_3": 0.13336177170276642
  },
  "postprocessed": {},
  "finetuned": {
    "epoch_1": {
      "ndcg": 0.24437399208545685,
      "jsd": 0.0946207046508789,
      "ndcg_usergroup_1": 0.19715087115764618,
      "jsd_usergroup_1": 0.0782499760389328,
      "ndcg_usergroup_2": 0.23380357027053833,
      "jsd_usergroup_2": 0.09438612312078476,
      "ndcg_usergroup_3": 0.32330837845802307,
      "jsd_usergroup_3": 0.11169520765542984
    },
    "epoch_2": {
      "ndcg": 0.21945065259933472,
      "jsd": 0.0909007117152214,
      "ndcg_usergroup_1": 0.17385387420654297,
      "jsd_usergroup_1": 0.07342042028903961,
      "ndcg_usergroup_2": 0.20911109447479248,
      "jsd_usergroup_2": 0.0934142917394638,
      "ndcg_usergroup_3": 0.29606613516807556,
      "jsd_usergroup_3": 0.1008402481675148
    },
    "epoch_3": {
      "ndcg": 0.20454023778438568,
      "jsd": 0.08455554395914078,
      "ndcg_usergroup_1": 0.16654561460018158,
      "jsd_usergroup_1": 0.07540532201528549,
      "ndcg_usergroup_2": 0.19514839351177216,
      "jsd_usergroup_2": 0.08761978894472122,
      "ndcg_usergroup_3": 0.2707102596759796,
      "jsd_usergroup_3": 0.08451306074857712
    },
    "epoch_4": {
      "ndcg": 0.19053716957569122,
      "jsd": 0.07939423620700836,
      "ndcg_usergroup_1": 0.1607270985841751,
      "jsd_usergroup_1": 0.07373587787151337,
      "ndcg_usergroup_2": 0.18045784533023834,
      "jsd_usergroup_2": 0.0816328376531601,
      "ndcg_usergroup_3": 0.25058513879776,
      "jsd_usergroup_3": 0.07833680510520935
    },
    "epoch_5": {
      "ndcg": 0.1801501214504242,
      "jsd": 0.07530838996171951,
      "ndcg_usergroup_1": 0.15210455656051636,
      "jsd_usergroup_1": 0.07079453766345978,
      "ndcg_usergroup_2": 0.1705121397972107,
      "jsd_usergroup_2": 0.07749058306217194,
      "ndcg_usergroup_3": 0.23710963129997253,
      "jsd_usergroup_3": 0.07327564805746078
    },
    "epoch_6": {
      "ndcg": 0.1712118238210678,
      "jsd": 0.07269814610481262,
      "ndcg_usergroup_1": 0.14215578138828278,
      "jsd_usergroup_1": 0.07084732502698898,
      "ndcg_usergroup_2": 0.16125307977199554,
      "jsd_usergroup_2": 0.07420837879180908,
      "ndcg_usergroup_3": 0.23014406859874725,
      "jsd_usergroup_3": 0.07001827657222748
    },
    "epoch_7": {
      "ndcg": 0.16538572311401367,
      "jsd": 0.06868567317724228,
      "ndcg_usergroup_1": 0.13673372566699982,
      "jsd_usergroup_1": 0.06723551452159882,
      "ndcg_usergroup_2": 0.15500140190124512,
      "jsd_usergroup_2": 0.06996344774961472,
      "ndcg_usergroup_3": 0.22519062459468842,
      "jsd_usergroup_3": 0.06630250811576843
    },
    "epoch_8": {
      "ndcg": 0.1573636680841446,
      "jsd": 0.06545019149780273,
      "ndcg_usergroup_1": 0.12638059258460999,
      "jsd_usergroup_1": 0.06544458121061325,
      "ndcg_usergroup_2": 0.1474909782409668,
      "jsd_usergroup_2": 0.06674642860889435,
      "ndcg_usergroup_3": 0.2179647833108902,
      "jsd_usergroup_3": 0.06156709045171738
    },
    "epoch_9": {
      "ndcg": 0.1509370505809784,
      "jsd": 0.06193692982196808,
      "ndcg_usergroup_1": 0.1216326355934143,
      "jsd_usergroup_1": 0.06273487210273743,
      "ndcg_usergroup_2": 0.1402648687362671,
      "jsd_usergroup_2": 0.06229588761925697,
      "ndcg_usergroup_3": 0.21225792169570923,
      "jsd_usergroup_3": 0.06006211042404175
    },
    "epoch_10": {
      "ndcg": 0.14364339411258698,
      "jsd": 0.05927078798413277,
      "ndcg_usergroup_1": 0.11214232444763184,
      "jsd_usergroup_1": 0.061153147369623184,
      "ndcg_usergroup_2": 0.13410302996635437,
      "jsd_usergroup_2": 0.059475112706422806,
      "ndcg_usergroup_3": 0.20376551151275635,
      "jsd_usergroup_3": 0.05677545443177223
    },
    "epoch_11": {
      "ndcg": 0.13680389523506165,
      "jsd": 0.057342346757650375,
      "ndcg_usergroup_1": 0.1061110571026802,
      "jsd_usergroup_1": 0.0612262524664402,
      "ndcg_usergroup_2": 0.1282919943332672,
      "jsd_usergroup_2": 0.05657804757356644,
      "ndcg_usergroup_3": 0.19303245842456818,
      "jsd_usergroup_3": 0.05575131997466087
    },
    "epoch_12": {
      "ndcg": 0.14016593992710114,
      "jsd": 0.05624166876077652,
      "ndcg_usergroup_1": 0.10980313271284103,
      "jsd_usergroup_1": 0.059529487043619156,
      "ndcg_usergroup_2": 0.13117128610610962,
      "jsd_usergroup_2": 0.05592366307973862,
      "ndcg_usergroup_3": 0.19751279056072235,
      "jsd_usergroup_3": 0.053907860070466995
    },
    "epoch_13": {
      "ndcg": 0.13193771243095398,
      "jsd": 0.05520940572023392,
      "ndcg_usergroup_1": 0.10084755718708038,
      "jsd_usergroup_1": 0.06078798323869705,
      "ndcg_usergroup_2": 0.12348927557468414,
      "jsd_usergroup_2": 0.05468245595693588,
      "ndcg_usergroup_3": 0.18837308883666992,
      "jsd_usergroup_3": 0.05121168494224548
    },
    "epoch_15": {
      "ndcg": 0.1292295902967453,
      "jsd": 0.05482793599367142,
      "ndcg_usergroup_1": 0.0982765257358551,
      "jsd_usergroup_1": 0.060251716524362564,
      "ndcg_usergroup_2": 0.12107842415571213,
      "jsd_usergroup_2": 0.05473898723721504,
      "ndcg_usergroup_3": 0.18463625013828278,
      "jsd_usergroup_3": 0.04967102035880089
    },
    "epoch_16": {
      "ndcg": 0.12834392488002777,
      "jsd": 0.05378527194261551,
      "ndcg_usergroup_1": 0.09991329908370972,
      "jsd_usergroup_1": 0.058932315558195114,
      "ndcg_usergroup_2": 0.11995763331651688,
      "jsd_usergroup_2": 0.05371881648898125,
      "ndcg_usergroup_3": 0.18193334341049194,
      "jsd_usergroup_3": 0.048837609589099884
    },
    "epoch_17": {
      "ndcg": 0.12455449253320694,
      "jsd": 0.0534573458135128,
      "ndcg_usergroup_1": 0.09643937647342682,
      "jsd_usergroup_1": 0.05926443636417389,
      "ndcg_usergroup_2": 0.11635950952768326,
      "jsd_usergroup_2": 0.053223494440317154,
      "ndcg_usergroup_3": 0.1772545874118805,
      "jsd_usergroup_3": 0.048351798206567764
    },
    "epoch_18": {
      "ndcg": 0.11853580176830292,
      "jsd": 0.05285780504345894,
      "ndcg_usergroup_1": 0.09233292937278748,
      "jsd_usergroup_1": 0.058650996536016464,
      "ndcg_usergroup_2": 0.11175142973661423,
      "jsd_usergroup_2": 0.052805542945861816,
      "ndcg_usergroup_3": 0.16509175300598145,
      "jsd_usergroup_3": 0.04722139611840248
    },
    "epoch_20": {
      "ndcg": 0.11668665707111359,
      "jsd": 0.052093248814344406,
      "ndcg_usergroup_1": 0.09058079123497009,
      "jsd_usergroup_1": 0.0586254857480526,
      "ndcg_usergroup_2": 0.10985434055328369,
      "jsd_usergroup_2": 0.05225400999188423,
      "ndcg_usergroup_3": 0.16328948736190796,
      "jsd_usergroup_3": 0.04507872089743614
    },
    "epoch_21": {
      "ndcg": 0.11367644369602203,
      "jsd": 0.04988700896501541,
      "ndcg_usergroup_1": 0.0897190049290657,
      "jsd_usergroup_1": 0.053777486085891724,
      "ndcg_usergroup_2": 0.10647619515657425,
      "jsd_usergroup_2": 0.04994601756334305,
      "ndcg_usergroup_3": 0.15923462808132172,
      "jsd_usergroup_3": 0.04581949859857559
    },
    "epoch_29": {
      "ndcg": 0.10348495095968246,
      "jsd": 0.04938827455043793,
      "ndcg_usergroup_1": 0.08584124594926834,
      "jsd_usergroup_1": 0.0527256578207016,
      "ndcg_usergroup_2": 0.09689328819513321,
      "jsd_usergroup_2": 0.05025602504611015,
      "ndcg_usergroup_3": 0.14090365171432495,
      "jsd_usergroup_3": 0.043447647243738174
    },
    "epoch_30": {
      "ndcg": 0.10320611298084259,
      "jsd": 0.04925932735204697,
      "ndcg_usergroup_1": 0.084172822535038,
      "jsd_usergroup_1": 0.05332193896174431,