{
  "base_recommendations": {
    "ndcg": 0.2663273811340332,
    "jsd": 0.12193825840950012,
    "ndcg_usergroup_1": 0.21388721466064453,
    "jsd_usergroup_1": 0.11441239714622498,
    "ndcg_usergroup_2": 0.256170392036438,
    "jsd_usergroup_2": 0.12063903361558914,
    "ndcg_usergroup_3": 0.34923845529556274,
    "jsd_usergroup_3": 0.13336177170276642
  },
  "postprocessed": {},
  "finetuned": {
    "epoch_1": {
      "ndcg": 0.15089447796344757,
      "jsd": 0.1200762614607811,
      "ndcg_usergroup_1": 0.1604481339454651,
      "jsd_usergroup_1": 0.13975836336612701,
      "ndcg_usergroup_2": 0.14334025979042053,
      "jsd_usergroup_2": 0.10942026972770691,
      "ndcg_usergroup_3": 0.16400347650051117,
      "jsd_usergroup_3": 0.13236211240291595
    },
    "epoch_2": {
      "ndcg": 0.16684888303279877,
      "jsd": 0.10735056549310684,
      "ndcg_usergroup_1": 0.15509888529777527,
      "jsd_usergroup_1": 0.20444642007350922,
      "ndcg_usergroup_2": 0.16364239156246185,
      "jsd_usergroup_2": 0.08857502788305283,
      "ndcg_usergroup_3": 0.18821829557418823,
      "jsd_usergroup_3": 0.06658127158880234
    },
    "epoch_3": {
      "ndcg": 0.1399725377559662,
      "jsd": 0.10679313540458679,
      "ndcg_usergroup_1": 0.1449064165353775,
      "jsd_usergroup_1": 0.20912690460681915,
      "ndcg_usergroup_2": 0.14309562742710114,
      "jsd_usergroup_2": 0.08797898888587952,
      "ndcg_usergroup_3": 0.12566934525966644,
      "jsd_usergroup_3": 0.06090176850557327
    },
    "epoch_16": {
      "ndcg": 0.03588249161839485,
      "jsd": 0.09536371380090714,
      "ndcg_usergroup_1": 0.02895721234381199,
      "jsd_usergroup_1": 0.12760500609874725,
      "ndcg_usergroup_2": 0.03222585842013359,
      "jsd_usergroup_2": 0.0861990824341774,
      "ndcg_usergroup_3": 0.05377766862511635,
      "jsd_usergroup_3": 0.09061636030673981
    },
    "epoch_17": {
      "ndcg": 0.035718515515327454,
      "jsd": 0.08443034440279007,
      "ndcg_usergroup_1": 0.029552163556218147,
      "jsd_usergroup_1": 0.10905327647924423,
      "ndcg_usergroup_2": 0.03175979107618332,
      "jsd_usergroup_2": 0.07669772952795029,
      "ndcg_usergroup_3": 0.053761038929224014,
      "jsd_usergroup_3": 0.08300523459911346
    },
    "epoch_18": {
      "ndcg": 0.030804889276623726,
      "jsd": 0.054806120693683624,
      "ndcg_usergroup_1": 0.02197340503334999,
      "jsd_usergroup_1": 0.06534165889024734,
      "ndcg_usergroup_2": 0.02704641781747341,
      "jsd_usergroup_2": 0.04557327553629875,
      "ndcg_usergroup_3": 0.05091176927089691,
      "jsd_usergroup_3": 0.07196912914514542
    },
    "epoch_19": {
      "ndcg": 0.031022675335407257,
      "jsd": 0.053131621330976486,
      "ndcg_usergroup_1": 0.022417282685637474,
      "jsd_usergroup_1": 0.052007220685482025,
      "ndcg_usergroup_2": 0.026878276839852333,
      "jsd_usergroup_2": 0.04661397263407707,
      "ndcg_usergroup_3": 0.05206126347184181,
      "jsd_usergroup_3": 0.0738089382648468
    },
    "epoch_20": {
      "ndcg": 0.028442610055208206,
      "jsd": 0.03957450017333031,
      "ndcg_usergroup_1": 0.018964672461152077,
      "jsd_usergroup_1": 0.0360695905983448,
      "ndcg_usergroup_2": 0.024483291432261467,
      "jsd_usergroup_2": 0.030418405309319496,
      "ndcg_usergroup_3": 0.04979850724339485,
      "jsd_usergroup_3": 0.07054770737886429
    }
  }
}