{
  "base_recommendations": {
    "ndcg": 0.2663273811340332,
    "jsd": 0.12193825840950012,
    "ndcg_usergroup_1": 0.21388721466064453,
    "jsd_usergroup_1": 0.11441239714622498,
    "ndcg_usergroup_2": 0.256170392036438,
    "jsd_usergroup_2": 0.12063903361558914,
    "ndcg_usergroup_3": 0.34923845529556274,
    "jsd_usergroup_3": 0.13336177170276642
  },
  "postprocessed": {},
  "finetuned": {
    "epoch_1": {
      "ndcg": 0.24075525999069214,
      "jsd": 0.14089448750019073,
      "ndcg_usergroup_1": 0.20287686586380005,
      "jsd_usergroup_1": 0.18786965310573578,
      "ndcg_usergroup_2": 0.2404969036579132,
      "jsd_usergroup_2": 0.1395350843667984,
      "ndcg_usergroup_3": 0.27940869331359863,
      "jsd_usergroup_3": 0.0979975163936615
    },
    "epoch_34": {
      "ndcg": 0.15516124665737152,
      "jsd": 0.14044813811779022,
      "ndcg_usergroup_1": 0.11585120856761932,
      "jsd_usergroup_1": 0.19201262295246124,
      "ndcg_usergroup_2": 0.15237706899642944,
      "jsd_usergroup_2": 0.13880380988121033,
      "ndcg_usergroup_3": 0.20282381772994995,
      "jsd_usergroup_3": 0.09381663054227829
    },
    "epoch_35": {
      "ndcg": 0.14985163509845734,
      "jsd": 0.1339958906173706,
      "ndcg_usergroup_1": 0.11293349415063858,
      "jsd_usergroup_1": 0.17957134544849396,
      "ndcg_usergroup_2": 0.1471250355243683,
      "jsd_usergroup_2": 0.13211914896965027,
      "ndcg_usergroup_3": 0.19494953751564026,
      "jsd_usergroup_3": 0.09405070543289185
    },
    "epoch_42": {
      "ndcg": 0.14063861966133118,
      "jsd": 0.13393734395503998,
      "ndcg_usergroup_1": 0.10910435765981674,
      "jsd_usergroup_1": 0.17497411370277405,
      "ndcg_usergroup_2": 0.13901564478874207,
      "jsd_usergroup_2": 0.1328197568655014,
      "ndcg_usergroup_3": 0.17704176902770996,
      "jsd_usergroup_3": 0.09625332802534103
    },
    "epoch_43": {
      "ndcg": 0.1395324468612671,
      "jsd": 0.13364550471305847,
      "ndcg_usergroup_1": 0.10882864892482758,
      "jsd_usergroup_1": 0.17057760059833527,
      "ndcg_usergroup_2": 0.13793016970157623,
      "jsd_usergroup_2": 0.13364277780056,
      "ndcg_usergroup_3": 0.17504310607910156,
      "jsd_usergroup_3": 0.0967215746641159
    },
    "epoch_45": {
      "ndcg": 0.1368125081062317,
      "jsd": 0.13264204561710358,
      "ndcg_usergroup_1": 0.10700589418411255,
      "jsd_usergroup_1": 0.16893325746059418,
      "ndcg_usergroup_2": 0.1350051462650299,
      "jsd_usergroup_2": 0.13238438963890076,
      "ndcg_usergroup_3": 0.17204120755195618,
      "jsd_usergroup_3": 0.09712382405996323
    },
    "epoch_47": {
      "ndcg": 0.1313083916902542,
      "jsd": 0.13061688840389252,
      "ndcg_usergroup_1": 0.10483869910240173,
      "jsd_usergroup_1": 0.16557319462299347,
      "ndcg_usergroup_2": 0.13048267364501953,
      "jsd_usergroup_2": 0.13102209568023682,
      "ndcg_usergroup_3": 0.16025514900684357,
      "jsd_usergroup_3": 0.09444494545459747
    },
    "epoch_49": {
      "ndcg": 0.13085128366947174,
      "jsd": 0.129691943526268,
      "ndcg_usergroup_1": 0.10375634580850601,
      "jsd_usergroup_1": 0.1574847251176834,
      "ndcg_usergroup_2": 0.1294410526752472,
      "jsd_usergroup_2": 0.13097701966762543,
      "ndcg_usergroup_3": 0.1621769666671753,
      "jsd_usergroup_3": 0.09804393351078033
    },
    "epoch_50": {
      "ndcg": 0.13209329545497894,
      "jsd": 0.12938401103019714,
      "ndcg_usergroup_1": 0.10449431091547012,
      "jsd_usergroup_1": 0.15908433496952057,
      "ndcg_usergroup_2": 0.13069704174995422,
      "jsd_usergroup_2": 0.13034430146217346,
      "ndcg_usergroup_3": 0.16388104856014252,
      "jsd_usergroup_3": 0.09680277854204178
    },
    "epoch_51": {
      "ndcg": 0.12982594966888428,
      "jsd": 0.12906570732593536,
      "ndcg_usergroup_1": 0.10339663922786713,
      "jsd_usergroup_1": 0.15711680054664612,
      "ndcg_usergroup_2": 0.12858670949935913,
      "jsd_usergroup_2": 0.13062556087970734,
      "ndcg_usergroup_3": 0.1599729210138321,
      "jsd_usergroup_3": 0.09633506089448929
    },
    "epoch_54": {
      "ndcg": 0.12534669041633606,
      "jsd": 0.12873327732086182,
      "ndcg_usergroup_1": 0.10343609750270844,
      "jsd_usergroup_1": 0.15804651379585266,
      "ndcg_usergroup_2": 0.12499375641345978,
      "jsd_usergroup_2": 0.1293894648551941,
      "ndcg_usergroup_3": 0.14831605553627014,
      "jsd_usergroup_3": 0.09745152294635773
    },
    "epoch_55": {
      "ndcg": 0.12504036724567413,
      "jsd": 0.12830877304077148,
      "ndcg_usergroup_1": 0.101957306265831,
      "jsd_usergroup_1": 0.1556423455476761,
      "ndcg_usergroup_2": 0.12464935332536697,
      "jsd_usergroup_2": 0.12924669682979584,
      "ndcg_usergroup_3": 0.14929643273353577,
      "jsd_usergroup_3": 0.09816146641969681
    },
    "epoch_56": {
      "ndcg": 0.12311150878667831,
      "jsd": 0.12727251648902893,
      "ndcg_usergroup_1": 0.09952154755592346,
      "jsd_usergroup_1": 0.15386730432510376,
      "ndcg_usergroup_2": 0.12282565981149673,
      "jsd_usergroup_2": 0.12843835353851318,
      "ndcg_usergroup_3": 0.1475590318441391,
      "jsd_usergroup_3": 0.09718021750450134
    },
    "epoch_64": {
      "ndcg": 0.11719722300767899,
      "jsd": 0.12634815275669098,
      "ndcg_usergroup_1": 0.09825117886066437,
      "jsd_usergroup_1": 0.14995673298835754,
      "ndcg_usergroup_2": 0.11755746603012085,
      "jsd_usergroup_2": 0.127696692943573,
      "ndcg_usergroup_3": 0.13506253063678741,
      "jsd_usergroup_3": 0.09869392961263657
    },
    "epoch_67": {
      "ndcg": 0.11521551758050919,
      "jsd": 0.12514135241508484,
      "ndcg_usergroup_1": 0.09621849656105042,
      "jsd_usergroup_1": 0.14630305767059326,
      "ndcg_usergroup_2": 0.11582007259130478,
      "jsd_usergroup_2": 0.1265842318534851,
      "ndcg_usergroup_3": 0.13239891827106476,
      "jsd_usergroup_3": 0.09965098649263382
    },
    "epoch_79": {
      "ndcg": 0.11129043251276016,
      "jsd": 0.1248035579919815,
      "ndcg_usergroup_1": 0.09443886578083038,
      "jsd_usergroup_1": 0.1453704833984375,
      "ndcg_usergroup_2": 0.112423375248909,
      "jsd_usergroup_2": 0.1270514875650406,
      "ndcg_usergroup_3": 0.12474316358566284,
      "jsd_usergroup_3": 0.09749282896518707
    },
    "epoch_84": {
      "ndcg": 0.1095004677772522,
      "jsd": 0.12385322898626328,
      "ndcg_usergroup_1": 0.09321866929531097,
      "jsd_usergroup_1": 0.1429116427898407,
      "ndcg_usergroup_2": 0.11142148077487946,
      "jsd_usergroup_2": 0.12634003162384033,
      "ndcg_usergroup_3": 0.12001922726631165,
      "jsd_usergroup_3": 0.09733438491821289
    }
  }
}