{
  "base_recommendations": {
    "ndcg": 0.2663273811340332,
    "jsd": 0.12193825840950012,
    "ndcg_usergroup_1": 0.21388721466064453,
    "jsd_usergroup_1": 0.11441239714622498,
    "ndcg_usergroup_2": 0.256170392036438,
    "jsd_usergroup_2": 0.12063903361558914,
    "ndcg_usergroup_3": 0.34923845529556274,
    "jsd_usergroup_3": 0.13336177170276642
  },
  "postprocessed": {},
  "finetuned": {
    "epoch_1": {
      "ndcg": 0.24664174020290375,
      "jsd": 0.09648510068655014,
      "ndcg_usergroup_1": 0.19805395603179932,
      "jsd_usergroup_1": 0.08013579994440079,
      "ndcg_usergroup_2": 0.23609276115894318,
      "jsd_usergroup_2": 0.09618353098630905,
      "ndcg_usergroup_3": 0.3268764019012451,
      "jsd_usergroup_3": 0.11373914033174515
    },
    "epoch_2": {
      "ndcg": 0.22241078317165375,
      "jsd": 0.09127292037010193,
      "ndcg_usergroup_1": 0.17469029128551483,
      "jsd_usergroup_1": 0.07303526997566223,
      "ndcg_usergroup_2": 0.21209195256233215,
      "jsd_usergroup_2": 0.09372258186340332,
      "ndcg_usergroup_3": 0.30108773708343506,
      "jsd_usergroup_3": 0.10216158628463745
    },
    "epoch_3": {
      "ndcg": 0.2078486979007721,
      "jsd": 0.08505788445472717,
      "ndcg_usergroup_1": 0.1641688495874405,
      "jsd_usergroup_1": 0.07518554478883743,
      "ndcg_usergroup_2": 0.1987728476524353,
      "jsd_usergroup_2": 0.08796949684619904,
      "ndcg_usergroup_3": 0.2787560820579529,
      "jsd_usergroup_3": 0.08619537204504013
    },
    "epoch_4": {
      "ndcg": 0.19420400261878967,
      "jsd": 0.08024556934833527,
      "ndcg_usergroup_1": 0.15674160420894623,
      "jsd_usergroup_1": 0.07539430260658264,
      "ndcg_usergroup_2": 0.18611393868923187,
      "jsd_usergroup_2": 0.08256108313798904,
      "ndcg_usergroup_3": 0.25593653321266174,
      "jsd_usergroup_3": 0.07815030962228775
    },
    "epoch_5": {
      "ndcg": 0.18265514075756073,
      "jsd": 0.07781378924846649,
      "ndcg_usergroup_1": 0.1490817368030548,
      "jsd_usergroup_1": 0.07565183937549591,
      "ndcg_usergroup_2": 0.1747007668018341,
      "jsd_usergroup_2": 0.07922008633613586,
      "ndcg_usergroup_3": 0.24009177088737488,
      "jsd_usergroup_3": 0.07575682550668716
    },
    "epoch_6": {
      "ndcg": 0.17377041280269623,
      "jsd": 0.07444402575492859,
      "ndcg_usergroup_1": 0.14365743100643158,
      "jsd_usergroup_1": 0.0744040310382843,
      "ndcg_usergroup_2": 0.16508635878562927,
      "jsd_usergroup_2": 0.07500509172677994,
      "ndcg_usergroup_3": 0.22993549704551697,
      "jsd_usergroup_3": 0.07280080765485764
    },
    "epoch_7": {
      "ndcg": 0.16367651522159576,
      "jsd": 0.07258033007383347,
      "ndcg_usergroup_1": 0.1333019733428955,
      "jsd_usergroup_1": 0.0743098258972168,
      "ndcg_usergroup_2": 0.15458941459655762,
      "jsd_usergroup_2": 0.07279165089130402,
      "ndcg_usergroup_3": 0.22131231427192688,
      "jsd_usergroup_3": 0.07021689414978027
    },
    "epoch_8": {
      "ndcg": 0.1569323092699051,
      "jsd": 0.06987921893596649,
      "ndcg_usergroup_1": 0.12757140398025513,
      "jsd_usergroup_1": 0.07462313771247864,
      "ndcg_usergroup_2": 0.14702816307544708,
      "jsd_usergroup_2": 0.06956951320171356,
      "ndcg_usergroup_3": 0.2160056084394455,
      "jsd_usergroup_3": 0.06606442481279373
    },
    "epoch_9": {
      "ndcg": 0.15065592527389526,
      "jsd": 0.06750018149614334,
      "ndcg_usergroup_1": 0.12208957225084305,
      "jsd_usergroup_1": 0.07281908392906189,
      "ndcg_usergroup_2": 0.139847069978714,
      "jsd_usergroup_2": 0.06670825928449631,
      "ndcg_usergroup_3": 0.2116488218307495,
      "jsd_usergroup_3": 0.06455705314874649
    },
    "epoch_10": {
      "ndcg": 0.14570273458957672,
      "jsd": 0.06659762561321259,
      "ndcg_usergroup_1": 0.1185520738363266,
      "jsd_usergroup_1": 0.07378672808408737,
      "ndcg_usergroup_2": 0.13491442799568176,
      "jsd_usergroup_2": 0.06538379937410355,
      "ndcg_usergroup_3": 0.20521828532218933,
      "jsd_usergroup_3": 0.06304995715618134
    },
    "epoch_11": {
      "ndcg": 0.14062213897705078,
      "jsd": 0.06429020315408707,
      "ndcg_usergroup_1": 0.1139291524887085,
      "jsd_usergroup_1": 0.0727967694401741,
      "ndcg_usergroup_2": 0.12964217364788055,
      "jsd_usergroup_2": 0.06322097778320312,
      "ndcg_usergroup_3": 0.20025503635406494,
      "jsd_usergroup_3": 0.05899132415652275
    },
    "epoch_12": {
      "ndcg": 0.1357211470603943,
      "jsd": 0.06266245245933533,
      "ndcg_usergroup_1": 0.11098527908325195,
      "jsd_usergroup_1": 0.0698709487915039,
      "ndcg_usergroup_2": 0.1253562569618225,
      "jsd_usergroup_2": 0.06150247901678085,
      "ndcg_usergroup_3": 0.19155170023441315,
      "jsd_usergroup_3": 0.05893387645483017
    },
    "epoch_13": {
      "ndcg": 0.1297561377286911,
      "jsd": 0.06134611368179321,
      "ndcg_usergroup_1": 0.10452103614807129,
      "jsd_usergroup_1": 0.06877705454826355,
      "ndcg_usergroup_2": 0.11956610530614853,
      "jsd_usergroup_2": 0.06021331250667572,
      "ndcg_usergroup_3": 0.18556132912635803,
      "jsd_usergroup_3": 0.05731356516480446
    },
    "epoch_14": {
      "ndcg": 0.12677893042564392,
      "jsd": 0.059873610734939575,
      "ndcg_usergroup_1": 0.10369807481765747,
      "jsd_usergroup_1": 0.06855729967355728,
      "ndcg_usergroup_2": 0.11661002039909363,
      "jsd_usergroup_2": 0.05828898772597313,
      "ndcg_usergroup_3": 0.18036648631095886,
      "jsd_usergroup_3": 0.05594378709793091
    },
    "epoch_15": {
      "ndcg": 0.13255073130130768,
      "jsd": 0.058844905346632004,
      "ndcg_usergroup_1": 0.11125824600458145,
      "jsd_usergroup_1": 0.06301116943359375,
      "ndcg_usergroup_2": 0.12193339318037033,
      "jsd_usergroup_2": 0.05857672169804573,
      "ndcg_usergroup_3": 0.18569526076316833,
      "jsd_usergroup_3": 0.05548316240310669
    },
    "epoch_16": {
      "ndcg": 0.12612001597881317,
      "jsd": 0.057792287319898605,
      "ndcg_usergroup_1": 0.10278521478176117,
      "jsd_usergroup_1": 0.0647302195429802,
      "ndcg_usergroup_2": 0.11653876304626465,
      "jsd_usergroup_2": 0.05680786818265915,
      "ndcg_usergroup_3": 0.17819854617118835,
      "jsd_usergroup_3": 0.0538075752556324
    },
    "epoch_18": {
      "ndcg": 0.11994853615760803,
      "jsd": 0.05523158609867096,
      "ndcg_usergroup_1": 0.10007860511541367,
      "jsd_usergroup_1": 0.06165656819939613,
      "ndcg_usergroup_2": 0.11030424386262894,
      "jsd_usergroup_2": 0.054222628474235535,
      "ndcg_usergroup_3": 0.16875123977661133,
      "jsd_usergroup_3": 0.051833488047122955
    },
    "epoch_19": {
      "ndcg": 0.11842815577983856,
      "jsd": 0.053786501288414,
      "ndcg_usergroup_1": 0.09868856519460678,
      "jsd_usergroup_1": 0.05959872528910637,
      "ndcg_usergroup_2": 0.10885355621576309,
      "jsd_usergroup_2": 0.052943240851163864,
      "ndcg_usergroup_3": 0.16689154505729675,
      "jsd_usergroup_3": 0.050504039973020554
    },
    "epoch_21": {
      "ndcg": 0.11856545507907867,
      "jsd": 0.0530196912586689,
      "ndcg_usergroup_1": 0.09769546985626221,
      "jsd_usergroup_1": 0.05706414580345154,
      "ndcg_usergroup_2": 0.10959222912788391,
      "jsd_usergroup_2": 0.05266118422150612,
      "ndcg_usergroup_3": 0.16635508835315704,
      "jsd_usergroup_3": 0.050050750374794006
    },
    "epoch_22": {
      "ndcg": 0.11713746190071106,
      "jsd": 0.052852828055620193,
      "ndcg_usergroup_1": 0.09710213541984558,
      "jsd_usergroup_1": 0.05638415738940239,
      "ndcg_usergroup_2": 0.10842853039503098,
      "jsd_usergroup_2": 0.05245686694979668,
      "ndcg_usergroup_3": 0.163299560546875,
      "jsd_usergroup_3": 0.05050939694046974
    },
    "epoch_24": {
      "ndcg": 0.11676042526960373,
      "jsd": 0.051738571375608444,
      "ndcg_usergroup_1": 0.09603432565927505,
      "jsd_usergroup_1": 0.055757567286491394,