{
  "base_recommendations": {
    "ndcg": 0.2663273811340332,
    "jsd": 0.12193825840950012,
    "ndcg_usergroup_1": 0.21388721466064453,
    "jsd_usergroup_1": 0.11441239714622498,
    "ndcg_usergroup_2": 0.256170392036438,
    "jsd_usergroup_2": 0.12063903361558914,
    "ndcg_usergroup_3": 0.34923845529556274,
    "jsd_usergroup_3": 0.13336177170276642
  },
  "postprocessed": {},
  "finetuned": {
    "epoch_1": {
      "ndcg": 0.24409151077270508,
      "jsd": 0.09673354774713516,
      "ndcg_usergroup_1": 0.20597995817661285,
      "jsd_usergroup_1": 0.09362063556909561,
      "ndcg_usergroup_2": 0.23467929661273956,
      "jsd_usergroup_2": 0.09569984674453735,
      "ndcg_usergroup_3": 0.31043967604637146,
      "jsd_usergroup_3": 0.10294761508703232
    },
    "epoch_11": {
      "ndcg": 0.20348787307739258,
      "jsd": 0.09565508365631104,
      "ndcg_usergroup_1": 0.1893879920244217,
      "jsd_usergroup_1": 0.1424119621515274,
      "ndcg_usergroup_2": 0.19603778421878815,
      "jsd_usergroup_2": 0.08852724730968475,
      "ndcg_usergroup_3": 0.23993806540966034,
      "jsd_usergroup_3": 0.07028171420097351
    },
    "epoch_12": {
      "ndcg": 0.20115023851394653,
      "jsd": 0.09492775797843933,
      "ndcg_usergroup_1": 0.18642061948776245,
      "jsd_usergroup_1": 0.1443766951560974,
      "ndcg_usergroup_2": 0.19415947794914246,
      "jsd_usergroup_2": 0.08712751418352127,
      "ndcg_usergroup_3": 0.23685207962989807,
      "jsd_usergroup_3": 0.06887948513031006
    },
    "epoch_13": {
      "ndcg": 0.20156711339950562,
      "jsd": 0.09448619186878204,
      "ndcg_usergroup_1": 0.1882493495941162,
      "jsd_usergroup_1": 0.1438763439655304,
      "ndcg_usergroup_2": 0.1949828863143921,
      "jsd_usergroup_2": 0.08649297803640366,
      "ndcg_usergroup_3": 0.23463763296604156,
      "jsd_usergroup_3": 0.06907566636800766
    },
    "epoch_14": {
      "ndcg": 0.20238067209720612,
      "jsd": 0.0937831699848175,
      "ndcg_usergroup_1": 0.18751710653305054,
      "jsd_usergroup_1": 0.14291711151599884,
      "ndcg_usergroup_2": 0.19572721421718597,
      "jsd_usergroup_2": 0.08581047505140305,
      "ndcg_usergroup_3": 0.2372046411037445,
      "jsd_usergroup_3": 0.06856730580329895
    },
    "epoch_16": {
      "ndcg": 0.20058725774288177,
      "jsd": 0.09339339286088943,
      "ndcg_usergroup_1": 0.18490289151668549,
      "jsd_usergroup_1": 0.1469343900680542,
      "ndcg_usergroup_2": 0.19441741704940796,
      "jsd_usergroup_2": 0.08441416174173355,
      "ndcg_usergroup_3": 0.23478107154369354,
      "jsd_usergroup_3": 0.06679004430770874
    },
    "epoch_17": {
      "ndcg": 0.19863730669021606,
      "jsd": 0.09256232529878616,
      "ndcg_usergroup_1": 0.18240410089492798,
      "jsd_usergroup_1": 0.147148996591568,
      "ndcg_usergroup_2": 0.19350475072860718,
      "jsd_usergroup_2": 0.08327186107635498,
      "ndcg_usergroup_3": 0.23026816546916962,
      "jsd_usergroup_3": 0.06584697216749191
    },
    "epoch_18": {
      "ndcg": 0.19682157039642334,
      "jsd": 0.09190798550844193,
      "ndcg_usergroup_1": 0.18176935613155365,
      "jsd_usergroup_1": 0.14974649250507355,
      "ndcg_usergroup_2": 0.19183187186717987,
      "jsd_usergroup_2": 0.08180517703294754,
      "ndcg_usergroup_3": 0.22684286534786224,
      "jsd_usergroup_3": 0.06437785923480988
    },
    "epoch_19": {
      "ndcg": 0.19678765535354614,
      "jsd": 0.08986321091651917,
      "ndcg_usergroup_1": 0.18156088888645172,
      "jsd_usergroup_1": 0.14319419860839844,
      "ndcg_usergroup_2": 0.19150401651859283,
      "jsd_usergroup_2": 0.08058711886405945,
      "ndcg_usergroup_3": 0.22786526381969452,
      "jsd_usergroup_3": 0.06436044722795486
    },
    "epoch_20": {
      "ndcg": 0.19666174054145813,
      "jsd": 0.0894763246178627,
      "ndcg_usergroup_1": 0.18164098262786865,
      "jsd_usergroup_1": 0.1429559886455536,
      "ndcg_usergroup_2": 0.1908756047487259,
      "jsd_usergroup_2": 0.07993309944868088,
      "ndcg_usergroup_3": 0.2290409356355667,
      "jsd_usergroup_3": 0.06462634354829788
    },
    "epoch_22": {
      "ndcg": 0.19442906975746155,
      "jsd": 0.08883121609687805,
      "ndcg_usergroup_1": 0.17970892786979675,
      "jsd_usergroup_1": 0.14461106061935425,
      "ndcg_usergroup_2": 0.18918997049331665,
      "jsd_usergroup_2": 0.07932758331298828,
      "ndcg_usergroup_3": 0.22486652433872223,
      "jsd_usergroup_3": 0.06156223639845848
    },
    "epoch_24": {
      "ndcg": 0.1939178705215454,
      "jsd": 0.0885213166475296,
      "ndcg_usergroup_1": 0.1784481555223465,
      "jsd_usergroup_1": 0.14552125334739685,
      "ndcg_usergroup_2": 0.18847301602363586,
      "jsd_usergroup_2": 0.07859154045581818,
      "ndcg_usergroup_3": 0.22572210431098938,
      "jsd_usergroup_3": 0.061310723423957825
    },
    "epoch_25": {
      "ndcg": 0.19324684143066406,
      "jsd": 0.0871143490076065,
      "ndcg_usergroup_1": 0.17810209095478058,
      "jsd_usergroup_1": 0.14329026639461517,
      "ndcg_usergroup_2": 0.1886281669139862,
      "jsd_usergroup_2": 0.07723993808031082,
      "ndcg_usergroup_3": 0.22224754095077515,
      "jsd_usergroup_3": 0.06056170538067818
    },
    "epoch_26": {
      "ndcg": 0.19279949367046356,
      "jsd": 0.08679763227701187,
      "ndcg_usergroup_1": 0.17737916111946106,
      "jsd_usergroup_1": 0.14222198724746704,
      "ndcg_usergroup_2": 0.18820315599441528,
      "jsd_usergroup_2": 0.0769486054778099,
      "ndcg_usergroup_3": 0.22200876474380493,
      "jsd_usergroup_3": 0.06092036888003349
    },
    "epoch_28": {
      "ndcg": 0.19094166159629822,
      "jsd": 0.0861985981464386,
      "ndcg_usergroup_1": 0.17611368000507355,
      "jsd_usergroup_1": 0.1451430469751358,
      "ndcg_usergroup_2": 0.18654724955558777,
      "jsd_usergroup_2": 0.07537326216697693,
      "ndcg_usergroup_3": 0.21895280480384827,
      "jsd_usergroup_3": 0.05973014608025551
    },
    "epoch_29": {
      "ndcg": 0.18937547504901886,
      "jsd": 0.08574061095714569,
      "ndcg_usergroup_1": 0.17496436834335327,
      "jsd_usergroup_1": 0.14494144916534424,
      "ndcg_usergroup_2": 0.18474000692367554,
      "jsd_usergroup_2": 0.07453890144824982,
      "ndcg_usergroup_3": 0.21769292652606964,
      "jsd_usergroup_3": 0.06014494225382805
    },
    "epoch_31": {
      "ndcg": 0.18849340081214905,
      "jsd": 0.0855037271976471,
      "ndcg_usergroup_1": 0.17299282550811768,
      "jsd_usergroup_1": 0.14472158253192902,
      "ndcg_usergroup_2": 0.18395477533340454,
      "jsd_usergroup_2": 0.07447628676891327,
      "ndcg_usergroup_3": 0.21760983765125275,
      "jsd_usergroup_3": 0.05936818569898605
    },
    "epoch_33": {
      "ndcg": 0.18819543719291687,
      "jsd": 0.08509685099124908,
      "ndcg_usergroup_1": 0.17371834814548492,
      "jsd_usergroup_1": 0.1439112424850464,
      "ndcg_usergroup_2": 0.18378612399101257,
      "jsd_usergroup_2": 0.07374104857444763,
      "ndcg_usergroup_3": 0.21590042114257812,
      "jsd_usergroup_3": 0.06034988909959793
    },
    "epoch_35": {
      "ndcg": 0.1874782145023346,
      "jsd": 0.08473832160234451,
      "ndcg_usergroup_1": 0.17452451586723328,
      "jsd_usergroup_1": 0.145879328250885,
      "ndcg_usergroup_2": 0.1833077073097229,
      "jsd_usergroup_2": 0.07284723222255707,
      "ndcg_usergroup_3": 0.21294347941875458,
      "jsd_usergroup_3": 0.059270575642585754
    },
    "epoch_38": {
      "ndcg": 0.1865898072719574,
      "jsd": 0.08402267098426819,
      "ndcg_usergroup_1": 0.1749674379825592,
      "jsd_usergroup_1": 0.14429964125156403,
      "ndcg_usergroup_2": 0.18236112594604492,
      "jsd_usergroup_2": 0.07237284630537033,
      "ndcg_usergroup_3": 0.2108982652425766,
      "jsd_usergroup_3": 0.05869514122605324
    },
    "epoch_39": {
      "ndcg": 0.18623872101306915,
      "jsd": 0.0833854004740715,
      "ndcg_usergroup_1": 0.17309792339801788,
      "jsd_usergroup_1": 0.14312857389450073,