{
  "base_recommendations": {
    "ndcg": 0.2663273811340332,
    "jsd": 0.12193825840950012,
    "ndcg_usergroup_1": 0.21388721466064453,
    "jsd_usergroup_1": 0.11441239714622498,
    "ndcg_usergroup_2": 0.256170392036438,
    "jsd_usergroup_2": 0.12063903361558914,
    "ndcg_usergroup_3": 0.34923845529556274,
    "jsd_usergroup_3": 0.13336177170276642
  },
  "postprocessed": {},
  "finetuned": {
    "epoch_1": {
      "ndcg": 0.16872261464595795,
      "jsd": 0.09658756852149963,
      "ndcg_usergroup_1": 0.16428424417972565,
      "jsd_usergroup_1": 0.0815257877111435,
      "ndcg_usergroup_2": 0.15472127497196198,
      "jsd_usergroup_2": 0.10156286507844925,
      "ndcg_usergroup_3": 0.21516501903533936,
      "jsd_usergroup_3": 0.09672344475984573
    },
    "epoch_2": {
      "ndcg": 0.18999989330768585,
      "jsd": 0.06775691360235214,
      "ndcg_usergroup_1": 0.16276335716247559,
      "jsd_usergroup_1": 0.06949638575315475,
      "ndcg_usergroup_2": 0.17772619426250458,
      "jsd_usergroup_2": 0.06680289655923843,
      "ndcg_usergroup_3": 0.2540575861930847,
      "jsd_usergroup_3": 0.06887948513031006
    },
    "epoch_3": {
      "ndcg": 0.15819932520389557,
      "jsd": 0.06621258705854416,
      "ndcg_usergroup_1": 0.14667794108390808,
      "jsd_usergroup_1": 0.06742030382156372,
      "ndcg_usergroup_2": 0.14739462733268738,
      "jsd_usergroup_2": 0.06584308296442032,
      "ndcg_usergroup_3": 0.20213478803634644,
      "jsd_usergroup_3": 0.06611337512731552
    },
    "epoch_4": {
      "ndcg": 0.1615750640630722,
      "jsd": 0.0548437163233757,
      "ndcg_usergroup_1": 0.14236395061016083,
      "jsd_usergroup_1": 0.0592389777302742,
      "ndcg_usergroup_2": 0.1514139026403427,
      "jsd_usergroup_2": 0.05453401803970337,
      "ndcg_usergroup_3": 0.2112695574760437,
      "jsd_usergroup_3": 0.051377564668655396
    },
    "epoch_5": {
      "ndcg": 0.1455494910478592,
      "jsd": 0.05367046594619751,
      "ndcg_usergroup_1": 0.12574227154254913,
      "jsd_usergroup_1": 0.05917869880795479,
      "ndcg_usergroup_2": 0.13934415578842163,
      "jsd_usergroup_2": 0.05211813002824783,
      "ndcg_usergroup_3": 0.18397274613380432,
      "jsd_usergroup_3": 0.052819255739450455
    },
    "epoch_6": {
      "ndcg": 0.14610517024993896,
      "jsd": 0.05285228416323662,
      "ndcg_usergroup_1": 0.12637750804424286,
      "jsd_usergroup_1": 0.06443942338228226,
      "ndcg_usergroup_2": 0.1404147893190384,
      "jsd_usergroup_2": 0.05026732012629509,
      "ndcg_usergroup_3": 0.1829039454460144,
      "jsd_usergroup_3": 0.049020010977983475
    },
    "epoch_7": {
      "ndcg": 0.14368638396263123,
      "jsd": 0.049124520272016525,
      "ndcg_usergroup_1": 0.12305860966444016,
      "jsd_usergroup_1": 0.05873323231935501,
      "ndcg_usergroup_2": 0.13946878910064697,
      "jsd_usergroup_2": 0.046803269535303116,
      "ndcg_usergroup_3": 0.17696689069271088,
      "jsd_usergroup_3": 0.046479541808366776
    },
    "epoch_8": {
      "ndcg": 0.13894875347614288,
      "jsd": 0.04798097908496857,
      "ndcg_usergroup_1": 0.12143651396036148,
      "jsd_usergroup_1": 0.05821073800325394,
      "ndcg_usergroup_2": 0.13478194177150726,
      "jsd_usergroup_2": 0.0453747995197773,
      "ndcg_usergroup_3": 0.16896143555641174,
      "jsd_usergroup_3": 0.04556974023580551
    },
    "epoch_9": {
      "ndcg": 0.137782484292984,
      "jsd": 0.04646347463130951,
      "ndcg_usergroup_1": 0.11979059875011444,
      "jsd_usergroup_1": 0.053824104368686676,
      "ndcg_usergroup_2": 0.1344272345304489,
      "jsd_usergroup_2": 0.044784966856241226,
      "ndcg_usergroup_3": 0.16584011912345886,
      "jsd_usergroup_3": 0.044138338416814804
    },
    "epoch_11": {
      "ndcg": 0.131423220038414,
      "jsd": 0.04464297369122505,
      "ndcg_usergroup_1": 0.11506243795156479,
      "jsd_usergroup_1": 0.053753506392240524,
      "ndcg_usergroup_2": 0.1283082365989685,
      "jsd_usergroup_2": 0.04241931438446045,
      "ndcg_usergroup_3": 0.15712891519069672,
      "jsd_usergroup_3": 0.04220341891050339
    },
    "epoch_12": {
      "ndcg": 0.13280464708805084,
      "jsd": 0.044814690947532654,
      "ndcg_usergroup_1": 0.1170656830072403,
      "jsd_usergroup_1": 0.05308651924133301,
      "ndcg_usergroup_2": 0.1302095353603363,
      "jsd_usergroup_2": 0.042414337396621704,
      "ndcg_usergroup_3": 0.15632890164852142,
      "jsd_usergroup_3": 0.043743912130594254
    },
    "epoch_15": {
      "ndcg": 0.12459270656108856,
      "jsd": 0.043860115110874176,
      "ndcg_usergroup_1": 0.11179538816213608,
      "jsd_usergroup_1": 0.05501245707273483,
      "ndcg_usergroup_2": 0.12342334538698196,
      "jsd_usergroup_2": 0.040876854211091995,
      "ndcg_usergroup_3": 0.14089809358119965,
      "jsd_usergroup_3": 0.041657574474811554
    },
    "epoch_17": {
      "ndcg": 0.11782310903072357,
      "jsd": 0.04375692456960678,
      "ndcg_usergroup_1": 0.1063181534409523,
      "jsd_usergroup_1": 0.05256317928433418,
      "ndcg_usergroup_2": 0.11654011160135269,
      "jsd_usergroup_2": 0.04102890565991402,
      "ndcg_usergroup_3": 0.1331770420074463,
      "jsd_usergroup_3": 0.04313472658395767
    },
    "epoch_20": {
      "ndcg": 0.11159732937812805,
      "jsd": 0.04328823462128639,
      "ndcg_usergroup_1": 0.10291600972414017,
      "jsd_usergroup_1": 0.05224216356873512,
      "ndcg_usergroup_2": 0.10961751639842987,
      "jsd_usergroup_2": 0.0413079671561718,
      "ndcg_usergroup_3": 0.12621809542179108,
      "jsd_usergroup_3": 0.04027509689331055
    },
    "epoch_23": {
      "ndcg": 0.10581687092781067,
      "jsd": 0.04246712476015091,
      "ndcg_usergroup_1": 0.09966850280761719,
      "jsd_usergroup_1": 0.04929260164499283,
      "ndcg_usergroup_2": 0.10368789732456207,
      "jsd_usergroup_2": 0.04076354205608368,
      "ndcg_usergroup_3": 0.11835219711065292,
      "jsd_usergroup_3": 0.04075239598751068
    },
    "epoch_28": {
      "ndcg": 0.09588269889354706,
      "jsd": 0.04195358604192734,
      "ndcg_usergroup_1": 0.08787761628627777,
      "jsd_usergroup_1": 0.041372526437044144,
      "ndcg_usergroup_2": 0.09546489268541336,
      "jsd_usergroup_2": 0.042261652648448944,
      "ndcg_usergroup_3": 0.10514114052057266,
      "jsd_usergroup_3": 0.041610438376665115
    },
    "epoch_33": {
      "ndcg": 0.08583368360996246,
      "jsd": 0.0401776060461998,
      "ndcg_usergroup_1": 0.08085537701845169,
      "jsd_usergroup_1": 0.04156209155917168,
      "ndcg_usergroup_2": 0.08614832907915115,
      "jsd_usergroup_2": 0.04035580903291702,
      "ndcg_usergroup_3": 0.08986803889274597,
      "jsd_usergroup_3": 0.03825851529836655
    }
  }
}