{
  "base_recommendations": {
    "ndcg": 0.2663273811340332,
    "jsd": 0.12193825840950012,
    "ndcg_usergroup_1": 0.21388721466064453,
    "jsd_usergroup_1": 0.11441239714622498,
    "ndcg_usergroup_2": 0.256170392036438,
    "jsd_usergroup_2": 0.12063903361558914,
    "ndcg_usergroup_3": 0.34923845529556274,
    "jsd_usergroup_3": 0.13336177170276642
  },
  "postprocessed": {},
  "finetuned": {
    "epoch_1": {
      "ndcg": 0.239861398935318,
      "jsd": 0.0927339494228363,
      "ndcg_usergroup_1": 0.19639535248279572,
      "jsd_usergroup_1": 0.07842783629894257,
      "ndcg_usergroup_2": 0.22874072194099426,
      "jsd_usergroup_2": 0.09258665889501572,
      "ndcg_usergroup_3": 0.31668949127197266,
      "jsd_usergroup_3": 0.10748197883367538
    },
    "epoch_2": {
      "ndcg": 0.2089342623949051,
      "jsd": 0.0881728008389473,
      "ndcg_usergroup_1": 0.1734641194343567,
      "jsd_usergroup_1": 0.0742110088467598,
      "ndcg_usergroup_2": 0.19852516055107117,
      "jsd_usergroup_2": 0.09166053682565689,
      "ndcg_usergroup_3": 0.2756316065788269,
      "jsd_usergroup_3": 0.09167139232158661
    },
    "epoch_3": {
      "ndcg": 0.1964610368013382,
      "jsd": 0.08239973336458206,
      "ndcg_usergroup_1": 0.17420555651187897,
      "jsd_usergroup_1": 0.08079837262630463,
      "ndcg_usergroup_2": 0.18644674122333527,
      "jsd_usergroup_2": 0.08337125927209854,
      "ndcg_usergroup_3": 0.24875938892364502,
      "jsd_usergroup_3": 0.08108649402856827
    },
    "epoch_4": {
      "ndcg": 0.18578310310840607,
      "jsd": 0.07961379736661911,
      "ndcg_usergroup_1": 0.1677386611700058,
      "jsd_usergroup_1": 0.08222579956054688,
      "ndcg_usergroup_2": 0.1747530698776245,
      "jsd_usergroup_2": 0.07927091419696808,
      "ndcg_usergroup_3": 0.23691754043102264,
      "jsd_usergroup_3": 0.07803042232990265
    },
    "epoch_5": {
      "ndcg": 0.179372176527977,
      "jsd": 0.07605621218681335,
      "ndcg_usergroup_1": 0.1627354919910431,
      "jsd_usergroup_1": 0.07948189973831177,
      "ndcg_usergroup_2": 0.1670994907617569,
      "jsd_usergroup_2": 0.07615756243467331,
      "ndcg_usergroup_3": 0.23282702267169952,
      "jsd_usergroup_3": 0.07232648134231567
    },
    "epoch_6": {
      "ndcg": 0.17391565442085266,
      "jsd": 0.07185598462820053,
      "ndcg_usergroup_1": 0.1550581455230713,
      "jsd_usergroup_1": 0.07540379464626312,
      "ndcg_usergroup_2": 0.16142646968364716,
      "jsd_usergroup_2": 0.07179718464612961,
      "ndcg_usergroup_3": 0.23024077713489532,
      "jsd_usergroup_3": 0.0684846043586731
    },
    "epoch_7": {
      "ndcg": 0.17043742537498474,
      "jsd": 0.06829583644866943,
      "ndcg_usergroup_1": 0.15313637256622314,
      "jsd_usergroup_1": 0.0742901936173439,
      "ndcg_usergroup_2": 0.15845926105976105,
      "jsd_usergroup_2": 0.06747220456600189,
      "ndcg_usergroup_3": 0.22367292642593384,
      "jsd_usergroup_3": 0.06477238237857819
    },
    "epoch_8": {
      "ndcg": 0.16782636940479279,
      "jsd": 0.06467641890048981,
      "ndcg_usergroup_1": 0.15139621496200562,
      "jsd_usergroup_1": 0.06690295785665512,
      "ndcg_usergroup_2": 0.15642614662647247,
      "jsd_usergroup_2": 0.064496710896492,
      "ndcg_usergroup_3": 0.2184572070837021,
      "jsd_usergroup_3": 0.0629890114068985
    },
    "epoch_9": {
      "ndcg": 0.16267910599708557,
      "jsd": 0.06318449974060059,
      "ndcg_usergroup_1": 0.1504320502281189,
      "jsd_usergroup_1": 0.06563813984394073,
      "ndcg_usergroup_2": 0.15170536935329437,
      "jsd_usergroup_2": 0.06315331906080246,
      "ndcg_usergroup_3": 0.20784732699394226,
      "jsd_usergroup_3": 0.06082439422607422
    },
    "epoch_10": {
      "ndcg": 0.1619182825088501,
      "jsd": 0.061353832483291626,
      "ndcg_usergroup_1": 0.15091043710708618,
      "jsd_usergroup_1": 0.06292039901018143,
      "ndcg_usergroup_2": 0.15158098936080933,
      "jsd_usergroup_2": 0.06183449923992157,
      "ndcg_usergroup_3": 0.20393803715705872,
      "jsd_usergroup_3": 0.05834527686238289
    },
    "epoch_11": {
      "ndcg": 0.1669207513332367,
      "jsd": 0.061038631945848465,
      "ndcg_usergroup_1": 0.15670634806156158,
      "jsd_usergroup_1": 0.06401213258504868,
      "ndcg_usergroup_2": 0.15577815473079681,
      "jsd_usergroup_2": 0.061247047036886215,
      "ndcg_usergroup_3": 0.21056292951107025,
      "jsd_usergroup_3": 0.057439904659986496
    },
    "epoch_12": {
      "ndcg": 0.162430077791214,
      "jsd": 0.059585824608802795,
      "ndcg_usergroup_1": 0.15086473524570465,
      "jsd_usergroup_1": 0.06206252798438072,
      "ndcg_usergroup_2": 0.15204018354415894,
      "jsd_usergroup_2": 0.05979366973042488,
      "ndcg_usergroup_3": 0.20516502857208252,
      "jsd_usergroup_3": 0.05648558586835861
    },
    "epoch_13": {
      "ndcg": 0.16114115715026855,
      "jsd": 0.058515869081020355,
      "ndcg_usergroup_1": 0.14797721803188324,
      "jsd_usergroup_1": 0.06223703920841217,
      "ndcg_usergroup_2": 0.15102075040340424,
      "jsd_usergroup_2": 0.05880254879593849,
      "ndcg_usergroup_3": 0.2046663612127304,
      "jsd_usergroup_3": 0.05393465235829353
    },
    "epoch_14": {
      "ndcg": 0.15823577344417572,
      "jsd": 0.05686440318822861,
      "ndcg_usergroup_1": 0.14638662338256836,
      "jsd_usergroup_1": 0.06062813475728035,
      "ndcg_usergroup_2": 0.1487693190574646,
      "jsd_usergroup_2": 0.056664276868104935,
      "ndcg_usergroup_3": 0.19848421216011047,
      "jsd_usergroup_3": 0.053701046854257584
    },
    "epoch_15": {
      "ndcg": 0.15825308859348297,
      "jsd": 0.05649494007229805,
      "ndcg_usergroup_1": 0.14543844759464264,
      "jsd_usergroup_1": 0.06006086617708206,
      "ndcg_usergroup_2": 0.14872336387634277,
      "jsd_usergroup_2": 0.05613800138235092,
      "ndcg_usergroup_3": 0.1996569037437439,
      "jsd_usergroup_3": 0.05399981141090393
    },
    "epoch_16": {
      "ndcg": 0.15767893195152283,
      "jsd": 0.05581098049879074,
      "ndcg_usergroup_1": 0.14674071967601776,
      "jsd_usergroup_1": 0.05996472388505936,
      "ndcg_usergroup_2": 0.14853161573410034,
      "jsd_usergroup_2": 0.055681705474853516,
      "ndcg_usergroup_3": 0.19605907797813416,
      "jsd_usergroup_3": 0.0520450733602047
    },
    "epoch_17": {
      "ndcg": 0.15682008862495422,
      "jsd": 0.055604107677936554,
      "ndcg_usergroup_1": 0.14457516372203827,
      "jsd_usergroup_1": 0.057814642786979675,
      "ndcg_usergroup_2": 0.1479611098766327,
      "jsd_usergroup_2": 0.056010738015174866,
      "ndcg_usergroup_3": 0.19564193487167358,
      "jsd_usergroup_3": 0.052173685282468796
    },
    "epoch_18": {
      "ndcg": 0.15374530851840973,
      "jsd": 0.05418699234724045,
      "ndcg_usergroup_1": 0.14474709331989288,
      "jsd_usergroup_1": 0.057957541197538376,
      "ndcg_usergroup_2": 0.14523352682590485,
      "jsd_usergroup_2": 0.05431704595685005,
      "ndcg_usergroup_3": 0.1882788985967636,
      "jsd_usergroup_3": 0.05002628639340401
    },
    "epoch_19": {
      "ndcg": 0.15604491531848907,
      "jsd": 0.053931958973407745,
      "ndcg_usergroup_1": 0.14562390744686127,
      "jsd_usergroup_1": 0.05618821829557419,
      "ndcg_usergroup_2": 0.14725129306316376,
      "jsd_usergroup_2": 0.05452362820506096,
      "ndcg_usergroup_3": 0.19284681975841522,
      "jsd_usergroup_3": 0.049900662153959274
    },
    "epoch_20": {
      "ndcg": 0.15158246457576752,
      "jsd": 0.0526861846446991,
      "ndcg_usergroup_1": 0.14144185185432434,
      "jsd_usergroup_1": 0.05479887127876282,
      "ndcg_usergroup_2": 0.1429697722196579,
      "jsd_usergroup_2": 0.05313548073172569,
      "ndcg_usergroup_3": 0.18756116926670074,
      "jsd_usergroup_3": 0.04922563210129738
    },
    "epoch_21": {
      "ndcg": 0.1511528342962265,
      "jsd": 0.05254555493593216,
      "ndcg_usergroup_1": 0.14181853830814362,
      "jsd_usergroup_1": 0.05623285472393036,