{
  "base_recommendations": {
    "ndcg": 0.2663273811340332,
    "jsd": 0.12193825840950012,
    "ndcg_usergroup_1": 0.21388721466064453,
    "jsd_usergroup_1": 0.11441239714622498,
    "ndcg_usergroup_2": 0.256170392036438,
    "jsd_usergroup_2": 0.12063903361558914,
    "ndcg_usergroup_3": 0.34923845529556274,
    "jsd_usergroup_3": 0.13336177170276642
  },
  "postprocessed": {},
  "finetuned": {
    "epoch_1": {
      "ndcg": 0.25523343682289124,
      "jsd": 0.1029500886797905,
      "ndcg_usergroup_1": 0.21004316210746765,
      "jsd_usergroup_1": 0.09610361605882645,
      "ndcg_usergroup_2": 0.24491994082927704,
      "jsd_usergroup_2": 0.10218441486358643,
      "ndcg_usergroup_3": 0.3313641846179962,
      "jsd_usergroup_3": 0.11209359019994736
    },
    "epoch_2": {
      "ndcg": 0.23238617181777954,
      "jsd": 0.08992236852645874,
      "ndcg_usergroup_1": 0.19890183210372925,
      "jsd_usergroup_1": 0.08418719470500946,
      "ndcg_usergroup_2": 0.2223014533519745,
      "jsd_usergroup_2": 0.09037483483552933,
      "ndcg_usergroup_3": 0.29612457752227783,
      "jsd_usergroup_3": 0.09430015087127686
    },
    "epoch_3": {
      "ndcg": 0.2113288938999176,
      "jsd": 0.08702154457569122,
      "ndcg_usergroup_1": 0.18949909508228302,
      "jsd_usergroup_1": 0.08206889778375626,
      "ndcg_usergroup_2": 0.20218217372894287,
      "jsd_usergroup_2": 0.08808562904596329,
      "ndcg_usergroup_3": 0.2605988085269928,
      "jsd_usergroup_3": 0.08878188580274582
    },
    "epoch_5": {
      "ndcg": 0.19051493704319,
      "jsd": 0.08568473160266876,
      "ndcg_usergroup_1": 0.18225598335266113,
      "jsd_usergroup_1": 0.08834043145179749,
      "ndcg_usergroup_2": 0.18095487356185913,
      "jsd_usergroup_2": 0.08385568857192993,
      "ndcg_usergroup_3": 0.2274540513753891,
      "jsd_usergroup_3": 0.08851613849401474
    },
    "epoch_6": {
      "ndcg": 0.18429982662200928,
      "jsd": 0.08319642394781113,
      "ndcg_usergroup_1": 0.1761675477027893,
      "jsd_usergroup_1": 0.08893638104200363,
      "ndcg_usergroup_2": 0.17509062588214874,
      "jsd_usergroup_2": 0.08123000711202621,
      "ndcg_usergroup_3": 0.22005952894687653,
      "jsd_usergroup_3": 0.08335571736097336
    },
    "epoch_7": {
      "ndcg": 0.17863953113555908,
      "jsd": 0.08041784912347794,
      "ndcg_usergroup_1": 0.17183980345726013,
      "jsd_usergroup_1": 0.08784977346658707,
      "ndcg_usergroup_2": 0.17025616765022278,
      "jsd_usergroup_2": 0.07843030989170074,
      "ndcg_usergroup_3": 0.21058934926986694,
      "jsd_usergroup_3": 0.07894852757453918
    },
    "epoch_8": {
      "ndcg": 0.1721336990594864,
      "jsd": 0.07777682691812515,
      "ndcg_usergroup_1": 0.16839222609996796,
      "jsd_usergroup_1": 0.08331426233053207,
      "ndcg_usergroup_2": 0.16285236179828644,
      "jsd_usergroup_2": 0.07673852145671844,
      "ndcg_usergroup_3": 0.20371921360492706,
      "jsd_usergroup_3": 0.07535431534051895
    },
    "epoch_9": {
      "ndcg": 0.16577738523483276,
      "jsd": 0.07548144459724426,
      "ndcg_usergroup_1": 0.1643025279045105,
      "jsd_usergroup_1": 0.08137837797403336,
      "ndcg_usergroup_2": 0.15694625675678253,
      "jsd_usergroup_2": 0.07438070327043533,
      "ndcg_usergroup_3": 0.19374558329582214,
      "jsd_usergroup_3": 0.07288672775030136
    },
    "epoch_10": {
      "ndcg": 0.16304153203964233,
      "jsd": 0.07474149018526077,
      "ndcg_usergroup_1": 0.16421005129814148,
      "jsd_usergroup_1": 0.079894058406353,
      "ndcg_usergroup_2": 0.15458932518959045,
      "jsd_usergroup_2": 0.0741422027349472,
      "ndcg_usergroup_3": 0.18722963333129883,
      "jsd_usergroup_3": 0.07138676941394806
    },
    "epoch_11": {
      "ndcg": 0.1561509221792221,
      "jsd": 0.07359330356121063,
      "ndcg_usergroup_1": 0.16115190088748932,
      "jsd_usergroup_1": 0.07887720316648483,
      "ndcg_usergroup_2": 0.14881975948810577,
      "jsd_usergroup_2": 0.07300157845020294,
      "ndcg_usergroup_3": 0.1731434315443039,
      "jsd_usergroup_3": 0.0700845941901207
    },
    "epoch_13": {
      "ndcg": 0.15100671350955963,
      "jsd": 0.07339809834957123,
      "ndcg_usergroup_1": 0.1612863838672638,
      "jsd_usergroup_1": 0.07941621541976929,
      "ndcg_usergroup_2": 0.1444268673658371,
      "jsd_usergroup_2": 0.0727047547698021,
      "ndcg_usergroup_3": 0.16046661138534546,
      "jsd_usergroup_3": 0.06946001946926117
    },
    "epoch_14": {
      "ndcg": 0.14933833479881287,
      "jsd": 0.07265760749578476,
      "ndcg_usergroup_1": 0.16041605174541473,
      "jsd_usergroup_1": 0.07912389189004898,
      "ndcg_usergroup_2": 0.14320078492164612,
      "jsd_usergroup_2": 0.07163890451192856,
      "ndcg_usergroup_3": 0.15667322278022766,
      "jsd_usergroup_3": 0.06924738734960556
    },
    "epoch_15": {
      "ndcg": 0.1494297832250595,
      "jsd": 0.07192029058933258,
      "ndcg_usergroup_1": 0.1606588512659073,
      "jsd_usergroup_1": 0.07951323688030243,
      "ndcg_usergroup_2": 0.14383961260318756,
      "jsd_usergroup_2": 0.07067237049341202,
      "ndcg_usergroup_3": 0.15497121214866638,
      "jsd_usergroup_3": 0.06807111203670502
    },
    "epoch_16": {
      "ndcg": 0.14636489748954773,
      "jsd": 0.07088819891214371,
      "ndcg_usergroup_1": 0.15954390168190002,
      "jsd_usergroup_1": 0.07817794382572174,
      "ndcg_usergroup_2": 0.14108484983444214,
      "jsd_usergroup_2": 0.06974370032548904,
      "ndcg_usergroup_3": 0.14902599155902863,
      "jsd_usergroup_3": 0.06703191995620728
    },
    "epoch_18": {
      "ndcg": 0.14350749552249908,
      "jsd": 0.06991536915302277,
      "ndcg_usergroup_1": 0.158628448843956,
      "jsd_usergroup_1": 0.07853046804666519,
      "ndcg_usergroup_2": 0.13835372030735016,
      "jsd_usergroup_2": 0.06928165256977081,
      "ndcg_usergroup_3": 0.14384783804416656,
      "jsd_usergroup_3": 0.06320138275623322
    },
    "epoch_19": {
      "ndcg": 0.14343741536140442,
      "jsd": 0.06979203969240189,
      "ndcg_usergroup_1": 0.16027145087718964,
      "jsd_usergroup_1": 0.07895122468471527,
      "ndcg_usergroup_2": 0.1384461522102356,
      "jsd_usergroup_2": 0.0690435916185379,
      "ndcg_usergroup_3": 0.14157713949680328,
      "jsd_usergroup_3": 0.06287817656993866
    },
    "epoch_20": {
      "ndcg": 0.14283710718154907,
      "jsd": 0.06916417926549911,
      "ndcg_usergroup_1": 0.1604604423046112,
      "jsd_usergroup_1": 0.07951921969652176,
      "ndcg_usergroup_2": 0.13824902474880219,
      "jsd_usergroup_2": 0.06844381988048553,
      "ndcg_usergroup_3": 0.1389780044555664,
      "jsd_usergroup_3": 0.060970231890678406
    },
    "epoch_21": {
      "ndcg": 0.1423775553703308,
      "jsd": 0.06820965558290482,
      "ndcg_usergroup_1": 0.1589660793542862,
      "jsd_usergroup_1": 0.08038260787725449,
      "ndcg_usergroup_2": 0.1375521421432495,
      "jsd_usergroup_2": 0.06710941344499588,
      "ndcg_usergroup_3": 0.14026525616645813,
      "jsd_usergroup_3": 0.05933745205402374
    },
    "epoch_22": {
      "ndcg": 0.13905048370361328,
      "jsd": 0.06794241815805435,
      "ndcg_usergroup_1": 0.15815025568008423,
      "jsd_usergroup_1": 0.07922182232141495,
      "ndcg_usergroup_2": 0.13419508934020996,
      "jsd_usergroup_2": 0.0670318603515625,
      "ndcg_usergroup_3": 0.1345168650150299,
      "jsd_usergroup_3": 0.059394653886556625
    },
    "epoch_26": {
      "ndcg": 0.13750934600830078,
      "jsd": 0.06771392375230789,
      "ndcg_usergroup_1": 0.1561344563961029,
      "jsd_usergroup_1": 0.08268337696790695,
      "ndcg_usergroup_2": 0.13322114944458008,
      "jsd_usergroup_2": 0.06564220041036606,
      "ndcg_usergroup_3": 0.13174879550933838,
      "jsd_usergroup_3": 0.058959633111953735
    },
    "epoch_27": {
      "ndcg": 0.13670191168785095,
      "jsd": 0.06742028146982193,
      "ndcg_usergroup_1": 0.1583314836025238,
      "jsd_usergroup_1": 0.08132052421569824,