{
  "base_recommendations": {
    "ndcg": 0.2663273811340332,
    "jsd": 0.12193825840950012,
    "ndcg_usergroup_1": 0.21388721466064453,
    "jsd_usergroup_1": 0.11441239714622498,
    "ndcg_usergroup_2": 0.256170392036438,
    "jsd_usergroup_2": 0.12063903361558914,
    "ndcg_usergroup_3": 0.34923845529556274,
    "jsd_usergroup_3": 0.13336177170276642
  },
  "postprocessed": {},
  "finetuned": {
    "epoch_1": {
      "ndcg": 0.08849231898784637,
      "jsd": 0.2572334110736847,
      "ndcg_usergroup_1": 0.0852440595626831,
      "jsd_usergroup_1": 0.20457299053668976,
      "ndcg_usergroup_2": 0.08011867851018906,
      "jsd_usergroup_2": 0.26440760493278503,
      "ndcg_usergroup_3": 0.1168614849448204,
      "jsd_usergroup_3": 0.28837111592292786
    },
    "epoch_2": {
      "ndcg": 0.14232060313224792,
      "jsd": 0.15655294060707092,
      "ndcg_usergroup_1": 0.10901189595460892,
      "jsd_usergroup_1": 0.10907647013664246,
      "ndcg_usergroup_2": 0.13508938252925873,
      "jsd_usergroup_2": 0.15661300718784332,
      "ndcg_usergroup_3": 0.1973229944705963,
      "jsd_usergroup_3": 0.20384910702705383
    },
    "epoch_4": {
      "ndcg": 0.051876429468393326,
      "jsd": 0.047642678022384644,
      "ndcg_usergroup_1": 0.05460364744067192,
      "jsd_usergroup_1": 0.05536818504333496,
      "ndcg_usergroup_2": 0.04913545772433281,
      "jsd_usergroup_2": 0.04651309549808502,
      "ndcg_usergroup_3": 0.05737213045358658,
      "jsd_usergroup_3": 0.04330592602491379
    },
    "epoch_5": {
      "ndcg": 0.03513960912823677,
      "jsd": 0.03994966670870781,
      "ndcg_usergroup_1": 0.03161822631955147,
      "jsd_usergroup_1": 0.050926998257637024,
      "ndcg_usergroup_2": 0.03313695639371872,
      "jsd_usergroup_2": 0.03813955932855606,
      "ndcg_usergroup_3": 0.04466893523931503,
      "jsd_usergroup_3": 0.034402649849653244
    },
    "epoch_6": {
      "ndcg": 0.03545096144080162,
      "jsd": 0.026791837066411972,
      "ndcg_usergroup_1": 0.03901919350028038,
      "jsd_usergroup_1": 0.035141173750162125,
      "ndcg_usergroup_2": 0.032926786690950394,
      "jsd_usergroup_2": 0.023556945845484734,
      "ndcg_usergroup_3": 0.039455246180295944,
      "jsd_usergroup_3": 0.028147179633378983
    },
    "epoch_7": {
      "ndcg": 0.03346647694706917,
      "jsd": 0.023220127448439598,
      "ndcg_usergroup_1": 0.03615947812795639,
      "jsd_usergroup_1": 0.02779380790889263,
      "ndcg_usergroup_2": 0.030680043622851372,
      "jsd_usergroup_2": 0.02122795209288597,
      "ndcg_usergroup_3": 0.03913276270031929,
      "jsd_usergroup_3": 0.02462296560406685
    },
    "epoch_8": {
      "ndcg": 0.033593565225601196,
      "jsd": 0.023267336189746857,
      "ndcg_usergroup_1": 0.03844117745757103,
      "jsd_usergroup_1": 0.027783626690506935,
      "ndcg_usergroup_2": 0.030056104063987732,
      "jsd_usergroup_2": 0.02054038643836975,
      "ndcg_usergroup_3": 0.039358314126729965,
      "jsd_usergroup_3": 0.026931889355182648
    },
    "epoch_18": {
      "ndcg": 0.028125712648034096,
      "jsd": 0.022083600983023643,
      "ndcg_usergroup_1": 0.027146819978952408,
      "jsd_usergroup_1": 0.021772820502519608,
      "ndcg_usergroup_2": 0.025756144896149635,
      "jsd_usergroup_2": 0.021738557144999504,
      "ndcg_usergroup_3": 0.03621328994631767,
      "jsd_usergroup_3": 0.023429518565535545
    },
    "epoch_20": {
      "ndcg": 0.0286650862544775,
      "jsd": 0.018329482525587082,
      "ndcg_usergroup_1": 0.02583620324730873,
      "jsd_usergroup_1": 0.0175093375146389,
      "ndcg_usergroup_2": 0.024862170219421387,
      "jsd_usergroup_2": 0.01681155152618885,
      "ndcg_usergroup_3": 0.04290270805358887,
      "jsd_usergroup_3": 0.02370341308414936
    }
  }
}