{
  "base_recommendations": {
    "ndcg": 0.2663273811340332,
    "jsd": 0.12193825840950012,
    "ndcg_usergroup_1": 0.21388721466064453,
    "jsd_usergroup_1": 0.11441239714622498,
    "ndcg_usergroup_2": 0.256170392036438,
    "jsd_usergroup_2": 0.12063903361558914,
    "ndcg_usergroup_3": 0.34923845529556274,
    "jsd_usergroup_3": 0.13336177170276642
  },
  "postprocessed": {},
  "finetuned": {
    "epoch_1": {
      "ndcg": 0.17622187733650208,
      "jsd": 0.10003267228603363,
      "ndcg_usergroup_1": 0.14436982572078705,
      "jsd_usergroup_1": 0.08966238051652908,
      "ndcg_usergroup_2": 0.16642449796199799,
      "jsd_usergroup_2": 0.10613273829221725,
      "ndcg_usergroup_3": 0.23746606707572937,
      "jsd_usergroup_3": 0.0921027734875679
    },
    "epoch_2": {
      "ndcg": 0.1798691749572754,
      "jsd": 0.06143331527709961,
      "ndcg_usergroup_1": 0.14929120242595673,
      "jsd_usergroup_1": 0.06018969416618347,
      "ndcg_usergroup_2": 0.17202475666999817,
      "jsd_usergroup_2": 0.0607098788022995,
      "ndcg_usergroup_3": 0.23398037254810333,
      "jsd_usergroup_3": 0.06484723836183548
    },
    "epoch_3": {
      "ndcg": 0.14555254578590393,
      "jsd": 0.059013742953538895,
      "ndcg_usergroup_1": 0.11412515491247177,
      "jsd_usergroup_1": 0.06014038994908333,
      "ndcg_usergroup_2": 0.136045902967453,
      "jsd_usergroup_2": 0.059608545154333115,
      "ndcg_usergroup_3": 0.20549988746643066,
      "jsd_usergroup_3": 0.05610266327857971
    },
    "epoch_4": {
      "ndcg": 0.14071133732795715,
      "jsd": 0.04968169704079628,
      "ndcg_usergroup_1": 0.1108366996049881,
      "jsd_usergroup_1": 0.04944618046283722,
      "ndcg_usergroup_2": 0.13432110846042633,
      "jsd_usergroup_2": 0.04922119900584221,
      "ndcg_usergroup_3": 0.18975666165351868,
      "jsd_usergroup_3": 0.05129871144890785
    },
    "epoch_5": {
      "ndcg": 0.13375245034694672,
      "jsd": 0.0494857095181942,
      "ndcg_usergroup_1": 0.10372059792280197,
      "jsd_usergroup_1": 0.04713830724358559,
      "ndcg_usergroup_2": 0.1272548884153366,
      "jsd_usergroup_2": 0.05049818009138107,
      "ndcg_usergroup_3": 0.1832769513130188,
      "jsd_usergroup_3": 0.04879568889737129
    },
    "epoch_6": {
      "ndcg": 0.12733225524425507,
      "jsd": 0.046064283698797226,
      "ndcg_usergroup_1": 0.1011781245470047,
      "jsd_usergroup_1": 0.04453081637620926,
      "ndcg_usergroup_2": 0.12218053638935089,
      "jsd_usergroup_2": 0.04564391076564789,
      "ndcg_usergroup_3": 0.16894154250621796,
      "jsd_usergroup_3": 0.04885885491967201
    },
    "epoch_7": {
      "ndcg": 0.1273583471775055,
      "jsd": 0.04347774758934975,
      "ndcg_usergroup_1": 0.10164778679609299,
      "jsd_usergroup_1": 0.03893376514315605,
      "ndcg_usergroup_2": 0.12254203855991364,
      "jsd_usergroup_2": 0.04420890659093857,
      "ndcg_usergroup_3": 0.1675177812576294,
      "jsd_usergroup_3": 0.04582825303077698
    },
    "epoch_9": {
      "ndcg": 0.1203494668006897,
      "jsd": 0.04229622706770897,
      "ndcg_usergroup_1": 0.10049276053905487,
      "jsd_usergroup_1": 0.037571925669908524,
      "ndcg_usergroup_2": 0.11627817153930664,
      "jsd_usergroup_2": 0.04341229051351547,
      "ndcg_usergroup_3": 0.1524200737476349,
      "jsd_usergroup_3": 0.04367232322692871
    },
    "epoch_10": {
      "ndcg": 0.12059468775987625,
      "jsd": 0.04071028158068657,
      "ndcg_usergroup_1": 0.09938419610261917,
      "jsd_usergroup_1": 0.033289771527051926,
      "ndcg_usergroup_2": 0.11606810241937637,
      "jsd_usergroup_2": 0.04226690158247948,
      "ndcg_usergroup_3": 0.15538492798805237,
      "jsd_usergroup_3": 0.04346093535423279
    },
    "epoch_11": {
      "ndcg": 0.11645776033401489,
      "jsd": 0.03996998071670532,
      "ndcg_usergroup_1": 0.09596145898103714,
      "jsd_usergroup_1": 0.032168980687856674,
      "ndcg_usergroup_2": 0.11232995241880417,
      "jsd_usergroup_2": 0.041635263711214066,
      "ndcg_usergroup_3": 0.14933745563030243,
      "jsd_usergroup_3": 0.04277510941028595
    },
    "epoch_12": {
      "ndcg": 0.11692346632480621,
      "jsd": 0.03961711376905441,
      "ndcg_usergroup_1": 0.09805507212877274,
      "jsd_usergroup_1": 0.030923129990696907,
      "ndcg_usergroup_2": 0.11259642243385315,
      "jsd_usergroup_2": 0.04100191593170166,
      "ndcg_usergroup_3": 0.1487729251384735,
      "jsd_usergroup_3": 0.044156692922115326
    },
    "epoch_14": {
      "ndcg": 0.11595356464385986,
      "jsd": 0.0384441576898098,
      "ndcg_usergroup_1": 0.0968024805188179,
      "jsd_usergroup_1": 0.02985384874045849,
      "ndcg_usergroup_2": 0.11246728152036667,
      "jsd_usergroup_2": 0.039975155144929886,
      "ndcg_usergroup_3": 0.14556346833705902,
      "jsd_usergroup_3": 0.04244145750999451
    },
    "epoch_15": {
      "ndcg": 0.11276643723249435,
      "jsd": 0.037938110530376434,
      "ndcg_usergroup_1": 0.09641473740339279,
      "jsd_usergroup_1": 0.03006216324865818,
      "ndcg_usergroup_2": 0.10927075147628784,
      "jsd_usergroup_2": 0.039442457258701324,
      "ndcg_usergroup_3": 0.13960519433021545,
      "jsd_usergroup_3": 0.04130101576447487
    },
    "epoch_18": {
      "ndcg": 0.1065102070569992,
      "jsd": 0.03780750185251236,
      "ndcg_usergroup_1": 0.09131857007741928,
      "jsd_usergroup_1": 0.02939436212182045,
      "ndcg_usergroup_2": 0.10391656309366226,
      "jsd_usergroup_2": 0.039075817912817,
      "ndcg_usergroup_3": 0.12948280572891235,
      "jsd_usergroup_3": 0.04241568222641945
    },
    "epoch_20": {
      "ndcg": 0.10182098299264908,
      "jsd": 0.036684390157461166,
      "ndcg_usergroup_1": 0.08588683605194092,
      "jsd_usergroup_1": 0.029005227610468864,
      "ndcg_usergroup_2": 0.10029790550470352,
      "jsd_usergroup_2": 0.03763142600655556,
      "ndcg_usergroup_3": 0.12232435494661331,
      "jsd_usergroup_3": 0.041522447019815445
    },
    "epoch_22": {
      "ndcg": 0.09964312613010406,
      "jsd": 0.03619258850812912,
      "ndcg_usergroup_1": 0.08367310464382172,
      "jsd_usergroup_1": 0.028852121904492378,
      "ndcg_usergroup_2": 0.09843416512012482,
      "jsd_usergroup_2": 0.0368267260491848,
      "ndcg_usergroup_3": 0.11924000829458237,
      "jsd_usergroup_3": 0.04163062945008278
    },
    "epoch_23": {
      "ndcg": 0.09596371650695801,
      "jsd": 0.03614022955298424,
      "ndcg_usergroup_1": 0.08162575215101242,
      "jsd_usergroup_1": 0.02900589071214199,
      "ndcg_usergroup_2": 0.09440364688634872,
      "jsd_usergroup_2": 0.03714099898934364,
      "ndcg_usergroup_3": 0.11498191207647324,
      "jsd_usergroup_3": 0.040272247046232224
    },
    "epoch_25": {
      "ndcg": 0.09345351904630661,
      "jsd": 0.03503070026636124,
      "ndcg_usergroup_1": 0.07946538925170898,
      "jsd_usergroup_1": 0.027335435152053833,
      "ndcg_usergroup_2": 0.09192360937595367,
      "jsd_usergroup_2": 0.036060966551303864,
      "ndcg_usergroup_3": 0.11203135550022125,
      "jsd_usergroup_3": 0.03963517025113106
    },
    "epoch_26": {
      "ndcg": 0.09366697072982788,
      "jsd": 0.03478342667222023,
      "ndcg_usergroup_1": 0.08027240633964539,
      "jsd_usergroup_1": 0.026697177439928055,
      "ndcg_usergroup_2": 0.09220589697360992,
      "jsd_usergroup_2": 0.035625360906124115,
      "ndcg_usergroup_3": 0.11144472658634186,
      "jsd_usergroup_3": 0.040343865752220154
    },
    "epoch_27": {
      "ndcg": 0.09162940084934235,
      "jsd": 0.03432841598987579,
      "ndcg_usergroup_1": 0.07931947708129883,
      "jsd_usergroup_1": 0.027071744203567505,
      "ndcg_usergroup_2": 0.09011328965425491,
      "jsd_usergroup_2": 0.03516232222318649,
      "ndcg_usergroup_3": 0.10848771780729294,
      "jsd_usergroup_3": 0.039083365350961685
    },
    "epoch_29": {
      "ndcg": 0.0896606594324112,
      "jsd": 0.03378989174962044,
      "ndcg_usergroup_1": 0.07828757911920547,