{
  "base_recommendations": {
    "ndcg": 0.2785918116569519,
    "jsd": 0.14252586662769318,
    "ndcg_usergroup_1": 0.19963575899600983,
    "jsd_usergroup_1": 0.161077618598938,
    "ndcg_usergroup_2": 0.26794716715812683,
    "jsd_usergroup_2": 0.1419621855020523,
    "ndcg_usergroup_3": 0.38948172330856323,
    "jsd_usergroup_3": 0.12566512823104858
  },
  "postprocessed": {
    "0.1": {
      "ndcg": 0.2673165798187256,
      "jsd": 0.09772299975156784,
      "ndcg_usergroup_1": 0.1933392882347107,
      "jsd_usergroup_1": 0.10597330331802368,
      "ndcg_usergroup_2": 0.2556437849998474,
      "jsd_usergroup_2": 0.10105814784765244,
      "ndcg_usergroup_3": 0.3763121962547302,
      "jsd_usergroup_3": 0.07946721464395523
    },
    "0.2": {
      "ndcg": 0.2604484260082245,
      "jsd": 0.06786779314279556,
      "ndcg_usergroup_1": 0.19006481766700745,
      "jsd_usergroup_1": 0.0770764946937561,
      "ndcg_usergroup_2": 0.2487344592809677,
      "jsd_usergroup_2": 0.0714164525270462,
      "ndcg_usergroup_3": 0.3659738302230835,
      "jsd_usergroup_3": 0.04801307991147041
    },
    "0.3": {
      "ndcg": 0.2549054026603699,
      "jsd": 0.04573133960366249,
      "ndcg_usergroup_1": 0.18456290662288666,
      "jsd_usergroup_1": 0.05844514071941376,
      "ndcg_usergroup_2": 0.2440004199743271,
      "jsd_usergroup_2": 0.04722398892045021,
      "ndcg_usergroup_3": 0.3579629063606262,
      "jsd_usergroup_3": 0.02853957936167717
    },
    "0.4": {
      "ndcg": 0.2502683103084564,
      "jsd": 0.029586154967546463,
      "ndcg_usergroup_1": 0.18169322609901428,
      "jsd_usergroup_1": 0.04192626476287842,
      "ndcg_usergroup_2": 0.23908761143684387,
      "jsd_usergroup_2": 0.029190631583333015,
      "ndcg_usergroup_3": 0.35238540172576904,
      "jsd_usergroup_3": 0.0184326171875
    },
    "0.5": {
      "ndcg": 0.24649572372436523,
      "jsd": 0.018682114779949188,
      "ndcg_usergroup_1": 0.17874564230442047,
      "jsd_usergroup_1": 0.028773756697773933,
      "ndcg_usergroup_2": 0.23526544868946075,
      "jsd_usergroup_2": 0.017458664253354073,
      "ndcg_usergroup_3": 0.34793660044670105,
      "jsd_usergroup_3": 0.01226082257926464
    },
    "0.6": {
      "ndcg": 0.24326269328594208,
      "jsd": 0.011732225306332111,
      "ndcg_usergroup_1": 0.17713958024978638,
      "jsd_usergroup_1": 0.01941489614546299,
      "ndcg_usergroup_2": 0.23185066878795624,
      "jsd_usergroup_2": 0.010375777259469032,
      "ndcg_usergroup_3": 0.3436218798160553,
      "jsd_usergroup_3": 0.008118894882500172
    },
    "0.7": {
      "ndcg": 0.24041157960891724,
      "jsd": 0.007351099979132414,
      "ndcg_usergroup_1": 0.17532286047935486,
      "jsd_usergroup_1": 0.012509295716881752,
      "ndcg_usergroup_2": 0.22876323759555817,
      "jsd_usergroup_2": 0.0062318770214915276,
      "ndcg_usergroup_3": 0.34044530987739563,
      "jsd_usergroup_3": 0.00555057218298316
    },
    "0.8": {
      "ndcg": 0.23749259114265442,
      "jsd": 0.004747909028083086,
      "ndcg_usergroup_1": 0.1719563752412796,
      "jsd_usergroup_1": 0.008036484941840172,
      "ndcg_usergroup_2": 0.22600966691970825,
      "jsd_usergroup_2": 0.003981218207627535,
      "ndcg_usergroup_3": 0.33747753500938416,
      "jsd_usergroup_3": 0.0037594055756926537
    },
    "0.9": {
      "ndcg": 0.23534496128559113,
      "jsd": 0.0034132704604417086,
      "ndcg_usergroup_1": 0.17057575285434723,
      "jsd_usergroup_1": 0.005563866347074509,
      "ndcg_usergroup_2": 0.22387075424194336,
      "jsd_usergroup_2": 0.0028668027371168137,
      "ndcg_usergroup_3": 0.33453676104545593,
      "jsd_usergroup_3": 0.002902078675106168
    }
  },
  "finetuned": {}
}