{
  "base_recommendations": {
    "ndcg": 0.2785918116569519,
    "jsd": 0.14252586662769318,
    "ndcg_usergroup_1": 0.19963575899600983,
    "jsd_usergroup_1": 0.161077618598938,
    "ndcg_usergroup_2": 0.26794716715812683,
    "jsd_usergroup_2": 0.1419621855020523,
    "ndcg_usergroup_3": 0.38948172330856323,
    "jsd_usergroup_3": 0.12566512823104858
  },
  "postprocessed": {},
  "finetuned": {
    "epoch_1": {
      "ndcg": 0.2776573896408081,
      "jsd": 0.13891351222991943,
      "ndcg_usergroup_1": 0.19953955709934235,
      "jsd_usergroup_1": 0.15566767752170563,
      "ndcg_usergroup_2": 0.2668108344078064,
      "jsd_usergroup_2": 0.138283833861351,
      "ndcg_usergroup_3": 0.3883148729801178,
      "jsd_usergroup_3": 0.12404833734035492
    },
    "epoch_2": {
      "ndcg": 0.2757810652256012,
      "jsd": 0.13142161071300507,
      "ndcg_usergroup_1": 0.19798249006271362,
      "jsd_usergroup_1": 0.1478174924850464,
      "ndcg_usergroup_2": 0.26558229327201843,
      "jsd_usergroup_2": 0.13004687428474426,
      "ndcg_usergroup_3": 0.3841758370399475,
      "jsd_usergroup_3": 0.11914997547864914
    },
    "epoch_3": {
      "ndcg": 0.27251365780830383,
      "jsd": 0.12313839048147202,
      "ndcg_usergroup_1": 0.195708230137825,
      "jsd_usergroup_1": 0.13809390366077423,
      "ndcg_usergroup_2": 0.2626384496688843,
      "jsd_usergroup_2": 0.1214609146118164,
      "ndcg_usergroup_3": 0.3789445757865906,
      "jsd_usergroup_3": 0.11321531236171722
    },
    "epoch_4": {
      "ndcg": 0.2691394090652466,
      "jsd": 0.11402151733636856,
      "ndcg_usergroup_1": 0.19366836547851562,
      "jsd_usergroup_1": 0.1270752251148224,
      "ndcg_usergroup_2": 0.2598922848701477,
      "jsd_usergroup_2": 0.11193106323480606,
      "ndcg_usergroup_3": 0.3723517060279846,
      "jsd_usergroup_3": 0.10723917186260223
    },
    "epoch_5": {
      "ndcg": 0.26460203528404236,
      "jsd": 0.10601851344108582,
      "ndcg_usergroup_1": 0.19133107364177704,
      "jsd_usergroup_1": 0.11723057180643082,
      "ndcg_usergroup_2": 0.25531256198883057,
      "jsd_usergroup_2": 0.10298329591751099,
      "ndcg_usergroup_3": 0.365741491317749,
      "jsd_usergroup_3": 0.10391209274530411
    },
    "epoch_6": {
      "ndcg": 0.2607915699481964,
      "jsd": 0.09812584519386292,
      "ndcg_usergroup_1": 0.1901867836713791,
      "jsd_usergroup_1": 0.10643401741981506,
      "ndcg_usergroup_2": 0.25152820348739624,
      "jsd_usergroup_2": 0.09506931900978088,
      "ndcg_usergroup_3": 0.35918641090393066,
      "jsd_usergroup_3": 0.09898722916841507
    },
    "epoch_7": {
      "ndcg": 0.2555888593196869,
      "jsd": 0.09057588130235672,
      "ndcg_usergroup_1": 0.18716733157634735,
      "jsd_usergroup_1": 0.09480959922075272,
      "ndcg_usergroup_2": 0.24618570506572723,
      "jsd_usergroup_2": 0.08810308575630188,
      "ndcg_usergroup_3": 0.3522198796272278,
      "jsd_usergroup_3": 0.09376053512096405
    },
    "epoch_8": {
      "ndcg": 0.25068384408950806,
      "jsd": 0.08418864756822586,
      "ndcg_usergroup_1": 0.18395717442035675,
      "jsd_usergroup_1": 0.08538258820772171,
      "ndcg_usergroup_2": 0.24121735990047455,
      "jsd_usergroup_2": 0.08182097226381302,
      "ndcg_usergroup_3": 0.3458099663257599,
      "jsd_usergroup_3": 0.09009773284196854
    },
    "epoch_9": {
      "ndcg": 0.24424508213996887,
      "jsd": 0.07966630905866623,
      "ndcg_usergroup_1": 0.17817948758602142,
      "jsd_usergroup_1": 0.07652674615383148,
      "ndcg_usergroup_2": 0.23522847890853882,
      "jsd_usergroup_2": 0.07773197442293167,
      "ndcg_usergroup_3": 0.3373604714870453,
      "jsd_usergroup_3": 0.08860884606838226
    },
    "epoch_10": {
      "ndcg": 0.23861239850521088,
      "jsd": 0.07480793446302414,
      "ndcg_usergroup_1": 0.1730125993490219,
      "jsd_usergroup_1": 0.07081753760576248,
      "ndcg_usergroup_2": 0.22966788709163666,
      "jsd_usergroup_2": 0.07280951738357544,
      "ndcg_usergroup_3": 0.3310456871986389,
      "jsd_usergroup_3": 0.0847935676574707
    },
    "epoch_11": {
      "ndcg": 0.2340015023946762,
      "jsd": 0.07115078717470169,
      "ndcg_usergroup_1": 0.16878555715084076,
      "jsd_usergroup_1": 0.06561210751533508,
      "ndcg_usergroup_2": 0.22525078058242798,
      "jsd_usergroup_2": 0.06928950548171997,
      "ndcg_usergroup_3": 0.3254695534706116,
      "jsd_usergroup_3": 0.08227329701185226
    },
    "epoch_12": {
      "ndcg": 0.2283465564250946,
      "jsd": 0.06843802332878113,
      "ndcg_usergroup_1": 0.1637919396162033,
      "jsd_usergroup_1": 0.06081702187657356,
      "ndcg_usergroup_2": 0.21937574446201324,
      "jsd_usergroup_2": 0.06679633259773254,
      "ndcg_usergroup_3": 0.3198135197162628,
      "jsd_usergroup_3": 0.08098410069942474
    },
    "epoch_13": {
      "ndcg": 0.22347155213356018,
      "jsd": 0.06623385846614838,
      "ndcg_usergroup_1": 0.15833315253257751,
      "jsd_usergroup_1": 0.05704580247402191,
      "ndcg_usergroup_2": 0.21526174247264862,
      "jsd_usergroup_2": 0.06521899998188019,
      "ndcg_usergroup_3": 0.3132393956184387,
      "jsd_usergroup_3": 0.07846643775701523
    },
    "epoch_14": {
      "ndcg": 0.21999439597129822,
      "jsd": 0.06432652473449707,
      "ndcg_usergroup_1": 0.15492624044418335,
      "jsd_usergroup_1": 0.053352635353803635,
      "ndcg_usergroup_2": 0.21228882670402527,
      "jsd_usergroup_2": 0.06373754888772964,
      "ndcg_usergroup_3": 0.3081791400909424,
      "jsd_usergroup_3": 0.07706733047962189
    },
    "epoch_15": {
      "ndcg": 0.21623964607715607,
      "jsd": 0.06296871602535248,
      "ndcg_usergroup_1": 0.15069758892059326,
      "jsd_usergroup_1": 0.05198972672224045,
      "ndcg_usergroup_2": 0.20922400057315826,
      "jsd_usergroup_2": 0.06234919652342796,
      "ndcg_usergroup_3": 0.3028285801410675,
      "jsd_usergroup_3": 0.07580625265836716
    },
    "epoch_16": {
      "ndcg": 0.2125103771686554,
      "jsd": 0.062209103256464005,
      "ndcg_usergroup_1": 0.1466151922941208,
      "jsd_usergroup_1": 0.050665128976106644,
      "ndcg_usergroup_2": 0.2055005133152008,
      "jsd_usergroup_2": 0.06163664907217026,
      "ndcg_usergroup_3": 0.2994350790977478,
      "jsd_usergroup_3": 0.07547042518854141
    },
    "epoch_17": {
      "ndcg": 0.2091793715953827,
      "jsd": 0.06124214455485344,
      "ndcg_usergroup_1": 0.14417307078838348,
      "jsd_usergroup_1": 0.04979941248893738,
      "ndcg_usergroup_2": 0.20336230099201202,
      "jsd_usergroup_2": 0.061075057834386826,
      "ndcg_usergroup_3": 0.2916368246078491,
      "jsd_usergroup_3": 0.07318613678216934
    }
  }
}