{
  "base_recommendations": {
    "ndcg": 0.2785918116569519,
    "jsd": 0.14252586662769318,
    "ndcg_usergroup_1": 0.19963575899600983,
    "jsd_usergroup_1": 0.161077618598938,
    "ndcg_usergroup_2": 0.26794716715812683,
    "jsd_usergroup_2": 0.1419621855020523,
    "ndcg_usergroup_3": 0.38948172330856323,
    "jsd_usergroup_3": 0.12566512823104858
  },
  "postprocessed": {},
  "finetuned": {
    "epoch_1": {
      "ndcg": 0.26342225074768066,
      "jsd": 0.11272750794887543,
      "ndcg_usergroup_1": 0.19269733130931854,
      "jsd_usergroup_1": 0.11976169794797897,
      "ndcg_usergroup_2": 0.2512888014316559,
      "jsd_usergroup_2": 0.11098117381334305,
      "ndcg_usergroup_3": 0.37054741382598877,
      "jsd_usergroup_3": 0.11093230545520782
    },
    "epoch_2": {
      "ndcg": 0.250276654958725,
      "jsd": 0.10147901624441147,
      "ndcg_usergroup_1": 0.18316824734210968,
      "jsd_usergroup_1": 0.1033075824379921,
      "ndcg_usergroup_2": 0.23800618946552277,
      "jsd_usergroup_2": 0.10038873553276062,
      "ndcg_usergroup_3": 0.3541964590549469,
      "jsd_usergroup_3": 0.10292121767997742
    },
    "epoch_3": {
      "ndcg": 0.24283398687839508,
      "jsd": 0.09581577777862549,
      "ndcg_usergroup_1": 0.17891955375671387,
      "jsd_usergroup_1": 0.09636867046356201,
      "ndcg_usergroup_2": 0.23109745979309082,
      "jsd_usergroup_2": 0.09514427930116653,
      "ndcg_usergroup_3": 0.34195801615715027,
      "jsd_usergroup_3": 0.09727741032838821
    },
    "epoch_4": {
      "ndcg": 0.2410324215888977,
      "jsd": 0.09295803308486938,
      "ndcg_usergroup_1": 0.18089091777801514,
      "jsd_usergroup_1": 0.0918077751994133,
      "ndcg_usergroup_2": 0.23001745343208313,
      "jsd_usergroup_2": 0.09235849231481552,
      "ndcg_usergroup_3": 0.3342187702655792,
      "jsd_usergroup_3": 0.09590687602758408
    },
    "epoch_5": {
      "ndcg": 0.23997917771339417,
      "jsd": 0.09127387404441833,
      "ndcg_usergroup_1": 0.18005001544952393,
      "jsd_usergroup_1": 0.09166383743286133,
      "ndcg_usergroup_2": 0.23022954165935516,
      "jsd_usergroup_2": 0.09063033759593964,
      "ndcg_usergroup_3": 0.3291572332382202,
      "jsd_usergroup_3": 0.09281446784734726
    },
    "epoch_6": {
      "ndcg": 0.24041412770748138,
      "jsd": 0.09045935422182083,
      "ndcg_usergroup_1": 0.18117690086364746,
      "jsd_usergroup_1": 0.08858252316713333,
      "ndcg_usergroup_2": 0.23175771534442902,
      "jsd_usergroup_2": 0.08986931294202805,
      "ndcg_usergroup_3": 0.3256205916404724,
      "jsd_usergroup_3": 0.09410632401704788
    }
  }
}