{
  "base_recommendations": {
    "ndcg": 0.2785918116569519,
    "jsd": 0.14252586662769318,
    "ndcg_usergroup_1": 0.19963575899600983,
    "jsd_usergroup_1": 0.161077618598938,
    "ndcg_usergroup_2": 0.26794716715812683,
    "jsd_usergroup_2": 0.1419621855020523,
    "ndcg_usergroup_3": 0.38948172330856323,
    "jsd_usergroup_3": 0.12566512823104858
  },
  "postprocessed": {},
  "finetuned": {
    "epoch_1": {
      "ndcg": 0.2783852517604828,
      "jsd": 0.1399831473827362,
      "ndcg_usergroup_1": 0.199370339512825,
      "jsd_usergroup_1": 0.15678855776786804,
      "ndcg_usergroup_2": 0.26767218112945557,
      "jsd_usergroup_2": 0.13936279714107513,
      "ndcg_usergroup_3": 0.38953933119773865,
      "jsd_usergroup_3": 0.1250387579202652
    },
    "epoch_2": {
      "ndcg": 0.27724841237068176,
      "jsd": 0.13431259989738464,
      "ndcg_usergroup_1": 0.19854263961315155,
      "jsd_usergroup_1": 0.150457501411438,
      "ndcg_usergroup_2": 0.2669636607170105,
      "jsd_usergroup_2": 0.13331736624240875,
      "ndcg_usergroup_3": 0.38680848479270935,
      "jsd_usergroup_3": 0.1211533322930336
    },
    "epoch_3": {
      "ndcg": 0.27589547634124756,
      "jsd": 0.12846548855304718,
      "ndcg_usergroup_1": 0.19770008325576782,
      "jsd_usergroup_1": 0.1437477171421051,
      "ndcg_usergroup_2": 0.2659681737422943,
      "jsd_usergroup_2": 0.12664252519607544,
      "ndcg_usergroup_3": 0.3838726580142975,
      "jsd_usergroup_3": 0.11865214258432388
    },
    "epoch_4": {
      "ndcg": 0.2750679552555084,
      "jsd": 0.12175162136554718,
      "ndcg_usergroup_1": 0.19813226163387299,
      "jsd_usergroup_1": 0.13442188501358032,
      "ndcg_usergroup_2": 0.2650277316570282,
      "jsd_usergroup_2": 0.11970800161361694,
      "ndcg_usergroup_3": 0.38212424516677856,
      "jsd_usergroup_3": 0.11521215736865997
    },
    "epoch_5": {
      "ndcg": 0.27347540855407715,
      "jsd": 0.11552514135837555,
      "ndcg_usergroup_1": 0.1975592076778412,
      "jsd_usergroup_1": 0.12580512464046478,
      "ndcg_usergroup_2": 0.26334092020988464,
      "jsd_usergroup_2": 0.11338138580322266,
      "ndcg_usergroup_3": 0.3797951936721802,
      "jsd_usergroup_3": 0.11167644709348679
    },
    "epoch_6": {
      "ndcg": 0.27124035358428955,
      "jsd": 0.10962312668561935,
      "ndcg_usergroup_1": 0.1958068609237671,
      "jsd_usergroup_1": 0.1176965981721878,
      "ndcg_usergroup_2": 0.261586993932724,
      "jsd_usergroup_2": 0.1072646751999855,
      "ndcg_usergroup_3": 0.37563395500183105,
      "jsd_usergroup_3": 0.10862501710653305
    },
    "epoch_7": {
      "ndcg": 0.2686561346054077,
      "jsd": 0.10423887521028519,
      "ndcg_usergroup_1": 0.19328953325748444,
      "jsd_usergroup_1": 0.11009537428617477,
      "ndcg_usergroup_2": 0.25851908326148987,
      "jsd_usergroup_2": 0.10193300247192383,
      "ndcg_usergroup_3": 0.3744339346885681,
      "jsd_usergroup_3": 0.10530000925064087
    },
    "epoch_8": {
      "ndcg": 0.2661133110523224,
      "jsd": 0.0997362807393074,
      "ndcg_usergroup_1": 0.19173724949359894,
      "jsd_usergroup_1": 0.10301142185926437,
      "ndcg_usergroup_2": 0.2560215890407562,
      "jsd_usergroup_2": 0.09737610071897507,
      "ndcg_usergroup_3": 0.37076443433761597,
      "jsd_usergroup_3": 0.10354165732860565
    },
    "epoch_9": {
      "ndcg": 0.26383712887763977,
      "jsd": 0.09560238569974899,
      "ndcg_usergroup_1": 0.19166819751262665,
      "jsd_usergroup_1": 0.09651736170053482,
      "ndcg_usergroup_2": 0.25364014506340027,
      "jsd_usergroup_2": 0.0932924747467041,
      "ndcg_usergroup_3": 0.3665969967842102,
      "jsd_usergroup_3": 0.10161717236042023
    },
    "epoch_10": {
      "ndcg": 0.26140305399894714,
      "jsd": 0.09298566728830338,
      "ndcg_usergroup_1": 0.18791021406650543,
      "jsd_usergroup_1": 0.09143312275409698,
      "ndcg_usergroup_2": 0.2520368993282318,
      "jsd_usergroup_2": 0.09096325188875198,
      "ndcg_usergroup_3": 0.3629942536354065,
      "jsd_usergroup_3": 0.10060542076826096
    },
    "epoch_11": {
      "ndcg": 0.25796958804130554,
      "jsd": 0.08996038883924484,
      "ndcg_usergroup_1": 0.186211496591568,
      "jsd_usergroup_1": 0.08626193553209305,
      "ndcg_usergroup_2": 0.24785585701465607,
      "jsd_usergroup_2": 0.08807852864265442,
      "ndcg_usergroup_3": 0.3600688576698303,
      "jsd_usergroup_3": 0.09930438548326492
    },
    "epoch_12": {
      "ndcg": 0.25576943159103394,
      "jsd": 0.08906163275241852,
      "ndcg_usergroup_1": 0.1851736307144165,
      "jsd_usergroup_1": 0.08249028027057648,
      "ndcg_usergroup_2": 0.24627067148685455,
      "jsd_usergroup_2": 0.08754391968250275,
      "ndcg_usergroup_3": 0.35486146807670593,
      "jsd_usergroup_3": 0.10018613189458847
    },
    "epoch_13": {
      "ndcg": 0.2529517710208893,
      "jsd": 0.08640183508396149,
      "ndcg_usergroup_1": 0.18397362530231476,
      "jsd_usergroup_1": 0.07937010377645493,
      "ndcg_usergroup_2": 0.24288377165794373,
      "jsd_usergroup_2": 0.08522109687328339,
      "ndcg_usergroup_3": 0.3521338403224945,
      "jsd_usergroup_3": 0.09697579592466354
    },
    "epoch_15": {
      "ndcg": 0.24729502201080322,
      "jsd": 0.08429323881864548,
      "ndcg_usergroup_1": 0.1799498051404953,
      "jsd_usergroup_1": 0.07422422617673874,
      "ndcg_usergroup_2": 0.2373252958059311,
      "jsd_usergroup_2": 0.08371590822935104,
      "ndcg_usergroup_3": 0.3445492684841156,
      "jsd_usergroup_3": 0.09609425067901611
    },
    "epoch_21": {
      "ndcg": 0.2325339913368225,
      "jsd": 0.08325662463903427,
      "ndcg_usergroup_1": 0.17207619547843933,
      "jsd_usergroup_1": 0.07075146585702896,
      "ndcg_usergroup_2": 0.21999959647655487,
      "jsd_usergroup_2": 0.08368232846260071,
      "ndcg_usergroup_3": 0.33059483766555786,
      "jsd_usergroup_3": 0.09448469430208206
    },
    "epoch_23": {
      "ndcg": 0.2275751382112503,
      "jsd": 0.08210907876491547,
      "ndcg_usergroup_1": 0.1681843250989914,
      "jsd_usergroup_1": 0.06979279220104218,
      "ndcg_usergroup_2": 0.21516337990760803,
      "jsd_usergroup_2": 0.08204684406518936,
      "ndcg_usergroup_3": 0.32420122623443604,
      "jsd_usergroup_3": 0.09461207687854767
    }
  }
}