{"base_recommendations": {"ndcg": 0.2785918116569519, "jsd": 0.14252586662769318}, "postprocessed": {"0.1": {"ndcg": 0.2673165798187256, "jsd": 0.09772299975156784}, "0.2": {"ndcg": 0.2604484260082245, "jsd": 0.06786779314279556}, "0.3": {"ndcg": 0.2549125552177429, "jsd": 0.04607405140995979}, "0.4": {"ndcg": 0.25055328011512756, "jsd": 0.0314575657248497}, "0.5": {"ndcg": 0.24708221852779388, "jsd": 0.022793369367718697}, "0.6": {"ndcg": 0.2440851330757141, "jsd": 0.017810361459851265}, "0.7": {"ndcg": 0.2418593317270279, "jsd": 0.014756939373910427}, "0.8": {"ndcg": 0.23939475417137146, "jsd": 0.01293621864169836}, "0.9": {"ndcg": 0.2375081330537796, "jsd": 0.01205378957092762}}, "finetuned": {"epoch_1": {"ndcg": 0.2774796485900879, "jsd": 0.138570636510849}, "epoch_2": {"ndcg": 0.274974524974823, "jsd": 0.12990383803844452}, "epoch_3": {"ndcg": 0.27199384570121765, "jsd": 0.11979501694440842}, "epoch_4": {"ndcg": 0.2668660283088684, "jsd": 0.10880562663078308}, "epoch_5": {"ndcg": 0.2619638442993164, "jsd": 0.09842167049646378}, "epoch_6": {"ndcg": 0.2555173337459564, "jsd": 0.08887941390275955}, "epoch_7": {"ndcg": 0.24795331060886383, "jsd": 0.08107142150402069}, "epoch_8": {"ndcg": 0.23995161056518555, "jsd": 0.07480856031179428}, "epoch_9": {"ndcg": 0.23086127638816833, "jsd": 0.07036866247653961}, "epoch_10": {"ndcg": 0.21974579989910126, "jsd": 0.06842947751283646}}}