{"base_recommendations": {"ndcg": 0.2785918116569519, "jsd": 0.14252586662769318}, "postprocessed": {"0.1": {"ndcg": 0.2673165798187256, "jsd": 0.09772299975156784}, "0.2": {"ndcg": 0.2604484260082245, "jsd": 0.06786779314279556}, "0.3": {"ndcg": 0.2549125552177429, "jsd": 0.04607405140995979}, "0.4": {"ndcg": 0.25055328011512756, "jsd": 0.0314575657248497}, "0.5": {"ndcg": 0.24708221852779388, "jsd": 0.022793369367718697}, "0.6": {"ndcg": 0.2440851330757141, "jsd": 0.017810361459851265}, "0.7": {"ndcg": 0.2418593317270279, "jsd": 0.014756939373910427}, "0.8": {"ndcg": 0.23939475417137146, "jsd": 0.01293621864169836}, "0.9": {"ndcg": 0.2375081330537796, "jsd": 0.01205378957092762}}, "finetuned": {"epoch_1": {"ndcg": 0.27763861417770386, "jsd": 0.1368921846151352}, "epoch_2": {"ndcg": 0.2758899927139282, "jsd": 0.12716907262802124}, "epoch_3": {"ndcg": 0.27327096462249756, "jsd": 0.11599119007587433}, "epoch_4": {"ndcg": 0.26942455768585205, "jsd": 0.10697239637374878}, "epoch_5": {"ndcg": 0.2649632394313812, "jsd": 0.09872286021709442}, "epoch_6": {"ndcg": 0.2608216106891632, "jsd": 0.09420285373926163}, "epoch_7": {"ndcg": 0.25506237149238586, "jsd": 0.0903296247124672}}}