{
  "base_recommendations": {
    "ndcg": 0.2785918116569519,
    "jsd": 0.14252586662769318,
    "ndcg_usergroup_1": 0.19963575899600983,
    "jsd_usergroup_1": 0.161077618598938,
    "ndcg_usergroup_2": 0.26794716715812683,
    "jsd_usergroup_2": 0.1419621855020523,
    "ndcg_usergroup_3": 0.38948172330856323,
    "jsd_usergroup_3": 0.12566512823104858
  },
  "postprocessed": {},
  "finetuned": {
    "epoch_1": {
      "ndcg": 0.27594709396362305,
      "jsd": 0.1366509050130844,
      "ndcg_usergroup_1": 0.19729162752628326,
      "jsd_usergroup_1": 0.15315476059913635,
      "ndcg_usergroup_2": 0.26539304852485657,
      "jsd_usergroup_2": 0.13548314571380615,
      "ndcg_usergroup_3": 0.3862645626068115,
      "jsd_usergroup_3": 0.12365030497312546
    },
    "epoch_2": {
      "ndcg": 0.27283743023872375,
      "jsd": 0.1276773065328598,
      "ndcg_usergroup_1": 0.1960035115480423,
      "jsd_usergroup_1": 0.13983048498630524,
      "ndcg_usergroup_2": 0.26207050681114197,
      "jsd_usergroup_2": 0.12652739882469177,
      "ndcg_usergroup_3": 0.38197219371795654,
      "jsd_usergroup_3": 0.11897383630275726
    },
    "epoch_3": {
      "ndcg": 0.2691669762134552,
      "jsd": 0.12052208185195923,
      "ndcg_usergroup_1": 0.19549371302127838,
      "jsd_usergroup_1": 0.12960098683834076,
      "ndcg_usergroup_2": 0.25745320320129395,
      "jsd_usergroup_2": 0.1192224845290184,
      "ndcg_usergroup_3": 0.377981573343277,
      "jsd_usergroup_3": 0.11534199118614197
    },
    "epoch_4": {
      "ndcg": 0.26527389883995056,
      "jsd": 0.11475731432437897,
      "ndcg_usergroup_1": 0.1934005618095398,
      "jsd_usergroup_1": 0.12066394090652466,
      "ndcg_usergroup_2": 0.2532207667827606,
      "jsd_usergroup_2": 0.11329507827758789,
      "ndcg_usergroup_3": 0.3733065724372864,
      "jsd_usergroup_3": 0.11323734372854233
    },
    "epoch_5": {
      "ndcg": 0.2621011435985565,
      "jsd": 0.1106032207608223,
      "ndcg_usergroup_1": 0.19108223915100098,
      "jsd_usergroup_1": 0.11534174531698227,
      "ndcg_usergroup_2": 0.24980470538139343,
      "jsd_usergroup_2": 0.10884267836809158,
      "ndcg_usergroup_3": 0.3700094223022461,
      "jsd_usergroup_3": 0.11114636063575745
    },
    "epoch_6": {
      "ndcg": 0.2591579854488373,
      "jsd": 0.10756804794073105,
      "ndcg_usergroup_1": 0.19006475806236267,
      "jsd_usergroup_1": 0.11115357279777527,
      "ndcg_usergroup_2": 0.24683204293251038,
      "jsd_usergroup_2": 0.10589049011468887,
      "ndcg_usergroup_3": 0.36522892117500305,
      "jsd_usergroup_3": 0.10901518166065216
    },
    "epoch_7": {
      "ndcg": 0.2571798264980316,
      "jsd": 0.10529077798128128,
      "ndcg_usergroup_1": 0.18941465020179749,
      "jsd_usergroup_1": 0.10792148858308792,
      "ndcg_usergroup_2": 0.24494464695453644,
      "jsd_usergroup_2": 0.1035337969660759,
      "ndcg_usergroup_3": 0.36165061593055725,
      "jsd_usergroup_3": 0.1079309955239296
    },
    "epoch_8": {
      "ndcg": 0.2549753487110138,
      "jsd": 0.10400158166885376,
      "ndcg_usergroup_1": 0.18838316202163696,
      "jsd_usergroup_1": 0.10699500888586044,
      "ndcg_usergroup_2": 0.24282650649547577,
      "jsd_usergroup_2": 0.10200035572052002,
      "ndcg_usergroup_3": 0.3580140173435211,
      "jsd_usergroup_3": 0.1070118099451065
    },
    "epoch_9": {
      "ndcg": 0.25409775972366333,
      "jsd": 0.10272249579429626,
      "ndcg_usergroup_1": 0.18786782026290894,
      "jsd_usergroup_1": 0.10575982183218002,
      "ndcg_usergroup_2": 0.24236074090003967,
      "jsd_usergroup_2": 0.10068358480930328,
      "ndcg_usergroup_3": 0.35553866624832153,
      "jsd_usergroup_3": 0.10580190271139145
    },
    "epoch_10": {
      "ndcg": 0.25298890471458435,
      "jsd": 0.10180336982011795,
      "ndcg_usergroup_1": 0.18743178248405457,
      "jsd_usergroup_1": 0.1062803566455841,
      "ndcg_usergroup_2": 0.2417091578245163,
      "jsd_usergroup_2": 0.09948742389678955,
      "ndcg_usergroup_3": 0.3523852229118347,
      "jsd_usergroup_3": 0.10427416115999222
    },
    "epoch_11": {
      "ndcg": 0.25251305103302,
      "jsd": 0.10115878283977509,
      "ndcg_usergroup_1": 0.1878855973482132,
      "jsd_usergroup_1": 0.10667484998703003,
      "ndcg_usergroup_2": 0.24116261303424835,
      "jsd_usergroup_2": 0.09869461506605148,
      "ndcg_usergroup_3": 0.35119175910949707,
      "jsd_usergroup_3": 0.10303521156311035
    },
    "epoch_12": {
      "ndcg": 0.25219205021858215,
      "jsd": 0.10032332688570023,
      "ndcg_usergroup_1": 0.18872706592082977,
      "jsd_usergroup_1": 0.10613879561424255,
      "ndcg_usergroup_2": 0.2411481738090515,
      "jsd_usergroup_2": 0.09773349016904831,
      "ndcg_usergroup_3": 0.3487887680530548,
      "jsd_usergroup_3": 0.10227736085653305
    },
    "epoch_13": {
      "ndcg": 0.25220987200737,
      "jsd": 0.09982480108737946,
      "ndcg_usergroup_1": 0.18930935859680176,
      "jsd_usergroup_1": 0.10534563660621643,
      "ndcg_usergroup_2": 0.24128474295139313,
      "jsd_usergroup_2": 0.09728654474020004,
      "ndcg_usergroup_3": 0.3478858172893524,
      "jsd_usergroup_3": 0.10191865265369415
    },
    "epoch_14": {
      "ndcg": 0.2517595589160919,
      "jsd": 0.09939296543598175,
      "ndcg_usergroup_1": 0.18953737616539001,
      "jsd_usergroup_1": 0.10419437289237976,
      "ndcg_usergroup_2": 0.2406119704246521,
      "jsd_usergroup_2": 0.09704375267028809,
      "ndcg_usergroup_3": 0.3474244475364685,
      "jsd_usergroup_3": 0.10163913667201996
    },
    "epoch_15": {
      "ndcg": 0.2522457242012024,
      "jsd": 0.09880571067333221,
      "ndcg_usergroup_1": 0.18957214057445526,
      "jsd_usergroup_1": 0.10387534648180008,
      "ndcg_usergroup_2": 0.24130623042583466,
      "jsd_usergroup_2": 0.09648723155260086,
      "ndcg_usergroup_3": 0.34773775935173035,
      "jsd_usergroup_3": 0.10069148987531662
    },
    "epoch_16": {
      "ndcg": 0.2511252462863922,
      "jsd": 0.09869556874036789,
      "ndcg_usergroup_1": 0.1907288134098053,
      "jsd_usergroup_1": 0.10360156744718552,
      "ndcg_usergroup_2": 0.23986122012138367,
      "jsd_usergroup_2": 0.0966634526848793,
      "ndcg_usergroup_3": 0.34531375765800476,
      "jsd_usergroup_3": 0.09988586604595184
    },
    "epoch_17": {
      "ndcg": 0.2512810230255127,
      "jsd": 0.09852080792188644,
      "ndcg_usergroup_1": 0.19138287007808685,
      "jsd_usergroup_1": 0.10323241353034973,
      "ndcg_usergroup_2": 0.24057109653949738,
      "jsd_usergroup_2": 0.09648994356393814,
      "ndcg_usergroup_3": 0.3433090150356293,
      "jsd_usergroup_3": 0.09990181773900986
    },
    "epoch_18": {
      "ndcg": 0.2511553168296814,
      "jsd": 0.09822562336921692,
      "ndcg_usergroup_1": 0.19103440642356873,
      "jsd_usergroup_1": 0.10274792462587357,
      "ndcg_usergroup_2": 0.2406463921070099,
      "jsd_usergroup_2": 0.09619522839784622,
      "ndcg_usergroup_3": 0.3428029417991638,
      "jsd_usergroup_3": 0.09979449212551117
    }
  }
}