{"base_recommendations": {"ndcg": 0.2785918116569519, "jsd": 0.14252586662769318}, "postprocessed": {}, "finetuned": {"epoch_1": {"ndcg": 0.27509963512420654, "jsd": 0.13399025797843933}, "epoch_2": {"ndcg": 0.27104395627975464, "jsd": 0.12316493690013885}, "epoch_3": {"ndcg": 0.2652275860309601, "jsd": 0.11420593410730362}, "epoch_4": {"ndcg": 0.25972288846969604, "jsd": 0.10855381935834885}, "epoch_5": {"ndcg": 0.25524330139160156, "jsd": 0.10471782833337784}, "epoch_6": {"ndcg": 0.2518063187599182, "jsd": 0.1021382138133049}, "epoch_7": {"ndcg": 0.24937903881072998, "jsd": 0.1003360003232956}, "epoch_8": {"ndcg": 0.24717439711093903, "jsd": 0.09883653372526169}, "epoch_9": {"ndcg": 0.2457190901041031, "jsd": 0.09719725698232651}, "epoch_10": {"ndcg": 0.2447420209646225, "jsd": 0.0964459776878357}, "epoch_11": {"ndcg": 0.2443978190422058, "jsd": 0.0962439551949501}, "epoch_12": {"ndcg": 0.24415598809719086, "jsd": 0.09521739184856415}, "epoch_13": {"ndcg": 0.24416661262512207, "jsd": 0.09482908993959427}, "epoch_14": {"ndcg": 0.243904247879982, "jsd": 0.09418700635433197}, "epoch_15": {"ndcg": 0.244040846824646, "jsd": 0.09397833794355392}, "epoch_16": {"ndcg": 0.2437882423400879, "jsd": 0.0934145525097847}, "epoch_17": {"ndcg": 0.2437244951725006, "jsd": 0.09341033548116684}, "epoch_18": {"ndcg": 0.24348607659339905, "jsd": 0.09301963448524475}, "epoch_20": {"ndcg": 0.24383804202079773, "jsd": 0.09293920546770096}, "epoch_21": {"ndcg": 0.24312575161457062, "jsd": 0.0925673320889473}}}