{"base_recommendations": {"ndcg": 0.2785918116569519, "jsd": 0.14252586662769318}, "postprocessed": {}, "finetuned": {"epoch_1": {"ndcg": 0.272087424993515, "jsd": 0.12618929147720337}, "epoch_2": {"ndcg": 0.257723331451416, "jsd": 0.10256200283765793}, "epoch_3": {"ndcg": 0.23688654601573944, "jsd": 0.08477198332548141}, "epoch_4": {"ndcg": 0.2130248099565506, "jsd": 0.08210786432027817}, "epoch_25": {"ndcg": 0.1488761156797409, "jsd": 0.08178211748600006}, "epoch_26": {"ndcg": 0.1527460813522339, "jsd": 0.0774400606751442}, "epoch_27": {"ndcg": 0.15738891065120697, "jsd": 0.07459352165460587}, "epoch_28": {"ndcg": 0.16131289303302765, "jsd": 0.07296710461378098}, "epoch_29": {"ndcg": 0.1669817417860031, "jsd": 0.07193925976753235}, "epoch_30": {"ndcg": 0.16995811462402344, "jsd": 0.07073518633842468}, "epoch_31": {"ndcg": 0.1735624074935913, "jsd": 0.06948625296354294}, "epoch_32": {"ndcg": 0.17707981169223785, "jsd": 0.06928924471139908}, "epoch_34": {"ndcg": 0.1853104531764984, "jsd": 0.06901229172945023}, "epoch_35": {"ndcg": 0.18853028118610382, "jsd": 0.07001110166311264}, "epoch_36": {"ndcg": 0.1923532634973526, "jsd": 0.0703316330909729}, "epoch_37": {"ndcg": 0.19543157517910004, "jsd": 0.07143671810626984}, "epoch_38": {"ndcg": 0.1972309947013855, "jsd": 0.07131210714578629}, "epoch_41": {"ndcg": 0.20479711890220642, "jsd": 0.0735083669424057}}}