{"base_recommendations": {"ndcg": 0.2785918116569519, "jsd": 0.14252586662769318}, "postprocessed": {}, "finetuned": {"epoch_1": {"ndcg": 0.2354041188955307, "jsd": 0.08411926031112671}, "epoch_8": {"ndcg": 0.15587152540683746, "jsd": 0.07948343455791473}, "epoch_9": {"ndcg": 0.1643267273902893, "jsd": 0.07275307923555374}, "epoch_10": {"ndcg": 0.17224258184432983, "jsd": 0.06897895038127899}}}