{
  "base_recommendations": {
    "ndcg": 0.2785918116569519,
    "jsd": 0.14252586662769318,
    "ndcg_usergroup_1": 0.19963575899600983,
    "jsd_usergroup_1": 0.161077618598938,
    "ndcg_usergroup_2": 0.26794716715812683,
    "jsd_usergroup_2": 0.1419621855020523,
    "ndcg_usergroup_3": 0.38948172330856323,
    "jsd_usergroup_3": 0.12566512823104858
  },
  "postprocessed": {
    "0.1": {
      "ndcg": 0.2673165798187256,
      "jsd": 0.09772299975156784,
      "ndcg_usergroup_1": 0.1933392882347107,
      "jsd_usergroup_1": 0.10597330331802368,
      "ndcg_usergroup_2": 0.2556437849998474,
      "jsd_usergroup_2": 0.10105814784765244,
      "ndcg_usergroup_3": 0.3763121962547302,
      "jsd_usergroup_3": 0.07946721464395523
    },
    "0.2": {
      "ndcg": 0.2604484260082245,
      "jsd": 0.06786779314279556,
      "ndcg_usergroup_1": 0.19006481766700745,
      "jsd_usergroup_1": 0.0770764946937561,
      "ndcg_usergroup_2": 0.2487344592809677,
      "jsd_usergroup_2": 0.0714164525270462,
      "ndcg_usergroup_3": 0.3659738302230835,
      "jsd_usergroup_3": 0.04801307991147041
    },
    "0.3": {
      "ndcg": 0.2549125552177429,
      "jsd": 0.04607405140995979,
      "ndcg_usergroup_1": 0.18456290662288666,
      "jsd_usergroup_1": 0.058737728744745255,
      "ndcg_usergroup_2": 0.2440071851015091,
      "jsd_usergroup_2": 0.04760241135954857,
      "ndcg_usergroup_3": 0.35797837376594543,
      "jsd_usergroup_3": 0.028825288638472557
    },
    "0.4": {
      "ndcg": 0.25055328011512756,
      "jsd": 0.0314575657248497,
      "ndcg_usergroup_1": 0.18190313875675201,
      "jsd_usergroup_1": 0.04349559172987938,
      "ndcg_usergroup_2": 0.23943614959716797,
      "jsd_usergroup_2": 0.031540218740701675,
      "ndcg_usergroup_3": 0.3525547683238983,
      "jsd_usergroup_3": 0.019171571359038353
    },
    "0.5": {
      "ndcg": 0.24708221852779388,
      "jsd": 0.022793369367718697,
      "ndcg_usergroup_1": 0.17938482761383057,
      "jsd_usergroup_1": 0.03358922153711319,
      "ndcg_usergroup_2": 0.23597455024719238,
      "jsd_usergroup_2": 0.022442249581217766,
      "ndcg_usergroup_3": 0.3481026887893677,
      "jsd_usergroup_3": 0.013050880283117294
    },
    "0.6": {
      "ndcg": 0.2440851330757141,
      "jsd": 0.017810361459851265,
      "ndcg_usergroup_1": 0.17762891948223114,
      "jsd_usergroup_1": 0.02767867222428322,
      "ndcg_usergroup_2": 0.23301787674427032,
      "jsd_usergroup_2": 0.017475100234150887,
      "ndcg_usergroup_3": 0.3437429666519165,
      "jsd_usergroup_3": 0.008947828784584999
    },
    "0.7": {
      "ndcg": 0.2418593317270279,
      "jsd": 0.014756939373910427,
      "ndcg_usergroup_1": 0.17661678791046143,
      "jsd_usergroup_1": 0.02391945570707321,
      "ndcg_usergroup_2": 0.23069752752780914,
      "jsd_usergroup_2": 0.014487114734947681,
      "ndcg_usergroup_3": 0.34058719873428345,
      "jsd_usergroup_3": 0.006403893698006868
    },
    "0.8": {
      "ndcg": 0.23939475417137146,
      "jsd": 0.01293621864169836,
      "ndcg_usergroup_1": 0.1744026392698288,
      "jsd_usergroup_1": 0.021960707381367683,
      "ndcg_usergroup_2": 0.22831566631793976,
      "jsd_usergroup_2": 0.012690816074609756,
      "ndcg_usergroup_3": 0.337624192237854,
      "jsd_usergroup_3": 0.004647938534617424
    },
    "0.9": {
      "ndcg": 0.2375081330537796,
      "jsd": 0.01205378957092762,
      "ndcg_usergroup_1": 0.17315688729286194,
      "jsd_usergroup_1": 0.02084125205874443,
      "ndcg_usergroup_2": 0.2265050709247589,
      "jsd_usergroup_2": 0.01185002364218235,
      "ndcg_usergroup_3": 0.3348686099052429,
      "jsd_usergroup_3": 0.003877623239532113
    }
  },
  "finetuned": {
    "epoch_1": {
      "ndcg": 0.27492526173591614,
      "jsd": 0.13240447640419006,
      "ndcg_usergroup_1": 0.19664810597896576,
      "jsd_usergroup_1": 0.14746984839439392,
      "ndcg_usergroup_2": 0.2644121050834656,
      "jsd_usergroup_2": 0.13118644058704376,
      "ndcg_usergroup_3": 0.38474202156066895,
      "jsd_usergroup_3": 0.12099320441484451
    },
    "epoch_2": {
      "ndcg": 0.2692473828792572,
      "jsd": 0.1198849231004715,
      "ndcg_usergroup_1": 0.19399955868721008,
      "jsd_usergroup_1": 0.12895792722702026,
      "ndcg_usergroup_2": 0.2578452527523041,
      "jsd_usergroup_2": 0.11848074942827225,
      "ndcg_usergroup_3": 0.3787015974521637,
      "jsd_usergroup_3": 0.11502445489168167
    },
    "epoch_3": {
      "ndcg": 0.26199063658714294,
      "jsd": 0.11085972934961319,
      "ndcg_usergroup_1": 0.191178560256958,
      "jsd_usergroup_1": 0.1150539442896843,
      "ndcg_usergroup_2": 0.2496740072965622,
      "jsd_usergroup_2": 0.10961546748876572,
      "ndcg_usergroup_3": 0.36975255608558655,
      "jsd_usergroup_3": 0.11039824783802032
    },
    "epoch_4": {
      "ndcg": 0.25603753328323364,
      "jsd": 0.10490120202302933,
      "ndcg_usergroup_1": 0.18768098950386047,
      "jsd_usergroup_1": 0.10699726641178131,
      "ndcg_usergroup_2": 0.24355031549930573,
      "jsd_usergroup_2": 0.10364217311143875,
      "ndcg_usergroup_3": 0.36185574531555176,
      "jsd_usergroup_3": 0.10658220946788788
    },
    "epoch_5": {
      "ndcg": 0.2512677013874054,
      "jsd": 0.10147088766098022,
      "ndcg_usergroup_1": 0.1830216497182846,
      "jsd_usergroup_1": 0.1016034185886383,
      "ndcg_usergroup_2": 0.23910096287727356,
      "jsd_usergroup_2": 0.10056227445602417,
      "ndcg_usergroup_3": 0.3560139834880829,
      "jsd_usergroup_3": 0.10406418144702911
    },
    "epoch_6": {
      "ndcg": 0.24760612845420837,
      "jsd": 0.09909140318632126,
      "ndcg_usergroup_1": 0.18172501027584076,
      "jsd_usergroup_1": 0.09888805449008942,
      "ndcg_usergroup_2": 0.2350672334432602,
      "jsd_usergroup_2": 0.0982837826013565,
      "ndcg_usergroup_3": 0.3511039912700653,
      "jsd_usergroup_3": 0.10171766579151154
    },
    "epoch_7": {
      "ndcg": 0.24444442987442017,
      "jsd": 0.09678056836128235,
      "ndcg_usergroup_1": 0.18102994561195374,
      "jsd_usergroup_1": 0.09731747210025787,
      "ndcg_usergroup_2": 0.23183830082416534,
      "jsd_usergroup_2": 0.0960838720202446,
      "ndcg_usergroup_3": 0.34567731618881226,
      "jsd_usergroup_3": 0.09833376854658127
    },
    "epoch_8": {
      "ndcg": 0.24235635995864868,
      "jsd": 0.0956152006983757,
      "ndcg_usergroup_1": 0.179707333445549,
      "jsd_usergroup_1": 0.09634740650653839,
      "ndcg_usergroup_2": 0.23031960427761078,
      "jsd_usergroup_2": 0.09505464136600494,
      "ndcg_usergroup_3": 0.3411157429218292,
      "jsd_usergroup_3": 0.0965646430850029
    },
    "epoch_9": {
      "ndcg": 0.24069222807884216,
      "jsd": 0.09419050812721252,
      "ndcg_usergroup_1": 0.179451584815979,
      "jsd_usergroup_1": 0.0943298488855362,
      "ndcg_usergroup_2": 0.22880436480045319,
      "jsd_usergroup_2": 0.0939493328332901,
      "ndcg_usergroup_3": 0.33759647607803345,
      "jsd_usergroup_3": 0.09477470815181732
    },
    "epoch_10": {
      "ndcg": 0.2393784523010254,
      "jsd": 0.09341796487569809,
      "ndcg_usergroup_1": 0.17918333411216736,
      "jsd_usergroup_1": 0.09459559619426727,
      "ndcg_usergroup_2": 0.22744148969650269,
      "jsd_usergroup_2": 0.09271518141031265,
      "ndcg_usergroup_3": 0.33538439869880676,
      "jsd_usergroup_3": 0.09434868395328522
    },
    "epoch_11": {
      "ndcg": 0.2393750697374344,
      "jsd": 0.09316939860582352,
      "ndcg_usergroup_1": 0.17975404858589172,
      "jsd_usergroup_1": 0.09556866437196732,
      "ndcg_usergroup_2": 0.2280612289905548,
      "jsd_usergroup_2": 0.09207047522068024,
      "ndcg_usergroup_3": 0.3329375982284546,
      "jsd_usergroup_3": 0.09406690299510956
    },
    "epoch_12": {
      "ndcg": 0.23901599645614624,
      "jsd": 0.09247297048568726,
      "ndcg_usergroup_1": 0.1789524406194687,
      "jsd_usergroup_1": 0.09477264434099197,
      "ndcg_usergroup_2": 0.2282082736492157,