{
  "base_recommendations": {
    "ndcg": 0.2785918116569519,
    "jsd": 0.14252586662769318,
    "ndcg_usergroup_1": 0.19963575899600983,
    "jsd_usergroup_1": 0.161077618598938,
    "ndcg_usergroup_2": 0.26794716715812683,
    "jsd_usergroup_2": 0.1419621855020523,
    "ndcg_usergroup_3": 0.38948172330856323,
    "jsd_usergroup_3": 0.12566512823104858
  },
  "postprocessed": {},
  "finetuned": {
    "epoch_1": {
      "ndcg": 0.27238771319389343,
      "jsd": 0.12421245872974396,
      "ndcg_usergroup_1": 0.19662131369113922,
      "jsd_usergroup_1": 0.13976383209228516,
      "ndcg_usergroup_2": 0.26191145181655884,
      "jsd_usergroup_2": 0.12269870936870575,
      "ndcg_usergroup_3": 0.37958288192749023,
      "jsd_usergroup_3": 0.11320232599973679
    },
    "epoch_2": {
      "ndcg": 0.2605020999908447,
      "jsd": 0.10400313884019852,
      "ndcg_usergroup_1": 0.191011443734169,
      "jsd_usergroup_1": 0.11052337288856506,
      "ndcg_usergroup_2": 0.2497999519109726,
      "jsd_usergroup_2": 0.1026683896780014,
      "ndcg_usergroup_3": 0.36209920048713684,
      "jsd_usergroup_3": 0.1014871671795845
    },
    "epoch_3": {
      "ndcg": 0.2449861466884613,
      "jsd": 0.09216078370809555,
      "ndcg_usergroup_1": 0.1809222251176834,
      "jsd_usergroup_1": 0.09063612669706345,
      "ndcg_usergroup_2": 0.23389381170272827,
      "jsd_usergroup_2": 0.09206481277942657,
      "ndcg_usergroup_3": 0.3423270285129547,
      "jsd_usergroup_3": 0.09397339075803757
    },
    "epoch_4": {
      "ndcg": 0.23135732114315033,
      "jsd": 0.08656735718250275,
      "ndcg_usergroup_1": 0.17327971756458282,
      "jsd_usergroup_1": 0.08024072647094727,
      "ndcg_usergroup_2": 0.2195069044828415,
      "jsd_usergroup_2": 0.08792199939489365,
      "ndcg_usergroup_3": 0.32498618960380554,
      "jsd_usergroup_3": 0.08883004635572433
    },
    "epoch_5": {
      "ndcg": 0.21926294267177582,
      "jsd": 0.08441340923309326,
      "ndcg_usergroup_1": 0.16536252200603485,
      "jsd_usergroup_1": 0.0762609913945198,
      "ndcg_usergroup_2": 0.20666997134685516,
      "jsd_usergroup_2": 0.0868324488401413,
      "ndcg_usergroup_3": 0.31094232201576233,
      "jsd_usergroup_3": 0.08530871570110321
    },
    "epoch_6": {
      "ndcg": 0.20978184044361115,
      "jsd": 0.08390435576438904,
      "ndcg_usergroup_1": 0.15904542803764343,
      "jsd_usergroup_1": 0.07523800432682037,
      "ndcg_usergroup_2": 0.19713136553764343,
      "jsd_usergroup_2": 0.0869891569018364,
      "ndcg_usergroup_3": 0.298469603061676,
      "jsd_usergroup_3": 0.08331624418497086
    },
    "epoch_10": {
      "ndcg": 0.19297780096530914,
      "jsd": 0.08363236486911774,
      "ndcg_usergroup_1": 0.14843380451202393,
      "jsd_usergroup_1": 0.07301704585552216,
      "ndcg_usergroup_2": 0.18187782168388367,
      "jsd_usergroup_2": 0.08633799850940704,
      "ndcg_usergroup_3": 0.270821750164032,
      "jsd_usergroup_3": 0.0861307755112648
    },
    "epoch_11": {
      "ndcg": 0.19091245532035828,
      "jsd": 0.08271806687116623,
      "ndcg_usergroup_1": 0.1483626514673233,
      "jsd_usergroup_1": 0.0710449069738388,
      "ndcg_usergroup_2": 0.18049761652946472,
      "jsd_usergroup_2": 0.08482486009597778,
      "ndcg_usergroup_3": 0.26470673084259033,
      "jsd_usergroup_3": 0.0880708247423172
    },
    "epoch_12": {
      "ndcg": 0.18943634629249573,
      "jsd": 0.08186441659927368,
      "ndcg_usergroup_1": 0.1477762758731842,
      "jsd_usergroup_1": 0.06923716515302658,
      "ndcg_usergroup_2": 0.17912012338638306,
      "jsd_usergroup_2": 0.08384951949119568,
      "ndcg_usergroup_3": 0.26204514503479004,
      "jsd_usergroup_3": 0.0885363295674324
    },
    "epoch_13": {
      "ndcg": 0.1884024739265442,
      "jsd": 0.0808536484837532,
      "ndcg_usergroup_1": 0.14656630158424377,
      "jsd_usergroup_1": 0.06878587603569031,
      "ndcg_usergroup_2": 0.17878402769565582,
      "jsd_usergroup_2": 0.08234652876853943,
      "ndcg_usergroup_3": 0.2590939700603485,
      "jsd_usergroup_3": 0.08844273537397385
    },
    "epoch_14": {
      "ndcg": 0.1869337111711502,
      "jsd": 0.08037705719470978,
      "ndcg_usergroup_1": 0.14478272199630737,
      "jsd_usergroup_1": 0.06832247972488403,
      "ndcg_usergroup_2": 0.17765597999095917,
      "jsd_usergroup_2": 0.08159913122653961,
      "ndcg_usergroup_3": 0.25691795349121094,
      "jsd_usergroup_3": 0.08876540511846542
    },
    "epoch_15": {
      "ndcg": 0.18597650527954102,
      "jsd": 0.07904383540153503,
      "ndcg_usergroup_1": 0.142836794257164,
      "jsd_usergroup_1": 0.06652931869029999,
      "ndcg_usergroup_2": 0.1770920306444168,
      "jsd_usergroup_2": 0.07994436472654343,
      "ndcg_usergroup_3": 0.2557695209980011,
      "jsd_usergroup_3": 0.0888567566871643
    },
    "epoch_16": {
      "ndcg": 0.18556490540504456,
      "jsd": 0.07741996645927429,
      "ndcg_usergroup_1": 0.14261090755462646,
      "jsd_usergroup_1": 0.06481283158063889,
      "ndcg_usergroup_2": 0.1770293414592743,
      "jsd_usergroup_2": 0.07804292440414429,
      "ndcg_usergroup_3": 0.2541256546974182,
      "jsd_usergroup_3": 0.08815822005271912
    },
    "epoch_17": {
      "ndcg": 0.1849743127822876,
      "jsd": 0.07535070925951004,
      "ndcg_usergroup_1": 0.1431584358215332,
      "jsd_usergroup_1": 0.06242246925830841,
      "ndcg_usergroup_2": 0.17633217573165894,
      "jsd_usergroup_2": 0.07578036189079285,
      "ndcg_usergroup_3": 0.2527165412902832,
      "jsd_usergroup_3": 0.08699002861976624
    },
    "epoch_18": {
      "ndcg": 0.18421794474124908,
      "jsd": 0.07365791499614716,
      "ndcg_usergroup_1": 0.14253994822502136,
      "jsd_usergroup_1": 0.06124011427164078,
      "ndcg_usergroup_2": 0.17601659893989563,
      "jsd_usergroup_2": 0.07379792630672455,
      "ndcg_usergroup_3": 0.25050002336502075,
      "jsd_usergroup_3": 0.08565565943717957
    },
    "epoch_19": {
      "ndcg": 0.18340446054935455,
      "jsd": 0.07244554907083511,
      "ndcg_usergroup_1": 0.14243033528327942,
      "jsd_usergroup_1": 0.058988671749830246,
      "ndcg_usergroup_2": 0.17551930248737335,
      "jsd_usergroup_2": 0.07251562923192978,
      "ndcg_usergroup_3": 0.2480340152978897,
      "jsd_usergroup_3": 0.08569220453500748
    },
    "epoch_20": {
      "ndcg": 0.18357406556606293,
      "jsd": 0.07054609060287476,
      "ndcg_usergroup_1": 0.14431363344192505,
      "jsd_usergroup_1": 0.05764126777648926,
      "ndcg_usergroup_2": 0.17596250772476196,
      "jsd_usergroup_2": 0.07022874057292938,
      "ndcg_usergroup_3": 0.2456691861152649,
      "jsd_usergroup_3": 0.08440296351909637
    },
    "epoch_21": {
      "ndcg": 0.18348805606365204,
      "jsd": 0.06964050978422165,
      "ndcg_usergroup_1": 0.14420613646507263,
      "jsd_usergroup_1": 0.05733676999807358,
      "ndcg_usergroup_2": 0.17646655440330505,
      "jsd_usergroup_2": 0.06896108388900757,
      "ndcg_usergroup_3": 0.2438345104455948,
      "jsd_usergroup_3": 0.08398253470659256
    },
    "epoch_22": {
      "ndcg": 0.18316125869750977,
      "jsd": 0.06801760941743851,
      "ndcg_usergroup_1": 0.1431112289428711,
      "jsd_usergroup_1": 0.05712281912565231,
      "ndcg_usergroup_2": 0.1765216588973999,
      "jsd_usergroup_2": 0.066886305809021,
      "ndcg_usergroup_3": 0.24313008785247803,
      "jsd_usergroup_3": 0.08230628818273544
    },
    "epoch_23": {
      "ndcg": 0.1825888603925705,
      "jsd": 0.06687261909246445,
      "ndcg_usergroup_1": 0.14346516132354736,
      "jsd_usergroup_1": 0.056031279265880585,
      "ndcg_usergroup_2": 0.17595995962619781,
      "jsd_usergroup_2": 0.06578568369150162,
      "ndcg_usergroup_3": 0.24159923195838928,
      "jsd_usergroup_3": 0.0809747651219368
    },
    "epoch_24": {
      "ndcg": 0.18341505527496338,
      "jsd": 0.06598957628011703,
      "ndcg_usergroup_1": 0.14512591063976288,
      "jsd_usergroup_1": 0.055508632212877274,