{"base_recommendations": {"ndcg": 0.2785918116569519, "jsd": 0.14252586662769318}, "postprocessed": {}, "finetuned": {"epoch_1": {"ndcg": 0.2785186469554901, "jsd": 0.14146330952644348}, "epoch_2": {"ndcg": 0.27798473834991455, "jsd": 0.1401442587375641}, "epoch_3": {"ndcg": 0.2773749828338623, "jsd": 0.13768811523914337}, "epoch_4": {"ndcg": 0.2764073610305786, "jsd": 0.13511118292808533}, "epoch_5": {"ndcg": 0.27538084983825684, "jsd": 0.13250552117824554}, "epoch_6": {"ndcg": 0.2747401297092438, "jsd": 0.1293666660785675}, "epoch_7": {"ndcg": 0.27419739961624146, "jsd": 0.1263662874698639}, "epoch_8": {"ndcg": 0.27305394411087036, "jsd": 0.12334202975034714}, "epoch_9": {"ndcg": 0.27198684215545654, "jsd": 0.12053466588258743}, "epoch_10": {"ndcg": 0.2707948386669159, "jsd": 0.11726203560829163}, "epoch_11": {"ndcg": 0.26928696036338806, "jsd": 0.1142021119594574}, "epoch_12": {"ndcg": 0.2678559124469757, "jsd": 0.11117962002754211}, "epoch_13": {"ndcg": 0.2666066586971283, "jsd": 0.10811806470155716}, "epoch_14": {"ndcg": 0.26530009508132935, "jsd": 0.10500911623239517}, "epoch_15": {"ndcg": 0.2642601728439331, "jsd": 0.10199413448572159}, "epoch_16": {"ndcg": 0.2628432810306549, "jsd": 0.09941821545362473}, "epoch_17": {"ndcg": 0.26104670763015747, "jsd": 0.09659329056739807}, "epoch_18": {"ndcg": 0.2598854899406433, "jsd": 0.09415845572948456}, "epoch_19": {"ndcg": 0.2579258978366852, "jsd": 0.0915488749742508}, "epoch_20": {"ndcg": 0.255597323179245, "jsd": 0.08945564925670624}, "epoch_21": {"ndcg": 0.2538730204105377, "jsd": 0.08724025636911392}, "epoch_22": {"ndcg": 0.25225526094436646, "jsd": 0.08536111563444138}, "epoch_23": {"ndcg": 0.2505183219909668, "jsd": 0.08346337825059891}, "epoch_24": {"ndcg": 0.2487419992685318, "jsd": 0.0818595364689827}, "epoch_25": {"ndcg": 0.2469474822282791, "jsd": 0.08017738163471222}, "epoch_26": {"ndcg": 0.2453191727399826, "jsd": 0.07901478558778763}, "epoch_27": {"ndcg": 0.24281428754329681, "jsd": 0.07736197113990784}, "epoch_28": {"ndcg": 0.24067926406860352, "jsd": 0.07608874887228012}, "epoch_29": {"ndcg": 0.23854215443134308, "jsd": 0.07473310083150864}, "epoch_30": {"ndcg": 0.23651954531669617, "jsd": 0.07362177222967148}, "epoch_31": {"ndcg": 0.23447313904762268, "jsd": 0.07290031760931015}, "epoch_32": {"ndcg": 0.23224413394927979, "jsd": 0.07197891920804977}, "epoch_33": {"ndcg": 0.22980642318725586, "jsd": 0.07099146395921707}, "epoch_34": {"ndcg": 0.22743314504623413, "jsd": 0.07044317573308945}, "epoch_35": {"ndcg": 0.22470146417617798, "jsd": 0.0698760375380516}, "epoch_36": {"ndcg": 0.22229978442192078, "jsd": 0.06951809674501419}, "epoch_37": {"ndcg": 0.2197490632534027, "jsd": 0.06927452236413956}, "epoch_38": {"ndcg": 0.2172372192144394, "jsd": 0.06924837082624435}}}