{
  "base_recommendations": {
    "ndcg": 0.2785918116569519,
    "jsd": 0.14252586662769318,
    "ndcg_usergroup_1": 0.19963575899600983,
    "jsd_usergroup_1": 0.161077618598938,
    "ndcg_usergroup_2": 0.26794716715812683,
    "jsd_usergroup_2": 0.1419621855020523,
    "ndcg_usergroup_3": 0.38948172330856323,
    "jsd_usergroup_3": 0.12566512823104858
  },
  "postprocessed": {},
  "finetuned": {
    "epoch_1": {
      "ndcg": 0.2460445612668991,
      "jsd": 0.09265456348657608,
      "ndcg_usergroup_1": 0.1808183640241623,
      "jsd_usergroup_1": 0.0912606492638588,
      "ndcg_usergroup_2": 0.23510833084583282,
      "jsd_usergroup_2": 0.09268494695425034,
      "ndcg_usergroup_3": 0.34407946467399597,
      "jsd_usergroup_3": 0.09395726770162582
    },
    "epoch_2": {
      "ndcg": 0.2150140404701233,
      "jsd": 0.08461160212755203,
      "ndcg_usergroup_1": 0.16008782386779785,
      "jsd_usergroup_1": 0.07630615681409836,
      "ndcg_usergroup_2": 0.20279675722122192,
      "jsd_usergroup_2": 0.08737905323505402,
      "ndcg_usergroup_3": 0.30659210681915283,
      "jsd_usergroup_3": 0.08461470156908035
    },
    "epoch_3": {
      "ndcg": 0.20114147663116455,
      "jsd": 0.08342377096414566,
      "ndcg_usergroup_1": 0.15400274097919464,
      "jsd_usergroup_1": 0.07382665574550629,
      "ndcg_usergroup_2": 0.18963517248630524,
      "jsd_usergroup_2": 0.08612848818302155,
      "ndcg_usergroup_3": 0.2827991247177124,
      "jsd_usergroup_3": 0.08490674942731857
    },
    "epoch_4": {
      "ndcg": 0.1962011307477951,
      "jsd": 0.07956570386886597,
      "ndcg_usergroup_1": 0.15336555242538452,
      "jsd_usergroup_1": 0.06905165314674377,
      "ndcg_usergroup_2": 0.18557795882225037,
      "jsd_usergroup_2": 0.08110655844211578,
      "ndcg_usergroup_3": 0.27090615034103394,
      "jsd_usergroup_3": 0.08545715361833572
    },
    "epoch_5": {
      "ndcg": 0.1921362727880478,
      "jsd": 0.0755278468132019,
      "ndcg_usergroup_1": 0.14826013147830963,
      "jsd_usergroup_1": 0.06444307416677475,
      "ndcg_usergroup_2": 0.18257802724838257,
      "jsd_usergroup_2": 0.07643944025039673,
      "ndcg_usergroup_3": 0.2646871507167816,
      "jsd_usergroup_3": 0.0838778018951416
    },
    "epoch_6": {
      "ndcg": 0.19068047404289246,
      "jsd": 0.07000549882650375,
      "ndcg_usergroup_1": 0.14886415004730225,
      "jsd_usergroup_1": 0.059009142220020294,
      "ndcg_usergroup_2": 0.18227320909500122,
      "jsd_usergroup_2": 0.06954891979694366,
      "ndcg_usergroup_3": 0.25771859288215637,
      "jsd_usergroup_3": 0.08237161487340927
    },
    "epoch_7": {
      "ndcg": 0.18979427218437195,
      "jsd": 0.06526807695627213,
      "ndcg_usergroup_1": 0.14896561205387115,
      "jsd_usergroup_1": 0.056863002479076385,
      "ndcg_usergroup_2": 0.18225538730621338,
      "jsd_usergroup_2": 0.0637856125831604,
      "ndcg_usergroup_3": 0.25323960185050964,
      "jsd_usergroup_3": 0.07812054455280304
    },
    "epoch_8": {
      "ndcg": 0.1876816749572754,
      "jsd": 0.06378783285617828,
      "ndcg_usergroup_1": 0.14734013378620148,
      "jsd_usergroup_1": 0.05472054332494736,
      "ndcg_usergroup_2": 0.18094010651111603,
      "jsd_usergroup_2": 0.06207063049077988,
      "ndcg_usergroup_3": 0.2482479214668274,
      "jsd_usergroup_3": 0.07800670713186264
    },
    "epoch_9": {
      "ndcg": 0.18886680901050568,
      "jsd": 0.06303969025611877,
      "ndcg_usergroup_1": 0.149709552526474,
      "jsd_usergroup_1": 0.054501958191394806,
      "ndcg_usergroup_2": 0.1825243979692459,
      "jsd_usergroup_2": 0.06061270833015442,
      "ndcg_usergroup_3": 0.24705126881599426,
      "jsd_usergroup_3": 0.07885836064815521
    }
  }
}