{"base_recommendations": {"ndcg": 0.2785918116569519, "jsd": 0.14252586662769318}, "postprocessed": {}, "finetuned": {"epoch_1": {"ndcg": 0.2786647081375122, "jsd": 0.14187607169151306}, "epoch_2": {"ndcg": 0.2786253094673157, "jsd": 0.1409541666507721}, "epoch_3": {"ndcg": 0.2784114480018616, "jsd": 0.13976895809173584}, "epoch_4": {"ndcg": 0.2782748341560364, "jsd": 0.13839562237262726}, "epoch_5": {"ndcg": 0.27835720777511597, "jsd": 0.13683268427848816}, "epoch_6": {"ndcg": 0.2779170870780945, "jsd": 0.1352766752243042}, "epoch_7": {"ndcg": 0.27759402990341187, "jsd": 0.1335134655237198}, "epoch_8": {"ndcg": 0.2773921489715576, "jsd": 0.13210487365722656}, "epoch_9": {"ndcg": 0.2772735357284546, "jsd": 0.1305236518383026}, "epoch_10": {"ndcg": 0.27689245343208313, "jsd": 0.12900212407112122}, "epoch_11": {"ndcg": 0.2766319513320923, "jsd": 0.12724153697490692}, "epoch_12": {"ndcg": 0.2765581011772156, "jsd": 0.1254495531320572}, "epoch_13": {"ndcg": 0.2762683629989624, "jsd": 0.12372623383998871}, "epoch_14": {"ndcg": 0.2760049104690552, "jsd": 0.12214106321334839}, "epoch_15": {"ndcg": 0.27537810802459717, "jsd": 0.12049969285726547}, "epoch_16": {"ndcg": 0.2754075527191162, "jsd": 0.11899551004171371}, "epoch_17": {"ndcg": 0.27503594756126404, "jsd": 0.11746694147586823}, "epoch_18": {"ndcg": 0.27483242750167847, "jsd": 0.1156504899263382}, "epoch_19": {"ndcg": 0.2741217017173767, "jsd": 0.11419562995433807}, "epoch_20": {"ndcg": 0.2732994258403778, "jsd": 0.11275941878557205}, "epoch_21": {"ndcg": 0.2725556492805481, "jsd": 0.11146876215934753}, "epoch_22": {"ndcg": 0.2719953656196594, "jsd": 0.11030362546443939}, "epoch_23": {"ndcg": 0.2717781066894531, "jsd": 0.10939229279756546}, "epoch_24": {"ndcg": 0.2712193727493286, "jsd": 0.1081700250506401}, "epoch_25": {"ndcg": 0.2706993520259857, "jsd": 0.10717903077602386}, "epoch_26": {"ndcg": 0.27010786533355713, "jsd": 0.10612626373767853}, "epoch_27": {"ndcg": 0.26983314752578735, "jsd": 0.10528022795915604}, "epoch_28": {"ndcg": 0.2691733241081238, "jsd": 0.10432872921228409}, "epoch_29": {"ndcg": 0.2687169909477234, "jsd": 0.1033409908413887}, "epoch_30": {"ndcg": 0.26829975843429565, "jsd": 0.10252650082111359}, "epoch_31": {"ndcg": 0.2674524188041687, "jsd": 0.10158023983240128}, "epoch_32": {"ndcg": 0.2669576406478882, "jsd": 0.10060039162635803}, "epoch_33": {"ndcg": 0.2668535113334656, "jsd": 0.09973521530628204}, "epoch_34": {"ndcg": 0.26646196842193604, "jsd": 0.09919826686382294}, "epoch_35": {"ndcg": 0.2662961781024933, "jsd": 0.09864342212677002}, "epoch_36": {"ndcg": 0.26587432622909546, "jsd": 0.09765928238630295}, "epoch_37": {"ndcg": 0.2648705244064331, "jsd": 0.09723161906003952}, "epoch_38": {"ndcg": 0.2642589807510376, "jsd": 0.09639623761177063}, "epoch_39": {"ndcg": 0.2634190320968628, "jsd": 0.09562934190034866}, "epoch_40": {"ndcg": 0.26259660720825195, "jsd": 0.09507507085800171}, "epoch_41": {"ndcg": 0.26212599873542786, "jsd": 0.09455655515193939}, "epoch_42": {"ndcg": 0.26199325919151306, "jsd": 0.0939646065235138}, "epoch_43": {"ndcg": 0.2617829144001007, "jsd": 0.09367841482162476}, "epoch_44": {"ndcg": 0.2610284388065338, "jsd": 0.09320064634084702}, "epoch_45": {"ndcg": 0.2606339752674103, "jsd": 0.09275797009468079}, "epoch_46": {"ndcg": 0.2599618434906006, "jsd": 0.09233030676841736}, "epoch_47": {"ndcg": 0.25981295108795166, "jsd": 0.09185285866260529}, "epoch_48": {"ndcg": 0.25922539830207825, "jsd": 0.09163586050271988}, "epoch_49": {"ndcg": 0.2592160999774933, "jsd": 0.091513991355896}, "epoch_50": {"ndcg": 0.25888240337371826, "jsd": 0.09103525429964066}, "epoch_51": {"ndcg": 0.2583027184009552, "jsd": 0.09087938815355301}, "epoch_52": {"ndcg": 0.25782692432403564, "jsd": 0.09057007730007172}, "epoch_53": {"ndcg": 0.2575418949127197, "jsd": 0.09035725891590118}, "epoch_54": {"ndcg": 0.25693267583847046, "jsd": 0.08981606364250183}, "epoch_55": {"ndcg": 0.25616905093193054, "jsd": 0.08961241692304611}, "epoch_56": {"ndcg": 0.25581786036491394, "jsd": 0.08927403390407562}, "epoch_57": {"ndcg": 0.2552987039089203, "jsd": 0.08890192955732346}, "epoch_58": {"ndcg": 0.2547054886817932, "jsd": 0.08845151215791702}, "epoch_60": {"ndcg": 0.253916472196579, "jsd": 0.08816448599100113}, "epoch_61": {"ndcg": 0.2532823383808136, "jsd": 0.08782590180635452}, "epoch_62": {"ndcg": 0.2532672882080078, "jsd": 0.08767999708652496}, "epoch_63": {"ndcg": 0.25251471996307373, "jsd": 0.08762174844741821}, "epoch_64": {"ndcg": 0.2516675591468811, "jsd": 0.08738312870264053}, "epoch_65": {"ndcg": 0.25137168169021606, "jsd": 0.08706735819578171}, "epoch_67": {"ndcg": 0.2505756914615631, "jsd": 0.08685313165187836}, "epoch_68": {"ndcg": 0.24956871569156647, "jsd": 0.08625172823667526}, "epoch_70": {"ndcg": 0.24864231050014496, "jsd": 0.08625336736440659}, "epoch_71": {"ndcg": 0.24837107956409454, "jsd": 0.08623330295085907}, "epoch_72": {"ndcg": 0.24744585156440735, "jsd": 0.08604756742715836}, "epoch_73": {"ndcg": 0.24712656438350677, "jsd": 0.08595059812068939}, "epoch_74": {"ndcg": 0.24663810431957245, "jsd": 0.08548356592655182}, "epoch_76": {"ndcg": 0.24547737836837769, "jsd": 0.08515045046806335}, "epoch_78": {"ndcg": 0.2446676790714264, "jsd": 0.08498810976743698}, "epoch_82": {"ndcg": 0.24261464178562164, "jsd": 0.08503615856170654}, "epoch_84": {"ndcg": 0.24189670383930206, "jsd": 0.08460888266563416}, "epoch_86": {"ndcg": 0.24089457094669342, "jsd": 0.08448386937379837}, "epoch_88": {"ndcg": 0.2393377423286438, "jsd": 0.08436072617769241}, "epoch_90": {"ndcg": 0.23886173963546753, "jsd": 0.08392225205898285}, "epoch_93": {"ndcg": 0.2372933328151703, "jsd": 0.08388618379831314}, "epoch_94": {"ndcg": 0.23723739385604858, "jsd": 0.08374999463558197}, "epoch_95": {"ndcg": 0.23615767061710358, "jsd": 0.0836627334356308}, "epoch_98": {"ndcg": 0.23505783081054688, "jsd": 0.08362579345703125}, "epoch_100": {"ndcg": 0.2347680926322937, "jsd": 0.08319147676229477}, "epoch_102": {"ndcg": 0.23416301608085632, "jsd": 0.08298534154891968}, "epoch_110": {"ndcg": 0.231589674949646, "jsd": 0.08282160758972168}, "epoch_112": {"ndcg": 0.23079366981983185, "jsd": 0.08282975107431412}, "epoch_114": {"ndcg": 0.22990573942661285, "jsd": 0.08266999572515488}, "epoch_116": {"ndcg": 0.22928880155086517, "jsd": 0.08260926604270935}, "epoch_119": {"ndcg": 0.22821277379989624, "jsd": 0.08269345760345459}, "epoch_120": {"ndcg": 0.22698712348937988, "jsd": 0.0824085995554924}, "epoch_123": {"ndcg": 0.22723470628261566, "jsd": 0.08240719139575958}, "epoch_126": {"ndcg": 0.2249162495136261, "jsd": 0.08201409131288528}, "epoch_142": {"ndcg": 0.21957048773765564, "jsd": 0.0818263366818428}, "epoch_148": {"ndcg": 0.2184610217809677, "jsd": 0.08174780011177063}, "epoch_152": {"ndcg": 0.21701683104038239, "jsd": 0.08161558210849762}, "epoch_156": {"ndcg": 0.21553443372249603, "jsd": 0.08150197565555573}, "epoch_164": {"ndcg": 0.21304264664649963, "jsd": 0.08130359649658203}}}