{
  "base_recommendations": {
    "ndcg": 0.2785918116569519,
    "jsd": 0.14252586662769318,
    "ndcg_usergroup_1": 0.19963575899600983,
    "jsd_usergroup_1": 0.161077618598938,
    "ndcg_usergroup_2": 0.26794716715812683,
    "jsd_usergroup_2": 0.1419621855020523,
    "ndcg_usergroup_3": 0.38948172330856323,
    "jsd_usergroup_3": 0.12566512823104858
  },
  "postprocessed": {},
  "finetuned": {
    "epoch_1": {
      "ndcg": 0.2748604416847229,
      "jsd": 0.13005618751049042,
      "ndcg_usergroup_1": 0.19607801735401154,
      "jsd_usergroup_1": 0.1430056244134903,
      "ndcg_usergroup_2": 0.2645621597766876,
      "jsd_usergroup_2": 0.1289135068655014,
      "ndcg_usergroup_3": 0.38453760743141174,
      "jsd_usergroup_3": 0.12053478509187698
    },
    "epoch_2": {
      "ndcg": 0.26974546909332275,
      "jsd": 0.11438190937042236,
      "ndcg_usergroup_1": 0.19220349192619324,
      "jsd_usergroup_1": 0.11708991229534149,
      "ndcg_usergroup_2": 0.25876471400260925,
      "jsd_usergroup_2": 0.11372330039739609,
      "ndcg_usergroup_3": 0.38022956252098083,
      "jsd_usergroup_3": 0.11364968121051788
    },
    "epoch_3": {
      "ndcg": 0.2645420432090759,
      "jsd": 0.10353909432888031,
      "ndcg_usergroup_1": 0.19045120477676392,
      "jsd_usergroup_1": 0.09947328269481659,
      "ndcg_usergroup_2": 0.2526758015155792,
      "jsd_usergroup_2": 0.10341817885637283,
      "ndcg_usergroup_3": 0.3742316663265228,
      "jsd_usergroup_3": 0.10796768218278885
    },
    "epoch_4": {
      "ndcg": 0.25859835743904114,
      "jsd": 0.09606658667325974,
      "ndcg_usergroup_1": 0.1855035424232483,
      "jsd_usergroup_1": 0.0883086770772934,
      "ndcg_usergroup_2": 0.24651789665222168,
      "jsd_usergroup_2": 0.09641634672880173,
      "ndcg_usergroup_3": 0.36793452501296997,
      "jsd_usergroup_3": 0.1027752012014389
    },
    "epoch_5": {
      "ndcg": 0.25403910875320435,
      "jsd": 0.09105882793664932,
      "ndcg_usergroup_1": 0.18176919221878052,
      "jsd_usergroup_1": 0.08167652040719986,
      "ndcg_usergroup_2": 0.24222104251384735,
      "jsd_usergroup_2": 0.09135637432336807,
      "ndcg_usergroup_3": 0.3617630898952484,
      "jsd_usergroup_3": 0.09954846650362015
    },
    "epoch_6": {
      "ndcg": 0.24971608817577362,
      "jsd": 0.0868377685546875,
      "ndcg_usergroup_1": 0.17891088128089905,
      "jsd_usergroup_1": 0.07647289335727692,
      "ndcg_usergroup_2": 0.23743976652622223,
      "jsd_usergroup_2": 0.087621308863163,
      "ndcg_usergroup_3": 0.35735028982162476,
      "jsd_usergroup_3": 0.0948520079255104
    },
    "epoch_7": {
      "ndcg": 0.24764791131019592,
      "jsd": 0.0830591693520546,
      "ndcg_usergroup_1": 0.17849606275558472,
      "jsd_usergroup_1": 0.07303372770547867,
      "ndcg_usergroup_2": 0.23521631956100464,
      "jsd_usergroup_2": 0.08391040563583374,
      "ndcg_usergroup_3": 0.3540944755077362,
      "jsd_usergroup_3": 0.0905308648943901
    },
    "epoch_8": {
      "ndcg": 0.24499894678592682,
      "jsd": 0.08002937585115433,
      "ndcg_usergroup_1": 0.17784321308135986,
      "jsd_usergroup_1": 0.06986799091100693,
      "ndcg_usergroup_2": 0.232674241065979,
      "jsd_usergroup_2": 0.08100762218236923,
      "ndcg_usergroup_3": 0.3491288125514984,
      "jsd_usergroup_3": 0.0872560366988182
    },
    "epoch_9": {
      "ndcg": 0.2430468499660492,
      "jsd": 0.07737023383378983,
      "ndcg_usergroup_1": 0.17693819105625153,
      "jsd_usergroup_1": 0.06812620162963867,
      "ndcg_usergroup_2": 0.23085443675518036,
      "jsd_usergroup_2": 0.07829052954912186,
      "ndcg_usergroup_3": 0.34573277831077576,
      "jsd_usergroup_3": 0.08385336399078369
    },
    "epoch_10": {
      "ndcg": 0.24138996005058289,
      "jsd": 0.07517851144075394,
      "ndcg_usergroup_1": 0.17601074278354645,
      "jsd_usergroup_1": 0.06692548096179962,
      "ndcg_usergroup_2": 0.22936977446079254,
      "jsd_usergroup_2": 0.07582976669073105,
      "ndcg_usergroup_3": 0.3428296446800232,
      "jsd_usergroup_3": 0.08147776871919632
    },
    "epoch_11": {
      "ndcg": 0.24075867235660553,
      "jsd": 0.07302934676408768,
      "ndcg_usergroup_1": 0.17736344039440155,
      "jsd_usergroup_1": 0.0649232268333435,
      "ndcg_usergroup_2": 0.2286091297864914,
      "jsd_usergroup_2": 0.07358518987894058,
      "ndcg_usergroup_3": 0.34060245752334595,
      "jsd_usergroup_3": 0.07946791499853134
    },
    "epoch_12": {
      "ndcg": 0.23972083628177643,
      "jsd": 0.07109914720058441,
      "ndcg_usergroup_1": 0.17678648233413696,
      "jsd_usergroup_1": 0.06374823302030563,
      "ndcg_usergroup_2": 0.2279358208179474,
      "jsd_usergroup_2": 0.07124524563550949,
      "ndcg_usergroup_3": 0.3380102217197418,
      "jsd_usergroup_3": 0.07801174372434616
    },
    "epoch_13": {
      "ndcg": 0.2386721968650818,
      "jsd": 0.06923634558916092,
      "ndcg_usergroup_1": 0.17784260213375092,
      "jsd_usergroup_1": 0.06227048113942146,
      "ndcg_usergroup_2": 0.22703996300697327,
      "jsd_usergroup_2": 0.06902042776346207,
      "ndcg_usergroup_3": 0.3343985676765442,
      "jsd_usergroup_3": 0.07684991508722305
    },
    "epoch_14": {
      "ndcg": 0.23787933588027954,
      "jsd": 0.06783396750688553,
      "ndcg_usergroup_1": 0.17720966041088104,
      "jsd_usergroup_1": 0.060322027653455734,
      "ndcg_usergroup_2": 0.22653280198574066,
      "jsd_usergroup_2": 0.06771969050168991,
      "ndcg_usergroup_3": 0.3325885534286499,
      "jsd_usergroup_3": 0.07568872720003128
    },
    "epoch_15": {
      "ndcg": 0.23726345598697662,
      "jsd": 0.06646674871444702,
      "ndcg_usergroup_1": 0.17795903980731964,
      "jsd_usergroup_1": 0.058688726276159286,
      "ndcg_usergroup_2": 0.22569042444229126,
      "jsd_usergroup_2": 0.06641389429569244,
      "ndcg_usergroup_3": 0.3312869071960449,
      "jsd_usergroup_3": 0.07440333068370819
    },
    "epoch_16": {
      "ndcg": 0.23571264743804932,
      "jsd": 0.06495706737041473,
      "ndcg_usergroup_1": 0.1768019199371338,
      "jsd_usergroup_1": 0.0573861338198185,
      "ndcg_usergroup_2": 0.2241838127374649,
      "jsd_usergroup_2": 0.06464675068855286,
      "ndcg_usergroup_3": 0.3292098939418793,
      "jsd_usergroup_3": 0.07345893979072571
    },
    "epoch_17": {
      "ndcg": 0.23580250144004822,
      "jsd": 0.06379559636116028,
      "ndcg_usergroup_1": 0.1762508600950241,
      "jsd_usergroup_1": 0.05593389645218849,
      "ndcg_usergroup_2": 0.22477759420871735,
      "jsd_usergroup_2": 0.06352788954973221,
      "ndcg_usergroup_3": 0.32842880487442017,
      "jsd_usergroup_3": 0.07246039807796478
    },
    "epoch_18": {
      "ndcg": 0.23533692955970764,
      "jsd": 0.0625745952129364,
      "ndcg_usergroup_1": 0.17819790542125702,
      "jsd_usergroup_1": 0.05542636290192604,
      "ndcg_usergroup_2": 0.22389501333236694,
      "jsd_usergroup_2": 0.062224503606557846,
      "ndcg_usergroup_3": 0.32680171728134155,
      "jsd_usergroup_3": 0.07077307999134064
    },
    "epoch_19": {
      "ndcg": 0.2347283661365509,
      "jsd": 0.06145443022251129,
      "ndcg_usergroup_1": 0.17710734903812408,
      "jsd_usergroup_1": 0.0538928285241127,
      "ndcg_usergroup_2": 0.22360165417194366,
      "jsd_usergroup_2": 0.060866884887218475,
      "ndcg_usergroup_3": 0.3257295489311218,
      "jsd_usergroup_3": 0.07077866792678833
    },
    "epoch_20": {
      "ndcg": 0.23438362777233124,
      "jsd": 0.0606876015663147,
      "ndcg_usergroup_1": 0.17607858777046204,
      "jsd_usergroup_1": 0.05210969224572182,
      "ndcg_usergroup_2": 0.22360189259052277,
      "jsd_usergroup_2": 0.060352493077516556,
      "ndcg_usergroup_3": 0.32503384351730347,
      "jsd_usergroup_3": 0.07027082145214081
    },
    "epoch_21": {
      "ndcg": 0.23366299271583557,
      "jsd": 0.05979134514927864,
      "ndcg_usergroup_1": 0.17588204145431519,
      "jsd_usergroup_1": 0.051162946969270706,