{
  "base_recommendations": {
    "ndcg": 0.2785918116569519,
    "jsd": 0.14252586662769318,
    "ndcg_usergroup_1": 0.19963575899600983,
    "jsd_usergroup_1": 0.161077618598938,
    "ndcg_usergroup_2": 0.26794716715812683,
    "jsd_usergroup_2": 0.1419621855020523,
    "ndcg_usergroup_3": 0.38948172330856323,
    "jsd_usergroup_3": 0.12566512823104858
  },
  "postprocessed": {},
  "finetuned": {
    "epoch_1": {
      "ndcg": 0.2759527564048767,
      "jsd": 0.13177832961082458,
      "ndcg_usergroup_1": 0.1973864585161209,
      "jsd_usergroup_1": 0.14481553435325623,
      "ndcg_usergroup_2": 0.2655729055404663,
      "jsd_usergroup_2": 0.13097451627254486,
      "ndcg_usergroup_3": 0.3856585919857025,
      "jsd_usergroup_3": 0.12115258723497391
    },
    "epoch_2": {
      "ndcg": 0.27265381813049316,
      "jsd": 0.11892532557249069,
      "ndcg_usergroup_1": 0.19447754323482513,
      "jsd_usergroup_1": 0.1244453564286232,
      "ndcg_usergroup_2": 0.26189813017845154,
      "jsd_usergroup_2": 0.11821173876523972,
      "ndcg_usergroup_3": 0.38309717178344727,
      "jsd_usergroup_3": 0.11554604023694992
    },
    "epoch_3": {
      "ndcg": 0.26880815625190735,
      "jsd": 0.10872572660446167,
      "ndcg_usergroup_1": 0.19180716574192047,
      "jsd_usergroup_1": 0.10524237155914307,
      "ndcg_usergroup_2": 0.2572564482688904,
      "jsd_usergroup_2": 0.10894259065389633,
      "ndcg_usergroup_3": 0.3804642856121063,
      "jsd_usergroup_3": 0.11155843734741211
    },
    "epoch_4": {
      "ndcg": 0.26457661390304565,
      "jsd": 0.10185296088457108,
      "ndcg_usergroup_1": 0.18832358717918396,
      "jsd_usergroup_1": 0.09444696456193924,
      "ndcg_usergroup_2": 0.2529316246509552,
      "jsd_usergroup_2": 0.10201243311166763,
      "ndcg_usergroup_3": 0.37576448917388916,
      "jsd_usergroup_3": 0.10878056287765503
    },
    "epoch_5": {
      "ndcg": 0.26088255643844604,
      "jsd": 0.09662187844514847,
      "ndcg_usergroup_1": 0.18453004956245422,
      "jsd_usergroup_1": 0.08556581288576126,
      "ndcg_usergroup_2": 0.2493284046649933,
      "jsd_usergroup_2": 0.09723316133022308,
      "ndcg_usergroup_3": 0.3718973696231842,
      "jsd_usergroup_3": 0.10584408789873123
    },
    "epoch_6": {
      "ndcg": 0.2577473819255829,
      "jsd": 0.09298177063465118,
      "ndcg_usergroup_1": 0.1806870698928833,
      "jsd_usergroup_1": 0.08038638532161713,
      "ndcg_usergroup_2": 0.2462986558675766,
      "jsd_usergroup_2": 0.09379959851503372,
      "ndcg_usergroup_3": 0.3691540062427521,
      "jsd_usergroup_3": 0.10312363505363464
    },
    "epoch_7": {
      "ndcg": 0.2557605504989624,
      "jsd": 0.08989034593105316,
      "ndcg_usergroup_1": 0.17960800230503082,
      "jsd_usergroup_1": 0.0754278302192688,
      "ndcg_usergroup_2": 0.243927001953125,
      "jsd_usergroup_2": 0.0910724550485611,
      "ndcg_usergroup_3": 0.36741384863853455,
      "jsd_usergroup_3": 0.10080652683973312
    },
    "epoch_8": {
      "ndcg": 0.25315964221954346,
      "jsd": 0.08790335804224014,
      "ndcg_usergroup_1": 0.17714135348796844,
      "jsd_usergroup_1": 0.07271909713745117,
      "ndcg_usergroup_2": 0.24109135568141937,
      "jsd_usergroup_2": 0.08908890932798386,
      "ndcg_usergroup_3": 0.36538276076316833,
      "jsd_usergroup_3": 0.09953099489212036
    },
    "epoch_9": {
      "ndcg": 0.2516677975654602,
      "jsd": 0.08558107167482376,
      "ndcg_usergroup_1": 0.1765177994966507,
      "jsd_usergroup_1": 0.06982000172138214,
      "ndcg_usergroup_2": 0.23957385122776031,
      "jsd_usergroup_2": 0.08684784173965454,
      "ndcg_usergroup_3": 0.363099604845047,
      "jsd_usergroup_3": 0.09754184633493423
    },
    "epoch_10": {
      "ndcg": 0.25081267952919006,
      "jsd": 0.08387885987758636,
      "ndcg_usergroup_1": 0.1769583523273468,
      "jsd_usergroup_1": 0.06828366219997406,
      "ndcg_usergroup_2": 0.23855063319206238,
      "jsd_usergroup_2": 0.08508561551570892,
      "ndcg_usergroup_3": 0.3614531457424164,
      "jsd_usergroup_3": 0.09585374593734741
    },
    "epoch_11": {
      "ndcg": 0.24947048723697662,
      "jsd": 0.08232460170984268,
      "ndcg_usergroup_1": 0.17599618434906006,
      "jsd_usergroup_1": 0.06651598960161209,
      "ndcg_usergroup_2": 0.23732663691043854,
      "jsd_usergroup_2": 0.08332590013742447,
      "ndcg_usergroup_3": 0.35937637090682983,
      "jsd_usergroup_3": 0.09512930363416672
    },
    "epoch_12": {
      "ndcg": 0.24844074249267578,
      "jsd": 0.08095932006835938,
      "ndcg_usergroup_1": 0.1773146092891693,
      "jsd_usergroup_1": 0.06486757844686508,
      "ndcg_usergroup_2": 0.23563194274902344,
      "jsd_usergroup_2": 0.08211161941289902,
      "ndcg_usergroup_3": 0.3579932451248169,
      "jsd_usergroup_3": 0.09359414130449295
    },
    "epoch_13": {
      "ndcg": 0.24741417169570923,
      "jsd": 0.0798005685210228,
      "ndcg_usergroup_1": 0.17692001163959503,
      "jsd_usergroup_1": 0.06422127783298492,
      "ndcg_usergroup_2": 0.23462899029254913,
      "jsd_usergroup_2": 0.08084417134523392,
      "ndcg_usergroup_3": 0.3562639355659485,
      "jsd_usergroup_3": 0.09224903583526611
    },
    "epoch_14": {
      "ndcg": 0.24702754616737366,
      "jsd": 0.07883578538894653,
      "ndcg_usergroup_1": 0.1775415688753128,
      "jsd_usergroup_1": 0.06271660327911377,
      "ndcg_usergroup_2": 0.23364388942718506,
      "jsd_usergroup_2": 0.07962210476398468,
      "ndcg_usergroup_3": 0.3566644787788391,
      "jsd_usergroup_3": 0.09259599447250366
    },
    "epoch_15": {
      "ndcg": 0.24639414250850677,
      "jsd": 0.07754810899496078,
      "ndcg_usergroup_1": 0.17772696912288666,
      "jsd_usergroup_1": 0.06179976463317871,
      "ndcg_usergroup_2": 0.23329122364521027,
      "jsd_usergroup_2": 0.07824956625699997,
      "ndcg_usergroup_3": 0.35437002778053284,
      "jsd_usergroup_3": 0.0911920964717865
    },
    "epoch_16": {
      "ndcg": 0.2459592968225479,
      "jsd": 0.07690104097127914,
      "ndcg_usergroup_1": 0.17771783471107483,
      "jsd_usergroup_1": 0.06131863594055176,
      "ndcg_usergroup_2": 0.23250910639762878,
      "jsd_usergroup_2": 0.07728792726993561,
      "ndcg_usergroup_3": 0.3545513153076172,
      "jsd_usergroup_3": 0.09132277965545654
    },
    "epoch_17": {
      "ndcg": 0.24573013186454773,
      "jsd": 0.07603763788938522,
      "ndcg_usergroup_1": 0.17778897285461426,
      "jsd_usergroup_1": 0.060325633734464645,
      "ndcg_usergroup_2": 0.23317460715770721,
      "jsd_usergroup_2": 0.07659707963466644,
      "ndcg_usergroup_3": 0.35133787989616394,
      "jsd_usergroup_3": 0.09007128328084946
    },
    "epoch_18": {
      "ndcg": 0.24455922842025757,
      "jsd": 0.07527171075344086,
      "ndcg_usergroup_1": 0.17558929324150085,
      "jsd_usergroup_1": 0.059470340609550476,
      "ndcg_usergroup_2": 0.23211853206157684,
      "jsd_usergroup_2": 0.07566360384225845,
      "ndcg_usergroup_3": 0.3508511483669281,
      "jsd_usergroup_3": 0.08989738672971725
    },
    "epoch_19": {
      "ndcg": 0.24395154416561127,
      "jsd": 0.07461905479431152,
      "ndcg_usergroup_1": 0.17652548849582672,
      "jsd_usergroup_1": 0.05851653963327408,
      "ndcg_usergroup_2": 0.231267049908638,
      "jsd_usergroup_2": 0.07506497949361801,
      "ndcg_usergroup_3": 0.34943103790283203,
      "jsd_usergroup_3": 0.0893838033080101
    },
    "epoch_20": {
      "ndcg": 0.24370913207530975,
      "jsd": 0.07427007704973221,
      "ndcg_usergroup_1": 0.17653536796569824,
      "jsd_usergroup_1": 0.05784350633621216,
      "ndcg_usergroup_2": 0.2310103327035904,
      "jsd_usergroup_2": 0.07502901554107666,
      "ndcg_usergroup_3": 0.34897926449775696,
      "jsd_usergroup_3": 0.0884198471903801
    },
    "epoch_21": {
      "ndcg": 0.24310265481472015,
      "jsd": 0.07353411614894867,
      "ndcg_usergroup_1": 0.17598536610603333,
      "jsd_usergroup_1": 0.057438407093286514,