{
  "base_recommendations": {
    "ndcg": 0.2785918116569519,
    "jsd": 0.14252586662769318,
    "ndcg_usergroup_1": 0.19963575899600983,
    "jsd_usergroup_1": 0.161077618598938,
    "ndcg_usergroup_2": 0.26794716715812683,
    "jsd_usergroup_2": 0.1419621855020523,
    "ndcg_usergroup_3": 0.38948172330856323,
    "jsd_usergroup_3": 0.12566512823104858
  },
  "postprocessed": {},
  "finetuned": {
    "epoch_1": {
      "ndcg": 0.26073139905929565,
      "jsd": 0.10383410006761551,
      "ndcg_usergroup_1": 0.1885741800069809,
      "jsd_usergroup_1": 0.1057729497551918,
      "ndcg_usergroup_2": 0.2491156905889511,
      "jsd_usergroup_2": 0.1033354178071022,
      "ndcg_usergroup_3": 0.3677355945110321,
      "jsd_usergroup_3": 0.10339124500751495
    },
    "epoch_2": {
      "ndcg": 0.24450482428073883,
      "jsd": 0.08692178130149841,
      "ndcg_usergroup_1": 0.1784238964319229,
      "jsd_usergroup_1": 0.08565617352724075,
      "ndcg_usergroup_2": 0.2322176694869995,
      "jsd_usergroup_2": 0.08689014613628387,
      "ndcg_usergroup_3": 0.3474472165107727,
      "jsd_usergroup_3": 0.08828233182430267
    },
    "epoch_3": {
      "ndcg": 0.23485448956489563,
      "jsd": 0.07516251504421234,
      "ndcg_usergroup_1": 0.1740204244852066,
      "jsd_usergroup_1": 0.0754297524690628,
      "ndcg_usergroup_2": 0.22354139387607574,
      "jsd_usergroup_2": 0.07461006939411163,
      "ndcg_usergroup_3": 0.3296278417110443,
      "jsd_usergroup_3": 0.07655263692140579
    },
    "epoch_4": {
      "ndcg": 0.23084798455238342,
      "jsd": 0.06650511920452118,
      "ndcg_usergroup_1": 0.17478272318840027,
      "jsd_usergroup_1": 0.06707575172185898,
      "ndcg_usergroup_2": 0.220077246427536,
      "jsd_usergroup_2": 0.06520687788724899,
      "ndcg_usergroup_3": 0.3192254602909088,
      "jsd_usergroup_3": 0.06982921063899994
    },
    "epoch_5": {
      "ndcg": 0.22802302241325378,
      "jsd": 0.06021004542708397,
      "ndcg_usergroup_1": 0.17693309485912323,
      "jsd_usergroup_1": 0.06069256737828255,
      "ndcg_usergroup_2": 0.21663355827331543,
      "jsd_usergroup_2": 0.05895409733057022,
      "ndcg_usergroup_3": 0.3132813274860382,
      "jsd_usergroup_3": 0.06349538266658783
    },
    "epoch_6": {
      "ndcg": 0.22656899690628052,
      "jsd": 0.055796485394239426,
      "ndcg_usergroup_1": 0.17750117182731628,
      "jsd_usergroup_1": 0.05413138121366501,
      "ndcg_usergroup_2": 0.21605996787548065,
      "jsd_usergroup_2": 0.05445704609155655,
      "ndcg_usergroup_3": 0.307163804769516,
      "jsd_usergroup_3": 0.06147991120815277
    },
    "epoch_7": {
      "ndcg": 0.2263418734073639,
      "jsd": 0.0534050390124321,
      "ndcg_usergroup_1": 0.17598870396614075,
      "jsd_usergroup_1": 0.05112827196717262,
      "ndcg_usergroup_2": 0.21593298017978668,
      "jsd_usergroup_2": 0.05191247910261154,
      "ndcg_usergroup_3": 0.30792155861854553,
      "jsd_usergroup_3": 0.06015946343541145
    },
    "epoch_8": {
      "ndcg": 0.22161954641342163,
      "jsd": 0.05216026306152344,
      "ndcg_usergroup_1": 0.17347216606140137,
      "jsd_usergroup_1": 0.04753703996539116,
      "ndcg_usergroup_2": 0.21181538701057434,
      "jsd_usergroup_2": 0.050739455968141556,
      "ndcg_usergroup_3": 0.2991794943809509,
      "jsd_usergroup_3": 0.06104589253664017
    }
  }
}