{
  "base_recommendations": {
    "ndcg": 0.2785918116569519,
    "jsd": 0.14252586662769318,
    "ndcg_usergroup_1": 0.19963575899600983,
    "jsd_usergroup_1": 0.161077618598938,
    "ndcg_usergroup_2": 0.26794716715812683,
    "jsd_usergroup_2": 0.1419621855020523,
    "ndcg_usergroup_3": 0.38948172330856323,
    "jsd_usergroup_3": 0.12566512823104858
  },
  "postprocessed": {},
  "finetuned": {
    "epoch_1": {
      "ndcg": 0.2781318426132202,
      "jsd": 0.13851895928382874,
      "ndcg_usergroup_1": 0.19949552416801453,
      "jsd_usergroup_1": 0.15581807494163513,
      "ndcg_usergroup_2": 0.26737743616104126,
      "jsd_usergroup_2": 0.13793665170669556,
      "ndcg_usergroup_3": 0.389031320810318,
      "jsd_usergroup_3": 0.12296678870916367
    },
    "epoch_2": {
      "ndcg": 0.27674412727355957,
      "jsd": 0.129489928483963,
      "ndcg_usergroup_1": 0.19948481023311615,
      "jsd_usergroup_1": 0.14791205525398254,
      "ndcg_usergroup_2": 0.26624709367752075,
      "jsd_usergroup_2": 0.12846669554710388,
      "ndcg_usergroup_3": 0.3854944705963135,
      "jsd_usergroup_3": 0.1141374334692955
    },
    "epoch_3": {
      "ndcg": 0.27544134855270386,
      "jsd": 0.12038083374500275,
      "ndcg_usergroup_1": 0.19974620640277863,
      "jsd_usergroup_1": 0.13645420968532562,
      "ndcg_usergroup_2": 0.2651228606700897,
      "jsd_usergroup_2": 0.11938530206680298,
      "ndcg_usergroup_3": 0.3820919692516327,
      "jsd_usergroup_3": 0.10729402303695679
    },
    "epoch_4": {
      "ndcg": 0.27301016449928284,
      "jsd": 0.11053042858839035,
      "ndcg_usergroup_1": 0.19917400181293488,
      "jsd_usergroup_1": 0.12439309805631638,
      "ndcg_usergroup_2": 0.26323795318603516,
      "jsd_usergroup_2": 0.10925514996051788,
      "ndcg_usergroup_3": 0.37616294622421265,
      "jsd_usergroup_3": 0.10049354285001755
    },
    "epoch_5": {
      "ndcg": 0.27083906531333923,
      "jsd": 0.10116536170244217,
      "ndcg_usergroup_1": 0.1976548582315445,
      "jsd_usergroup_1": 0.1112263947725296,
      "ndcg_usergroup_2": 0.26114559173583984,
      "jsd_usergroup_2": 0.10015030205249786,
      "ndcg_usergroup_3": 0.3731035888195038,
      "jsd_usergroup_3": 0.09414949268102646
    },
    "epoch_6": {
      "ndcg": 0.2681563198566437,
      "jsd": 0.09347343444824219,
      "ndcg_usergroup_1": 0.19661718606948853,
      "jsd_usergroup_1": 0.0997699499130249,
      "ndcg_usergroup_2": 0.2586055099964142,
      "jsd_usergroup_2": 0.09275876730680466,
      "ndcg_usergroup_3": 0.36834773421287537,
      "jsd_usergroup_3": 0.08932093530893326
    },
    "epoch_7": {
      "ndcg": 0.26566576957702637,
      "jsd": 0.08652595430612564,
      "ndcg_usergroup_1": 0.19581171870231628,
      "jsd_usergroup_1": 0.09000027924776077,
      "ndcg_usergroup_2": 0.25610944628715515,
      "jsd_usergroup_2": 0.08525387197732925,
      "ndcg_usergroup_3": 0.3641887903213501,
      "jsd_usergroup_3": 0.08686784654855728
    },
    "epoch_8": {
      "ndcg": 0.2628474235534668,
      "jsd": 0.08070148527622223,
      "ndcg_usergroup_1": 0.19400765001773834,
      "jsd_usergroup_1": 0.08175162971019745,
      "ndcg_usergroup_2": 0.25337502360343933,
      "jsd_usergroup_2": 0.07919655740261078,
      "ndcg_usergroup_3": 0.36010435223579407,
      "jsd_usergroup_3": 0.08416613191366196
    },
    "epoch_9": {
      "ndcg": 0.25978511571884155,
      "jsd": 0.07568933814764023,
      "ndcg_usergroup_1": 0.19080282747745514,
      "jsd_usergroup_1": 0.07435838878154755,
      "ndcg_usergroup_2": 0.2500942349433899,
      "jsd_usergroup_2": 0.07404940575361252,
      "ndcg_usergroup_3": 0.35784003138542175,
      "jsd_usergroup_3": 0.08194009959697723
    },
    "epoch_10": {
      "ndcg": 0.25595125555992126,
      "jsd": 0.07309277355670929,
      "ndcg_usergroup_1": 0.18806524574756622,
      "jsd_usergroup_1": 0.06980358064174652,
      "ndcg_usergroup_2": 0.24564506113529205,
      "jsd_usergroup_2": 0.071952223777771,
      "ndcg_usergroup_3": 0.35475587844848633,
      "jsd_usergroup_3": 0.07980363070964813
    },
    "epoch_11": {
      "ndcg": 0.2531055510044098,
      "jsd": 0.06978096812963486,
      "ndcg_usergroup_1": 0.1850690394639969,
      "jsd_usergroup_1": 0.06307489424943924,
      "ndcg_usergroup_2": 0.2428193986415863,
      "jsd_usergroup_2": 0.0685943067073822,
      "ndcg_usergroup_3": 0.35200053453445435,
      "jsd_usergroup_3": 0.08004704117774963
    },
    "epoch_12": {
      "ndcg": 0.24889107048511505,
      "jsd": 0.06809864938259125,
      "ndcg_usergroup_1": 0.18258313834667206,
      "jsd_usergroup_1": 0.05995962768793106,
      "ndcg_usergroup_2": 0.2375732958316803,
      "jsd_usergroup_2": 0.06719183921813965,
      "ndcg_usergroup_3": 0.3491522967815399,
      "jsd_usergroup_3": 0.07895813137292862
    },
    "epoch_13": {
      "ndcg": 0.24778962135314941,
      "jsd": 0.06711965799331665,
      "ndcg_usergroup_1": 0.18094868957996368,
      "jsd_usergroup_1": 0.05697259306907654,
      "ndcg_usergroup_2": 0.23677414655685425,
      "jsd_usergroup_2": 0.06586090475320816,
      "ndcg_usergroup_3": 0.34767693281173706,
      "jsd_usergroup_3": 0.08104293793439865
    },
    "epoch_14": {
      "ndcg": 0.24329665303230286,
      "jsd": 0.06662067025899887,
      "ndcg_usergroup_1": 0.179820716381073,
      "jsd_usergroup_1": 0.0550689771771431,
      "ndcg_usergroup_2": 0.23076215386390686,
      "jsd_usergroup_2": 0.06584475189447403,
      "ndcg_usergroup_3": 0.34437593817710876,
      "jsd_usergroup_3": 0.08050013333559036
    },
    "epoch_15": {
      "ndcg": 0.24205678701400757,
      "jsd": 0.06616377830505371,
      "ndcg_usergroup_1": 0.17700530588626862,
      "jsd_usergroup_1": 0.054526083171367645,
      "ndcg_usergroup_2": 0.2305719256401062,
      "jsd_usergroup_2": 0.06514105200767517,
      "ndcg_usergroup_3": 0.3415629267692566,
      "jsd_usergroup_3": 0.0808696299791336
    }
  }
}