{
  "base_recommendations": {
    "ndcg": 0.2785918116569519,
    "jsd": 0.14252586662769318,
    "ndcg_usergroup_1": 0.19963575899600983,
    "jsd_usergroup_1": 0.161077618598938,
    "ndcg_usergroup_2": 0.26794716715812683,
    "jsd_usergroup_2": 0.1419621855020523,
    "ndcg_usergroup_3": 0.38948172330856323,
    "jsd_usergroup_3": 0.12566512823104858
  },
  "postprocessed": {},
  "finetuned": {
    "epoch_1": {
      "ndcg": 0.2744198441505432,
      "jsd": 0.12802763283252716,
      "ndcg_usergroup_1": 0.19667811691761017,
      "jsd_usergroup_1": 0.14126181602478027,
      "ndcg_usergroup_2": 0.2637721598148346,
      "jsd_usergroup_2": 0.12670423090457916,
      "ndcg_usergroup_3": 0.38410449028015137,
      "jsd_usergroup_3": 0.11876366287469864
    },
    "epoch_2": {
      "ndcg": 0.2672345042228699,
      "jsd": 0.1112971231341362,
      "ndcg_usergroup_1": 0.19180196523666382,
      "jsd_usergroup_1": 0.114732526242733,
      "ndcg_usergroup_2": 0.2561599016189575,
      "jsd_usergroup_2": 0.11067589372396469,
      "ndcg_usergroup_3": 0.37589091062545776,
      "jsd_usergroup_3": 0.10972533375024796
    },
    "epoch_3": {
      "ndcg": 0.25899451971054077,
      "jsd": 0.10014913231134415,
      "ndcg_usergroup_1": 0.18633230030536652,
      "jsd_usergroup_1": 0.09742025285959244,
      "ndcg_usergroup_2": 0.24733765423297882,
      "jsd_usergroup_2": 0.10010390728712082,
      "ndcg_usergroup_3": 0.3666273057460785,
      "jsd_usergroup_3": 0.10301368683576584
    },
    "epoch_4": {
      "ndcg": 0.2518242597579956,
      "jsd": 0.09325402230024338,
      "ndcg_usergroup_1": 0.18119806051254272,
      "jsd_usergroup_1": 0.08803581446409225,
      "ndcg_usergroup_2": 0.23986299335956573,
      "jsd_usergroup_2": 0.09343764930963516,
      "ndcg_usergroup_3": 0.35833433270454407,
      "jsd_usergroup_3": 0.09792129695415497
    },
    "epoch_5": {
      "ndcg": 0.24605171382427216,
      "jsd": 0.08804695308208466,
      "ndcg_usergroup_1": 0.17704224586486816,
      "jsd_usergroup_1": 0.08391054719686508,
      "ndcg_usergroup_2": 0.2343410849571228,
      "jsd_usergroup_2": 0.08864869922399521,
      "ndcg_usergroup_3": 0.350193053483963,
      "jsd_usergroup_3": 0.09037809073925018
    },
    "epoch_6": {
      "ndcg": 0.24050749838352203,
      "jsd": 0.08407378196716309,
      "ndcg_usergroup_1": 0.17451761662960052,
      "jsd_usergroup_1": 0.08046987652778625,
      "ndcg_usergroup_2": 0.22860309481620789,
      "jsd_usergroup_2": 0.08472509682178497,
      "ndcg_usergroup_3": 0.3422105312347412,
      "jsd_usergroup_3": 0.08572372794151306
    },
    "epoch_7": {
      "ndcg": 0.23686528205871582,
      "jsd": 0.08025050908327103,
      "ndcg_usergroup_1": 0.17388872802257538,
      "jsd_usergroup_1": 0.07724577188491821,
      "ndcg_usergroup_2": 0.22480635344982147,
      "jsd_usergroup_2": 0.08063050359487534,
      "ndcg_usergroup_3": 0.3360186815261841,
      "jsd_usergroup_3": 0.0821152776479721
    },
    "epoch_8": {
      "ndcg": 0.2340499758720398,
      "jsd": 0.0769188404083252,
      "ndcg_usergroup_1": 0.17301233112812042,
      "jsd_usergroup_1": 0.07484985142946243,
      "ndcg_usergroup_2": 0.22243423759937286,
      "jsd_usergroup_2": 0.07715391367673874,
      "ndcg_usergroup_3": 0.32993489503860474,
      "jsd_usergroup_3": 0.07828260213136673
    },
    "epoch_9": {
      "ndcg": 0.23113103210926056,
      "jsd": 0.07460009306669235,
      "ndcg_usergroup_1": 0.1726401150226593,
      "jsd_usergroup_1": 0.07277750968933105,
      "ndcg_usergroup_2": 0.21964016556739807,
      "jsd_usergroup_2": 0.07461968809366226,
      "ndcg_usergroup_3": 0.3240945637226105,
      "jsd_usergroup_3": 0.07636389136314392
    },
    "epoch_10": {
      "ndcg": 0.22979560494422913,
      "jsd": 0.07231877744197845,
      "ndcg_usergroup_1": 0.17396280169487,
      "jsd_usergroup_1": 0.07193229347467422,
      "ndcg_usergroup_2": 0.21836866438388824,
      "jsd_usergroup_2": 0.0718519389629364,
      "ndcg_usergroup_3": 0.3199092745780945,
      "jsd_usergroup_3": 0.07410574704408646
    },
    "epoch_11": {
      "ndcg": 0.22833360731601715,
      "jsd": 0.06970588117837906,
      "ndcg_usergroup_1": 0.17376552522182465,
      "jsd_usergroup_1": 0.06967084854841232,
      "ndcg_usergroup_2": 0.2172798365354538,
      "jsd_usergroup_2": 0.06898505240678787,
      "ndcg_usergroup_3": 0.316062867641449,
      "jsd_usergroup_3": 0.07190340757369995
    },
    "epoch_12": {
      "ndcg": 0.22773613035678864,
      "jsd": 0.06745585054159164,
      "ndcg_usergroup_1": 0.1744280904531479,
      "jsd_usergroup_1": 0.06755950301885605,
      "ndcg_usergroup_2": 0.2172471284866333,
      "jsd_usergroup_2": 0.06678369641304016,
      "ndcg_usergroup_3": 0.3125112056732178,
      "jsd_usergroup_3": 0.0693686306476593
    },
    "epoch_13": {
      "ndcg": 0.22717289626598358,
      "jsd": 0.06533696502447128,
      "ndcg_usergroup_1": 0.17419274151325226,
      "jsd_usergroup_1": 0.06580208986997604,
      "ndcg_usergroup_2": 0.21669992804527283,
      "jsd_usergroup_2": 0.06433594226837158,
      "ndcg_usergroup_3": 0.3115718960762024,
      "jsd_usergroup_3": 0.06787492334842682
    },
    "epoch_14": {
      "ndcg": 0.22693628072738647,
      "jsd": 0.06312534213066101,
      "ndcg_usergroup_1": 0.17521993815898895,
      "jsd_usergroup_1": 0.0636603832244873,
      "ndcg_usergroup_2": 0.2160554826259613,
      "jsd_usergroup_2": 0.06195392832159996,
      "ndcg_usergroup_3": 0.31129494309425354,
      "jsd_usergroup_3": 0.06610453873872757
    },
    "epoch_15": {
      "ndcg": 0.2257971316576004,
      "jsd": 0.061663150787353516,
      "ndcg_usergroup_1": 0.1752745360136032,
      "jsd_usergroup_1": 0.06257104873657227,
      "ndcg_usergroup_2": 0.21489998698234558,
      "jsd_usergroup_2": 0.060115911066532135,
      "ndcg_usergroup_3": 0.3090111017227173,
      "jsd_usergroup_3": 0.0653969794511795
    },
    "epoch_16": {
      "ndcg": 0.2250414788722992,
      "jsd": 0.060067880898714066,
      "ndcg_usergroup_1": 0.17503102123737335,
      "jsd_usergroup_1": 0.060560863465070724,
      "ndcg_usergroup_2": 0.21428142488002777,
      "jsd_usergroup_2": 0.058770257979631424,
      "ndcg_usergroup_3": 0.3073320686817169,
      "jsd_usergroup_3": 0.06346775591373444
    },
    "epoch_17": {
      "ndcg": 0.22476783394813538,
      "jsd": 0.058885324746370316,
      "ndcg_usergroup_1": 0.1759679615497589,
      "jsd_usergroup_1": 0.059059206396341324,
      "ndcg_usergroup_2": 0.21370327472686768,
      "jsd_usergroup_2": 0.05756611377000809,
      "ndcg_usergroup_3": 0.306761234998703,
      "jsd_usergroup_3": 0.0626690611243248
    },
    "epoch_18": {
      "ndcg": 0.22499671578407288,
      "jsd": 0.05780746787786484,
      "ndcg_usergroup_1": 0.1760760247707367,
      "jsd_usergroup_1": 0.0579226016998291,
      "ndcg_usergroup_2": 0.21422217786312103,
      "jsd_usergroup_2": 0.05639344081282616,
      "ndcg_usergroup_3": 0.30624085664749146,
      "jsd_usergroup_3": 0.06193442642688751
    },
    "epoch_19": {
      "ndcg": 0.2249402552843094,
      "jsd": 0.05640445649623871,
      "ndcg_usergroup_1": 0.17747095227241516,
      "jsd_usergroup_1": 0.0561317540705204,
      "ndcg_usergroup_2": 0.21420001983642578,
      "jsd_usergroup_2": 0.054867759346961975,
      "ndcg_usergroup_3": 0.3046303391456604,
      "jsd_usergroup_3": 0.06128724291920662
    },
    "epoch_20": {
      "ndcg": 0.2246881127357483,
      "jsd": 0.05529991537332535,
      "ndcg_usergroup_1": 0.1779431700706482,
      "jsd_usergroup_1": 0.054916027933359146,
      "ndcg_usergroup_2": 0.21380677819252014,
      "jsd_usergroup_2": 0.05360713601112366,
      "ndcg_usergroup_3": 0.3040771484375,
      "jsd_usergroup_3": 0.06076214089989662
    },
    "epoch_21": {
      "ndcg": 0.2244649976491928,
      "jsd": 0.054259102791547775,
      "ndcg_usergroup_1": 0.1768255978822708,
      "jsd_usergroup_1": 0.05357660353183746,