{"base_recommendations": {"ndcg": 0.2785918116569519, "jsd": 0.14252586662769318}, "postprocessed": {}, "finetuned": {"epoch_1": {"ndcg": 0.27215903997421265, "jsd": 0.12644650042057037}, "epoch_2": {"ndcg": 0.25822561979293823, "jsd": 0.10352714359760284}, "epoch_3": {"ndcg": 0.23788084089756012, "jsd": 0.08592629432678223}, "epoch_4": {"ndcg": 0.2153572142124176, "jsd": 0.08153382688760757}}}