{"base_recommendations": {"ndcg": 0.2785918116569519, "jsd": 0.14252586662769318}, "postprocessed": {}, "finetuned": {"epoch_1": {"ndcg": 0.27855879068374634, "jsd": 0.1415395736694336}, "epoch_2": {"ndcg": 0.2783869206905365, "jsd": 0.1401202231645584}, "epoch_3": {"ndcg": 0.27804237604141235, "jsd": 0.13796669244766235}, "epoch_4": {"ndcg": 0.277542382478714, "jsd": 0.1354646235704422}, "epoch_5": {"ndcg": 0.2771218419075012, "jsd": 0.13291500508785248}, "epoch_6": {"ndcg": 0.2767289876937866, "jsd": 0.13019998371601105}, "epoch_7": {"ndcg": 0.27655264735221863, "jsd": 0.12742742896080017}, "epoch_8": {"ndcg": 0.27582913637161255, "jsd": 0.12462168186903}, "epoch_9": {"ndcg": 0.27502089738845825, "jsd": 0.12169139087200165}, "epoch_10": {"ndcg": 0.27401524782180786, "jsd": 0.11907867342233658}, "epoch_11": {"ndcg": 0.27350807189941406, "jsd": 0.1162898987531662}, "epoch_12": {"ndcg": 0.2727009654045105, "jsd": 0.11384142190217972}, "epoch_13": {"ndcg": 0.272122323513031, "jsd": 0.11122814565896988}, "epoch_14": {"ndcg": 0.27185937762260437, "jsd": 0.10890814661979675}, "epoch_15": {"ndcg": 0.27118873596191406, "jsd": 0.1064804196357727}, "epoch_16": {"ndcg": 0.2704153060913086, "jsd": 0.10416105389595032}, "epoch_17": {"ndcg": 0.2696983814239502, "jsd": 0.1018921509385109}, "epoch_18": {"ndcg": 0.26899272203445435, "jsd": 0.09941256791353226}, "epoch_19": {"ndcg": 0.26782113313674927, "jsd": 0.09715909510850906}, "epoch_20": {"ndcg": 0.26707762479782104, "jsd": 0.09506209939718246}, "epoch_21": {"ndcg": 0.2661346197128296, "jsd": 0.09343422204256058}, "epoch_22": {"ndcg": 0.26545506715774536, "jsd": 0.09160681813955307}, "epoch_23": {"ndcg": 0.2647121548652649, "jsd": 0.09010268747806549}, "epoch_24": {"ndcg": 0.26388075947761536, "jsd": 0.08854597806930542}, "epoch_25": {"ndcg": 0.2632519602775574, "jsd": 0.08670748770236969}, "epoch_26": {"ndcg": 0.26255857944488525, "jsd": 0.08521950989961624}, "epoch_27": {"ndcg": 0.26153862476348877, "jsd": 0.08373977988958359}, "epoch_28": {"ndcg": 0.26063641905784607, "jsd": 0.08232147991657257}, "epoch_29": {"ndcg": 0.25958672165870667, "jsd": 0.0811016857624054}, "epoch_30": {"ndcg": 0.25916874408721924, "jsd": 0.07993633300065994}, "epoch_31": {"ndcg": 0.25839775800704956, "jsd": 0.0787959173321724}, "epoch_32": {"ndcg": 0.25738033652305603, "jsd": 0.07732237130403519}, "epoch_33": {"ndcg": 0.2567935287952423, "jsd": 0.07608183473348618}, "epoch_34": {"ndcg": 0.2557535469532013, "jsd": 0.07482000440359116}, "epoch_35": {"ndcg": 0.25483840703964233, "jsd": 0.07347112894058228}, "epoch_36": {"ndcg": 0.2542324662208557, "jsd": 0.07269890606403351}, "epoch_37": {"ndcg": 0.2535880506038666, "jsd": 0.07134412974119186}, "epoch_38": {"ndcg": 0.2527286410331726, "jsd": 0.07058178633451462}, "epoch_39": {"ndcg": 0.2516387104988098, "jsd": 0.06944029778242111}, "epoch_40": {"ndcg": 0.25081247091293335, "jsd": 0.06887514144182205}, "epoch_41": {"ndcg": 0.24969559907913208, "jsd": 0.06800796091556549}, "epoch_42": {"ndcg": 0.24937844276428223, "jsd": 0.06716696918010712}, "epoch_43": {"ndcg": 0.24869759380817413, "jsd": 0.06669118255376816}, "epoch_44": {"ndcg": 0.2479274719953537, "jsd": 0.06620007753372192}, "epoch_45": {"ndcg": 0.24726009368896484, "jsd": 0.06522685289382935}, "epoch_46": {"ndcg": 0.24652451276779175, "jsd": 0.06479853391647339}, "epoch_47": {"ndcg": 0.24594783782958984, "jsd": 0.06416970491409302}, "epoch_48": {"ndcg": 0.24540430307388306, "jsd": 0.06385445594787598}, "epoch_49": {"ndcg": 0.24465148150920868, "jsd": 0.06343867629766464}, "epoch_50": {"ndcg": 0.24369055032730103, "jsd": 0.0627976581454277}, "epoch_51": {"ndcg": 0.24324539303779602, "jsd": 0.06233137473464012}, "epoch_52": {"ndcg": 0.24241192638874054, "jsd": 0.06188474968075752}, "epoch_53": {"ndcg": 0.24156317114830017, "jsd": 0.0615760013461113}, "epoch_54": {"ndcg": 0.24134542047977448, "jsd": 0.06124977022409439}, "epoch_55": {"ndcg": 0.2405264973640442, "jsd": 0.0607324056327343}, "epoch_56": {"ndcg": 0.23995858430862427, "jsd": 0.0603054016828537}, "epoch_57": {"ndcg": 0.23905320465564728, "jsd": 0.060023266822099686}, "epoch_58": {"ndcg": 0.23877111077308655, "jsd": 0.059738434851169586}, "epoch_59": {"ndcg": 0.23790273070335388, "jsd": 0.05946610867977142}, "epoch_60": {"ndcg": 0.2373363971710205, "jsd": 0.059253036975860596}, "epoch_61": {"ndcg": 0.2367420196533203, "jsd": 0.05887189507484436}, "epoch_62": {"ndcg": 0.2361665666103363, "jsd": 0.058557555079460144}, "epoch_63": {"ndcg": 0.2354251593351364, "jsd": 0.05815787613391876}, "epoch_65": {"ndcg": 0.23456554114818573, "jsd": 0.05804729461669922}, "epoch_68": {"ndcg": 0.23302608728408813, "jsd": 0.05785054340958595}, "epoch_69": {"ndcg": 0.23267127573490143, "jsd": 0.05763142555952072}, "epoch_70": {"ndcg": 0.23191148042678833, "jsd": 0.05746876448392868}, "epoch_71": {"ndcg": 0.23181253671646118, "jsd": 0.05706226825714111}, "epoch_73": {"ndcg": 0.23070582747459412, "jsd": 0.056862059980630875}, "epoch_74": {"ndcg": 0.2297428846359253, "jsd": 0.05656299740076065}, "epoch_75": {"ndcg": 0.2299940586090088, "jsd": 0.05633065104484558}, "epoch_77": {"ndcg": 0.22880087792873383, "jsd": 0.05620763078331947}, "epoch_79": {"ndcg": 0.22798378765583038, "jsd": 0.0560825876891613}, "epoch_82": {"ndcg": 0.22629787027835846, "jsd": 0.05613549053668976}, "epoch_83": {"ndcg": 0.22628721594810486, "jsd": 0.055959057062864304}, "epoch_86": {"ndcg": 0.22466802597045898, "jsd": 0.05583072453737259}, "epoch_87": {"ndcg": 0.22396622598171234, "jsd": 0.05568702891469002}, "epoch_92": {"ndcg": 0.22194059193134308, "jsd": 0.05552420765161514}, "epoch_93": {"ndcg": 0.22136853635311127, "jsd": 0.05549033731222153}, "epoch_94": {"ndcg": 0.22104060649871826, "jsd": 0.055256187915802}, "epoch_99": {"ndcg": 0.21881039440631866, "jsd": 0.055153388530015945}, "epoch_101": {"ndcg": 0.2179369181394577, "jsd": 0.055162008851766586}, "epoch_102": {"ndcg": 0.21781887114048004, "jsd": 0.05501960590481758}, "epoch_104": {"ndcg": 0.21732980012893677, "jsd": 0.0549490712583065}, "epoch_112": {"ndcg": 0.21405623853206635, "jsd": 0.05488983541727066}}}