{"base_recommendations": {"ndcg": 0.2785918116569519, "jsd": 0.14252586662769318}, "postprocessed": {}, "finetuned": {"epoch_1": {"ndcg": 0.2774636447429657, "jsd": 0.13848240673542023}, "epoch_2": {"ndcg": 0.2750779688358307, "jsd": 0.13009501993656158}, "epoch_3": {"ndcg": 0.2719317674636841, "jsd": 0.12006886303424835}, "epoch_4": {"ndcg": 0.2670764625072479, "jsd": 0.10929995775222778}, "epoch_5": {"ndcg": 0.2622758448123932, "jsd": 0.09864752739667892}, "epoch_6": {"ndcg": 0.25608232617378235, "jsd": 0.08954606205224991}, "epoch_7": {"ndcg": 0.24904890358448029, "jsd": 0.0814504399895668}, "epoch_8": {"ndcg": 0.24166660010814667, "jsd": 0.07508616149425507}, "epoch_9": {"ndcg": 0.23356100916862488, "jsd": 0.07038327306509018}, "epoch_10": {"ndcg": 0.22346462309360504, "jsd": 0.06682269275188446}, "epoch_11": {"ndcg": 0.21419012546539307, "jsd": 0.06566713005304337}}}