{
  "base_recommendations": {
    "ndcg": 0.2785918116569519,
    "jsd": 0.14252586662769318,
    "ndcg_usergroup_1": 0.19963575899600983,
    "jsd_usergroup_1": 0.161077618598938,
    "ndcg_usergroup_2": 0.26794716715812683,
    "jsd_usergroup_2": 0.1419621855020523,
    "ndcg_usergroup_3": 0.38948172330856323,
    "jsd_usergroup_3": 0.12566512823104858
  },
  "postprocessed": {},
  "finetuned": {
    "epoch_1": {
      "ndcg": 0.27321162819862366,
      "jsd": 0.12620435655117035,
      "ndcg_usergroup_1": 0.19633792340755463,
      "jsd_usergroup_1": 0.1409294158220291,
      "ndcg_usergroup_2": 0.2626287639141083,
      "jsd_usergroup_2": 0.12468595057725906,
      "ndcg_usergroup_3": 0.38183391094207764,
      "jsd_usergroup_3": 0.11603450030088425
    },
    "epoch_2": {
      "ndcg": 0.26366615295410156,
      "jsd": 0.10723240673542023,
      "ndcg_usergroup_1": 0.19084006547927856,
      "jsd_usergroup_1": 0.11251194775104523,
      "ndcg_usergroup_2": 0.2526819407939911,
      "jsd_usergroup_2": 0.10594970732927322,
      "ndcg_usergroup_3": 0.36944472789764404,
      "jsd_usergroup_3": 0.10580094903707504
    },
    "epoch_3": {
      "ndcg": 0.25287875533103943,
      "jsd": 0.09557337313890457,
      "ndcg_usergroup_1": 0.18320345878601074,
      "jsd_usergroup_1": 0.09464395046234131,
      "ndcg_usergroup_2": 0.24141418933868408,
      "jsd_usergroup_2": 0.09507402777671814,
      "ndcg_usergroup_3": 0.35694777965545654,
      "jsd_usergroup_3": 0.09800086170434952
    },
    "epoch_4": {
      "ndcg": 0.24241924285888672,
      "jsd": 0.08886568993330002,
      "ndcg_usergroup_1": 0.17760172486305237,
      "jsd_usergroup_1": 0.0859791487455368,
      "ndcg_usergroup_2": 0.23057258129119873,
      "jsd_usergroup_2": 0.08937232941389084,
      "ndcg_usergroup_3": 0.34277671575546265,
      "jsd_usergroup_3": 0.09023232758045197
    },
    "epoch_5": {
      "ndcg": 0.23394644260406494,
      "jsd": 0.084297314286232,
      "ndcg_usergroup_1": 0.1726224571466446,
      "jsd_usergroup_1": 0.0814025029540062,
      "ndcg_usergroup_2": 0.2221701592206955,
      "jsd_usergroup_2": 0.0851285457611084,
      "ndcg_usergroup_3": 0.3305993378162384,
      "jsd_usergroup_3": 0.08469840884208679
    },
    "epoch_6": {
      "ndcg": 0.22768841683864594,
      "jsd": 0.08073519170284271,
      "ndcg_usergroup_1": 0.16962546110153198,
      "jsd_usergroup_1": 0.07925090938806534,
      "ndcg_usergroup_2": 0.21554815769195557,
      "jsd_usergroup_2": 0.08163391798734665,
      "ndcg_usergroup_3": 0.3221721649169922,
      "jsd_usergroup_3": 0.07952326536178589
    },
    "epoch_7": {
      "ndcg": 0.2228880673646927,
      "jsd": 0.07827700674533844,
      "ndcg_usergroup_1": 0.16750676929950714,
      "jsd_usergroup_1": 0.07714066654443741,
      "ndcg_usergroup_2": 0.2107778936624527,
      "jsd_usergroup_2": 0.07926316559314728,
      "ndcg_usergroup_3": 0.3145999014377594,
      "jsd_usergroup_3": 0.07645481824874878
    },
    "epoch_8": {
      "ndcg": 0.21893274784088135,
      "jsd": 0.07645684480667114,
      "ndcg_usergroup_1": 0.1656847596168518,
      "jsd_usergroup_1": 0.07513242959976196,
      "ndcg_usergroup_2": 0.20706264674663544,
      "jsd_usergroup_2": 0.0773276537656784,
      "ndcg_usergroup_3": 0.30779096484184265,
      "jsd_usergroup_3": 0.07516882568597794
    },
    "epoch_9": {
      "ndcg": 0.21533259749412537,
      "jsd": 0.07442176342010498,
      "ndcg_usergroup_1": 0.1632213443517685,
      "jsd_usergroup_1": 0.07321260124444962,
      "ndcg_usergroup_2": 0.20394259691238403,
      "jsd_usergroup_2": 0.0751975029706955,
      "ndcg_usergroup_3": 0.3016138970851898,
      "jsd_usergroup_3": 0.0733037143945694
    },
    "epoch_10": {
      "ndcg": 0.21392054855823517,
      "jsd": 0.07254699617624283,
      "ndcg_usergroup_1": 0.1635141223669052,
      "jsd_usergroup_1": 0.07269198447465897,
      "ndcg_usergroup_2": 0.20268529653549194,
      "jsd_usergroup_2": 0.07273521274328232,
      "ndcg_usergroup_3": 0.2980327308177948,
      "jsd_usergroup_3": 0.07183732837438583
    },
    "epoch_11": {
      "ndcg": 0.21257784962654114,
      "jsd": 0.07136795669794083,
      "ndcg_usergroup_1": 0.16368655860424042,
      "jsd_usergroup_1": 0.07126232236623764,
      "ndcg_usergroup_2": 0.2019389122724533,
      "jsd_usergroup_2": 0.07147841900587082,
      "ndcg_usergroup_3": 0.2933860719203949,
      "jsd_usergroup_3": 0.07114220410585403
    },
    "epoch_12": {
      "ndcg": 0.2119104266166687,
      "jsd": 0.06970498710870743,
      "ndcg_usergroup_1": 0.1642562448978424,
      "jsd_usergroup_1": 0.07001715153455734,
      "ndcg_usergroup_2": 0.2014780342578888,
      "jsd_usergroup_2": 0.0694747120141983,
      "ndcg_usergroup_3": 0.2908617854118347,
      "jsd_usergroup_3": 0.07008364051580429
    },
    "epoch_13": {
      "ndcg": 0.21030712127685547,
      "jsd": 0.06852749735116959,
      "ndcg_usergroup_1": 0.16297824680805206,
      "jsd_usergroup_1": 0.0689014121890068,
      "ndcg_usergroup_2": 0.20006543397903442,
      "jsd_usergroup_2": 0.06804658472537994,
      "ndcg_usergroup_3": 0.28836116194725037,
      "jsd_usergroup_3": 0.06959633529186249
    },
    "epoch_14": {
      "ndcg": 0.20890258252620697,
      "jsd": 0.0669468566775322,
      "ndcg_usergroup_1": 0.1623685657978058,
      "jsd_usergroup_1": 0.06691201031208038,
      "ndcg_usergroup_2": 0.198939710855484,
      "jsd_usergroup_2": 0.06630165874958038,
      "ndcg_usergroup_3": 0.28532516956329346,
      "jsd_usergroup_3": 0.06891728937625885
    },
    "epoch_15": {
      "ndcg": 0.20901598036289215,
      "jsd": 0.06536288559436798,
      "ndcg_usergroup_1": 0.163378044962883,
      "jsd_usergroup_1": 0.06515969336032867,
      "ndcg_usergroup_2": 0.19928458333015442,
      "jsd_usergroup_2": 0.06467273086309433,
      "ndcg_usergroup_3": 0.2838480472564697,
      "jsd_usergroup_3": 0.06763652712106705
    },
    "epoch_16": {
      "ndcg": 0.20809516310691833,
      "jsd": 0.06404749304056168,
      "ndcg_usergroup_1": 0.1623551994562149,
      "jsd_usergroup_1": 0.06334911286830902,
      "ndcg_usergroup_2": 0.19849859178066254,
      "jsd_usergroup_2": 0.06334086507558823,
      "ndcg_usergroup_3": 0.28262490034103394,
      "jsd_usergroup_3": 0.06686576455831528
    },
    "epoch_17": {
      "ndcg": 0.20843566954135895,
      "jsd": 0.06242915242910385,
      "ndcg_usergroup_1": 0.16402825713157654,
      "jsd_usergroup_1": 0.06230802834033966,
      "ndcg_usergroup_2": 0.19863560795783997,
      "jsd_usergroup_2": 0.0614045076072216,
      "ndcg_usergroup_3": 0.2822432219982147,
      "jsd_usergroup_3": 0.06562422960996628
    },
    "epoch_18": {
      "ndcg": 0.20760011672973633,
      "jsd": 0.06126685440540314,
      "ndcg_usergroup_1": 0.1627526879310608,
      "jsd_usergroup_1": 0.060341689735651016,
      "ndcg_usergroup_2": 0.1980477273464203,
      "jsd_usergroup_2": 0.060481417924165726,
      "ndcg_usergroup_3": 0.2811047434806824,
      "jsd_usergroup_3": 0.0645483061671257
    },
    "epoch_19": {
      "ndcg": 0.20727746188640594,
      "jsd": 0.05963023751974106,
      "ndcg_usergroup_1": 0.1627131849527359,
      "jsd_usergroup_1": 0.058653976768255234,
      "ndcg_usergroup_2": 0.19815124571323395,
      "jsd_usergroup_2": 0.05874846503138542,
      "ndcg_usergroup_3": 0.279220312833786,
      "jsd_usergroup_3": 0.06325181573629379
    },
    "epoch_20": {
      "ndcg": 0.2070251852273941,
      "jsd": 0.05876857042312622,
      "ndcg_usergroup_1": 0.16304372251033783,
      "jsd_usergroup_1": 0.05794337019324303,
      "ndcg_usergroup_2": 0.1980251967906952,
      "jsd_usergroup_2": 0.05757860094308853,
      "ndcg_usergroup_3": 0.27800655364990234,
      "jsd_usergroup_3": 0.06316369771957397
    },
    "epoch_21": {
      "ndcg": 0.20658977329730988,
      "jsd": 0.057223543524742126,
      "ndcg_usergroup_1": 0.16223976016044617,
      "jsd_usergroup_1": 0.0555487759411335,