{
  "base_recommendations": {
    "ndcg": 0.2785918116569519,
    "jsd": 0.14252586662769318,
    "ndcg_usergroup_1": 0.19963575899600983,
    "jsd_usergroup_1": 0.161077618598938,
    "ndcg_usergroup_2": 0.26794716715812683,
    "jsd_usergroup_2": 0.1419621855020523,
    "ndcg_usergroup_3": 0.38948172330856323,
    "jsd_usergroup_3": 0.12566512823104858
  },
  "postprocessed": {},
  "finetuned": {
    "epoch_1": {
      "ndcg": 0.2784787118434906,
      "jsd": 0.13886483013629913,
      "ndcg_usergroup_1": 0.19979244470596313,
      "jsd_usergroup_1": 0.1542392522096634,
      "ndcg_usergroup_2": 0.26768654584884644,
      "jsd_usergroup_2": 0.13850168883800507,
      "ndcg_usergroup_3": 0.3895414173603058,
      "jsd_usergroup_3": 0.12457980215549469
    },
    "epoch_2": {
      "ndcg": 0.27757149934768677,
      "jsd": 0.1318143904209137,
      "ndcg_usergroup_1": 0.19978845119476318,
      "jsd_usergroup_1": 0.14751401543617249,
      "ndcg_usergroup_2": 0.26676371693611145,
      "jsd_usergroup_2": 0.13155514001846313,
      "ndcg_usergroup_3": 0.38777783513069153,
      "jsd_usergroup_3": 0.1168925017118454
    },
    "epoch_3": {
      "ndcg": 0.27634403109550476,
      "jsd": 0.12412390857934952,
      "ndcg_usergroup_1": 0.19910302758216858,
      "jsd_usergroup_1": 0.13797138631343842,
      "ndcg_usergroup_2": 0.2653895616531372,
      "jsd_usergroup_2": 0.12333103269338608,
      "ndcg_usergroup_3": 0.3864484131336212,
      "jsd_usergroup_3": 0.11265508085489273
    },
    "epoch_4": {
      "ndcg": 0.2749364972114563,
      "jsd": 0.11707798391580582,
      "ndcg_usergroup_1": 0.20068098604679108,
      "jsd_usergroup_1": 0.13091394305229187,
      "ndcg_usergroup_2": 0.26373228430747986,
      "jsd_usergroup_2": 0.11524143069982529,
      "ndcg_usergroup_3": 0.3828045427799225,
      "jsd_usergroup_3": 0.10875166207551956
    },
    "epoch_5": {
      "ndcg": 0.2730332911014557,
      "jsd": 0.11076612770557404,
      "ndcg_usergroup_1": 0.19962187111377716,
      "jsd_usergroup_1": 0.1225215420126915,
      "ndcg_usergroup_2": 0.2615640163421631,
      "jsd_usergroup_2": 0.10882271826267242,
      "ndcg_usergroup_3": 0.380852609872818,
      "jsd_usergroup_3": 0.10484091937541962
    },
    "epoch_6": {
      "ndcg": 0.27115339040756226,
      "jsd": 0.10504002124071121,
      "ndcg_usergroup_1": 0.1975012868642807,
      "jsd_usergroup_1": 0.11392004787921906,
      "ndcg_usergroup_2": 0.2597999572753906,
      "jsd_usergroup_2": 0.1034354716539383,
      "ndcg_usergroup_3": 0.37886571884155273,
      "jsd_usergroup_3": 0.10097365826368332
    },
    "epoch_7": {
      "ndcg": 0.26922282576560974,
      "jsd": 0.09992877393960953,
      "ndcg_usergroup_1": 0.1969640702009201,
      "jsd_usergroup_1": 0.1074458509683609,
      "ndcg_usergroup_2": 0.25763699412345886,
      "jsd_usergroup_2": 0.09787417948246002,
      "ndcg_usergroup_3": 0.37623903155326843,
      "jsd_usergroup_3": 0.09857542812824249
    },
    "epoch_8": {
      "ndcg": 0.26656901836395264,
      "jsd": 0.09644674509763718,
      "ndcg_usergroup_1": 0.19521741569042206,
      "jsd_usergroup_1": 0.10190390050411224,
      "ndcg_usergroup_2": 0.2548176050186157,
      "jsd_usergroup_2": 0.09439964592456818,
      "ndcg_usergroup_3": 0.3731748163700104,
      "jsd_usergroup_3": 0.09713088721036911
    },
    "epoch_9": {
      "ndcg": 0.26428166031837463,
      "jsd": 0.09416520595550537,
      "ndcg_usergroup_1": 0.1945897489786148,
      "jsd_usergroup_1": 0.09726043045520782,
      "ndcg_usergroup_2": 0.2521721124649048,
      "jsd_usergroup_2": 0.09202080219984055,
      "ndcg_usergroup_3": 0.3703022003173828,
      "jsd_usergroup_3": 0.09750310331583023
    },
    "epoch_10": {
      "ndcg": 0.2624211311340332,
      "jsd": 0.09185490757226944,
      "ndcg_usergroup_1": 0.19422267377376556,
      "jsd_usergroup_1": 0.09259425103664398,
      "ndcg_usergroup_2": 0.24944938719272614,
      "jsd_usergroup_2": 0.09006111323833466,
      "ndcg_usergroup_3": 0.36953485012054443,
      "jsd_usergroup_3": 0.09649694710969925
    },
    "epoch_11": {
      "ndcg": 0.2596871852874756,
      "jsd": 0.09090808033943176,
      "ndcg_usergroup_1": 0.1886885017156601,
      "jsd_usergroup_1": 0.08894214034080505,
      "ndcg_usergroup_2": 0.24783165752887726,
      "jsd_usergroup_2": 0.08958162367343903,
      "ndcg_usergroup_3": 0.36625248193740845,
      "jsd_usergroup_3": 0.09685339778661728
    },
    "epoch_12": {
      "ndcg": 0.25676029920578003,
      "jsd": 0.08903162181377411,
      "ndcg_usergroup_1": 0.18595923483371735,
      "jsd_usergroup_1": 0.08670049160718918,
      "ndcg_usergroup_2": 0.2441113144159317,
      "jsd_usergroup_2": 0.08754895627498627,
      "ndcg_usergroup_3": 0.36550822854042053,
      "jsd_usergroup_3": 0.09581071883440018
    },
    "epoch_13": {
      "ndcg": 0.2552972137928009,
      "jsd": 0.08901780843734741,
      "ndcg_usergroup_1": 0.1826518177986145,
      "jsd_usergroup_1": 0.08534008264541626,
      "ndcg_usergroup_2": 0.24289032816886902,
      "jsd_usergroup_2": 0.08747133612632751,
      "ndcg_usergroup_3": 0.3651631474494934,
      "jsd_usergroup_3": 0.09733492136001587
    },
    "epoch_14": {
      "ndcg": 0.2511957287788391,
      "jsd": 0.08754365891218185,
      "ndcg_usergroup_1": 0.17974762618541718,
      "jsd_usergroup_1": 0.08384770154953003,
      "ndcg_usergroup_2": 0.23812580108642578,
      "jsd_usergroup_2": 0.08595295995473862,
      "ndcg_usergroup_3": 0.36185356974601746,
      "jsd_usergroup_3": 0.0960116982460022
    },
    "epoch_16": {
      "ndcg": 0.24610336124897003,
      "jsd": 0.08620896935462952,
      "ndcg_usergroup_1": 0.1741650551557541,
      "jsd_usergroup_1": 0.08098509907722473,
      "ndcg_usergroup_2": 0.23295916616916656,
      "jsd_usergroup_2": 0.08501479774713516,
      "ndcg_usergroup_3": 0.3574742078781128,
      "jsd_usergroup_3": 0.09501528739929199
    },
    "epoch_22": {
      "ndcg": 0.23489335179328918,
      "jsd": 0.08544588834047318,
      "ndcg_usergroup_1": 0.15669803321361542,
      "jsd_usergroup_1": 0.07829012721776962,
      "ndcg_usergroup_2": 0.22293198108673096,
      "jsd_usergroup_2": 0.0845331996679306,
      "ndcg_usergroup_3": 0.34897276759147644,
      "jsd_usergroup_3": 0.09533971548080444
    }
  }
}