{
  "base_recommendations": {
    "ndcg": 0.2785918116569519,
    "jsd": 0.14252586662769318,
    "ndcg_usergroup_1": 0.19963575899600983,
    "jsd_usergroup_1": 0.161077618598938,
    "ndcg_usergroup_2": 0.26794716715812683,
    "jsd_usergroup_2": 0.1419621855020523,
    "ndcg_usergroup_3": 0.38948172330856323,
    "jsd_usergroup_3": 0.12566512823104858
  },
  "postprocessed": {},
  "finetuned": {
    "epoch_1": {
      "ndcg": 0.2777175307273865,
      "jsd": 0.13851557672023773,
      "ndcg_usergroup_1": 0.19923153519630432,
      "jsd_usergroup_1": 0.15559455752372742,
      "ndcg_usergroup_2": 0.26702049374580383,
      "jsd_usergroup_2": 0.13798758387565613,
      "ndcg_usergroup_3": 0.38829466700553894,
      "jsd_usergroup_3": 0.12302052229642868
    },
    "epoch_2": {
      "ndcg": 0.2752908766269684,
      "jsd": 0.1300593912601471,
      "ndcg_usergroup_1": 0.19772930443286896,
      "jsd_usergroup_1": 0.14736051857471466,
      "ndcg_usergroup_2": 0.26520079374313354,
      "jsd_usergroup_2": 0.1288757622241974,
      "ndcg_usergroup_3": 0.38312268257141113,
      "jsd_usergroup_3": 0.11630917340517044
    },
    "epoch_3": {
      "ndcg": 0.2729493975639343,
      "jsd": 0.12077496200799942,
      "ndcg_usergroup_1": 0.1966969519853592,
      "jsd_usergroup_1": 0.13830719888210297,
      "ndcg_usergroup_2": 0.2633226215839386,
      "jsd_usergroup_2": 0.11928349733352661,
      "ndcg_usergroup_3": 0.3780820965766907,
      "jsd_usergroup_3": 0.10771714895963669
    },
    "epoch_4": {
      "ndcg": 0.26967257261276245,
      "jsd": 0.11120525002479553,
      "ndcg_usergroup_1": 0.19435708224773407,
      "jsd_usergroup_1": 0.12725113332271576,
      "ndcg_usergroup_2": 0.26039281487464905,
      "jsd_usergroup_2": 0.10923261195421219,
      "ndcg_usergroup_3": 0.37282735109329224,
      "jsd_usergroup_3": 0.10107724368572235
    },
    "epoch_5": {
      "ndcg": 0.2653905153274536,
      "jsd": 0.1028178334236145,
      "ndcg_usergroup_1": 0.19331102073192596,
      "jsd_usergroup_1": 0.11710484325885773,
      "ndcg_usergroup_2": 0.25607046484947205,
      "jsd_usergroup_2": 0.1003149151802063,
      "ndcg_usergroup_3": 0.3654300570487976,
      "jsd_usergroup_3": 0.09603957831859589
    },
    "epoch_6": {
      "ndcg": 0.260880708694458,
      "jsd": 0.09388559311628342,
      "ndcg_usergroup_1": 0.19065208733081818,
      "jsd_usergroup_1": 0.1065489798784256,
      "ndcg_usergroup_2": 0.2518567144870758,
      "jsd_usergroup_2": 0.09139206260442734,
      "ndcg_usergroup_3": 0.3581812083721161,
      "jsd_usergroup_3": 0.08870279043912888
    },
    "epoch_7": {
      "ndcg": 0.2566395103931427,
      "jsd": 0.08705785870552063,
      "ndcg_usergroup_1": 0.1883651316165924,
      "jsd_usergroup_1": 0.09673932194709778,
      "ndcg_usergroup_2": 0.2472112476825714,
      "jsd_usergroup_2": 0.0849260687828064,
      "ndcg_usergroup_3": 0.3531986474990845,
      "jsd_usergroup_3": 0.08377180248498917
    },
    "epoch_8": {
      "ndcg": 0.25202447175979614,
      "jsd": 0.0804014503955841,
      "ndcg_usergroup_1": 0.1860201358795166,
      "jsd_usergroup_1": 0.08726073056459427,
      "ndcg_usergroup_2": 0.2432553470134735,
      "jsd_usergroup_2": 0.07854267954826355,
      "ndcg_usergroup_3": 0.34433606266975403,
      "jsd_usergroup_3": 0.07911847531795502
    },
    "epoch_9": {
      "ndcg": 0.2472688853740692,
      "jsd": 0.07527081668376923,
      "ndcg_usergroup_1": 0.18393440544605255,
      "jsd_usergroup_1": 0.07935923337936401,
      "ndcg_usergroup_2": 0.23833487927913666,
      "jsd_usergroup_2": 0.07348206639289856,
      "ndcg_usergroup_3": 0.33740532398223877,
      "jsd_usergroup_3": 0.07654865086078644
    },
    "epoch_10": {
      "ndcg": 0.2422279268503189,
      "jsd": 0.07163624465465546,
      "ndcg_usergroup_1": 0.18012578785419464,
      "jsd_usergroup_1": 0.07382510602474213,
      "ndcg_usergroup_2": 0.23352539539337158,
      "jsd_usergroup_2": 0.0700468197464943,
      "ndcg_usergroup_3": 0.33043766021728516,
      "jsd_usergroup_3": 0.07421565800905228
    },
    "epoch_11": {
      "ndcg": 0.23780570924282074,
      "jsd": 0.06884671002626419,
      "ndcg_usergroup_1": 0.1775887906551361,
      "jsd_usergroup_1": 0.06946437060832977,
      "ndcg_usergroup_2": 0.22910480201244354,
      "jsd_usergroup_2": 0.06708705425262451,
      "ndcg_usergroup_3": 0.3241253197193146,
      "jsd_usergroup_3": 0.07350803166627884
    },
    "epoch_12": {
      "ndcg": 0.23369169235229492,
      "jsd": 0.06633356213569641,
      "ndcg_usergroup_1": 0.17420095205307007,
      "jsd_usergroup_1": 0.06578321009874344,
      "ndcg_usergroup_2": 0.2247667908668518,
      "jsd_usergroup_2": 0.06495238840579987,
      "ndcg_usergroup_3": 0.31995710730552673,
      "jsd_usergroup_3": 0.07102742791175842
    },
    "epoch_13": {
      "ndcg": 0.2295876294374466,
      "jsd": 0.0644145980477333,
      "ndcg_usergroup_1": 0.17199376225471497,
      "jsd_usergroup_1": 0.06193872168660164,
      "ndcg_usergroup_2": 0.22075910866260529,
      "jsd_usergroup_2": 0.06309855729341507,
      "ndcg_usergroup_3": 0.3136669397354126,
      "jsd_usergroup_3": 0.070838563144207
    },
    "epoch_14": {
      "ndcg": 0.2266036868095398,
      "jsd": 0.06294531375169754,
      "ndcg_usergroup_1": 0.1696775257587433,
      "jsd_usergroup_1": 0.058954641222953796,
      "ndcg_usergroup_2": 0.21821315586566925,
      "jsd_usergroup_2": 0.06244433671236038,
      "ndcg_usergroup_3": 0.30870142579078674,
      "jsd_usergroup_3": 0.06843890994787216
    },
    "epoch_16": {
      "ndcg": 0.22162726521492004,
      "jsd": 0.06252842396497726,
      "ndcg_usergroup_1": 0.16703379154205322,
      "jsd_usergroup_1": 0.05693887919187546,
      "ndcg_usergroup_2": 0.21352189779281616,
      "jsd_usergroup_2": 0.06297433376312256,
      "ndcg_usergroup_3": 0.3005369007587433,
      "jsd_usergroup_3": 0.06678023189306259
    }
  }
}