{"base_recommendations": {"ndcg": 0.2785918116569519, "jsd": 0.14252586662769318}, "postprocessed": {}, "finetuned": {"epoch_1": {"ndcg": 0.27853134274482727, "jsd": 0.14146342873573303}, "epoch_2": {"ndcg": 0.27798938751220703, "jsd": 0.14015288650989532}, "epoch_3": {"ndcg": 0.27740275859832764, "jsd": 0.13776946067810059}, "epoch_4": {"ndcg": 0.2764599621295929, "jsd": 0.135069340467453}, "epoch_5": {"ndcg": 0.27539530396461487, "jsd": 0.1325862854719162}, "epoch_6": {"ndcg": 0.27483871579170227, "jsd": 0.1295531839132309}, "epoch_7": {"ndcg": 0.2742590308189392, "jsd": 0.12659069895744324}, "epoch_8": {"ndcg": 0.27321577072143555, "jsd": 0.1235145553946495}, "epoch_9": {"ndcg": 0.27218255400657654, "jsd": 0.12062739580869675}, "epoch_10": {"ndcg": 0.27094539999961853, "jsd": 0.11743287742137909}, "epoch_11": {"ndcg": 0.26958829164505005, "jsd": 0.11428926140069962}, "epoch_12": {"ndcg": 0.2681456208229065, "jsd": 0.11147254705429077}, "epoch_13": {"ndcg": 0.26668423414230347, "jsd": 0.10844749212265015}, "epoch_14": {"ndcg": 0.26554134488105774, "jsd": 0.10540745407342911}, "epoch_15": {"ndcg": 0.2645086348056793, "jsd": 0.10239148885011673}, "epoch_16": {"ndcg": 0.2631934881210327, "jsd": 0.10001253336668015}, "epoch_17": {"ndcg": 0.26155656576156616, "jsd": 0.09721449762582779}, "epoch_18": {"ndcg": 0.26013532280921936, "jsd": 0.09431799501180649}, "epoch_19": {"ndcg": 0.2583838105201721, "jsd": 0.09202660620212555}, "epoch_20": {"ndcg": 0.2562158405780792, "jsd": 0.08988529443740845}, "epoch_21": {"ndcg": 0.25438305735588074, "jsd": 0.08751194924116135}, "epoch_22": {"ndcg": 0.25274643301963806, "jsd": 0.08572747558355331}, "epoch_23": {"ndcg": 0.25106796622276306, "jsd": 0.08378971368074417}, "epoch_24": {"ndcg": 0.2494008094072342, "jsd": 0.08219528198242188}, "epoch_25": {"ndcg": 0.24769005179405212, "jsd": 0.08059181272983551}, "epoch_26": {"ndcg": 0.24615101516246796, "jsd": 0.07904075086116791}, "epoch_27": {"ndcg": 0.2442343682050705, "jsd": 0.07763434946537018}, "epoch_28": {"ndcg": 0.24210181832313538, "jsd": 0.07610639929771423}, "epoch_29": {"ndcg": 0.24011029303073883, "jsd": 0.07501079887151718}, "epoch_30": {"ndcg": 0.23830443620681763, "jsd": 0.07349685579538345}, "epoch_31": {"ndcg": 0.2364240288734436, "jsd": 0.07272472232580185}, "epoch_32": {"ndcg": 0.23454278707504272, "jsd": 0.07178185135126114}, "epoch_33": {"ndcg": 0.23199450969696045, "jsd": 0.07072668522596359}, "epoch_34": {"ndcg": 0.22961896657943726, "jsd": 0.06993328779935837}, "epoch_35": {"ndcg": 0.22714011371135712, "jsd": 0.06881744414567947}, "epoch_36": {"ndcg": 0.2252052128314972, "jsd": 0.06846224516630173}, "epoch_37": {"ndcg": 0.22273975610733032, "jsd": 0.06806865334510803}, "epoch_38": {"ndcg": 0.22026221454143524, "jsd": 0.06748881191015244}, "epoch_39": {"ndcg": 0.21806131303310394, "jsd": 0.06712758541107178}, "epoch_40": {"ndcg": 0.21599602699279785, "jsd": 0.06707505136728287}, "epoch_41": {"ndcg": 0.21426162123680115, "jsd": 0.06705746054649353}, "epoch_42": {"ndcg": 0.2124071568250656, "jsd": 0.06704411655664444}}}