{
  "base_recommendations": {
    "ndcg": 0.2785918116569519,
    "jsd": 0.14252586662769318,
    "ndcg_usergroup_1": 0.19963575899600983,
    "jsd_usergroup_1": 0.161077618598938,
    "ndcg_usergroup_2": 0.26794716715812683,
    "jsd_usergroup_2": 0.1419621855020523,
    "ndcg_usergroup_3": 0.38948172330856323,
    "jsd_usergroup_3": 0.12566512823104858
  },
  "postprocessed": {},
  "finetuned": {
    "epoch_1": {
      "ndcg": 0.27758651971817017,
      "jsd": 0.13857431709766388,
      "ndcg_usergroup_1": 0.19945906102657318,
      "jsd_usergroup_1": 0.15579409897327423,
      "ndcg_usergroup_2": 0.26688653230667114,
      "jsd_usergroup_2": 0.1378839761018753,
      "ndcg_usergroup_3": 0.387813925743103,
      "jsd_usergroup_3": 0.12342558056116104
    },
    "epoch_2": {
      "ndcg": 0.2750723659992218,
      "jsd": 0.1300828605890274,
      "ndcg_usergroup_1": 0.19809113442897797,
      "jsd_usergroup_1": 0.1474357694387436,
      "ndcg_usergroup_2": 0.2649936079978943,
      "jsd_usergroup_2": 0.12891872227191925,
      "ndcg_usergroup_3": 0.38228991627693176,
      "jsd_usergroup_3": 0.1162223294377327
    },
    "epoch_3": {
      "ndcg": 0.27202853560447693,
      "jsd": 0.12124395370483398,
      "ndcg_usergroup_1": 0.19592620432376862,
      "jsd_usergroup_1": 0.13767917454242706,
      "ndcg_usergroup_2": 0.26233604550361633,
      "jsd_usergroup_2": 0.11994001269340515,
      "ndcg_usergroup_3": 0.37720829248428345,
      "jsd_usergroup_3": 0.10872061550617218
    },
    "epoch_4": {
      "ndcg": 0.26848527789115906,
      "jsd": 0.11120886355638504,
      "ndcg_usergroup_1": 0.1935390830039978,
      "jsd_usergroup_1": 0.1264370083808899,
      "ndcg_usergroup_2": 0.2594665288925171,
      "jsd_usergroup_2": 0.1093067079782486,
      "ndcg_usergroup_3": 0.37048768997192383,
      "jsd_usergroup_3": 0.1016872301697731
    },
    "epoch_5": {
      "ndcg": 0.26394757628440857,
      "jsd": 0.10308744758367538,
      "ndcg_usergroup_1": 0.19163139164447784,
      "jsd_usergroup_1": 0.11681803315877914,
      "ndcg_usergroup_2": 0.2549644410610199,
      "jsd_usergroup_2": 0.10045517981052399,
      "ndcg_usergroup_3": 0.3632132411003113,
      "jsd_usergroup_3": 0.09725368767976761
    },
    "epoch_6": {
      "ndcg": 0.2593986392021179,
      "jsd": 0.09452603757381439,
      "ndcg_usergroup_1": 0.19048954546451569,
      "jsd_usergroup_1": 0.10602545738220215,
      "ndcg_usergroup_2": 0.2504436671733856,
      "jsd_usergroup_2": 0.09170764684677124,
      "ndcg_usergroup_3": 0.35517269372940063,
      "jsd_usergroup_3": 0.0914817824959755
    },
    "epoch_7": {
      "ndcg": 0.25397348403930664,
      "jsd": 0.08719183504581451,
      "ndcg_usergroup_1": 0.18748615682125092,
      "jsd_usergroup_1": 0.09445799142122269,
      "ndcg_usergroup_2": 0.24528756737709045,
      "jsd_usergroup_2": 0.08526897430419922,
      "ndcg_usergroup_3": 0.34651845693588257,
      "jsd_usergroup_3": 0.08569425344467163
    },
    "epoch_8": {
      "ndcg": 0.2484341710805893,
      "jsd": 0.08090497553348541,
      "ndcg_usergroup_1": 0.18494196236133575,
      "jsd_usergroup_1": 0.08516640216112137,
      "ndcg_usergroup_2": 0.2397724837064743,
      "jsd_usergroup_2": 0.07916498929262161,
      "ndcg_usergroup_3": 0.3379113972187042,
      "jsd_usergroup_3": 0.08186350762844086
    },
    "epoch_9": {
      "ndcg": 0.24275988340377808,
      "jsd": 0.0763685554265976,
      "ndcg_usergroup_1": 0.18031571805477142,
      "jsd_usergroup_1": 0.07685919106006622,
      "ndcg_usergroup_2": 0.23402556777000427,
      "jsd_usergroup_2": 0.07477184385061264,
      "ndcg_usergroup_3": 0.3314070403575897,
      "jsd_usergroup_3": 0.08066801726818085
    },
    "epoch_10": {
      "ndcg": 0.23731477558612823,
      "jsd": 0.07181064784526825,
      "ndcg_usergroup_1": 0.1760375201702118,
      "jsd_usergroup_1": 0.07128215581178665,
      "ndcg_usergroup_2": 0.22881029546260834,
      "jsd_usergroup_2": 0.07037365436553955,
      "ndcg_usergroup_3": 0.32410547137260437,
      "jsd_usergroup_3": 0.07665009796619415
    },
    "epoch_11": {
      "ndcg": 0.23255237936973572,
      "jsd": 0.06857847422361374,
      "ndcg_usergroup_1": 0.17244942486286163,
      "jsd_usergroup_1": 0.06651235371828079,
      "ndcg_usergroup_2": 0.22421127557754517,
      "jsd_usergroup_2": 0.06767452508211136,
      "ndcg_usergroup_3": 0.3176785409450531,
      "jsd_usergroup_3": 0.07335644215345383
    },
    "epoch_12": {
      "ndcg": 0.22777943313121796,
      "jsd": 0.06618374586105347,
      "ndcg_usergroup_1": 0.16864429414272308,
      "jsd_usergroup_1": 0.062281783670186996,
      "ndcg_usergroup_2": 0.21908558905124664,
      "jsd_usergroup_2": 0.06542527675628662,
      "ndcg_usergroup_3": 0.31299611926078796,
      "jsd_usergroup_3": 0.07236109673976898
    },
    "epoch_13": {
      "ndcg": 0.22352713346481323,
      "jsd": 0.0640377625823021,
      "ndcg_usergroup_1": 0.16516448557376862,
      "jsd_usergroup_1": 0.05777003988623619,
      "ndcg_usergroup_2": 0.21537652611732483,
      "jsd_usergroup_2": 0.06357738375663757,
      "ndcg_usergroup_3": 0.30634161829948425,
      "jsd_usergroup_3": 0.07168661803007126
    },
    "epoch_14": {
      "ndcg": 0.2203405201435089,
      "jsd": 0.0629820004105568,
      "ndcg_usergroup_1": 0.16161981225013733,
      "jsd_usergroup_1": 0.05610541254281998,
      "ndcg_usergroup_2": 0.21256723999977112,
      "jsd_usergroup_2": 0.0628916323184967,
      "ndcg_usergroup_3": 0.30238085985183716,
      "jsd_usergroup_3": 0.07012968510389328
    },
    "epoch_15": {
      "ndcg": 0.21763356029987335,
      "jsd": 0.062120985239744186,
      "ndcg_usergroup_1": 0.16092295944690704,
      "jsd_usergroup_1": 0.05494524911046028,
      "ndcg_usergroup_2": 0.2101864516735077,
      "jsd_usergroup_2": 0.06240248680114746,
      "ndcg_usergroup_3": 0.2966853976249695,
      "jsd_usergroup_3": 0.06845221668481827
    }
  }
}