{
  "base_recommendations": {
    "ndcg": 0.2785918116569519,
    "jsd": 0.14252586662769318,
    "ndcg_usergroup_1": 0.19963575899600983,
    "jsd_usergroup_1": 0.161077618598938,
    "ndcg_usergroup_2": 0.26794716715812683,
    "jsd_usergroup_2": 0.1419621855020523,
    "ndcg_usergroup_3": 0.38948172330856323,
    "jsd_usergroup_3": 0.12566512823104858
  },
  "postprocessed": {},
  "finetuned": {
    "epoch_1": {
      "ndcg": 0.24600115418434143,
      "jsd": 0.09150556474924088,
      "ndcg_usergroup_1": 0.18165355920791626,
      "jsd_usergroup_1": 0.09222476184368134,
      "ndcg_usergroup_2": 0.23529312014579773,
      "jsd_usergroup_2": 0.09129118919372559,
      "ndcg_usergroup_3": 0.34247276186943054,
      "jsd_usergroup_3": 0.09142947942018509
    },
    "epoch_2": {
      "ndcg": 0.21637381613254547,
      "jsd": 0.08093758672475815,
      "ndcg_usergroup_1": 0.16443350911140442,
      "jsd_usergroup_1": 0.07699695974588394,
      "ndcg_usergroup_2": 0.20433874428272247,
      "jsd_usergroup_2": 0.08266377449035645,
      "ndcg_usergroup_3": 0.30441930890083313,
      "jsd_usergroup_3": 0.07969967275857925
    },
    "epoch_3": {
      "ndcg": 0.2029920220375061,
      "jsd": 0.07746345549821854,
      "ndcg_usergroup_1": 0.15767556428909302,
      "jsd_usergroup_1": 0.0703117772936821,
      "ndcg_usergroup_2": 0.19241292774677277,
      "jsd_usergroup_2": 0.07938409596681595,
      "ndcg_usergroup_3": 0.2800457179546356,
      "jsd_usergroup_3": 0.07885321229696274
    },
    "epoch_4": {
      "ndcg": 0.19706998765468597,
      "jsd": 0.07304311543703079,
      "ndcg_usergroup_1": 0.15733671188354492,
      "jsd_usergroup_1": 0.06829231232404709,
      "ndcg_usergroup_2": 0.18704330921173096,
      "jsd_usergroup_2": 0.07328493148088455,
      "ndcg_usergroup_3": 0.2668831944465637,
      "jsd_usergroup_3": 0.07706842571496964
    },
    "epoch_5": {
      "ndcg": 0.19231830537319183,
      "jsd": 0.06789659708738327,
      "ndcg_usergroup_1": 0.15212416648864746,
      "jsd_usergroup_1": 0.06386884301900864,
      "ndcg_usergroup_2": 0.18324489891529083,
      "jsd_usergroup_2": 0.06727736443281174,
      "ndcg_usergroup_3": 0.25973257422447205,
      "jsd_usergroup_3": 0.0737820714712143
    },
    "epoch_6": {
      "ndcg": 0.18841448426246643,
      "jsd": 0.06196800619363785,
      "ndcg_usergroup_1": 0.15011276304721832,
      "jsd_usergroup_1": 0.05906431004405022,
      "ndcg_usergroup_2": 0.18051652610301971,
      "jsd_usergroup_2": 0.060495682060718536,
      "ndcg_usergroup_3": 0.2504101097583771,
      "jsd_usergroup_3": 0.06928867101669312
    },
    "epoch_7": {
      "ndcg": 0.18682117760181427,
      "jsd": 0.05758790299296379,
      "ndcg_usergroup_1": 0.1506548821926117,
      "jsd_usergroup_1": 0.05692753568291664,
      "ndcg_usergroup_2": 0.17918147146701813,
      "jsd_usergroup_2": 0.05547469109296799,
      "ndcg_usergroup_3": 0.24590662121772766,
      "jsd_usergroup_3": 0.06458791345357895
    },
    "epoch_8": {
      "ndcg": 0.18348024785518646,
      "jsd": 0.055640578269958496,
      "ndcg_usergroup_1": 0.14862576127052307,
      "jsd_usergroup_1": 0.05633923411369324,
      "ndcg_usergroup_2": 0.17632316052913666,
      "jsd_usergroup_2": 0.05322864279150963,
      "ndcg_usergroup_3": 0.23980604112148285,
      "jsd_usergroup_3": 0.062177740037441254
    }
  }
}