{
  "base_recommendations": {
    "ndcg": 0.2785918116569519,
    "jsd": 0.14252586662769318,
    "ndcg_usergroup_1": 0.19963575899600983,
    "jsd_usergroup_1": 0.161077618598938,
    "ndcg_usergroup_2": 0.26794716715812683,
    "jsd_usergroup_2": 0.1419621855020523,
    "ndcg_usergroup_3": 0.38948172330856323,
    "jsd_usergroup_3": 0.12566512823104858
  },
  "postprocessed": {},
  "finetuned": {
    "epoch_1": {
      "ndcg": 0.27331414818763733,
      "jsd": 0.12447623163461685,
      "ndcg_usergroup_1": 0.19674885272979736,
      "jsd_usergroup_1": 0.13797800242900848,
      "ndcg_usergroup_2": 0.26258981227874756,
      "jsd_usergroup_2": 0.12307243794202805,
      "ndcg_usergroup_3": 0.3820524513721466,
      "jsd_usergroup_3": 0.11518584191799164
    },
    "epoch_2": {
      "ndcg": 0.26358723640441895,
      "jsd": 0.10462512075901031,
      "ndcg_usergroup_1": 0.1904134601354599,
      "jsd_usergroup_1": 0.10811930894851685,
      "ndcg_usergroup_2": 0.2526647448539734,
      "jsd_usergroup_2": 0.10406237095594406,
      "ndcg_usergroup_3": 0.36952847242355347,
      "jsd_usergroup_3": 0.10281916707754135
    },
    "epoch_3": {
      "ndcg": 0.25336816906929016,
      "jsd": 0.09244320541620255,
      "ndcg_usergroup_1": 0.18339906632900238,
      "jsd_usergroup_1": 0.09152562916278839,
      "ndcg_usergroup_2": 0.24210618436336517,
      "jsd_usergroup_2": 0.09226109832525253,
      "ndcg_usergroup_3": 0.3571232557296753,
      "jsd_usergroup_3": 0.09390710294246674
    },
    "epoch_4": {
      "ndcg": 0.243460550904274,
      "jsd": 0.08470514416694641,
      "ndcg_usergroup_1": 0.1762073040008545,
      "jsd_usergroup_1": 0.08331690728664398,
      "ndcg_usergroup_2": 0.23248235881328583,
      "jsd_usergroup_2": 0.08485515415668488,
      "ndcg_usergroup_3": 0.3436482846736908,
      "jsd_usergroup_3": 0.08564336597919464
    },
    "epoch_5": {
      "ndcg": 0.23480281233787537,
      "jsd": 0.0792626291513443,
      "ndcg_usergroup_1": 0.17291571199893951,
      "jsd_usergroup_1": 0.07889662683010101,
      "ndcg_usergroup_2": 0.2234165221452713,
      "jsd_usergroup_2": 0.07955693453550339,
      "ndcg_usergroup_3": 0.33084869384765625,
      "jsd_usergroup_3": 0.07874569296836853
    },
    "epoch_6": {
      "ndcg": 0.22798357903957367,
      "jsd": 0.07549736648797989,
      "ndcg_usergroup_1": 0.17071762681007385,
      "jsd_usergroup_1": 0.07508861273527145,
      "ndcg_usergroup_2": 0.21635282039642334,
      "jsd_usergroup_2": 0.0761561468243599,
      "ndcg_usergroup_3": 0.3201417028903961,
      "jsd_usergroup_3": 0.0739297941327095
    },
    "epoch_7": {
      "ndcg": 0.22315900027751923,
      "jsd": 0.07289358228445053,
      "ndcg_usergroup_1": 0.169099360704422,
      "jsd_usergroup_1": 0.07218662649393082,
      "ndcg_usergroup_2": 0.21215951442718506,
      "jsd_usergroup_2": 0.0732765644788742,
      "ndcg_usergroup_3": 0.3102169632911682,
      "jsd_usergroup_3": 0.07245159149169922
    },
    "epoch_8": {
      "ndcg": 0.21867696940898895,
      "jsd": 0.07066036015748978,
      "ndcg_usergroup_1": 0.16805441677570343,
      "jsd_usergroup_1": 0.07064561545848846,
      "ndcg_usergroup_2": 0.20787496864795685,
      "jsd_usergroup_2": 0.07047335803508759,
      "ndcg_usergroup_3": 0.3017055094242096,
      "jsd_usergroup_3": 0.07123608887195587
    },
    "epoch_9": {
      "ndcg": 0.2148488610982895,
      "jsd": 0.06881944090127945,
      "ndcg_usergroup_1": 0.1654614955186844,
      "jsd_usergroup_1": 0.06832870841026306,
      "ndcg_usergroup_2": 0.20430146157741547,
      "jsd_usergroup_2": 0.06860768049955368,
      "ndcg_usergroup_3": 0.29587846994400024,
      "jsd_usergroup_3": 0.06994540989398956
    },
    "epoch_10": {
      "ndcg": 0.21264465153217316,
      "jsd": 0.06665711849927902,
      "ndcg_usergroup_1": 0.1654287427663803,
      "jsd_usergroup_1": 0.06651584059000015,
      "ndcg_usergroup_2": 0.20199483633041382,
      "jsd_usergroup_2": 0.06601519882678986,
      "ndcg_usergroup_3": 0.29180997610092163,
      "jsd_usergroup_3": 0.06872418522834778
    },
    "epoch_11": {
      "ndcg": 0.21127711236476898,
      "jsd": 0.0651400163769722,
      "ndcg_usergroup_1": 0.165803924202919,
      "jsd_usergroup_1": 0.06539390236139297,
      "ndcg_usergroup_2": 0.20036470890045166,
      "jsd_usergroup_2": 0.06425470113754272,
      "ndcg_usergroup_3": 0.28948748111724854,
      "jsd_usergroup_3": 0.06754209846258163
    },
    "epoch_12": {
      "ndcg": 0.20960332453250885,
      "jsd": 0.06359752267599106,
      "ndcg_usergroup_1": 0.16565145552158356,
      "jsd_usergroup_1": 0.06461072713136673,
      "ndcg_usergroup_2": 0.19876721501350403,
      "jsd_usergroup_2": 0.06252026557922363,
      "ndcg_usergroup_3": 0.28606340289115906,
      "jsd_usergroup_3": 0.06581606715917587
    },
    "epoch_13": {
      "ndcg": 0.20828653872013092,
      "jsd": 0.062309782952070236,
      "ndcg_usergroup_1": 0.16587583720684052,
      "jsd_usergroup_1": 0.06342910975217819,
      "ndcg_usergroup_2": 0.19742730259895325,
      "jsd_usergroup_2": 0.06111558526754379,
      "ndcg_usergroup_3": 0.2832748591899872,
      "jsd_usergroup_3": 0.06477301567792892
    },
    "epoch_14": {
      "ndcg": 0.20659928023815155,
      "jsd": 0.06064990907907486,
      "ndcg_usergroup_1": 0.1630760282278061,
      "jsd_usergroup_1": 0.06078684702515602,
      "ndcg_usergroup_2": 0.19614936411380768,
      "jsd_usergroup_2": 0.05948871746659279,
      "ndcg_usergroup_3": 0.2814722955226898,
      "jsd_usergroup_3": 0.06399654597043991
    },
    "epoch_15": {
      "ndcg": 0.20607908070087433,
      "jsd": 0.05939757451415062,
      "ndcg_usergroup_1": 0.16406624019145966,
      "jsd_usergroup_1": 0.06014269217848778,
      "ndcg_usergroup_2": 0.195741206407547,
      "jsd_usergroup_2": 0.05818722024559975,
      "ndcg_usergroup_3": 0.279105544090271,
      "jsd_usergroup_3": 0.06228352710604668
    },
    "epoch_16": {
      "ndcg": 0.20512382686138153,
      "jsd": 0.057652153074741364,
      "ndcg_usergroup_1": 0.16330569982528687,
      "jsd_usergroup_1": 0.0576665960252285,
      "ndcg_usergroup_2": 0.1950242668390274,
      "jsd_usergroup_2": 0.056459683924913406,
      "ndcg_usergroup_3": 0.2772406339645386,
      "jsd_usergroup_3": 0.061215098947286606
    },
    "epoch_17": {
      "ndcg": 0.20519554615020752,
      "jsd": 0.056145381182432175,
      "ndcg_usergroup_1": 0.1629636138677597,
      "jsd_usergroup_1": 0.05722038447856903,
      "ndcg_usergroup_2": 0.19546544551849365,
      "jsd_usergroup_2": 0.05477896332740784,
      "ndcg_usergroup_3": 0.2766178846359253,
      "jsd_usergroup_3": 0.059169624000787735
    },
    "epoch_18": {
      "ndcg": 0.20466701686382294,
      "jsd": 0.05470964312553406,
      "ndcg_usergroup_1": 0.16251195967197418,
      "jsd_usergroup_1": 0.05559902265667915,
      "ndcg_usergroup_2": 0.19472818076610565,
      "jsd_usergroup_2": 0.05341387912631035,
      "ndcg_usergroup_3": 0.2766385078430176,
      "jsd_usergroup_3": 0.057707540690898895
    },
    "epoch_19": {
      "ndcg": 0.20387959480285645,
      "jsd": 0.05377154052257538,
      "ndcg_usergroup_1": 0.16258840262889862,
      "jsd_usergroup_1": 0.05489811673760414,
      "ndcg_usergroup_2": 0.19380925595760345,
      "jsd_usergroup_2": 0.052372246980667114,
      "ndcg_usergroup_3": 0.27538177371025085,
      "jsd_usergroup_3": 0.05684284865856171
    },
    "epoch_20": {
      "ndcg": 0.20403040945529938,
      "jsd": 0.05251449719071388,
      "ndcg_usergroup_1": 0.1633961796760559,
      "jsd_usergroup_1": 0.05312918499112129,
      "ndcg_usergroup_2": 0.19360952079296112,
      "jsd_usergroup_2": 0.05129222571849823,
      "ndcg_usergroup_3": 0.27592727541923523,
      "jsd_usergroup_3": 0.05556664988398552
    },
    "epoch_21": {
      "ndcg": 0.20288440585136414,
      "jsd": 0.05164499580860138,
      "ndcg_usergroup_1": 0.16252568364143372,
      "jsd_usergroup_1": 0.05173029005527496,