{"base_recommendations": {"ndcg": 0.2785918116569519, "jsd": 0.14252586662769318}, "postprocessed": {}, "finetuned": {"epoch_1": {"ndcg": 0.27762484550476074, "jsd": 0.13863573968410492}, "epoch_2": {"ndcg": 0.2751232087612152, "jsd": 0.13032905757427216}, "epoch_3": {"ndcg": 0.2719897925853729, "jsd": 0.12066670507192612}, "epoch_4": {"ndcg": 0.26778072118759155, "jsd": 0.11022176593542099}, "epoch_5": {"ndcg": 0.26314595341682434, "jsd": 0.09990835934877396}, "epoch_6": {"ndcg": 0.257602721452713, "jsd": 0.09097477048635483}, "epoch_7": {"ndcg": 0.2507030665874481, "jsd": 0.08294269442558289}, "epoch_8": {"ndcg": 0.24465279281139374, "jsd": 0.07680804282426834}, "epoch_9": {"ndcg": 0.23765523731708527, "jsd": 0.07173442095518112}, "epoch_10": {"ndcg": 0.22984963655471802, "jsd": 0.06743630021810532}, "epoch_11": {"ndcg": 0.22249408066272736, "jsd": 0.06441182643175125}, "epoch_12": {"ndcg": 0.21596162021160126, "jsd": 0.06268349289894104}, "epoch_13": {"ndcg": 0.20979303121566772, "jsd": 0.061924856156110764}, "epoch_14": {"ndcg": 0.20405089855194092, "jsd": 0.06131816282868385}}}