{
  "base_recommendations": {
    "ndcg": 0.2785918116569519,
    "jsd": 0.14252586662769318,
    "ndcg_usergroup_1": 0.19963575899600983,
    "jsd_usergroup_1": 0.161077618598938,
    "ndcg_usergroup_2": 0.26794716715812683,
    "jsd_usergroup_2": 0.1419621855020523,
    "ndcg_usergroup_3": 0.38948172330856323,
    "jsd_usergroup_3": 0.12566512823104858
  },
  "postprocessed": {},
  "finetuned": {
    "epoch_1": {
      "ndcg": 0.25882384181022644,
      "jsd": 0.09729897230863571,
      "ndcg_usergroup_1": 0.18557840585708618,
      "jsd_usergroup_1": 0.09381172060966492,
      "ndcg_usergroup_2": 0.24729876220226288,
      "jsd_usergroup_2": 0.0973559021949768,
      "ndcg_usergroup_3": 0.36664456129074097,
      "jsd_usergroup_3": 0.1006154716014862
    },
    "epoch_2": {
      "ndcg": 0.24009238183498383,
      "jsd": 0.07781174778938293,
      "ndcg_usergroup_1": 0.1732216626405716,
      "jsd_usergroup_1": 0.07284943014383316,
      "ndcg_usergroup_2": 0.22835907340049744,
      "jsd_usergroup_2": 0.07837489247322083,
      "ndcg_usergroup_3": 0.34216299653053284,
      "jsd_usergroup_3": 0.08108458667993546
    },
    "epoch_3": {
      "ndcg": 0.2280302792787552,
      "jsd": 0.06539639830589294,
      "ndcg_usergroup_1": 0.16834741830825806,
      "jsd_usergroup_1": 0.06078478693962097,
      "ndcg_usergroup_2": 0.21730004251003265,
      "jsd_usergroup_2": 0.06530795991420746,
      "ndcg_usergroup_3": 0.31990379095077515,
      "jsd_usergroup_3": 0.07027330249547958
    },
    "epoch_4": {
      "ndcg": 0.2218496948480606,
      "jsd": 0.05705774575471878,
      "ndcg_usergroup_1": 0.16946209967136383,
      "jsd_usergroup_1": 0.05382173880934715,
      "ndcg_usergroup_2": 0.21139997243881226,
      "jsd_usergroup_2": 0.055938590317964554,
      "ndcg_usergroup_3": 0.30558639764785767,
      "jsd_usergroup_3": 0.0636512041091919
    },
    "epoch_5": {
      "ndcg": 0.2182130217552185,
      "jsd": 0.05123499408364296,
      "ndcg_usergroup_1": 0.171192929148674,
      "jsd_usergroup_1": 0.048017118126153946,
      "ndcg_usergroup_2": 0.2066400796175003,
      "jsd_usergroup_2": 0.04998483881354332,
      "ndcg_usergroup_3": 0.2999520003795624,
      "jsd_usergroup_3": 0.05820332467556
    },
    "epoch_6": {
      "ndcg": 0.21725088357925415,
      "jsd": 0.04811793193221092,
      "ndcg_usergroup_1": 0.1722939908504486,
      "jsd_usergroup_1": 0.045035745948553085,
      "ndcg_usergroup_2": 0.2062109410762787,
      "jsd_usergroup_2": 0.04679813235998154,
      "ndcg_usergroup_3": 0.2953275442123413,
      "jsd_usergroup_3": 0.05515948683023453
    },
    "epoch_7": {
      "ndcg": 0.21594952046871185,
      "jsd": 0.046697575598955154,
      "ndcg_usergroup_1": 0.17168797552585602,
      "jsd_usergroup_1": 0.042580459266901016,
      "ndcg_usergroup_2": 0.20480571687221527,
      "jsd_usergroup_2": 0.04588579759001732,
      "ndcg_usergroup_3": 0.29364249110221863,
      "jsd_usergroup_3": 0.05324999615550041
    },
    "epoch_8": {
      "ndcg": 0.21392135322093964,
      "jsd": 0.04623616114258766,
      "ndcg_usergroup_1": 0.17248181998729706,
      "jsd_usergroup_1": 0.04179373383522034,
      "ndcg_usergroup_2": 0.20230332016944885,
      "jsd_usergroup_2": 0.045374687761068344,
      "ndcg_usergroup_3": 0.2902148962020874,
      "jsd_usergroup_3": 0.05326300114393234
    }
  }
}