{"base_recommendations": {"ndcg": 0.2785918116569519, "jsd": 0.14252586662769318}, "postprocessed": {}, "finetuned": {"epoch_1": {"ndcg": 0.278510183095932, "jsd": 0.14143367111682892}, "epoch_2": {"ndcg": 0.27796149253845215, "jsd": 0.1402462273836136}, "epoch_3": {"ndcg": 0.2774770259857178, "jsd": 0.1379578858613968}, "epoch_4": {"ndcg": 0.27666008472442627, "jsd": 0.13525889813899994}, "epoch_5": {"ndcg": 0.2756032347679138, "jsd": 0.1327010691165924}, "epoch_6": {"ndcg": 0.2748883366584778, "jsd": 0.12983067333698273}, "epoch_7": {"ndcg": 0.27424949407577515, "jsd": 0.1269989311695099}, "epoch_8": {"ndcg": 0.27314215898513794, "jsd": 0.12400836497545242}, "epoch_9": {"ndcg": 0.27241647243499756, "jsd": 0.12105747312307358}, "epoch_10": {"ndcg": 0.271238774061203, "jsd": 0.1182500571012497}, "epoch_11": {"ndcg": 0.2699217200279236, "jsd": 0.1151958554983139}, "epoch_12": {"ndcg": 0.2683999240398407, "jsd": 0.11238128691911697}, "epoch_13": {"ndcg": 0.2671357989311218, "jsd": 0.10943007469177246}, "epoch_14": {"ndcg": 0.2659829556941986, "jsd": 0.10663899034261703}, "epoch_15": {"ndcg": 0.26466649770736694, "jsd": 0.10352534055709839}, "epoch_16": {"ndcg": 0.26358553767204285, "jsd": 0.10088090598583221}, "epoch_17": {"ndcg": 0.26209697127342224, "jsd": 0.09847281128168106}, "epoch_18": {"ndcg": 0.26094749569892883, "jsd": 0.0958113744854927}, "epoch_19": {"ndcg": 0.2593531608581543, "jsd": 0.09356226027011871}, "epoch_20": {"ndcg": 0.25746843218803406, "jsd": 0.09134270250797272}, "epoch_21": {"ndcg": 0.2560024559497833, "jsd": 0.0892067402601242}, "epoch_22": {"ndcg": 0.2544155418872833, "jsd": 0.08741849660873413}, "epoch_23": {"ndcg": 0.2526870369911194, "jsd": 0.08562155067920685}, "epoch_24": {"ndcg": 0.25114935636520386, "jsd": 0.08393316715955734}, "epoch_25": {"ndcg": 0.24969695508480072, "jsd": 0.08202458173036575}, "epoch_26": {"ndcg": 0.24798686802387238, "jsd": 0.08068445324897766}, "epoch_27": {"ndcg": 0.24664254486560822, "jsd": 0.07904619723558426}, "epoch_28": {"ndcg": 0.24517922103405, "jsd": 0.07740409672260284}, "epoch_29": {"ndcg": 0.24333752691745758, "jsd": 0.07620454579591751}, "epoch_30": {"ndcg": 0.24171413481235504, "jsd": 0.0750490203499794}, "epoch_31": {"ndcg": 0.2401290386915207, "jsd": 0.07375480234622955}, "epoch_32": {"ndcg": 0.2383783608675003, "jsd": 0.07278192043304443}, "epoch_33": {"ndcg": 0.23674167692661285, "jsd": 0.0717630386352539}, "epoch_34": {"ndcg": 0.23453164100646973, "jsd": 0.07070416212081909}, "epoch_35": {"ndcg": 0.2327037751674652, "jsd": 0.06937151402235031}, "epoch_36": {"ndcg": 0.23072455823421478, "jsd": 0.0686744749546051}, "epoch_37": {"ndcg": 0.22926373779773712, "jsd": 0.06791584938764572}, "epoch_38": {"ndcg": 0.22775307297706604, "jsd": 0.06728961318731308}, "epoch_39": {"ndcg": 0.22558386623859406, "jsd": 0.06634410470724106}, "epoch_40": {"ndcg": 0.22384881973266602, "jsd": 0.06563593447208405}, "epoch_41": {"ndcg": 0.22236479818820953, "jsd": 0.06530483067035675}, "epoch_42": {"ndcg": 0.22066549956798553, "jsd": 0.0646337941288948}, "epoch_43": {"ndcg": 0.2188229262828827, "jsd": 0.06437643617391586}, "epoch_44": {"ndcg": 0.2174888402223587, "jsd": 0.06411740928888321}, "epoch_45": {"ndcg": 0.21593166887760162, "jsd": 0.06385821849107742}, "epoch_46": {"ndcg": 0.21414139866828918, "jsd": 0.06355781853199005}, "epoch_47": {"ndcg": 0.21260060369968414, "jsd": 0.063544861972332}, "epoch_48": {"ndcg": 0.21125434339046478, "jsd": 0.06301327794790268}, "epoch_49": {"ndcg": 0.20993483066558838, "jsd": 0.06284702569246292}, "epoch_50": {"ndcg": 0.20813672244548798, "jsd": 0.06263966113328934}, "epoch_51": {"ndcg": 0.2067050188779831, "jsd": 0.06231347844004631}, "epoch_52": {"ndcg": 0.20559442043304443, "jsd": 0.062308356165885925}}}