{
  "base_recommendations": {
    "ndcg": 0.2785918116569519,
    "jsd": 0.14252586662769318,
    "ndcg_usergroup_1": 0.19963575899600983,
    "jsd_usergroup_1": 0.161077618598938,
    "ndcg_usergroup_2": 0.26794716715812683,
    "jsd_usergroup_2": 0.1419621855020523,
    "ndcg_usergroup_3": 0.38948172330856323,
    "jsd_usergroup_3": 0.12566512823104858
  },
  "postprocessed": {},
  "finetuned": {
    "epoch_1": {
      "ndcg": 0.27811214327812195,
      "jsd": 0.13807116448879242,
      "ndcg_usergroup_1": 0.19983169436454773,
      "jsd_usergroup_1": 0.1537148356437683,
      "ndcg_usergroup_2": 0.2671617269515991,
      "jsd_usergroup_2": 0.13779865205287933,
      "ndcg_usergroup_3": 0.38924384117126465,
      "jsd_usergroup_3": 0.12324506044387817
    },
    "epoch_2": {
      "ndcg": 0.2758597135543823,
      "jsd": 0.1293153315782547,
      "ndcg_usergroup_1": 0.19850899279117584,
      "jsd_usergroup_1": 0.1449393481016159,
      "ndcg_usergroup_2": 0.26529553532600403,
      "jsd_usergroup_2": 0.12887366116046906,
      "ndcg_usergroup_3": 0.38490286469459534,
      "jsd_usergroup_3": 0.11501630395650864
    },
    "epoch_3": {
      "ndcg": 0.2736269533634186,
      "jsd": 0.12062913924455643,
      "ndcg_usergroup_1": 0.19737453758716583,
      "jsd_usergroup_1": 0.13609276711940765,
      "ndcg_usergroup_2": 0.2627750635147095,
      "jsd_usergroup_2": 0.1192043349146843,
      "ndcg_usergroup_3": 0.38243499398231506,
      "jsd_usergroup_3": 0.1094399243593216
    },
    "epoch_4": {
      "ndcg": 0.27199307084083557,
      "jsd": 0.1127677708864212,
      "ndcg_usergroup_1": 0.19751818478107452,
      "jsd_usergroup_1": 0.12643195688724518,
      "ndcg_usergroup_2": 0.26093316078186035,
      "jsd_usergroup_2": 0.11077116429805756,
      "ndcg_usergroup_3": 0.3796476125717163,
      "jsd_usergroup_3": 0.10509341955184937
    },
    "epoch_5": {
      "ndcg": 0.2695435881614685,
      "jsd": 0.10569223761558533,
      "ndcg_usergroup_1": 0.1965979039669037,
      "jsd_usergroup_1": 0.11683110147714615,
      "ndcg_usergroup_2": 0.2582356929779053,
      "jsd_usergroup_2": 0.10346075147390366,
      "ndcg_usergroup_3": 0.37641292810440063,
      "jsd_usergroup_3": 0.10124777257442474
    },
    "epoch_6": {
      "ndcg": 0.2667348384857178,
      "jsd": 0.09959229081869125,
      "ndcg_usergroup_1": 0.19593806564807892,
      "jsd_usergroup_1": 0.10854364931583405,
      "ndcg_usergroup_2": 0.2553249001502991,
      "jsd_usergroup_2": 0.09765808284282684,
      "ndcg_usergroup_3": 0.37176135182380676,
      "jsd_usergroup_3": 0.09644351899623871
    },
    "epoch_7": {
      "ndcg": 0.26378846168518066,
      "jsd": 0.09486199170351028,
      "ndcg_usergroup_1": 0.19373774528503418,
      "jsd_usergroup_1": 0.10235728323459625,
      "ndcg_usergroup_2": 0.25145718455314636,
      "jsd_usergroup_2": 0.09213457256555557,
      "ndcg_usergroup_3": 0.37083297967910767,
      "jsd_usergroup_3": 0.09554895758628845
    },
    "epoch_8": {
      "ndcg": 0.2603359520435333,
      "jsd": 0.091010183095932,
      "ndcg_usergroup_1": 0.1908668577671051,
      "jsd_usergroup_1": 0.09712453186511993,
      "ndcg_usergroup_2": 0.2484147697687149,
      "jsd_usergroup_2": 0.08814404904842377,
      "ndcg_usergroup_3": 0.3655686676502228,
      "jsd_usergroup_3": 0.09349421411752701
    },
    "epoch_9": {
      "ndcg": 0.25769859552383423,
      "jsd": 0.08868885040283203,
      "ndcg_usergroup_1": 0.18888069689273834,
      "jsd_usergroup_1": 0.0923781767487526,
      "ndcg_usergroup_2": 0.24455665051937103,
      "jsd_usergroup_2": 0.08610618859529495,
      "ndcg_usergroup_3": 0.3659423291683197,
      "jsd_usergroup_3": 0.09274756908416748
    },
    "epoch_10": {
      "ndcg": 0.2555127441883087,
      "jsd": 0.08675114810466766,
      "ndcg_usergroup_1": 0.18638211488723755,
      "jsd_usergroup_1": 0.08894319087266922,
      "ndcg_usergroup_2": 0.2432989925146103,
      "jsd_usergroup_2": 0.08427915722131729,
      "ndcg_usergroup_3": 0.36128467321395874,
      "jsd_usergroup_3": 0.09197502583265305
    },
    "epoch_11": {
      "ndcg": 0.2530862092971802,
      "jsd": 0.08506129682064056,
      "ndcg_usergroup_1": 0.1847047060728073,
      "jsd_usergroup_1": 0.0855894386768341,
      "ndcg_usergroup_2": 0.239750474691391,
      "jsd_usergroup_2": 0.08273473381996155,
      "ndcg_usergroup_3": 0.3614749014377594,
      "jsd_usergroup_3": 0.09151282906532288
    },
    "epoch_12": {
      "ndcg": 0.2507840394973755,
      "jsd": 0.08397557586431503,
      "ndcg_usergroup_1": 0.18057943880558014,
      "jsd_usergroup_1": 0.08390186727046967,
      "ndcg_usergroup_2": 0.2382400929927826,
      "jsd_usergroup_2": 0.0813964456319809,
      "ndcg_usergroup_3": 0.3586205542087555,
      "jsd_usergroup_3": 0.09178664535284042
    },
    "epoch_13": {
      "ndcg": 0.24964314699172974,
      "jsd": 0.08318357169628143,
      "ndcg_usergroup_1": 0.18077099323272705,
      "jsd_usergroup_1": 0.08217083662748337,
      "ndcg_usergroup_2": 0.2364366501569748,
      "jsd_usergroup_2": 0.08060140907764435,
      "ndcg_usergroup_3": 0.35813480615615845,
      "jsd_usergroup_3": 0.09194277226924896
    },
    "epoch_14": {
      "ndcg": 0.24607528746128082,
      "jsd": 0.08264141529798508,
      "ndcg_usergroup_1": 0.1749894917011261,
      "jsd_usergroup_1": 0.08164890110492706,
      "ndcg_usergroup_2": 0.23306792974472046,
      "jsd_usergroup_2": 0.08036216348409653,
      "ndcg_usergroup_3": 0.35618308186531067,
      "jsd_usergroup_3": 0.09047164767980576
    },
    "epoch_15": {
      "ndcg": 0.24368403851985931,
      "jsd": 0.0822579637169838,
      "ndcg_usergroup_1": 0.1751122623682022,
      "jsd_usergroup_1": 0.08021368086338043,
      "ndcg_usergroup_2": 0.22945408523082733,
      "jsd_usergroup_2": 0.08027297258377075,
      "ndcg_usergroup_3": 0.35494565963745117,
      "jsd_usergroup_3": 0.0902571976184845
    },
    "epoch_16": {
      "ndcg": 0.24108155071735382,
      "jsd": 0.08173182606697083,
      "ndcg_usergroup_1": 0.1695559024810791,
      "jsd_usergroup_1": 0.07866355776786804,
      "ndcg_usergroup_2": 0.22753427922725677,
      "jsd_usergroup_2": 0.0797458365559578,
      "ndcg_usergroup_3": 0.35324904322624207,
      "jsd_usergroup_3": 0.0907580628991127
    }
  }
}