{"base_recommendations": {"ndcg": 0.2785918116569519, "jsd": 0.14252586662769318}, "postprocessed": {}, "finetuned": {"epoch_1": {"ndcg": 0.2721720337867737, "jsd": 0.12698784470558167}, "epoch_2": {"ndcg": 0.25902223587036133, "jsd": 0.10517694801092148}, "epoch_3": {"ndcg": 0.23963914811611176, "jsd": 0.08821792900562286}, "epoch_4": {"ndcg": 0.2194044142961502, "jsd": 0.08177024871110916}}}