{
  "base_recommendations": {
    "ndcg": 0.2785918116569519,
    "jsd": 0.14252586662769318,
    "ndcg_usergroup_1": 0.19963575899600983,
    "jsd_usergroup_1": 0.161077618598938,
    "ndcg_usergroup_2": 0.26794716715812683,
    "jsd_usergroup_2": 0.1419621855020523,
    "ndcg_usergroup_3": 0.38948172330856323,
    "jsd_usergroup_3": 0.12566512823104858
  },
  "postprocessed": {},
  "finetuned": {
    "epoch_1": {
      "ndcg": 0.27804675698280334,
      "jsd": 0.13732916116714478,
      "ndcg_usergroup_1": 0.19958624243736267,
      "jsd_usergroup_1": 0.1542138159275055,
      "ndcg_usergroup_2": 0.26730281114578247,
      "jsd_usergroup_2": 0.1369277536869049,
      "ndcg_usergroup_3": 0.38873907923698425,
      "jsd_usergroup_3": 0.12164868414402008
    },
    "epoch_2": {
      "ndcg": 0.2758045494556427,
      "jsd": 0.1263417899608612,
      "ndcg_usergroup_1": 0.19893497228622437,
      "jsd_usergroup_1": 0.1443398892879486,
      "ndcg_usergroup_2": 0.2654363811016083,
      "jsd_usergroup_2": 0.12549878656864166,
      "ndcg_usergroup_3": 0.38377854228019714,
      "jsd_usergroup_3": 0.11087261140346527
    },
    "epoch_3": {
      "ndcg": 0.27293720841407776,
      "jsd": 0.1151055172085762,
      "ndcg_usergroup_1": 0.19789722561836243,
      "jsd_usergroup_1": 0.1316387951374054,
      "ndcg_usergroup_2": 0.2626938223838806,
      "jsd_usergroup_2": 0.11386274546384811,
      "ndcg_usergroup_3": 0.3787073791027069,
      "jsd_usergroup_3": 0.10230056941509247
    },
    "epoch_4": {
      "ndcg": 0.2701244354248047,
      "jsd": 0.10398203134536743,
      "ndcg_usergroup_1": 0.19779466092586517,
      "jsd_usergroup_1": 0.11689364165067673,
      "ndcg_usergroup_2": 0.26003849506378174,
      "jsd_usergroup_2": 0.10309305787086487,
      "ndcg_usergroup_3": 0.37271204590797424,
      "jsd_usergroup_3": 0.09373735636472702
    },
    "epoch_5": {
      "ndcg": 0.2671131193637848,
      "jsd": 0.0941358134150505,
      "ndcg_usergroup_1": 0.1948898732662201,
      "jsd_usergroup_1": 0.10333199799060822,
      "ndcg_usergroup_2": 0.2573011517524719,
      "jsd_usergroup_2": 0.09313762933015823,
      "ndcg_usergroup_3": 0.36877232789993286,
      "jsd_usergroup_3": 0.08793420344591141
    },
    "epoch_6": {
      "ndcg": 0.2633705139160156,
      "jsd": 0.08487318456172943,
      "ndcg_usergroup_1": 0.19400815665721893,
      "jsd_usergroup_1": 0.09003850072622299,
      "ndcg_usergroup_2": 0.2536023259162903,
      "jsd_usergroup_2": 0.08428006619215012,
      "ndcg_usergroup_3": 0.3620373606681824,
      "jsd_usergroup_3": 0.08148720860481262
    },
    "epoch_7": {
      "ndcg": 0.2589147686958313,
      "jsd": 0.07834155857563019,
      "ndcg_usergroup_1": 0.1916676163673401,
      "jsd_usergroup_1": 0.08124974370002747,
      "ndcg_usergroup_2": 0.24843356013298035,
      "jsd_usergroup_2": 0.07751904428005219,
      "ndcg_usergroup_3": 0.3576054871082306,
      "jsd_usergroup_3": 0.07790090888738632
    },
    "epoch_8": {
      "ndcg": 0.2554323673248291,
      "jsd": 0.07260940223932266,
      "ndcg_usergroup_1": 0.18938319385051727,
      "jsd_usergroup_1": 0.07221851497888565,
      "ndcg_usergroup_2": 0.24493631720542908,
      "jsd_usergroup_2": 0.07175999879837036,
      "ndcg_usergroup_3": 0.3529697060585022,
      "jsd_usergroup_3": 0.07554854452610016
    },
    "epoch_9": {
      "ndcg": 0.25108057260513306,
      "jsd": 0.06853333115577698,
      "ndcg_usergroup_1": 0.18480412662029266,
      "jsd_usergroup_1": 0.0650230124592781,
      "ndcg_usergroup_2": 0.2400137186050415,
      "jsd_usergroup_2": 0.06783383339643478,
      "ndcg_usergroup_3": 0.35055747628211975,
      "jsd_usergroup_3": 0.07414215058088303
    },
    "epoch_10": {
      "ndcg": 0.24693018198013306,
      "jsd": 0.06559837609529495,
      "ndcg_usergroup_1": 0.18105486035346985,
      "jsd_usergroup_1": 0.05953051149845123,
      "ndcg_usergroup_2": 0.2354322373867035,
      "jsd_usergroup_2": 0.06502548605203629,
      "ndcg_usergroup_3": 0.3472992777824402,
      "jsd_usergroup_3": 0.07338488847017288
    },
    "epoch_11": {
      "ndcg": 0.24351632595062256,
      "jsd": 0.06295126676559448,
      "ndcg_usergroup_1": 0.1778852790594101,
      "jsd_usergroup_1": 0.05573103949427605,
      "ndcg_usergroup_2": 0.23224477469921112,
      "jsd_usergroup_2": 0.06243056803941727,
      "ndcg_usergroup_3": 0.3429620563983917,
      "jsd_usergroup_3": 0.07173358649015427
    },
    "epoch_12": {
      "ndcg": 0.24024376273155212,
      "jsd": 0.06227505952119827,
      "ndcg_usergroup_1": 0.17618906497955322,
      "jsd_usergroup_1": 0.053260985761880875,
      "ndcg_usergroup_2": 0.2277122139930725,
      "jsd_usergroup_2": 0.061936747282743454,
      "ndcg_usergroup_3": 0.3418929874897003,
      "jsd_usergroup_3": 0.07230407744646072
    },
    "epoch_13": {
      "ndcg": 0.23696161806583405,
      "jsd": 0.06112644076347351,
      "ndcg_usergroup_1": 0.17398495972156525,
      "jsd_usergroup_1": 0.05133308470249176,
      "ndcg_usergroup_2": 0.2240767627954483,
      "jsd_usergroup_2": 0.060832876712083817,
      "ndcg_usergroup_3": 0.3385927677154541,
      "jsd_usergroup_3": 0.07180050760507584
    }
  }
}