{"base_recommendations": {"ndcg": 0.2785918116569519, "jsd": 0.14252586662769318}, "postprocessed": {}, "finetuned": {"epoch_1": {"ndcg": 0.2763878107070923, "jsd": 0.13272950053215027}, "epoch_2": {"ndcg": 0.27173370122909546, "jsd": 0.11468996852636337}, "epoch_3": {"ndcg": 0.2647877633571625, "jsd": 0.09724967926740646}, "epoch_4": {"ndcg": 0.25725534558296204, "jsd": 0.082060307264328}, "epoch_5": {"ndcg": 0.24893034994602203, "jsd": 0.07212675362825394}, "epoch_6": {"ndcg": 0.24064409732818604, "jsd": 0.06586592644453049}, "epoch_7": {"ndcg": 0.23254285752773285, "jsd": 0.0634525939822197}}}