{
  "base_recommendations": {
    "ndcg": 0.2785918116569519,
    "jsd": 0.14252586662769318,
    "ndcg_usergroup_1": 0.19963575899600983,
    "jsd_usergroup_1": 0.161077618598938,
    "ndcg_usergroup_2": 0.26794716715812683,
    "jsd_usergroup_2": 0.1419621855020523,
    "ndcg_usergroup_3": 0.38948172330856323,
    "jsd_usergroup_3": 0.12566512823104858
  },
  "postprocessed": {},
  "finetuned": {
    "epoch_1": {
      "ndcg": 0.27429309487342834,
      "jsd": 0.12632066011428833,
      "ndcg_usergroup_1": 0.19592057168483734,
      "jsd_usergroup_1": 0.13768324255943298,
      "ndcg_usergroup_2": 0.2637302875518799,
      "jsd_usergroup_2": 0.1251220405101776,
      "ndcg_usergroup_3": 0.3843540549278259,
      "jsd_usergroup_3": 0.11855392158031464
    },
    "epoch_2": {
      "ndcg": 0.2689366042613983,
      "jsd": 0.10875440388917923,
      "ndcg_usergroup_1": 0.19283683598041534,
      "jsd_usergroup_1": 0.10711045563220978,
      "ndcg_usergroup_2": 0.2576746344566345,
      "jsd_usergroup_2": 0.10850661993026733,
      "ndcg_usergroup_3": 0.37882232666015625,
      "jsd_usergroup_3": 0.11114167422056198
    },
    "epoch_3": {
      "ndcg": 0.26186448335647583,
      "jsd": 0.09719680994749069,
      "ndcg_usergroup_1": 0.18607300519943237,
      "jsd_usergroup_1": 0.08856717497110367,
      "ndcg_usergroup_2": 0.2500525712966919,
      "jsd_usergroup_2": 0.0976274311542511,
      "ndcg_usergroup_3": 0.3730916976928711,
      "jsd_usergroup_3": 0.1045345813035965
    },
    "epoch_4": {
      "ndcg": 0.25588151812553406,
      "jsd": 0.08969897776842117,
      "ndcg_usergroup_1": 0.18091870844364166,
      "jsd_usergroup_1": 0.07664292305707932,
      "ndcg_usergroup_2": 0.24386553466320038,
      "jsd_usergroup_2": 0.09087856858968735,
      "ndcg_usergroup_3": 0.3668923079967499,
      "jsd_usergroup_3": 0.0992162898182869
    },
    "epoch_5": {
      "ndcg": 0.2502889633178711,
      "jsd": 0.08512121438980103,
      "ndcg_usergroup_1": 0.17563898861408234,
      "jsd_usergroup_1": 0.07169896364212036,
      "ndcg_usergroup_2": 0.23820145428180695,
      "jsd_usergroup_2": 0.08665087074041367,
      "ndcg_usergroup_3": 0.3612014055252075,
      "jsd_usergroup_3": 0.09395449608564377
    },
    "epoch_6": {
      "ndcg": 0.24637219309806824,
      "jsd": 0.08045313507318497,
      "ndcg_usergroup_1": 0.1721038520336151,
      "jsd_usergroup_1": 0.06727606058120728,
      "ndcg_usergroup_2": 0.23464086651802063,
      "jsd_usergroup_2": 0.08209023624658585,
      "ndcg_usergroup_3": 0.3558345139026642,
      "jsd_usergroup_3": 0.08871888369321823
    },
    "epoch_7": {
      "ndcg": 0.24324066936969757,
      "jsd": 0.0767388865351677,
      "ndcg_usergroup_1": 0.1706654280424118,
      "jsd_usergroup_1": 0.06443773955106735,
      "ndcg_usergroup_2": 0.23143139481544495,
      "jsd_usergroup_2": 0.07846904546022415,
      "ndcg_usergroup_3": 0.35124361515045166,
      "jsd_usergroup_3": 0.08384958654642105
    },
    "epoch_8": {
      "ndcg": 0.24014167487621307,
      "jsd": 0.07349655032157898,
      "ndcg_usergroup_1": 0.169918954372406,
      "jsd_usergroup_1": 0.0628923699259758,
      "ndcg_usergroup_2": 0.228264719247818,
      "jsd_usergroup_2": 0.07490160316228867,
      "ndcg_usergroup_3": 0.34599530696868896,
      "jsd_usergroup_3": 0.0798855721950531
    },
    "epoch_9": {
      "ndcg": 0.2380344420671463,
      "jsd": 0.07105643302202225,
      "ndcg_usergroup_1": 0.1697281301021576,
      "jsd_usergroup_1": 0.06147943064570427,
      "ndcg_usergroup_2": 0.22656765580177307,
      "jsd_usergroup_2": 0.07219966500997543,
      "ndcg_usergroup_3": 0.34074103832244873,
      "jsd_usergroup_3": 0.07720372080802917
    },
    "epoch_10": {
      "ndcg": 0.2366075962781906,
      "jsd": 0.0685870349407196,
      "ndcg_usergroup_1": 0.16941913962364197,
      "jsd_usergroup_1": 0.060441453009843826,
      "ndcg_usergroup_2": 0.224967360496521,
      "jsd_usergroup_2": 0.06941108405590057,
      "ndcg_usergroup_3": 0.3387167155742645,
      "jsd_usergroup_3": 0.07426047325134277
    },
    "epoch_11": {
      "ndcg": 0.23483729362487793,
      "jsd": 0.06637624651193619,
      "ndcg_usergroup_1": 0.1692003607749939,
      "jsd_usergroup_1": 0.05860021710395813,
      "ndcg_usergroup_2": 0.22328507900238037,
      "jsd_usergroup_2": 0.06712986528873444,
      "ndcg_usergroup_3": 0.3351309597492218,
      "jsd_usergroup_3": 0.0718914046883583
    },
    "epoch_12": {
      "ndcg": 0.23339076340198517,
      "jsd": 0.06430446356534958,
      "ndcg_usergroup_1": 0.168711319565773,
      "jsd_usergroup_1": 0.057919394224882126,
      "ndcg_usergroup_2": 0.22192807495594025,
      "jsd_usergroup_2": 0.0646432414650917,
      "ndcg_usergroup_3": 0.33245837688446045,
      "jsd_usergroup_3": 0.06967318803071976
    },
    "epoch_13": {
      "ndcg": 0.23199500143527985,
      "jsd": 0.06219536066055298,
      "ndcg_usergroup_1": 0.16646218299865723,
      "jsd_usergroup_1": 0.055636994540691376,
      "ndcg_usergroup_2": 0.22136090695858002,
      "jsd_usergroup_2": 0.062333568930625916,
      "ndcg_usergroup_3": 0.32943013310432434,
      "jsd_usergroup_3": 0.06833908706903458
    },
    "epoch_14": {
      "ndcg": 0.23091690242290497,
      "jsd": 0.06038596108555794,
      "ndcg_usergroup_1": 0.1670345813035965,
      "jsd_usergroup_1": 0.053996920585632324,
      "ndcg_usergroup_2": 0.22007133066654205,
      "jsd_usergroup_2": 0.06027938053011894,
      "ndcg_usergroup_3": 0.32733583450317383,
      "jsd_usergroup_3": 0.06709473580121994
    },
    "epoch_15": {
      "ndcg": 0.22986197471618652,
      "jsd": 0.05894291400909424,
      "ndcg_usergroup_1": 0.16814592480659485,
      "jsd_usergroup_1": 0.052589189261198044,
      "ndcg_usergroup_2": 0.21872664988040924,
      "jsd_usergroup_2": 0.05869142338633537,
      "ndcg_usergroup_3": 0.32498395442962646,
      "jsd_usergroup_3": 0.06605110317468643
    },
    "epoch_16": {
      "ndcg": 0.22897417843341827,
      "jsd": 0.05801093578338623,
      "ndcg_usergroup_1": 0.1678236871957779,
      "jsd_usergroup_1": 0.05203406885266304,
      "ndcg_usergroup_2": 0.21802383661270142,
      "jsd_usergroup_2": 0.057833556085824966,
      "ndcg_usergroup_3": 0.32297563552856445,
      "jsd_usergroup_3": 0.06451991200447083
    },
    "epoch_17": {
      "ndcg": 0.2286352813243866,
      "jsd": 0.0572257936000824,
      "ndcg_usergroup_1": 0.16864024102687836,
      "jsd_usergroup_1": 0.051666613668203354,
      "ndcg_usergroup_2": 0.21751639246940613,
      "jsd_usergroup_2": 0.05691230297088623,
      "ndcg_usergroup_3": 0.3219868540763855,
      "jsd_usergroup_3": 0.06372544914484024
    },
    "epoch_18": {
      "ndcg": 0.22744296491146088,
      "jsd": 0.055950846523046494,
      "ndcg_usergroup_1": 0.1684330850839615,
      "jsd_usergroup_1": 0.05043497309088707,
      "ndcg_usergroup_2": 0.21625223755836487,
      "jsd_usergroup_2": 0.055479057133197784,
      "ndcg_usergroup_3": 0.3200249969959259,
      "jsd_usergroup_3": 0.06288206577301025
    },
    "epoch_19": {
      "ndcg": 0.22649160027503967,
      "jsd": 0.0553007535636425,
      "ndcg_usergroup_1": 0.16840918362140656,
      "jsd_usergroup_1": 0.049520645290613174,
      "ndcg_usergroup_2": 0.2154378592967987,
      "jsd_usergroup_2": 0.054780248552560806,
      "ndcg_usergroup_3": 0.3177352249622345,
      "jsd_usergroup_3": 0.06264234334230423
    },
    "epoch_20": {
      "ndcg": 0.2261424958705902,
      "jsd": 0.0547432117164135,
      "ndcg_usergroup_1": 0.16775690019130707,
      "jsd_usergroup_1": 0.04897908493876457,
      "ndcg_usergroup_2": 0.2151150107383728,
      "jsd_usergroup_2": 0.05421658232808113,
      "ndcg_usergroup_3": 0.31761059165000916,
      "jsd_usergroup_3": 0.06208719685673714
    },
    "epoch_21": {
      "ndcg": 0.2256534844636917,
      "jsd": 0.054159849882125854,
      "ndcg_usergroup_1": 0.16807661950588226,
      "jsd_usergroup_1": 0.047921448945999146,