{
  "base_recommendations": {
    "ndcg": 0.2785918116569519,
    "jsd": 0.14252586662769318,
    "ndcg_usergroup_1": 0.19963575899600983,
    "jsd_usergroup_1": 0.161077618598938,
    "ndcg_usergroup_2": 0.26794716715812683,
    "jsd_usergroup_2": 0.1419621855020523,
    "ndcg_usergroup_3": 0.38948172330856323,
    "jsd_usergroup_3": 0.12566512823104858
  },
  "postprocessed": {},
  "finetuned": {
    "epoch_1": {
      "ndcg": 0.2740364670753479,
      "jsd": 0.12527500092983246,
      "ndcg_usergroup_1": 0.19582751393318176,
      "jsd_usergroup_1": 0.1365998536348343,
      "ndcg_usergroup_2": 0.26361075043678284,
      "jsd_usergroup_2": 0.12397154420614243,
      "ndcg_usergroup_3": 0.38352248072624207,
      "jsd_usergroup_3": 0.11786055564880371
    },
    "epoch_2": {
      "ndcg": 0.26678866147994995,
      "jsd": 0.10651887208223343,
      "ndcg_usergroup_1": 0.19112326204776764,
      "jsd_usergroup_1": 0.10671212524175644,
      "ndcg_usergroup_2": 0.25576427578926086,
      "jsd_usergroup_2": 0.10611110180616379,
      "ndcg_usergroup_3": 0.37552717328071594,
      "jsd_usergroup_3": 0.10754889994859695
    },
    "epoch_3": {
      "ndcg": 0.2581857740879059,
      "jsd": 0.09492670744657516,
      "ndcg_usergroup_1": 0.18508514761924744,
      "jsd_usergroup_1": 0.08863571286201477,
      "ndcg_usergroup_2": 0.24656948447227478,
      "jsd_usergroup_2": 0.09517991542816162,
      "ndcg_usergroup_3": 0.3661353886127472,
      "jsd_usergroup_3": 0.10045808553695679
    },
    "epoch_4": {
      "ndcg": 0.2500259578227997,
      "jsd": 0.08682333678007126,
      "ndcg_usergroup_1": 0.17753712832927704,
      "jsd_usergroup_1": 0.07812532037496567,
      "ndcg_usergroup_2": 0.23853018879890442,
      "jsd_usergroup_2": 0.08804106712341309,
      "ndcg_usergroup_3": 0.35700204968452454,
      "jsd_usergroup_3": 0.09186811745166779
    },
    "epoch_5": {
      "ndcg": 0.24443477392196655,
      "jsd": 0.08114656805992126,
      "ndcg_usergroup_1": 0.17361284792423248,
      "jsd_usergroup_1": 0.07317256182432175,
      "ndcg_usergroup_2": 0.2327810525894165,
      "jsd_usergroup_2": 0.08282364904880524,
      "ndcg_usergroup_3": 0.3502178192138672,
      "jsd_usergroup_3": 0.08408933132886887
    },
    "epoch_6": {
      "ndcg": 0.23858289420604706,
      "jsd": 0.07701075822114944,
      "ndcg_usergroup_1": 0.1715092658996582,
      "jsd_usergroup_1": 0.07070810347795486,
      "ndcg_usergroup_2": 0.2266959697008133,
      "jsd_usergroup_2": 0.07798947393894196,
      "ndcg_usergroup_3": 0.3413172960281372,
      "jsd_usergroup_3": 0.0803772509098053
    },
    "epoch_7": {
      "ndcg": 0.2341437041759491,
      "jsd": 0.07292618602514267,
      "ndcg_usergroup_1": 0.16915446519851685,
      "jsd_usergroup_1": 0.06776081770658493,
      "ndcg_usergroup_2": 0.2227472960948944,
      "jsd_usergroup_2": 0.0739254280924797,
      "ndcg_usergroup_3": 0.33332201838493347,
      "jsd_usergroup_3": 0.07509379088878632
    },
    "epoch_8": {
      "ndcg": 0.23067644238471985,
      "jsd": 0.06979474425315857,
      "ndcg_usergroup_1": 0.1690835952758789,
      "jsd_usergroup_1": 0.06496879458427429,
      "ndcg_usergroup_2": 0.21943481266498566,
      "jsd_usergroup_2": 0.07038763165473938,
      "ndcg_usergroup_3": 0.3259941637516022,
      "jsd_usergroup_3": 0.07284202426671982
    },
    "epoch_9": {
      "ndcg": 0.22774405777454376,
      "jsd": 0.06705038249492645,
      "ndcg_usergroup_1": 0.168090358376503,
      "jsd_usergroup_1": 0.06184720620512962,
      "ndcg_usergroup_2": 0.21656937897205353,
      "jsd_usergroup_2": 0.06754393130540848,
      "ndcg_usergroup_3": 0.32092177867889404,
      "jsd_usergroup_3": 0.0707729160785675
    },
    "epoch_10": {
      "ndcg": 0.2257169783115387,
      "jsd": 0.06460622698068619,
      "ndcg_usergroup_1": 0.1687932312488556,
      "jsd_usergroup_1": 0.05993769317865372,
      "ndcg_usergroup_2": 0.2147759050130844,
      "jsd_usergroup_2": 0.06478318572044373,
      "ndcg_usergroup_3": 0.31546398997306824,
      "jsd_usergroup_3": 0.06874389946460724
    },
    "epoch_11": {
      "ndcg": 0.222442165017128,
      "jsd": 0.06195002794265747,
      "ndcg_usergroup_1": 0.1676219403743744,
      "jsd_usergroup_1": 0.05688721686601639,
      "ndcg_usergroup_2": 0.21140530705451965,
      "jsd_usergroup_2": 0.06215887516736984,
      "ndcg_usergroup_3": 0.3103729784488678,
      "jsd_usergroup_3": 0.06638628989458084
    },
    "epoch_12": {
      "ndcg": 0.22126030921936035,
      "jsd": 0.059327881783246994,
      "ndcg_usergroup_1": 0.1673656404018402,
      "jsd_usergroup_1": 0.0548226498067379,
      "ndcg_usergroup_2": 0.21061016619205475,
      "jsd_usergroup_2": 0.059122923761606216,
      "ndcg_usergroup_3": 0.3071054220199585,
      "jsd_usergroup_3": 0.06444798409938812
    },
    "epoch_13": {
      "ndcg": 0.21996597945690155,
      "jsd": 0.057268399745225906,
      "ndcg_usergroup_1": 0.16800451278686523,
      "jsd_usergroup_1": 0.053224220871925354,
      "ndcg_usergroup_2": 0.20945905148983002,
      "jsd_usergroup_2": 0.05680223926901817,
      "ndcg_usergroup_3": 0.3034482002258301,
      "jsd_usergroup_3": 0.06271103024482727
    },
    "epoch_14": {
      "ndcg": 0.2194378823041916,
      "jsd": 0.05550641193985939,
      "ndcg_usergroup_1": 0.16832761466503143,
      "jsd_usergroup_1": 0.051707539707422256,
      "ndcg_usergroup_2": 0.20875097811222076,
      "jsd_usergroup_2": 0.054637692868709564,
      "ndcg_usergroup_3": 0.30260881781578064,
      "jsd_usergroup_3": 0.06191141903400421
    },
    "epoch_15": {
      "ndcg": 0.2190704345703125,
      "jsd": 0.05416848883032799,
      "ndcg_usergroup_1": 0.16938842833042145,
      "jsd_usergroup_1": 0.050411444157361984,
      "ndcg_usergroup_2": 0.20851333439350128,
      "jsd_usergroup_2": 0.05323660001158714,
      "ndcg_usergroup_3": 0.3004237115383148,
      "jsd_usergroup_3": 0.060721177607774734
    },
    "epoch_16": {
      "ndcg": 0.2180219292640686,
      "jsd": 0.05290905758738518,
      "ndcg_usergroup_1": 0.17041298747062683,
      "jsd_usergroup_1": 0.0487125925719738,
      "ndcg_usergroup_2": 0.20676666498184204,
      "jsd_usergroup_2": 0.05190516263246536,
      "ndcg_usergroup_3": 0.29939666390419006,
      "jsd_usergroup_3": 0.060117222368717194
    },
    "epoch_17": {
      "ndcg": 0.21706782281398773,
      "jsd": 0.051788777112960815,
      "ndcg_usergroup_1": 0.17076238989830017,
      "jsd_usergroup_1": 0.047913406044244766,
      "ndcg_usergroup_2": 0.20578716695308685,
      "jsd_usergroup_2": 0.05070893093943596,
      "ndcg_usergroup_3": 0.29721513390541077,
      "jsd_usergroup_3": 0.05890367552638054
    },
    "epoch_18": {
      "ndcg": 0.21644051373004913,
      "jsd": 0.05078623443841934,
      "ndcg_usergroup_1": 0.17033201456069946,
      "jsd_usergroup_1": 0.04655558243393898,
      "ndcg_usergroup_2": 0.20521898567676544,
      "jsd_usergroup_2": 0.04991548880934715,
      "ndcg_usergroup_3": 0.2962135672569275,
      "jsd_usergroup_3": 0.057629119604825974
    },
    "epoch_19": {
      "ndcg": 0.21674151718616486,
      "jsd": 0.04989975690841675,
      "ndcg_usergroup_1": 0.17127619683742523,
      "jsd_usergroup_1": 0.04582664743065834,
      "ndcg_usergroup_2": 0.20569127798080444,
      "jsd_usergroup_2": 0.04917179420590401,
      "ndcg_usergroup_3": 0.2953576147556305,
      "jsd_usergroup_3": 0.056156765669584274
    },
    "epoch_20": {
      "ndcg": 0.21631431579589844,
      "jsd": 0.04896000772714615,
      "ndcg_usergroup_1": 0.1710943877696991,
      "jsd_usergroup_1": 0.04475703462958336,
      "ndcg_usergroup_2": 0.2050449103116989,
      "jsd_usergroup_2": 0.04811080917716026,
      "ndcg_usergroup_3": 0.29534241557121277,
      "jsd_usergroup_3": 0.05571058392524719
    },
    "epoch_21": {
      "ndcg": 0.216311514377594,
      "jsd": 0.04837638512253761,
      "ndcg_usergroup_1": 0.17093564569950104,
      "jsd_usergroup_1": 0.04406420513987541,