{
  "base_recommendations": {
    "ndcg": 0.2785918116569519,
    "jsd": 0.14252586662769318,
    "ndcg_usergroup_1": 0.19963575899600983,
    "jsd_usergroup_1": 0.161077618598938,
    "ndcg_usergroup_2": 0.26794716715812683,
    "jsd_usergroup_2": 0.1419621855020523,
    "ndcg_usergroup_3": 0.38948172330856323,
    "jsd_usergroup_3": 0.12566512823104858
  },
  "postprocessed": {},
  "finetuned": {
    "epoch_1": {
      "ndcg": 0.2474573403596878,
      "jsd": 0.09023916721343994,
      "ndcg_usergroup_1": 0.1834789365530014,
      "jsd_usergroup_1": 0.09485217928886414,
      "ndcg_usergroup_2": 0.23662494122982025,
      "jsd_usergroup_2": 0.08913229405879974,
      "ndcg_usergroup_3": 0.34393301606178284,
      "jsd_usergroup_3": 0.08894672989845276
    },
    "epoch_2": {
      "ndcg": 0.21843700110912323,
      "jsd": 0.07739552110433578,
      "ndcg_usergroup_1": 0.16802318394184113,
      "jsd_usergroup_1": 0.0781603679060936,
      "ndcg_usergroup_2": 0.20683544874191284,
      "jsd_usergroup_2": 0.07809214293956757,
      "ndcg_usergroup_3": 0.3036555051803589,
      "jsd_usergroup_3": 0.07454080134630203
    },
    "epoch_3": {
      "ndcg": 0.2048894464969635,
      "jsd": 0.0736728310585022,
      "ndcg_usergroup_1": 0.1626415103673935,
      "jsd_usergroup_1": 0.07538382709026337,
      "ndcg_usergroup_2": 0.19446834921836853,
      "jsd_usergroup_2": 0.07320503890514374,
      "ndcg_usergroup_3": 0.2784006893634796,
      "jsd_usergroup_3": 0.07336518168449402
    },
    "epoch_4": {
      "ndcg": 0.19994980096817017,
      "jsd": 0.06914053857326508,
      "ndcg_usergroup_1": 0.16293436288833618,
      "jsd_usergroup_1": 0.0731378048658371,
      "ndcg_usergroup_2": 0.1901020109653473,
      "jsd_usergroup_2": 0.06765227764844894,
      "ndcg_usergroup_3": 0.2665086090564728,
      "jsd_usergroup_3": 0.06960801780223846
    },
    "epoch_5": {
      "ndcg": 0.19250254333019257,
      "jsd": 0.0653519257903099,
      "ndcg_usergroup_1": 0.15683230757713318,
      "jsd_usergroup_1": 0.06999117136001587,
      "ndcg_usergroup_2": 0.18299131095409393,
      "jsd_usergroup_2": 0.06299518048763275,
      "ndcg_usergroup_3": 0.25670650601387024,
      "jsd_usergroup_3": 0.067782923579216
    },
    "epoch_6": {
      "ndcg": 0.18631772696971893,
      "jsd": 0.06116059422492981,
      "ndcg_usergroup_1": 0.15249422192573547,
      "jsd_usergroup_1": 0.06622537225484848,
      "ndcg_usergroup_2": 0.17772600054740906,
      "jsd_usergroup_2": 0.05858227238059044,
      "ndcg_usergroup_3": 0.24591635167598724,
      "jsd_usergroup_3": 0.06383077800273895
    },
    "epoch_7": {
      "ndcg": 0.18208687007427216,
      "jsd": 0.058138299733400345,
      "ndcg_usergroup_1": 0.15064546465873718,
      "jsd_usergroup_1": 0.06363954395055771,
      "ndcg_usergroup_2": 0.173007994890213,
      "jsd_usergroup_2": 0.05518331006169319,
      "ndcg_usergroup_3": 0.24076490104198456,
      "jsd_usergroup_3": 0.06150200963020325
    }
  }
}