{
  "base_recommendations": {
    "ndcg": 0.2785918116569519,
    "jsd": 0.14252586662769318,
    "ndcg_usergroup_1": 0.19963575899600983,
    "jsd_usergroup_1": 0.161077618598938,
    "ndcg_usergroup_2": 0.26794716715812683,
    "jsd_usergroup_2": 0.1419621855020523,
    "ndcg_usergroup_3": 0.38948172330856323,
    "jsd_usergroup_3": 0.12566512823104858
  },
  "postprocessed": {},
  "finetuned": {
    "epoch_1": {
      "ndcg": 0.2723688781261444,
      "jsd": 0.1236245259642601,
      "ndcg_usergroup_1": 0.1967485398054123,
      "jsd_usergroup_1": 0.14031170308589935,
      "ndcg_usergroup_2": 0.2620101273059845,
      "jsd_usergroup_2": 0.12215428054332733,
      "ndcg_usergroup_3": 0.37906548380851746,
      "jsd_usergroup_3": 0.11134804785251617
    },
    "epoch_2": {
      "ndcg": 0.2608916759490967,
      "jsd": 0.10211450606584549,
      "ndcg_usergroup_1": 0.19223615527153015,
      "jsd_usergroup_1": 0.11122629046440125,
      "ndcg_usergroup_2": 0.2503538727760315,
      "jsd_usergroup_2": 0.10077603906393051,
      "ndcg_usergroup_3": 0.36116039752960205,
      "jsd_usergroup_3": 0.09701812267303467
    },
    "epoch_3": {
      "ndcg": 0.24676208198070526,
      "jsd": 0.08884429186582565,
      "ndcg_usergroup_1": 0.18458588421344757,
      "jsd_usergroup_1": 0.09370385110378265,
      "ndcg_usergroup_2": 0.23581889271736145,
      "jsd_usergroup_2": 0.0881013348698616,
      "ndcg_usergroup_3": 0.341767817735672,
      "jsd_usergroup_3": 0.0862136036157608
    },
    "epoch_4": {
      "ndcg": 0.23345208168029785,
      "jsd": 0.08124812692403793,
      "ndcg_usergroup_1": 0.1772383451461792,
      "jsd_usergroup_1": 0.08307433128356934,
      "ndcg_usergroup_2": 0.22248540818691254,
      "jsd_usergroup_2": 0.08178234845399857,
      "ndcg_usergroup_3": 0.32256582379341125,
      "jsd_usergroup_3": 0.07781924307346344
    },
    "epoch_5": {
      "ndcg": 0.22290685772895813,
      "jsd": 0.07792597264051437,
      "ndcg_usergroup_1": 0.1716226190328598,
      "jsd_usergroup_1": 0.07972408831119537,
      "ndcg_usergroup_2": 0.21124374866485596,
      "jsd_usergroup_2": 0.07828905433416367,
      "ndcg_usergroup_3": 0.309180349111557,
      "jsd_usergroup_3": 0.07503856718540192
    },
    "epoch_6": {
      "ndcg": 0.21419911086559296,
      "jsd": 0.0763445496559143,
      "ndcg_usergroup_1": 0.16715767979621887,
      "jsd_usergroup_1": 0.07751716673374176,
      "ndcg_usergroup_2": 0.20228303968906403,
      "jsd_usergroup_2": 0.0765296220779419,
      "ndcg_usergroup_3": 0.29698875546455383,
      "jsd_usergroup_3": 0.0746166929602623
    },
    "epoch_7": {
      "ndcg": 0.2084737867116928,
      "jsd": 0.07578174769878387,
      "ndcg_usergroup_1": 0.1648399382829666,
      "jsd_usergroup_1": 0.07684812694787979,
      "ndcg_usergroup_2": 0.19700393080711365,
      "jsd_usergroup_2": 0.0757225975394249,
      "ndcg_usergroup_3": 0.2865171432495117,
      "jsd_usergroup_3": 0.0748928114771843
    },
    "epoch_8": {
      "ndcg": 0.20405638217926025,
      "jsd": 0.07551847398281097,
      "ndcg_usergroup_1": 0.16223911941051483,
      "jsd_usergroup_1": 0.07626450806856155,
      "ndcg_usergroup_2": 0.1933487504720688,
      "jsd_usergroup_2": 0.07542610913515091,
      "ndcg_usergroup_3": 0.2779964804649353,
      "jsd_usergroup_3": 0.07504957169294357
    },
    "epoch_9": {
      "ndcg": 0.2005997896194458,
      "jsd": 0.07513205707073212,
      "ndcg_usergroup_1": 0.16045460104942322,
      "jsd_usergroup_1": 0.07504220306873322,
      "ndcg_usergroup_2": 0.19020427763462067,
      "jsd_usergroup_2": 0.07509751617908478,
      "ndcg_usergroup_3": 0.2719314396381378,
      "jsd_usergroup_3": 0.07532550394535065
    },
    "epoch_10": {
      "ndcg": 0.19823281466960907,
      "jsd": 0.07406561821699142,
      "ndcg_usergroup_1": 0.1592252105474472,
      "jsd_usergroup_1": 0.07447507977485657,
      "ndcg_usergroup_2": 0.18811887502670288,
      "jsd_usergroup_2": 0.07357476651668549,
      "ndcg_usergroup_3": 0.2675821781158447,
      "jsd_usergroup_3": 0.07512867450714111
    },
    "epoch_11": {
      "ndcg": 0.19564545154571533,
      "jsd": 0.07373227179050446,
      "ndcg_usergroup_1": 0.15801842510700226,
      "jsd_usergroup_1": 0.07571623474359512,
      "ndcg_usergroup_2": 0.18561838567256927,
      "jsd_usergroup_2": 0.07250417768955231,
      "ndcg_usergroup_3": 0.26335373520851135,
      "jsd_usergroup_3": 0.07543259114027023
    },
    "epoch_12": {
      "ndcg": 0.19327622652053833,
      "jsd": 0.07235511392354965,
      "ndcg_usergroup_1": 0.15746285021305084,
      "jsd_usergroup_1": 0.0742175355553627,
      "ndcg_usergroup_2": 0.18318074941635132,
      "jsd_usergroup_2": 0.07131123542785645,
      "ndcg_usergroup_3": 0.2593761682510376,
      "jsd_usergroup_3": 0.07362432777881622
    },
    "epoch_13": {
      "ndcg": 0.19064205884933472,
      "jsd": 0.07139697670936584,
      "ndcg_usergroup_1": 0.15577854216098785,
      "jsd_usergroup_1": 0.07267926633358002,
      "ndcg_usergroup_2": 0.18100933730602264,
      "jsd_usergroup_2": 0.07026208192110062,
      "ndcg_usergroup_3": 0.2544037699699402,
      "jsd_usergroup_3": 0.07351936399936676
    },
    "epoch_14": {
      "ndcg": 0.1880517452955246,
      "jsd": 0.0703669935464859,
      "ndcg_usergroup_1": 0.15264111757278442,
      "jsd_usergroup_1": 0.06999265402555466,
      "ndcg_usergroup_2": 0.17873774468898773,
      "jsd_usergroup_2": 0.06944351643323898,
      "ndcg_usergroup_3": 0.2514043152332306,
      "jsd_usergroup_3": 0.0735117644071579
    },
    "epoch_15": {
      "ndcg": 0.1862211525440216,
      "jsd": 0.06876707077026367,
      "ndcg_usergroup_1": 0.15040268003940582,
      "jsd_usergroup_1": 0.0691259503364563,
      "ndcg_usergroup_2": 0.17742519080638885,
      "jsd_usergroup_2": 0.06732731312513351,
      "ndcg_usergroup_3": 0.24842755496501923,
      "jsd_usergroup_3": 0.07272747159004211
    },
    "epoch_16": {
      "ndcg": 0.18349456787109375,
      "jsd": 0.06767956912517548,
      "ndcg_usergroup_1": 0.14835761487483978,
      "jsd_usergroup_1": 0.06690630316734314,
      "ndcg_usergroup_2": 0.1744457185268402,
      "jsd_usergroup_2": 0.06633379310369492,
      "ndcg_usergroup_3": 0.24577808380126953,
      "jsd_usergroup_3": 0.07249018549919128
    },
    "epoch_17": {
      "ndcg": 0.18137101829051971,
      "jsd": 0.06654834747314453,
      "ndcg_usergroup_1": 0.14675810933113098,
      "jsd_usergroup_1": 0.06565237045288086,
      "ndcg_usergroup_2": 0.17261752486228943,
      "jsd_usergroup_2": 0.06495724618434906,
      "ndcg_usergroup_3": 0.2422443926334381,
      "jsd_usergroup_3": 0.07221763581037521
    },
    "epoch_18": {
      "ndcg": 0.1795220673084259,
      "jsd": 0.06552313268184662,
      "ndcg_usergroup_1": 0.1464652717113495,
      "jsd_usergroup_1": 0.06369186192750931,
      "ndcg_usergroup_2": 0.17045694589614868,
      "jsd_usergroup_2": 0.0641375184059143,
      "ndcg_usergroup_3": 0.23977428674697876,
      "jsd_usergroup_3": 0.07151125371456146
    },
    "epoch_19": {
      "ndcg": 0.1784103363752365,
      "jsd": 0.06451359391212463,
      "ndcg_usergroup_1": 0.14679831266403198,
      "jsd_usergroup_1": 0.06325392425060272,
      "ndcg_usergroup_2": 0.16926971077919006,
      "jsd_usergroup_2": 0.06289786845445633,
      "ndcg_usergroup_3": 0.23744429647922516,
      "jsd_usergroup_3": 0.07062043249607086
    },
    "epoch_20": {
      "ndcg": 0.1776011884212494,
      "jsd": 0.06296426057815552,
      "ndcg_usergroup_1": 0.14671725034713745,
      "jsd_usergroup_1": 0.062182363122701645,
      "ndcg_usergroup_2": 0.16824057698249817,
      "jsd_usergroup_2": 0.060994233936071396,
      "ndcg_usergroup_3": 0.23656700551509857,
      "jsd_usergroup_3": 0.06965623050928116
    },
    "epoch_21": {
      "ndcg": 0.17662721872329712,
      "jsd": 0.06221337243914604,
      "ndcg_usergroup_1": 0.14572936296463013,
      "jsd_usergroup_1": 0.06204160302877426,