{
  "base_recommendations": {
    "ndcg": 0.2785918116569519,
    "jsd": 0.14252586662769318,
    "ndcg_usergroup_1": 0.19963575899600983,
    "jsd_usergroup_1": 0.161077618598938,
    "ndcg_usergroup_2": 0.26794716715812683,
    "jsd_usergroup_2": 0.1419621855020523,
    "ndcg_usergroup_3": 0.38948172330856323,
    "jsd_usergroup_3": 0.12566512823104858
  },
  "postprocessed": {},
  "finetuned": {
    "epoch_1": {
      "ndcg": 0.27756714820861816,
      "jsd": 0.13804349303245544,
      "ndcg_usergroup_1": 0.19941219687461853,
      "jsd_usergroup_1": 0.15581178665161133,
      "ndcg_usergroup_2": 0.26678064465522766,
      "jsd_usergroup_2": 0.13740867376327515,
      "ndcg_usergroup_3": 0.3880816400051117,
      "jsd_usergroup_3": 0.12217962741851807
    },
    "epoch_2": {
      "ndcg": 0.2750600576400757,
      "jsd": 0.12840279936790466,
      "ndcg_usergroup_1": 0.19762824475765228,
      "jsd_usergroup_1": 0.14716261625289917,
      "ndcg_usergroup_2": 0.2653324604034424,
      "jsd_usergroup_2": 0.12760290503501892,
      "ndcg_usergroup_3": 0.3816746771335602,
      "jsd_usergroup_3": 0.112042635679245
    },
    "epoch_3": {
      "ndcg": 0.27151039242744446,
      "jsd": 0.11808427423238754,
      "ndcg_usergroup_1": 0.19658567011356354,
      "jsd_usergroup_1": 0.13800057768821716,
      "ndcg_usergroup_2": 0.2618376314640045,
      "jsd_usergroup_2": 0.1167387142777443,
      "ndcg_usergroup_3": 0.3754533529281616,
      "jsd_usergroup_3": 0.10220463573932648
    },
    "epoch_4": {
      "ndcg": 0.26762187480926514,
      "jsd": 0.10796947777271271,
      "ndcg_usergroup_1": 0.19418089091777802,
      "jsd_usergroup_1": 0.1264488846063614,
      "ndcg_usergroup_2": 0.25861856341362,
      "jsd_usergroup_2": 0.1063845157623291,
      "ndcg_usergroup_3": 0.36807265877723694,
      "jsd_usergroup_3": 0.09424496442079544
    },
    "epoch_5": {
      "ndcg": 0.2632390260696411,
      "jsd": 0.09842871874570847,
      "ndcg_usergroup_1": 0.19368624687194824,
      "jsd_usergroup_1": 0.11547275632619858,
      "ndcg_usergroup_2": 0.2538797855377197,
      "jsd_usergroup_2": 0.09702831506729126,
      "ndcg_usergroup_3": 0.360869437456131,
      "jsd_usergroup_3": 0.08558587729930878
    },
    "epoch_6": {
      "ndcg": 0.2580246031284332,
      "jsd": 0.08954987674951553,
      "ndcg_usergroup_1": 0.19056613743305206,
      "jsd_usergroup_1": 0.10644811391830444,
      "ndcg_usergroup_2": 0.24941521883010864,
      "jsd_usergroup_2": 0.08741170912981033,
      "ndcg_usergroup_3": 0.35131117701530457,
      "jsd_usergroup_3": 0.07906609028577805
    },
    "epoch_7": {
      "ndcg": 0.2532101571559906,
      "jsd": 0.08218545466661453,
      "ndcg_usergroup_1": 0.18789684772491455,
      "jsd_usergroup_1": 0.09503336995840073,
      "ndcg_usergroup_2": 0.24448372423648834,
      "jsd_usergroup_2": 0.0806742012500763,
      "ndcg_usergroup_3": 0.344702810049057,
      "jsd_usergroup_3": 0.07387126982212067
    },
    "epoch_8": {
      "ndcg": 0.2487664520740509,
      "jsd": 0.0760175883769989,
      "ndcg_usergroup_1": 0.18579235672950745,
      "jsd_usergroup_1": 0.08709186315536499,
      "ndcg_usergroup_2": 0.24016623198986053,
      "jsd_usergroup_2": 0.0740797221660614,
      "ndcg_usergroup_3": 0.33754125237464905,
      "jsd_usergroup_3": 0.07075687497854233
    },
    "epoch_9": {
      "ndcg": 0.24391108751296997,
      "jsd": 0.07096888870000839,
      "ndcg_usergroup_1": 0.18486472964286804,
      "jsd_usergroup_1": 0.07818397879600525,
      "ndcg_usergroup_2": 0.23524336516857147,
      "jsd_usergroup_2": 0.06942317634820938,
      "ndcg_usergroup_3": 0.3289605975151062,
      "jsd_usergroup_3": 0.06839093565940857
    },
    "epoch_10": {
      "ndcg": 0.23940813541412354,
      "jsd": 0.06724758446216583,
      "ndcg_usergroup_1": 0.18162387609481812,
      "jsd_usergroup_1": 0.07338093966245651,
      "ndcg_usergroup_2": 0.23030130565166473,
      "jsd_usergroup_2": 0.06522872298955917,
      "ndcg_usergroup_3": 0.3245128095149994,
      "jsd_usergroup_3": 0.06717078387737274
    },
    "epoch_11": {
      "ndcg": 0.23385471105575562,
      "jsd": 0.0640457347035408,
      "ndcg_usergroup_1": 0.17779751121997833,
      "jsd_usergroup_1": 0.06875026226043701,
      "ndcg_usergroup_2": 0.2246732860803604,
      "jsd_usergroup_2": 0.06228401139378548,
      "ndcg_usergroup_3": 0.31745609641075134,
      "jsd_usergroup_3": 0.06462635844945908
    },
    "epoch_12": {
      "ndcg": 0.23035810887813568,
      "jsd": 0.06277769058942795,
      "ndcg_usergroup_1": 0.17520727217197418,
      "jsd_usergroup_1": 0.06529951095581055,
      "ndcg_usergroup_2": 0.22080790996551514,
      "jsd_usergroup_2": 0.06096156686544418,
      "ndcg_usergroup_3": 0.31415948271751404,
      "jsd_usergroup_3": 0.06570424139499664
    },
    "epoch_13": {
      "ndcg": 0.22573350369930267,
      "jsd": 0.06054450199007988,
      "ndcg_usergroup_1": 0.17307941615581512,
      "jsd_usergroup_1": 0.06268835812807083,
      "ndcg_usergroup_2": 0.21627262234687805,
      "jsd_usergroup_2": 0.05931703373789787,
      "ndcg_usergroup_3": 0.30677011609077454,
      "jsd_usergroup_3": 0.062083035707473755
    },
    "epoch_14": {
      "ndcg": 0.22369469702243805,
      "jsd": 0.06037915125489235,
      "ndcg_usergroup_1": 0.171960711479187,
      "jsd_usergroup_1": 0.06071634963154793,
      "ndcg_usergroup_2": 0.21411405503749847,
      "jsd_usergroup_2": 0.05895976349711418,
      "ndcg_usergroup_3": 0.3041706085205078,
      "jsd_usergroup_3": 0.06430010497570038
    },
    "epoch_15": {
      "ndcg": 0.21983468532562256,
      "jsd": 0.05922570824623108,
      "ndcg_usergroup_1": 0.1710832417011261,
      "jsd_usergroup_1": 0.059264153242111206,
      "ndcg_usergroup_2": 0.2101234495639801,
      "jsd_usergroup_2": 0.058570850640535355,
      "ndcg_usergroup_3": 0.29771995544433594,
      "jsd_usergroup_3": 0.061151813715696335
    }
  }
}