{
  "base_recommendations": {
    "ndcg": 0.2785918116569519,
    "jsd": 0.14252586662769318,
    "ndcg_usergroup_1": 0.19963575899600983,
    "jsd_usergroup_1": 0.161077618598938,
    "ndcg_usergroup_2": 0.26794716715812683,
    "jsd_usergroup_2": 0.1419621855020523,
    "ndcg_usergroup_3": 0.38948172330856323,
    "jsd_usergroup_3": 0.12566512823104858
  },
  "postprocessed": {},
  "finetuned": {
    "epoch_1": {
      "ndcg": 0.2634930908679962,
      "jsd": 0.09892972558736801,
      "ndcg_usergroup_1": 0.18846119940280914,
      "jsd_usergroup_1": 0.0923013761639595,
      "ndcg_usergroup_2": 0.2524382472038269,
      "jsd_usergroup_2": 0.0993422269821167,
      "ndcg_usergroup_3": 0.3716895878314972,
      "jsd_usergroup_3": 0.10432058572769165
    },
    "epoch_2": {
      "ndcg": 0.2474084198474884,
      "jsd": 0.08022484183311462,
      "ndcg_usergroup_1": 0.17317800223827362,
      "jsd_usergroup_1": 0.06852331012487411,
      "ndcg_usergroup_2": 0.23640795052051544,
      "jsd_usergroup_2": 0.08174774050712585,
      "ndcg_usergroup_3": 0.3546401262283325,
      "jsd_usergroup_3": 0.08735766261816025
    },
    "epoch_3": {
      "ndcg": 0.2381313294172287,
      "jsd": 0.06842457503080368,
      "ndcg_usergroup_1": 0.16977161169052124,
      "jsd_usergroup_1": 0.058480825275182724,
      "ndcg_usergroup_2": 0.22665920853614807,
      "jsd_usergroup_2": 0.06977856159210205,
      "ndcg_usergroup_3": 0.3409074544906616,
      "jsd_usergroup_3": 0.07430633902549744
    },
    "epoch_4": {
      "ndcg": 0.23190149664878845,
      "jsd": 0.06102384999394417,
      "ndcg_usergroup_1": 0.1673894226551056,
      "jsd_usergroup_1": 0.05259969085454941,
      "ndcg_usergroup_2": 0.2208961695432663,
      "jsd_usergroup_2": 0.06166347861289978,
      "ndcg_usergroup_3": 0.32942962646484375,
      "jsd_usergroup_3": 0.06752913445234299
    },
    "epoch_5": {
      "ndcg": 0.22797274589538574,
      "jsd": 0.055392589420080185,
      "ndcg_usergroup_1": 0.16980420053005219,
      "jsd_usergroup_1": 0.04970454424619675,
      "ndcg_usergroup_2": 0.21607866883277893,
      "jsd_usergroup_2": 0.0551946796476841,
      "ndcg_usergroup_3": 0.321823388338089,
      "jsd_usergroup_3": 0.06167437136173248
    },
    "epoch_6": {
      "ndcg": 0.22482594847679138,
      "jsd": 0.05215149000287056,
      "ndcg_usergroup_1": 0.16764242947101593,
      "jsd_usergroup_1": 0.04633352905511856,
      "ndcg_usergroup_2": 0.21376357972621918,
      "jsd_usergroup_2": 0.05162276700139046,
      "ndcg_usergroup_3": 0.31519657373428345,
      "jsd_usergroup_3": 0.05955563485622406
    },
    "epoch_7": {
      "ndcg": 0.2234979271888733,
      "jsd": 0.050907332450151443,
      "ndcg_usergroup_1": 0.16657793521881104,
      "jsd_usergroup_1": 0.045064251869916916,
      "ndcg_usergroup_2": 0.2131980061531067,
      "jsd_usergroup_2": 0.050281647592782974,
      "ndcg_usergroup_3": 0.31131765246391296,
      "jsd_usergroup_3": 0.05862746387720108
    },
    "epoch_8": {
      "ndcg": 0.22079706192016602,
      "jsd": 0.050799641758203506,
      "ndcg_usergroup_1": 0.1659380942583084,
      "jsd_usergroup_1": 0.04526718333363533,
      "ndcg_usergroup_2": 0.20943549275398254,
      "jsd_usergroup_2": 0.05000835657119751,
      "ndcg_usergroup_3": 0.30974081158638,
      "jsd_usergroup_3": 0.05870596691966057
    }
  }
}