{
  "base_recommendations": {
    "ndcg": 0.2785918116569519,
    "jsd": 0.14252586662769318,
    "ndcg_usergroup_1": 0.19963575899600983,
    "jsd_usergroup_1": 0.161077618598938,
    "ndcg_usergroup_2": 0.26794716715812683,
    "jsd_usergroup_2": 0.1419621855020523,
    "ndcg_usergroup_3": 0.38948172330856323,
    "jsd_usergroup_3": 0.12566512823104858
  },
  "postprocessed": {},
  "finetuned": {
    "epoch_1": {
      "ndcg": 0.2668628394603729,
      "jsd": 0.10417069494724274,
      "ndcg_usergroup_1": 0.19147305190563202,
      "jsd_usergroup_1": 0.09898630529642105,
      "ndcg_usergroup_2": 0.2549947500228882,
      "jsd_usergroup_2": 0.10377780348062515,
      "ndcg_usergroup_3": 0.3778568208217621,
      "jsd_usergroup_3": 0.11053375899791718
    },
    "epoch_2": {
      "ndcg": 0.2536434531211853,
      "jsd": 0.08732924610376358,
      "ndcg_usergroup_1": 0.17599385976791382,
      "jsd_usergroup_1": 0.07237664610147476,
      "ndcg_usergroup_2": 0.24189536273479462,
      "jsd_usergroup_2": 0.08856654167175293,
      "ndcg_usergroup_3": 0.3665372431278229,
      "jsd_usergroup_3": 0.09856993705034256
    },
    "epoch_3": {
      "ndcg": 0.24617399275302887,
      "jsd": 0.07802611589431763,
      "ndcg_usergroup_1": 0.16915372014045715,
      "jsd_usergroup_1": 0.06372373551130295,
      "ndcg_usergroup_2": 0.23399309813976288,
      "jsd_usergroup_2": 0.07950463145971298,
      "ndcg_usergroup_3": 0.35973700881004333,
      "jsd_usergroup_3": 0.08789293467998505
    },
    "epoch_4": {
      "ndcg": 0.2415832132101059,
      "jsd": 0.07277258485555649,
      "ndcg_usergroup_1": 0.16777963936328888,
      "jsd_usergroup_1": 0.06005559489130974,
      "ndcg_usergroup_2": 0.2295989841222763,
      "jsd_usergroup_2": 0.07362774759531021,
      "ndcg_usergroup_3": 0.3513393998146057,
      "jsd_usergroup_3": 0.08292406797409058
    },
    "epoch_5": {
      "ndcg": 0.2379588782787323,
      "jsd": 0.06919412314891815,
      "ndcg_usergroup_1": 0.1675213724374771,
      "jsd_usergroup_1": 0.05873897299170494,
      "ndcg_usergroup_2": 0.22509923577308655,
      "jsd_usergroup_2": 0.06942756474018097,
      "ndcg_usergroup_3": 0.34697532653808594,
      "jsd_usergroup_3": 0.07894893735647202
    },
    "epoch_6": {
      "ndcg": 0.23574356734752655,
      "jsd": 0.06611891835927963,
      "ndcg_usergroup_1": 0.16988712549209595,
      "jsd_usergroup_1": 0.057050514966249466,
      "ndcg_usergroup_2": 0.22264306247234344,
      "jsd_usergroup_2": 0.06575962901115417,
      "ndcg_usergroup_3": 0.3409014642238617,
      "jsd_usergroup_3": 0.07626519352197647
    },
    "epoch_7": {
      "ndcg": 0.23240987956523895,
      "jsd": 0.0645076259970665,
      "ndcg_usergroup_1": 0.1652497798204422,
      "jsd_usergroup_1": 0.05666705593466759,
      "ndcg_usergroup_2": 0.22011320292949677,
      "jsd_usergroup_2": 0.06408888101577759,
      "ndcg_usergroup_3": 0.3364599943161011,
      "jsd_usergroup_3": 0.07360443472862244
    },
    "epoch_8": {
      "ndcg": 0.2295447438955307,
      "jsd": 0.06389337033033371,
      "ndcg_usergroup_1": 0.1642734408378601,
      "jsd_usergroup_1": 0.05661676451563835,
      "ndcg_usergroup_2": 0.2174234688282013,
      "jsd_usergroup_2": 0.06305072456598282,
      "ndcg_usergroup_3": 0.33117979764938354,
      "jsd_usergroup_3": 0.07369791716337204
    },
    "epoch_9": {
      "ndcg": 0.22540627419948578,
      "jsd": 0.06338649243116379,
      "ndcg_usergroup_1": 0.16101226210594177,
      "jsd_usergroup_1": 0.05654946342110634,
      "ndcg_usergroup_2": 0.2131883054971695,
      "jsd_usergroup_2": 0.06267644464969635,
      "ndcg_usergroup_3": 0.32645419239997864,
      "jsd_usergroup_3": 0.07235363125801086
    },
    "epoch_10": {
      "ndcg": 0.22251568734645844,
      "jsd": 0.0629529058933258,
      "ndcg_usergroup_1": 0.16011446714401245,
      "jsd_usergroup_1": 0.056059785187244415,
      "ndcg_usergroup_2": 0.21002037823200226,
      "jsd_usergroup_2": 0.06238218769431114,
      "ndcg_usergroup_3": 0.3224027454853058,
      "jsd_usergroup_3": 0.0715581625699997
    }
  }
}