{"base_recommendations": {"ndcg": 0.2785918116569519, "jsd": 0.14252586662769318}, "postprocessed": {}, "finetuned": {"epoch_1": {"ndcg": 0.27852150797843933, "jsd": 0.14161749184131622}, "epoch_2": {"ndcg": 0.2779105007648468, "jsd": 0.14044567942619324}, "epoch_3": {"ndcg": 0.2775489389896393, "jsd": 0.1385783702135086}, "epoch_4": {"ndcg": 0.27693644165992737, "jsd": 0.13585008680820465}, "epoch_5": {"ndcg": 0.27608880400657654, "jsd": 0.13369552791118622}, "epoch_6": {"ndcg": 0.2752123177051544, "jsd": 0.1311286836862564}, "epoch_7": {"ndcg": 0.2747054696083069, "jsd": 0.12856365740299225}, "epoch_8": {"ndcg": 0.2735958993434906, "jsd": 0.126027449965477}, "epoch_9": {"ndcg": 0.2729974389076233, "jsd": 0.12357262521982193}, "epoch_10": {"ndcg": 0.2722245752811432, "jsd": 0.12120123207569122}, "epoch_11": {"ndcg": 0.27097734808921814, "jsd": 0.11855672299861908}, "epoch_12": {"ndcg": 0.2700543999671936, "jsd": 0.11647874861955643}, "epoch_13": {"ndcg": 0.26885223388671875, "jsd": 0.11382190138101578}, "epoch_14": {"ndcg": 0.2678525149822235, "jsd": 0.11161880195140839}, "epoch_15": {"ndcg": 0.2667454481124878, "jsd": 0.10936208814382553}, "epoch_16": {"ndcg": 0.26612138748168945, "jsd": 0.10689723491668701}, "epoch_17": {"ndcg": 0.26495036482810974, "jsd": 0.10456186532974243}, "epoch_18": {"ndcg": 0.2636631727218628, "jsd": 0.10233124345541}, "epoch_19": {"ndcg": 0.2627168297767639, "jsd": 0.10055563598871231}, "epoch_20": {"ndcg": 0.2613196074962616, "jsd": 0.09831799566745758}, "epoch_21": {"ndcg": 0.26023244857788086, "jsd": 0.09667379409074783}, "epoch_22": {"ndcg": 0.25903254747390747, "jsd": 0.09516622126102448}, "epoch_23": {"ndcg": 0.2581564784049988, "jsd": 0.09383843094110489}, "epoch_24": {"ndcg": 0.2566227316856384, "jsd": 0.09238006174564362}, "epoch_25": {"ndcg": 0.2557480037212372, "jsd": 0.09096222370862961}, "epoch_26": {"ndcg": 0.2549907863140106, "jsd": 0.08992411941289902}, "epoch_27": {"ndcg": 0.254106342792511, "jsd": 0.08832021057605743}, "epoch_28": {"ndcg": 0.25291910767555237, "jsd": 0.087460957467556}, "epoch_29": {"ndcg": 0.2520028352737427, "jsd": 0.0862538143992424}, "epoch_30": {"ndcg": 0.25072741508483887, "jsd": 0.08518046140670776}, "epoch_31": {"ndcg": 0.24955788254737854, "jsd": 0.08406706899404526}, "epoch_32": {"ndcg": 0.24855194985866547, "jsd": 0.08303076028823853}, "epoch_33": {"ndcg": 0.24771271646022797, "jsd": 0.08222848176956177}, "epoch_34": {"ndcg": 0.24652035534381866, "jsd": 0.08131220191717148}, "epoch_35": {"ndcg": 0.24546930193901062, "jsd": 0.0803622156381607}, "epoch_36": {"ndcg": 0.24450857937335968, "jsd": 0.07969142496585846}, "epoch_37": {"ndcg": 0.24370311200618744, "jsd": 0.07880322635173798}, "epoch_38": {"ndcg": 0.24258831143379211, "jsd": 0.07827647775411606}, "epoch_39": {"ndcg": 0.24163080751895905, "jsd": 0.07750607281923294}, "epoch_40": {"ndcg": 0.24069806933403015, "jsd": 0.07674674689769745}, "epoch_41": {"ndcg": 0.2396354079246521, "jsd": 0.07649602741003036}, "epoch_42": {"ndcg": 0.2389872819185257, "jsd": 0.07609858363866806}, "epoch_43": {"ndcg": 0.23768995702266693, "jsd": 0.07562151551246643}, "epoch_44": {"ndcg": 0.23707401752471924, "jsd": 0.0752977803349495}, "epoch_45": {"ndcg": 0.23639298975467682, "jsd": 0.07515133917331696}, "epoch_46": {"ndcg": 0.23566433787345886, "jsd": 0.07458092272281647}, "epoch_47": {"ndcg": 0.23479941487312317, "jsd": 0.07449661940336227}, "epoch_48": {"ndcg": 0.23422971367835999, "jsd": 0.07416414469480515}, "epoch_50": {"ndcg": 0.2334163635969162, "jsd": 0.07370755821466446}, "epoch_51": {"ndcg": 0.2326078712940216, "jsd": 0.07334595173597336}, "epoch_52": {"ndcg": 0.23195409774780273, "jsd": 0.07324734330177307}, "epoch_53": {"ndcg": 0.23158052563667297, "jsd": 0.07299744337797165}, "epoch_54": {"ndcg": 0.23069971799850464, "jsd": 0.07288067787885666}, "epoch_59": {"ndcg": 0.22786109149456024, "jsd": 0.0727374330163002}}}