{
  "base_recommendations": {
    "ndcg": 0.2785918116569519,
    "jsd": 0.14252586662769318,
    "ndcg_usergroup_1": 0.19963575899600983,
    "jsd_usergroup_1": 0.161077618598938,
    "ndcg_usergroup_2": 0.26794716715812683,
    "jsd_usergroup_2": 0.1419621855020523,
    "ndcg_usergroup_3": 0.38948172330856323,
    "jsd_usergroup_3": 0.12566512823104858
  },
  "postprocessed": {},
  "finetuned": {
    "epoch_1": {
      "ndcg": 0.2776322066783905,
      "jsd": 0.13713335990905762,
      "ndcg_usergroup_1": 0.19942979514598846,
      "jsd_usergroup_1": 0.15518946945667267,
      "ndcg_usergroup_2": 0.2669644355773926,
      "jsd_usergroup_2": 0.1367271989583969,
      "ndcg_usergroup_3": 0.38783788681030273,
      "jsd_usergroup_3": 0.12029571831226349
    },
    "epoch_2": {
      "ndcg": 0.27476394176483154,
      "jsd": 0.12669339776039124,
      "ndcg_usergroup_1": 0.19775481522083282,
      "jsd_usergroup_1": 0.14635616540908813,
      "ndcg_usergroup_2": 0.2648986876010895,
      "jsd_usergroup_2": 0.12645354866981506,
      "ndcg_usergroup_3": 0.3813689649105072,
      "jsd_usergroup_3": 0.10775017738342285
    },
    "epoch_3": {
      "ndcg": 0.27090659737586975,
      "jsd": 0.11498447507619858,
      "ndcg_usergroup_1": 0.19666190445423126,
      "jsd_usergroup_1": 0.13482888042926788,
      "ndcg_usergroup_2": 0.2608778178691864,
      "jsd_usergroup_2": 0.11397873610258102,
      "ndcg_usergroup_3": 0.37523746490478516,
      "jsd_usergroup_3": 0.09815727919340134
    },
    "epoch_4": {
      "ndcg": 0.26692724227905273,
      "jsd": 0.10389339923858643,
      "ndcg_usergroup_1": 0.1946655809879303,
      "jsd_usergroup_1": 0.12302350997924805,
      "ndcg_usergroup_2": 0.2575565576553345,
      "jsd_usergroup_2": 0.102901391685009,
      "ndcg_usergroup_3": 0.36730092763900757,
      "jsd_usergroup_3": 0.08773928880691528
    },
    "epoch_5": {
      "ndcg": 0.2625490725040436,
      "jsd": 0.09269759804010391,
      "ndcg_usergroup_1": 0.19237546622753143,
      "jsd_usergroup_1": 0.1097133681178093,
      "ndcg_usergroup_2": 0.25377970933914185,
      "jsd_usergroup_2": 0.0913572683930397,
      "ndcg_usergroup_3": 0.3590308129787445,
      "jsd_usergroup_3": 0.07970281690359116
    },
    "epoch_6": {
      "ndcg": 0.2573530375957489,
      "jsd": 0.08423569053411484,
      "ndcg_usergroup_1": 0.19040413200855255,
      "jsd_usergroup_1": 0.09907760471105576,
      "ndcg_usergroup_2": 0.24807162582874298,
      "jsd_usergroup_2": 0.08300808072090149,
      "ndcg_usergroup_3": 0.35214605927467346,
      "jsd_usergroup_3": 0.07307659834623337
    },
    "epoch_7": {
      "ndcg": 0.2522156536579132,
      "jsd": 0.07678162306547165,
      "ndcg_usergroup_1": 0.18898943066596985,
      "jsd_usergroup_1": 0.08997786045074463,
      "ndcg_usergroup_2": 0.24214233458042145,
      "jsd_usergroup_2": 0.07521788775920868,
      "ndcg_usergroup_3": 0.3456619679927826,
      "jsd_usergroup_3": 0.06827659904956818
    },
    "epoch_8": {
      "ndcg": 0.24781587719917297,
      "jsd": 0.07070394605398178,
      "ndcg_usergroup_1": 0.18794319033622742,
      "jsd_usergroup_1": 0.0818139985203743,
      "ndcg_usergroup_2": 0.23678387701511383,
      "jsd_usergroup_2": 0.06891617178916931,
      "ndcg_usergroup_3": 0.3407844007015228,
      "jsd_usergroup_3": 0.06495721638202667
    },
    "epoch_9": {
      "ndcg": 0.24327121675014496,
      "jsd": 0.06546761095523834,
      "ndcg_usergroup_1": 0.1835152804851532,
      "jsd_usergroup_1": 0.07327684760093689,
      "ndcg_usergroup_2": 0.23234012722969055,
      "jsd_usergroup_2": 0.06385200470685959,
      "ndcg_usergroup_3": 0.33582040667533875,
      "jsd_usergroup_3": 0.06250518560409546
    },
    "epoch_10": {
      "ndcg": 0.2389484941959381,
      "jsd": 0.06225084140896797,
      "ndcg_usergroup_1": 0.18073447048664093,
      "jsd_usergroup_1": 0.06675506383180618,
      "ndcg_usergroup_2": 0.2270197719335556,
      "jsd_usergroup_2": 0.061200447380542755,
      "ndcg_usergroup_3": 0.3329487442970276,
      "jsd_usergroup_3": 0.06089780107140541
    },
    "epoch_11": {
      "ndcg": 0.23426710069179535,
      "jsd": 0.05867873504757881,
      "ndcg_usergroup_1": 0.1764691025018692,
      "jsd_usergroup_1": 0.061160631477832794,
      "ndcg_usergroup_2": 0.22258853912353516,
      "jsd_usergroup_2": 0.05782561004161835,
      "ndcg_usergroup_3": 0.3271006941795349,
      "jsd_usergroup_3": 0.05875619128346443
    },
    "epoch_12": {
      "ndcg": 0.23083613812923431,
      "jsd": 0.057461999356746674,
      "ndcg_usergroup_1": 0.17477451264858246,
      "jsd_usergroup_1": 0.05739862099289894,
      "ndcg_usergroup_2": 0.21738463640213013,
      "jsd_usergroup_2": 0.056345339864492416,
      "ndcg_usergroup_3": 0.3272523283958435,
      "jsd_usergroup_3": 0.060875341296195984
    },
    "epoch_13": {
      "ndcg": 0.22615712881088257,
      "jsd": 0.05576598271727562,
      "ndcg_usergroup_1": 0.17077487707138062,
      "jsd_usergroup_1": 0.05346402898430824,
      "ndcg_usergroup_2": 0.21406805515289307,
      "jsd_usergroup_2": 0.05511865392327309,
      "ndcg_usergroup_3": 0.31780654191970825,
      "jsd_usergroup_3": 0.060009948909282684
    },
    "epoch_14": {
      "ndcg": 0.2241085320711136,
      "jsd": 0.055348217487335205,
      "ndcg_usergroup_1": 0.170329749584198,
      "jsd_usergroup_1": 0.051391247659921646,
      "ndcg_usergroup_2": 0.209510937333107,
      "jsd_usergroup_2": 0.054954420775175095,
      "ndcg_usergroup_3": 0.32168006896972656,
      "jsd_usergroup_3": 0.0604865737259388
    },
    "epoch_15": {
      "ndcg": 0.22064779698848724,
      "jsd": 0.054675254970788956,
      "ndcg_usergroup_1": 0.16610772907733917,
      "jsd_usergroup_1": 0.04972713068127632,
      "ndcg_usergroup_2": 0.20763003826141357,
      "jsd_usergroup_2": 0.054507456719875336,
      "ndcg_usergroup_3": 0.31424111127853394,
      "jsd_usergroup_3": 0.060126785188913345
    },
    "epoch_16": {
      "ndcg": 0.21908719837665558,
      "jsd": 0.054674405604600906,
      "ndcg_usergroup_1": 0.1661922037601471,
      "jsd_usergroup_1": 0.049492351710796356,
      "ndcg_usergroup_2": 0.20401181280612946,
      "jsd_usergroup_2": 0.05418810993432999,
      "ndcg_usergroup_3": 0.3172082006931305,
      "jsd_usergroup_3": 0.061315301805734634
    },
    "epoch_19": {
      "ndcg": 0.21210432052612305,
      "jsd": 0.055196814239025116,
      "ndcg_usergroup_1": 0.1605578511953354,
      "jsd_usergroup_1": 0.04823211580514908,
      "ndcg_usergroup_2": 0.19760984182357788,
      "jsd_usergroup_2": 0.05524244159460068,
      "ndcg_usergroup_3": 0.3071343004703522,
      "jsd_usergroup_3": 0.06202464550733566
    },
    "epoch_21": {
      "ndcg": 0.21012356877326965,
      "jsd": 0.05280908942222595,
      "ndcg_usergroup_1": 0.1571267545223236,
      "jsd_usergroup_1": 0.046708881855010986,
      "ndcg_usergroup_2": 0.1965000033378601,
      "jsd_usergroup_2": 0.05246705189347267,
      "ndcg_usergroup_3": 0.3039911091327667,
      "jsd_usergroup_3": 0.059935398399829865
    }
  }
}