{"base_recommendations": {"ndcg": 0.2785918116569519, "jsd": 0.14252586662769318}, "postprocessed": {}, "finetuned": {"epoch_1": {"ndcg": 0.2786515951156616, "jsd": 0.14121317863464355}, "epoch_2": {"ndcg": 0.2781761884689331, "jsd": 0.13935032486915588}, "epoch_3": {"ndcg": 0.27741682529449463, "jsd": 0.13639865815639496}, "epoch_4": {"ndcg": 0.27663224935531616, "jsd": 0.13290069997310638}, "epoch_5": {"ndcg": 0.27579250931739807, "jsd": 0.12941910326480865}, "epoch_6": {"ndcg": 0.2753007411956787, "jsd": 0.1260589361190796}, "epoch_7": {"ndcg": 0.2744539976119995, "jsd": 0.12226317822933197}, "epoch_8": {"ndcg": 0.27300360798835754, "jsd": 0.11889137327671051}, "epoch_9": {"ndcg": 0.2717829942703247, "jsd": 0.11534563452005386}, "epoch_10": {"ndcg": 0.2709418535232544, "jsd": 0.1119624674320221}, "epoch_11": {"ndcg": 0.26989811658859253, "jsd": 0.10887134075164795}, "epoch_12": {"ndcg": 0.2689569294452667, "jsd": 0.1053699254989624}, "epoch_13": {"ndcg": 0.2678188979625702, "jsd": 0.10228116810321808}, "epoch_14": {"ndcg": 0.2668982148170471, "jsd": 0.09926485270261765}, "epoch_15": {"ndcg": 0.2658846378326416, "jsd": 0.09657667577266693}, "epoch_16": {"ndcg": 0.2647516429424286, "jsd": 0.09363669902086258}, "epoch_17": {"ndcg": 0.2635425627231598, "jsd": 0.09083536267280579}, "epoch_18": {"ndcg": 0.2619989514350891, "jsd": 0.08851483464241028}, "epoch_19": {"ndcg": 0.2605665326118469, "jsd": 0.08608072996139526}, "epoch_20": {"ndcg": 0.2591722011566162, "jsd": 0.08404668420553207}, "epoch_21": {"ndcg": 0.2576906085014343, "jsd": 0.08200719952583313}, "epoch_22": {"ndcg": 0.25654539465904236, "jsd": 0.07994277030229568}, "epoch_23": {"ndcg": 0.2554410696029663, "jsd": 0.07819662243127823}, "epoch_24": {"ndcg": 0.2544056177139282, "jsd": 0.0766826868057251}, "epoch_25": {"ndcg": 0.253200888633728, "jsd": 0.07510658353567123}, "epoch_26": {"ndcg": 0.2520769238471985, "jsd": 0.0733642503619194}, "epoch_27": {"ndcg": 0.2511855363845825, "jsd": 0.07194247096776962}, "epoch_28": {"ndcg": 0.250072717666626, "jsd": 0.0706561952829361}, "epoch_29": {"ndcg": 0.24867849051952362, "jsd": 0.06892488151788712}, "epoch_30": {"ndcg": 0.247970849275589, "jsd": 0.0677642747759819}, "epoch_31": {"ndcg": 0.2468911111354828, "jsd": 0.06648869067430496}, "epoch_32": {"ndcg": 0.24633120000362396, "jsd": 0.06517168134450912}, "epoch_33": {"ndcg": 0.24523279070854187, "jsd": 0.06414198130369186}, "epoch_34": {"ndcg": 0.2441558539867401, "jsd": 0.06316445022821426}, "epoch_35": {"ndcg": 0.24296070635318756, "jsd": 0.06235278770327568}, "epoch_36": {"ndcg": 0.24184691905975342, "jsd": 0.06133022904396057}, "epoch_37": {"ndcg": 0.24028082191944122, "jsd": 0.060421593487262726}, "epoch_38": {"ndcg": 0.23934374749660492, "jsd": 0.05963684618473053}, "epoch_39": {"ndcg": 0.23868019878864288, "jsd": 0.05892593413591385}, "epoch_40": {"ndcg": 0.23811876773834229, "jsd": 0.05834822729229927}, "epoch_41": {"ndcg": 0.2374684363603592, "jsd": 0.05783473700284958}, "epoch_42": {"ndcg": 0.23673918843269348, "jsd": 0.05736168101429939}, "epoch_43": {"ndcg": 0.23606078326702118, "jsd": 0.05696097016334534}, "epoch_44": {"ndcg": 0.2349400818347931, "jsd": 0.05666709318757057}, "epoch_45": {"ndcg": 0.2340553104877472, "jsd": 0.05625235661864281}, "epoch_46": {"ndcg": 0.23325389623641968, "jsd": 0.055709242820739746}, "epoch_47": {"ndcg": 0.2328863888978958, "jsd": 0.055169932544231415}, "epoch_48": {"ndcg": 0.2324361652135849, "jsd": 0.05487052723765373}, "epoch_49": {"ndcg": 0.23151366412639618, "jsd": 0.05462261661887169}, "epoch_50": {"ndcg": 0.23074708878993988, "jsd": 0.05409163981676102}, "epoch_51": {"ndcg": 0.23027820885181427, "jsd": 0.053924672305583954}, "epoch_52": {"ndcg": 0.2294093519449234, "jsd": 0.05338664725422859}, "epoch_54": {"ndcg": 0.22725144028663635, "jsd": 0.05288181081414223}, "epoch_56": {"ndcg": 0.22638680040836334, "jsd": 0.05234682932496071}, "epoch_58": {"ndcg": 0.22499576210975647, "jsd": 0.05218059942126274}, "epoch_60": {"ndcg": 0.22359082102775574, "jsd": 0.05197904631495476}, "epoch_62": {"ndcg": 0.2223508358001709, "jsd": 0.0513811856508255}, "epoch_64": {"ndcg": 0.22127586603164673, "jsd": 0.05137726664543152}, "epoch_66": {"ndcg": 0.22096842527389526, "jsd": 0.05141147971153259}}}