{"base_recommendations": {"ndcg": 0.2785918116569519, "jsd": 0.14252586662769318}, "postprocessed": {}, "finetuned": {"epoch_1": {"ndcg": 0.24307647347450256, "jsd": 0.09382297843694687}, "epoch_2": {"ndcg": 0.20570385456085205, "jsd": 0.08720243722200394}}}