{
  "base_recommendations": {
    "ndcg": 0.2785918116569519,
    "jsd": 0.14252586662769318,
    "ndcg_usergroup_1": 0.19963575899600983,
    "jsd_usergroup_1": 0.161077618598938,
    "ndcg_usergroup_2": 0.26794716715812683,
    "jsd_usergroup_2": 0.1419621855020523,
    "ndcg_usergroup_3": 0.38948172330856323,
    "jsd_usergroup_3": 0.12566512823104858
  },
  "postprocessed": {},
  "finetuned": {
    "epoch_1": {
      "ndcg": 0.26090335845947266,
      "jsd": 0.09477189928293228,
      "ndcg_usergroup_1": 0.18369866907596588,
      "jsd_usergroup_1": 0.08404051512479782,
      "ndcg_usergroup_2": 0.24932655692100525,
      "jsd_usergroup_2": 0.09550695866346359,
      "ndcg_usergroup_3": 0.37283840775489807,
      "jsd_usergroup_3": 0.10329808294773102
    },
    "epoch_2": {
      "ndcg": 0.24484653770923615,
      "jsd": 0.0759282186627388,
      "ndcg_usergroup_1": 0.16705919802188873,
      "jsd_usergroup_1": 0.06448071449995041,
      "ndcg_usergroup_2": 0.2335127294063568,
      "jsd_usergroup_2": 0.07767676562070847,
      "ndcg_usergroup_3": 0.356635183095932,
      "jsd_usergroup_3": 0.0821300819516182
    },
    "epoch_3": {
      "ndcg": 0.23389571905136108,
      "jsd": 0.06523755192756653,
      "ndcg_usergroup_1": 0.16062568128108978,
      "jsd_usergroup_1": 0.057428840547800064,
      "ndcg_usergroup_2": 0.22313305735588074,
      "jsd_usergroup_2": 0.06641887128353119,
      "ndcg_usergroup_3": 0.33945372700691223,
      "jsd_usergroup_3": 0.06950225681066513
    },
    "epoch_4": {
      "ndcg": 0.22661219537258148,
      "jsd": 0.057952284812927246,
      "ndcg_usergroup_1": 0.15977038443088531,
      "jsd_usergroup_1": 0.05290123075246811,
      "ndcg_usergroup_2": 0.21537905931472778,
      "jsd_usergroup_2": 0.05816061794757843,
      "ndcg_usergroup_3": 0.32715344429016113,
      "jsd_usergroup_3": 0.06237835809588432
    },
    "epoch_5": {
      "ndcg": 0.22073297202587128,
      "jsd": 0.05337909981608391,
      "ndcg_usergroup_1": 0.15986047685146332,
      "jsd_usergroup_1": 0.049391694366931915,
      "ndcg_usergroup_2": 0.20868419110774994,
      "jsd_usergroup_2": 0.053371209651231766,
      "ndcg_usergroup_3": 0.317751944065094,
      "jsd_usergroup_3": 0.05739017575979233
    },
    "epoch_6": {
      "ndcg": 0.2178645133972168,
      "jsd": 0.049854692071676254,
      "ndcg_usergroup_1": 0.1612306535243988,
      "jsd_usergroup_1": 0.04653811454772949,
      "ndcg_usergroup_2": 0.20550158619880676,
      "jsd_usergroup_2": 0.049631793051958084,
      "ndcg_usergroup_3": 0.3115871250629425,
      "jsd_usergroup_3": 0.05383996665477753
    },
    "epoch_7": {
      "ndcg": 0.21463653445243835,
      "jsd": 0.048547305166721344,
      "ndcg_usergroup_1": 0.16090421378612518,
      "jsd_usergroup_1": 0.04441462829709053,
      "ndcg_usergroup_2": 0.20204173028469086,
      "jsd_usergroup_2": 0.04824221506714821,
      "ndcg_usergroup_3": 0.306153267621994,
      "jsd_usergroup_3": 0.05359525978565216
    }
  }
}