{"base_recommendations": {"ndcg": 0.2785918116569519, "jsd": 0.14252586662769318}, "postprocessed": {}, "finetuned": {"epoch_1": {"ndcg": 0.24781735241413116, "jsd": 0.0799436867237091}, "epoch_2": {"ndcg": 0.2249935418367386, "jsd": 0.06009653955698013}, "epoch_3": {"ndcg": 0.21417342126369476, "jsd": 0.04947543144226074}, "epoch_4": {"ndcg": 0.21030659973621368, "jsd": 0.045774973928928375}}}