{"base_recommendations": {"ndcg": 0.2785918116569519, "jsd": 0.14252586662769318}, "postprocessed": {}, "finetuned": {"epoch_1": {"ndcg": 0.27599582076072693, "jsd": 0.1319771260023117}, "epoch_2": {"ndcg": 0.2706547677516937, "jsd": 0.11291024088859558}, "epoch_3": {"ndcg": 0.2628266215324402, "jsd": 0.0951509028673172}, "epoch_4": {"ndcg": 0.2535419166088104, "jsd": 0.07982232421636581}, "epoch_5": {"ndcg": 0.24462877213954926, "jsd": 0.06976696103811264}, "epoch_6": {"ndcg": 0.23691503703594208, "jsd": 0.06364937126636505}, "epoch_7": {"ndcg": 0.22908377647399902, "jsd": 0.06127874180674553}, "epoch_8": {"ndcg": 0.22354549169540405, "jsd": 0.06071397662162781}}}