{
  "base_recommendations": {
    "ndcg": 0.2785918116569519,
    "jsd": 0.14252586662769318,
    "ndcg_usergroup_1": 0.19963575899600983,
    "jsd_usergroup_1": 0.161077618598938,
    "ndcg_usergroup_2": 0.26794716715812683,
    "jsd_usergroup_2": 0.1419621855020523,
    "ndcg_usergroup_3": 0.38948172330856323,
    "jsd_usergroup_3": 0.12566512823104858
  },
  "postprocessed": {},
  "finetuned": {
    "epoch_1": {
      "ndcg": 0.2784612774848938,
      "jsd": 0.14159178733825684,
      "ndcg_usergroup_1": 0.19958873093128204,
      "jsd_usergroup_1": 0.15901565551757812,
      "ndcg_usergroup_2": 0.2678033709526062,
      "jsd_usergroup_2": 0.14114855229854584,
      "ndcg_usergroup_3": 0.38930749893188477,
      "jsd_usergroup_3": 0.12549760937690735
    },
    "epoch_2": {
      "ndcg": 0.27799686789512634,
      "jsd": 0.13978277146816254,
      "ndcg_usergroup_1": 0.19907888770103455,
      "jsd_usergroup_1": 0.1575714498758316,
      "ndcg_usergroup_2": 0.2675311863422394,
      "jsd_usergroup_2": 0.13932965695858002,
      "ndcg_usergroup_3": 0.38831186294555664,
      "jsd_usergroup_3": 0.12335346639156342
    },
    "epoch_3": {
      "ndcg": 0.277541846036911,
      "jsd": 0.13735127449035645,
      "ndcg_usergroup_1": 0.19918140769004822,
      "jsd_usergroup_1": 0.15516915917396545,
      "ndcg_usergroup_2": 0.2669801712036133,
      "jsd_usergroup_2": 0.13695399463176727,
      "ndcg_usergroup_3": 0.3875872790813446,
      "jsd_usergroup_3": 0.12072521448135376
    },
    "epoch_4": {
      "ndcg": 0.27655157446861267,
      "jsd": 0.13453786075115204,
      "ndcg_usergroup_1": 0.1987362802028656,
      "jsd_usergroup_1": 0.1529359370470047,
      "ndcg_usergroup_2": 0.26626214385032654,
      "jsd_usergroup_2": 0.13396212458610535,
      "ndcg_usergroup_3": 0.38523510098457336,
      "jsd_usergroup_3": 0.11786694824695587
    },
    "epoch_5": {
      "ndcg": 0.2754780650138855,
      "jsd": 0.13149884343147278,
      "ndcg_usergroup_1": 0.19813378155231476,
      "jsd_usergroup_1": 0.15017572045326233,
      "ndcg_usergroup_2": 0.26514962315559387,
      "jsd_usergroup_2": 0.13089346885681152,
      "ndcg_usergroup_3": 0.38380762934684753,
      "jsd_usergroup_3": 0.1146380677819252
    },
    "epoch_6": {
      "ndcg": 0.2748821973800659,
      "jsd": 0.12824659049510956,
      "ndcg_usergroup_1": 0.19772523641586304,
      "jsd_usergroup_1": 0.14681026339530945,
      "ndcg_usergroup_2": 0.2648513615131378,
      "jsd_usergroup_2": 0.12751226127147675,
      "ndcg_usergroup_3": 0.3821316659450531,
      "jsd_usergroup_3": 0.11188587546348572
    },
    "epoch_7": {
      "ndcg": 0.2741245925426483,
      "jsd": 0.12517505884170532,
      "ndcg_usergroup_1": 0.19799314439296722,
      "jsd_usergroup_1": 0.1439516246318817,
      "ndcg_usergroup_2": 0.26416611671447754,
      "jsd_usergroup_2": 0.12480718642473221,
      "ndcg_usergroup_3": 0.38013142347335815,
      "jsd_usergroup_3": 0.1075020581483841
    },
    "epoch_8": {
      "ndcg": 0.2733485698699951,
      "jsd": 0.12209915369749069,
      "ndcg_usergroup_1": 0.19813799858093262,
      "jsd_usergroup_1": 0.14102773368358612,
      "ndcg_usergroup_2": 0.26359015703201294,
      "jsd_usergroup_2": 0.12163016200065613,
      "ndcg_usergroup_3": 0.37783440947532654,
      "jsd_usergroup_3": 0.10457749664783478
    },
    "epoch_9": {
      "ndcg": 0.2723684310913086,
      "jsd": 0.11922076344490051,
      "ndcg_usergroup_1": 0.19724470376968384,
      "jsd_usergroup_1": 0.13863429427146912,
      "ndcg_usergroup_2": 0.2629515528678894,
      "jsd_usergroup_2": 0.11864922940731049,
      "ndcg_usergroup_3": 0.37574270367622375,
      "jsd_usergroup_3": 0.10152184963226318
    },
    "epoch_10": {
      "ndcg": 0.27138224244117737,
      "jsd": 0.11660879850387573,
      "ndcg_usergroup_1": 0.19699914753437042,
      "jsd_usergroup_1": 0.13576668500900269,
      "ndcg_usergroup_2": 0.26204559206962585,
      "jsd_usergroup_2": 0.11587147414684296,
      "ndcg_usergroup_3": 0.3737753927707672,
      "jsd_usergroup_3": 0.0996628850698471
    },
    "epoch_11": {
      "ndcg": 0.27017730474472046,
      "jsd": 0.11381561309099197,
      "ndcg_usergroup_1": 0.1962703913450241,
      "jsd_usergroup_1": 0.13334892690181732,
      "ndcg_usergroup_2": 0.2610165476799011,
      "jsd_usergroup_2": 0.1126924455165863,
      "ndcg_usergroup_3": 0.37156644463539124,
      "jsd_usergroup_3": 0.09765179455280304
    },
    "epoch_12": {
      "ndcg": 0.26913192868232727,
      "jsd": 0.1109529435634613,
      "ndcg_usergroup_1": 0.19621343910694122,
      "jsd_usergroup_1": 0.1306774616241455,
      "ndcg_usergroup_2": 0.26029953360557556,
      "jsd_usergroup_2": 0.10972325503826141,
      "ndcg_usergroup_3": 0.36854758858680725,
      "jsd_usergroup_3": 0.09491744637489319
    },
    "epoch_13": {
      "ndcg": 0.2677875757217407,
      "jsd": 0.10810045897960663,
      "ndcg_usergroup_1": 0.19570857286453247,
      "jsd_usergroup_1": 0.12788285315036774,
      "ndcg_usergroup_2": 0.2589527666568756,
      "jsd_usergroup_2": 0.10671637207269669,
      "ndcg_usergroup_3": 0.3663710653781891,
      "jsd_usergroup_3": 0.09247031062841415
    },
    "epoch_14": {
      "ndcg": 0.2667280435562134,
      "jsd": 0.10533680021762848,
      "ndcg_usergroup_1": 0.19592775404453278,
      "jsd_usergroup_1": 0.12465397268533707,
      "ndcg_usergroup_2": 0.2577596604824066,
      "jsd_usergroup_2": 0.10412747412919998,
      "ndcg_usergroup_3": 0.36443352699279785,
      "jsd_usergroup_3": 0.08964762836694717
    },
    "epoch_15": {
      "ndcg": 0.2650851011276245,
      "jsd": 0.10294004529714584,
      "ndcg_usergroup_1": 0.19518542289733887,
      "jsd_usergroup_1": 0.12212126702070236,
      "ndcg_usergroup_2": 0.256221741437912,
      "jsd_usergroup_2": 0.1014782264828682,
      "ndcg_usergroup_3": 0.3615749478340149,
      "jsd_usergroup_3": 0.08814431726932526
    },
    "epoch_16": {
      "ndcg": 0.26391834020614624,
      "jsd": 0.10046093910932541,
      "ndcg_usergroup_1": 0.19438590109348297,
      "jsd_usergroup_1": 0.11974117159843445,
      "ndcg_usergroup_2": 0.2551511228084564,
      "jsd_usergroup_2": 0.09891387820243835,
      "ndcg_usergroup_3": 0.3597523868083954,
      "jsd_usergroup_3": 0.08582188189029694
    },
    "epoch_17": {
      "ndcg": 0.26245203614234924,
      "jsd": 0.0981021523475647,
      "ndcg_usergroup_1": 0.1939176768064499,
      "jsd_usergroup_1": 0.1166989654302597,
      "ndcg_usergroup_2": 0.2538220286369324,
      "jsd_usergroup_2": 0.09651938825845718,
      "ndcg_usergroup_3": 0.35687628388404846,
      "jsd_usergroup_3": 0.08425366133451462
    },
    "epoch_18": {
      "ndcg": 0.26111602783203125,
      "jsd": 0.09587204456329346,
      "ndcg_usergroup_1": 0.19352927803993225,
      "jsd_usergroup_1": 0.11419009417295456,
      "ndcg_usergroup_2": 0.2526547610759735,
      "jsd_usergroup_2": 0.09418918937444687,
      "ndcg_usergroup_3": 0.3540865182876587,
      "jsd_usergroup_3": 0.08260256052017212
    },
    "epoch_19": {
      "ndcg": 0.26001688838005066,
      "jsd": 0.09351461380720139,
      "ndcg_usergroup_1": 0.1943843513727188,
      "jsd_usergroup_1": 0.111493319272995,
      "ndcg_usergroup_2": 0.2511691451072693,
      "jsd_usergroup_2": 0.09171438217163086,
      "ndcg_usergroup_3": 0.35219261050224304,
      "jsd_usergroup_3": 0.08093660324811935
    },
    "epoch_20": {
      "ndcg": 0.25900569558143616,
      "jsd": 0.09153923392295837,
      "ndcg_usergroup_1": 0.19439202547073364,
      "jsd_usergroup_1": 0.10922640562057495,
      "ndcg_usergroup_2": 0.25039157271385193,
      "jsd_usergroup_2": 0.089728944003582,
      "ndcg_usergroup_3": 0.34946170449256897,
      "jsd_usergroup_3": 0.07928289473056793
    },
    "epoch_21": {
      "ndcg": 0.2575097680091858,
      "jsd": 0.09007205814123154,
      "ndcg_usergroup_1": 0.19352783262729645,
      "jsd_usergroup_1": 0.10754720121622086,