{
  "base_recommendations": {
    "ndcg": 0.2785918116569519,
    "jsd": 0.14252586662769318,
    "ndcg_usergroup_1": 0.19963575899600983,
    "jsd_usergroup_1": 0.161077618598938,
    "ndcg_usergroup_2": 0.26794716715812683,
    "jsd_usergroup_2": 0.1419621855020523,
    "ndcg_usergroup_3": 0.38948172330856323,
    "jsd_usergroup_3": 0.12566512823104858
  },
  "postprocessed": {},
  "finetuned": {
    "epoch_1": {
      "ndcg": 0.27746179699897766,
      "jsd": 0.13778947293758392,
      "ndcg_usergroup_1": 0.19931302964687347,
      "jsd_usergroup_1": 0.15611107647418976,
      "ndcg_usergroup_2": 0.26679885387420654,
      "jsd_usergroup_2": 0.1373090147972107,
      "ndcg_usergroup_3": 0.38759925961494446,
      "jsd_usergroup_3": 0.12090924382209778
    },
    "epoch_2": {
      "ndcg": 0.27483707666397095,
      "jsd": 0.12761235237121582,
      "ndcg_usergroup_1": 0.1982409954071045,
      "jsd_usergroup_1": 0.14674024283885956,
      "ndcg_usergroup_2": 0.26461732387542725,
      "jsd_usergroup_2": 0.12729649245738983,
      "ndcg_usergroup_3": 0.3820924460887909,
      "jsd_usergroup_3": 0.10943198949098587
    },
    "epoch_3": {
      "ndcg": 0.2710656225681305,
      "jsd": 0.11638084053993225,
      "ndcg_usergroup_1": 0.196702241897583,
      "jsd_usergroup_1": 0.13751257956027985,
      "ndcg_usergroup_2": 0.2613208591938019,
      "jsd_usergroup_2": 0.11565724015235901,
      "ndcg_usergroup_3": 0.37466320395469666,
      "jsd_usergroup_3": 0.09741988778114319
    },
    "epoch_4": {
      "ndcg": 0.2670344114303589,
      "jsd": 0.1060127317905426,
      "ndcg_usergroup_1": 0.19607271254062653,
      "jsd_usergroup_1": 0.1274072676897049,
      "ndcg_usergroup_2": 0.25772473216056824,
      "jsd_usergroup_2": 0.10473471879959106,
      "ndcg_usergroup_3": 0.3659251630306244,
      "jsd_usergroup_3": 0.08845225721597672
    },
    "epoch_5": {
      "ndcg": 0.26212090253829956,
      "jsd": 0.09594214707612991,
      "ndcg_usergroup_1": 0.1943790316581726,
      "jsd_usergroup_1": 0.1161724403500557,
      "ndcg_usergroup_2": 0.25311052799224854,
      "jsd_usergroup_2": 0.09464237093925476,
      "ndcg_usergroup_3": 0.3568938672542572,
      "jsd_usergroup_3": 0.0796111524105072
    },
    "epoch_6": {
      "ndcg": 0.25675123929977417,
      "jsd": 0.08745577186346054,
      "ndcg_usergroup_1": 0.19142329692840576,
      "jsd_usergroup_1": 0.1062244102358818,
      "ndcg_usergroup_2": 0.24833744764328003,
      "jsd_usergroup_2": 0.08612708002328873,
      "ndcg_usergroup_3": 0.347320556640625,
      "jsd_usergroup_3": 0.07267319411039352
    },
    "epoch_7": {
      "ndcg": 0.25131475925445557,
      "jsd": 0.0806499645113945,
      "ndcg_usergroup_1": 0.18888822197914124,
      "jsd_usergroup_1": 0.0976603776216507,
      "ndcg_usergroup_2": 0.24227364361286163,
      "jsd_usergroup_2": 0.07877376675605774,
      "ndcg_usergroup_3": 0.3408646285533905,
      "jsd_usergroup_3": 0.06926816701889038
    },
    "epoch_8": {
      "ndcg": 0.24669784307479858,
      "jsd": 0.07414600998163223,
      "ndcg_usergroup_1": 0.1872025728225708,
      "jsd_usergroup_1": 0.08970936387777328,
      "ndcg_usergroup_2": 0.23713181912899017,
      "jsd_usergroup_2": 0.0721522867679596,
      "ndcg_usergroup_3": 0.334891140460968,
      "jsd_usergroup_3": 0.0645638108253479
    },
    "epoch_9": {
      "ndcg": 0.24195173382759094,
      "jsd": 0.06968183815479279,
      "ndcg_usergroup_1": 0.18519525229930878,
      "jsd_usergroup_1": 0.08149717003107071,
      "ndcg_usergroup_2": 0.231977641582489,
      "jsd_usergroup_2": 0.06723499298095703,
      "ndcg_usergroup_3": 0.3286305069923401,
      "jsd_usergroup_3": 0.06520705670118332
    },
    "epoch_10": {
      "ndcg": 0.23711657524108887,
      "jsd": 0.06615136563777924,
      "ndcg_usergroup_1": 0.183358833193779,
      "jsd_usergroup_1": 0.07629474997520447,
      "ndcg_usergroup_2": 0.2266588807106018,
      "jsd_usergroup_2": 0.06419745087623596,
      "ndcg_usergroup_3": 0.32224732637405396,
      "jsd_usergroup_3": 0.06186975538730621
    },
    "epoch_11": {
      "ndcg": 0.23281517624855042,
      "jsd": 0.06366535276174545,
      "ndcg_usergroup_1": 0.18204720318317413,
      "jsd_usergroup_1": 0.07156316190958023,
      "ndcg_usergroup_2": 0.22184021770954132,
      "jsd_usergroup_2": 0.06169843301177025,
      "ndcg_usergroup_3": 0.3165079355239868,
      "jsd_usergroup_3": 0.06166829541325569
    },
    "epoch_12": {
      "ndcg": 0.2291989028453827,
      "jsd": 0.061305731534957886,
      "ndcg_usergroup_1": 0.17996051907539368,
      "jsd_usergroup_1": 0.06726067513227463,
      "ndcg_usergroup_2": 0.2178213894367218,
      "jsd_usergroup_2": 0.05981241166591644,
      "ndcg_usergroup_3": 0.31256988644599915,
      "jsd_usergroup_3": 0.05983075499534607
    },
    "epoch_13": {
      "ndcg": 0.22501589357852936,
      "jsd": 0.059997376054525375,
      "ndcg_usergroup_1": 0.17695565521717072,
      "jsd_usergroup_1": 0.06502366811037064,
      "ndcg_usergroup_2": 0.21323096752166748,
      "jsd_usergroup_2": 0.05791971832513809,
      "ndcg_usergroup_3": 0.30843091011047363,
      "jsd_usergroup_3": 0.06120404973626137
    },
    "epoch_14": {
      "ndcg": 0.22260193526744843,
      "jsd": 0.059342190623283386,
      "ndcg_usergroup_1": 0.17443618178367615,
      "jsd_usergroup_1": 0.06251948326826096,
      "ndcg_usergroup_2": 0.21122656762599945,
      "jsd_usergroup_2": 0.057904720306396484,
      "ndcg_usergroup_3": 0.30489373207092285,
      "jsd_usergroup_3": 0.06047728657722473
    },
    "epoch_15": {
      "ndcg": 0.22019723057746887,
      "jsd": 0.0589342936873436,
      "ndcg_usergroup_1": 0.17193517088890076,
      "jsd_usergroup_1": 0.05997160077095032,
      "ndcg_usergroup_2": 0.2095007300376892,
      "jsd_usergroup_2": 0.05718936398625374,
      "ndcg_usergroup_3": 0.30054882168769836,
      "jsd_usergroup_3": 0.06313178688287735
    },
    "epoch_16": {
      "ndcg": 0.218031108379364,
      "jsd": 0.05857456102967262,
      "ndcg_usergroup_1": 0.16926109790802002,
      "jsd_usergroup_1": 0.06135382875800133,
      "ndcg_usergroup_2": 0.20684780180454254,
      "jsd_usergroup_2": 0.05756469815969467,
      "ndcg_usergroup_3": 0.30035102367401123,
      "jsd_usergroup_3": 0.05882485583424568
    }
  }
}