{
  "base_recommendations": {
    "ndcg": 0.2785918116569519,
    "jsd": 0.14252586662769318,
    "ndcg_usergroup_1": 0.19963575899600983,
    "jsd_usergroup_1": 0.161077618598938,
    "ndcg_usergroup_2": 0.26794716715812683,
    "jsd_usergroup_2": 0.1419621855020523,
    "ndcg_usergroup_3": 0.38948172330856323,
    "jsd_usergroup_3": 0.12566512823104858
  },
  "postprocessed": {},
  "finetuned": {
    "epoch_1": {
      "ndcg": 0.27770599722862244,
      "jsd": 0.13689330220222473,
      "ndcg_usergroup_1": 0.19922597706317902,
      "jsd_usergroup_1": 0.1541144847869873,
      "ndcg_usergroup_2": 0.26703065633773804,
      "jsd_usergroup_2": 0.136532261967659,
      "ndcg_usergroup_3": 0.38821205496788025,
      "jsd_usergroup_3": 0.12075524032115936
    },
    "epoch_2": {
      "ndcg": 0.27541613578796387,
      "jsd": 0.12478917092084885,
      "ndcg_usergroup_1": 0.1988029032945633,
      "jsd_usergroup_1": 0.14244595170021057,
      "ndcg_usergroup_2": 0.26499858498573303,
      "jsd_usergroup_2": 0.12405183166265488,
      "ndcg_usergroup_3": 0.383281946182251,
      "jsd_usergroup_3": 0.10934435576200485
    },
    "epoch_3": {
      "ndcg": 0.27134573459625244,
      "jsd": 0.11225531250238419,
      "ndcg_usergroup_1": 0.19634151458740234,
      "jsd_usergroup_1": 0.12741293013095856,
      "ndcg_usergroup_2": 0.2611372768878937,
      "jsd_usergroup_2": 0.11161812394857407,
      "ndcg_usergroup_3": 0.37697526812553406,
      "jsd_usergroup_3": 0.09900929033756256
    },
    "epoch_4": {
      "ndcg": 0.2684206962585449,
      "jsd": 0.10172596573829651,
      "ndcg_usergroup_1": 0.19502243399620056,
      "jsd_usergroup_1": 0.11505670100450516,
      "ndcg_usergroup_2": 0.2584339380264282,
      "jsd_usergroup_2": 0.10063577443361282,
      "ndcg_usergroup_3": 0.37177929282188416,
      "jsd_usergroup_3": 0.09166572242975235
    },
    "epoch_5": {
      "ndcg": 0.26468032598495483,
      "jsd": 0.09155415743589401,
      "ndcg_usergroup_1": 0.19325987994670868,
      "jsd_usergroup_1": 0.10112735629081726,
      "ndcg_usergroup_2": 0.2547263205051422,
      "jsd_usergroup_2": 0.09111028164625168,
      "ndcg_usergroup_3": 0.36596280336380005,
      "jsd_usergroup_3": 0.08331259340047836
    },
    "epoch_6": {
      "ndcg": 0.25932565331459045,
      "jsd": 0.0822058767080307,
      "ndcg_usergroup_1": 0.18986722826957703,
      "jsd_usergroup_1": 0.0880400687456131,
      "ndcg_usergroup_2": 0.24892796576023102,
      "jsd_usergroup_2": 0.08184218406677246,
      "ndcg_usergroup_3": 0.35997700691223145,
      "jsd_usergroup_3": 0.07746273279190063
    },
    "epoch_7": {
      "ndcg": 0.2549254596233368,
      "jsd": 0.0757148489356041,
      "ndcg_usergroup_1": 0.1878095418214798,
      "jsd_usergroup_1": 0.07829301059246063,
      "ndcg_usergroup_2": 0.24431833624839783,
      "jsd_usergroup_2": 0.07544367760419846,
      "ndcg_usergroup_3": 0.3538626432418823,
      "jsd_usergroup_3": 0.07395017892122269
    },
    "epoch_8": {
      "ndcg": 0.2499234825372696,
      "jsd": 0.07079969346523285,
      "ndcg_usergroup_1": 0.18345452845096588,
      "jsd_usergroup_1": 0.07129552960395813,
      "ndcg_usergroup_2": 0.238786518573761,
      "jsd_usergroup_2": 0.0706319734454155,
      "ndcg_usergroup_3": 0.3498033881187439,
      "jsd_usergroup_3": 0.07080699503421783
    },
    "epoch_9": {
      "ndcg": 0.2459096759557724,
      "jsd": 0.0667467936873436,
      "ndcg_usergroup_1": 0.1796923577785492,
      "jsd_usergroup_1": 0.06429705768823624,
      "ndcg_usergroup_2": 0.2344125509262085,
      "jsd_usergroup_2": 0.06663933396339417,
      "ndcg_usergroup_3": 0.34661829471588135,
      "jsd_usergroup_3": 0.06951889395713806
    },
    "epoch_10": {
      "ndcg": 0.2419556975364685,
      "jsd": 0.06359914690256119,
      "ndcg_usergroup_1": 0.1759423315525055,
      "jsd_usergroup_1": 0.059413354843854904,
      "ndcg_usergroup_2": 0.229867622256279,
      "jsd_usergroup_2": 0.06372877955436707,
      "ndcg_usergroup_3": 0.34423327445983887,
      "jsd_usergroup_3": 0.06739605218172073
    },
    "epoch_11": {
      "ndcg": 0.2388971447944641,
      "jsd": 0.06165177375078201,
      "ndcg_usergroup_1": 0.17365501821041107,
      "jsd_usergroup_1": 0.055511754006147385,
      "ndcg_usergroup_2": 0.22654205560684204,
      "jsd_usergroup_2": 0.061978962272405624,
      "ndcg_usergroup_3": 0.3412044644355774,
      "jsd_usergroup_3": 0.0668102279305458
    },
    "epoch_12": {
      "ndcg": 0.23558178544044495,
      "jsd": 0.060899294912815094,
      "ndcg_usergroup_1": 0.17023685574531555,
      "jsd_usergroup_1": 0.05316656082868576,
      "ndcg_usergroup_2": 0.22318001091480255,
      "jsd_usergroup_2": 0.061418164521455765,
      "ndcg_usergroup_3": 0.33813199400901794,
      "jsd_usergroup_3": 0.06707538664340973
    },
    "epoch_13": {
      "ndcg": 0.23269023001194,
      "jsd": 0.059999074786901474,
      "ndcg_usergroup_1": 0.16778172552585602,
      "jsd_usergroup_1": 0.05185898393392563,
      "ndcg_usergroup_2": 0.22044365108013153,
      "jsd_usergroup_2": 0.06012846156954765,
      "ndcg_usergroup_3": 0.3343384861946106,
      "jsd_usergroup_3": 0.06775099039077759
    },
    "epoch_15": {
      "ndcg": 0.22795745730400085,
      "jsd": 0.05944618582725525,
      "ndcg_usergroup_1": 0.16351942718029022,
      "jsd_usergroup_1": 0.05079502612352371,
      "ndcg_usergroup_2": 0.21531954407691956,
      "jsd_usergroup_2": 0.05967949330806732,
      "ndcg_usergroup_3": 0.3303091824054718,
      "jsd_usergroup_3": 0.06739742308855057
    }
  }
}