{
  "base_recommendations": {
    "ndcg": 0.2785918116569519,
    "jsd": 0.14252586662769318,
    "ndcg_usergroup_1": 0.19963575899600983,
    "jsd_usergroup_1": 0.161077618598938,
    "ndcg_usergroup_2": 0.26794716715812683,
    "jsd_usergroup_2": 0.1419621855020523,
    "ndcg_usergroup_3": 0.38948172330856323,
    "jsd_usergroup_3": 0.12566512823104858
  },
  "postprocessed": {},
  "finetuned": {
    "epoch_1": {
      "ndcg": 0.2732701897621155,
      "jsd": 0.12364950776100159,
      "ndcg_usergroup_1": 0.19652080535888672,
      "jsd_usergroup_1": 0.1356201469898224,
      "ndcg_usergroup_2": 0.26246029138565063,
      "jsd_usergroup_2": 0.12271039932966232,
      "ndcg_usergroup_3": 0.38244932889938354,
      "jsd_usergroup_3": 0.11449617147445679
    },
    "epoch_2": {
      "ndcg": 0.26517900824546814,
      "jsd": 0.10449132323265076,
      "ndcg_usergroup_1": 0.191732719540596,
      "jsd_usergroup_1": 0.10839560627937317,
      "ndcg_usergroup_2": 0.25400009751319885,
      "jsd_usergroup_2": 0.10418286919593811,
      "ndcg_usergroup_3": 0.37216195464134216,
      "jsd_usergroup_3": 0.10151232779026031
    },
    "epoch_3": {
      "ndcg": 0.2571038007736206,
      "jsd": 0.09126846492290497,
      "ndcg_usergroup_1": 0.1858719289302826,
      "jsd_usergroup_1": 0.09190603345632553,
      "ndcg_usergroup_2": 0.24633191525936127,
      "jsd_usergroup_2": 0.09122162312269211,
      "ndcg_usergroup_3": 0.3606513440608978,
      "jsd_usergroup_3": 0.09077142924070358
    },
    "epoch_4": {
      "ndcg": 0.24915292859077454,
      "jsd": 0.08245804160833359,
      "ndcg_usergroup_1": 0.18066029250621796,
      "jsd_usergroup_1": 0.08269232511520386,
      "ndcg_usergroup_2": 0.23834343254566193,
      "jsd_usergroup_2": 0.08268263936042786,
      "ndcg_usergroup_3": 0.35007405281066895,
      "jsd_usergroup_3": 0.0815499871969223
    },
    "epoch_5": {
      "ndcg": 0.2419106662273407,
      "jsd": 0.0768265575170517,
      "ndcg_usergroup_1": 0.17817619442939758,
      "jsd_usergroup_1": 0.0781521424651146,
      "ndcg_usergroup_2": 0.23129208385944366,
      "jsd_usergroup_2": 0.07717416435480118,
      "ndcg_usergroup_3": 0.3375007212162018,
      "jsd_usergroup_3": 0.07445816695690155
    },
    "epoch_6": {
      "ndcg": 0.23464176058769226,
      "jsd": 0.07231378555297852,
      "ndcg_usergroup_1": 0.17347796261310577,
      "jsd_usergroup_1": 0.07610422372817993,
      "ndcg_usergroup_2": 0.22455225884914398,
      "jsd_usergroup_2": 0.07154454290866852,
      "ndcg_usergroup_3": 0.32607409358024597,
      "jsd_usergroup_3": 0.0708310455083847
    },
    "epoch_7": {
      "ndcg": 0.22844210267066956,
      "jsd": 0.06930524855852127,
      "ndcg_usergroup_1": 0.17241865396499634,
      "jsd_usergroup_1": 0.0716274306178093,
      "ndcg_usergroup_2": 0.2186231166124344,
      "jsd_usergroup_2": 0.06849101185798645,
      "ndcg_usergroup_3": 0.3139224052429199,
      "jsd_usergroup_3": 0.06942576915025711
    },
    "epoch_8": {
      "ndcg": 0.22347036004066467,
      "jsd": 0.06690934300422668,
      "ndcg_usergroup_1": 0.1705281138420105,
      "jsd_usergroup_1": 0.06875644624233246,
      "ndcg_usergroup_2": 0.2136296182870865,
      "jsd_usergroup_2": 0.06629035621881485,
      "ndcg_usergroup_3": 0.3059348165988922,
      "jsd_usergroup_3": 0.06691920757293701
    },
    "epoch_9": {
      "ndcg": 0.2189786434173584,
      "jsd": 0.06465164572000504,
      "ndcg_usergroup_1": 0.1688520610332489,
      "jsd_usergroup_1": 0.06602159142494202,
      "ndcg_usergroup_2": 0.208918958902359,
      "jsd_usergroup_2": 0.06406823545694351,
      "ndcg_usergroup_3": 0.29928427934646606,
      "jsd_usergroup_3": 0.06503192335367203
    },
    "epoch_10": {
      "ndcg": 0.21572189033031464,
      "jsd": 0.0631370022892952,
      "ndcg_usergroup_1": 0.16824012994766235,
      "jsd_usergroup_1": 0.06553447246551514,
      "ndcg_usergroup_2": 0.2055402547121048,
      "jsd_usergroup_2": 0.06200776994228363,
      "ndcg_usergroup_3": 0.29374852776527405,
      "jsd_usergroup_3": 0.06412719935178757
    },
    "epoch_11": {
      "ndcg": 0.2134544998407364,
      "jsd": 0.06153799593448639,
      "ndcg_usergroup_1": 0.1685733199119568,
      "jsd_usergroup_1": 0.06401681900024414,
      "ndcg_usergroup_2": 0.20254509150981903,
      "jsd_usergroup_2": 0.060164932161569595,
      "ndcg_usergroup_3": 0.2910638451576233,
      "jsd_usergroup_3": 0.06317834556102753
    },
    "epoch_12": {
      "ndcg": 0.21179284155368805,
      "jsd": 0.0601748563349247,
      "ndcg_usergroup_1": 0.16791853308677673,
      "jsd_usergroup_1": 0.06321970373392105,
      "ndcg_usergroup_2": 0.2009119987487793,
      "jsd_usergroup_2": 0.05848214030265808,
      "ndcg_usergroup_3": 0.2883097231388092,
      "jsd_usergroup_3": 0.0622081495821476
    },
    "epoch_13": {
      "ndcg": 0.2101460099220276,
      "jsd": 0.058705851435661316,
      "ndcg_usergroup_1": 0.16745074093341827,
      "jsd_usergroup_1": 0.06244354322552681,
      "ndcg_usergroup_2": 0.19913041591644287,
      "jsd_usergroup_2": 0.056578606367111206,
      "ndcg_usergroup_3": 0.28588801622390747,
      "jsd_usergroup_3": 0.06134992092847824
    },
    "epoch_14": {
      "ndcg": 0.20819270610809326,
      "jsd": 0.05755288526415825,
      "ndcg_usergroup_1": 0.16663171350955963,
      "jsd_usergroup_1": 0.060539789497852325,
      "ndcg_usergroup_2": 0.19694042205810547,
      "jsd_usergroup_2": 0.05541328713297844,
      "ndcg_usergroup_3": 0.2835105061531067,
      "jsd_usergroup_3": 0.060984767973423004
    },
    "epoch_15": {
      "ndcg": 0.20762009918689728,
      "jsd": 0.05686129257082939,
      "ndcg_usergroup_1": 0.16688035428524017,
      "jsd_usergroup_1": 0.060501717031002045,
      "ndcg_usergroup_2": 0.19651414453983307,
      "jsd_usergroup_2": 0.05475616827607155,
      "ndcg_usergroup_3": 0.2816777527332306,
      "jsd_usergroup_3": 0.05953623354434967
    },
    "epoch_16": {
      "ndcg": 0.2064923197031021,
      "jsd": 0.05604385584592819,
      "ndcg_usergroup_1": 0.16735196113586426,
      "jsd_usergroup_1": 0.06042364239692688,
      "ndcg_usergroup_2": 0.19508594274520874,
      "jsd_usergroup_2": 0.05396202951669693,
      "ndcg_usergroup_3": 0.27985185384750366,
      "jsd_usergroup_3": 0.05790954828262329
    },
    "epoch_17": {
      "ndcg": 0.20596085488796234,
      "jsd": 0.05501369386911392,
      "ndcg_usergroup_1": 0.16646063327789307,
      "jsd_usergroup_1": 0.06001204624772072,
      "ndcg_usergroup_2": 0.19492822885513306,
      "jsd_usergroup_2": 0.0525495670735836,
      "ndcg_usergroup_3": 0.2785589098930359,
      "jsd_usergroup_3": 0.0574076883494854
    },
    "epoch_18": {
      "ndcg": 0.20488305389881134,
      "jsd": 0.05390007048845291,
      "ndcg_usergroup_1": 0.16436833143234253,
      "jsd_usergroup_1": 0.05908777937293053,
      "ndcg_usergroup_2": 0.19412532448768616,
      "jsd_usergroup_2": 0.05152769014239311,
      "ndcg_usergroup_3": 0.2776709496974945,
      "jsd_usergroup_3": 0.05582951009273529
    },
    "epoch_19": {
      "ndcg": 0.2038576453924179,
      "jsd": 0.05318731069564819,
      "ndcg_usergroup_1": 0.16372118890285492,
      "jsd_usergroup_1": 0.05869171768426895,
      "ndcg_usergroup_2": 0.19292549788951874,
      "jsd_usergroup_2": 0.050650544464588165,
      "ndcg_usergroup_3": 0.2767904996871948,
      "jsd_usergroup_3": 0.05529319867491722
    },
    "epoch_20": {
      "ndcg": 0.2028237134218216,
      "jsd": 0.05222319811582565,
      "ndcg_usergroup_1": 0.16317637264728546,
      "jsd_usergroup_1": 0.057120922952890396,
      "ndcg_usergroup_2": 0.19181102514266968,
      "jsd_usergroup_2": 0.05010824650526047,
      "ndcg_usergroup_3": 0.2755090296268463,
      "jsd_usergroup_3": 0.05367029458284378
    },
    "epoch_21": {
      "ndcg": 0.20177151262760162,
      "jsd": 0.051567915827035904,
      "ndcg_usergroup_1": 0.16311708092689514,
      "jsd_usergroup_1": 0.056703731417655945,