{"base_recommendations": {"ndcg": 0.2785918116569519, "jsd": 0.14252586662769318}, "postprocessed": {}, "finetuned": {"epoch_1": {"ndcg": 0.24613136053085327, "jsd": 0.07736565917730331}, "epoch_2": {"ndcg": 0.22272640466690063, "jsd": 0.05911291763186455}, "epoch_3": {"ndcg": 0.21184547245502472, "jsd": 0.04997261241078377}, "epoch_4": {"ndcg": 0.2070697546005249, "jsd": 0.045579176396131516}}}