{
  "base_recommendations": {
    "ndcg": 0.2785918116569519,
    "jsd": 0.14252586662769318,
    "ndcg_usergroup_1": 0.19963575899600983,
    "jsd_usergroup_1": 0.161077618598938,
    "ndcg_usergroup_2": 0.26794716715812683,
    "jsd_usergroup_2": 0.1419621855020523,
    "ndcg_usergroup_3": 0.38948172330856323,
    "jsd_usergroup_3": 0.12566512823104858
  },
  "postprocessed": {},
  "finetuned": {
    "epoch_1": {
      "ndcg": 0.27363964915275574,
      "jsd": 0.12641951441764832,
      "ndcg_usergroup_1": 0.1975211799144745,
      "jsd_usergroup_1": 0.14497040212154388,
      "ndcg_usergroup_2": 0.2630139887332916,
      "jsd_usergroup_2": 0.12570036947727203,
      "ndcg_usergroup_3": 0.38163504004478455,
      "jsd_usergroup_3": 0.1100260466337204
    },
    "epoch_2": {
      "ndcg": 0.2668088376522064,
      "jsd": 0.1081511378288269,
      "ndcg_usergroup_1": 0.19440753757953644,
      "jsd_usergroup_1": 0.12522104382514954,
      "ndcg_usergroup_2": 0.25680434703826904,
      "jsd_usergroup_2": 0.10767687857151031,
      "ndcg_usergroup_3": 0.36922359466552734,
      "jsd_usergroup_3": 0.09250397980213165
    },
    "epoch_3": {
      "ndcg": 0.2585434019565582,
      "jsd": 0.09459849447011948,
      "ndcg_usergroup_1": 0.1909114122390747,
      "jsd_usergroup_1": 0.1121218353509903,
      "ndcg_usergroup_2": 0.2485540360212326,
      "jsd_usergroup_2": 0.09338448941707611,
      "ndcg_usergroup_3": 0.35614335536956787,
      "jsd_usergroup_3": 0.08071711659431458
    },
    "epoch_4": {
      "ndcg": 0.24928921461105347,
      "jsd": 0.08485006541013718,
      "ndcg_usergroup_1": 0.18664953112602234,
      "jsd_usergroup_1": 0.10539443790912628,
      "ndcg_usergroup_2": 0.2393636405467987,
      "jsd_usergroup_2": 0.08319646865129471,
      "ndcg_usergroup_3": 0.3417055606842041,
      "jsd_usergroup_3": 0.06926647573709488
    },
    "epoch_5": {
      "ndcg": 0.24152396619319916,
      "jsd": 0.07962331175804138,
      "ndcg_usergroup_1": 0.18334203958511353,
      "jsd_usergroup_1": 0.10002174228429794,
      "ndcg_usergroup_2": 0.2313324511051178,
      "jsd_usergroup_2": 0.07754748314619064,
      "ndcg_usergroup_3": 0.3302803933620453,
      "jsd_usergroup_3": 0.06545236706733704
    },
    "epoch_6": {
      "ndcg": 0.23468127846717834,
      "jsd": 0.07693140208721161,
      "ndcg_usergroup_1": 0.17956510186195374,
      "jsd_usergroup_1": 0.09922634810209274,
      "ndcg_usergroup_2": 0.22486524283885956,
      "jsd_usergroup_2": 0.0743473693728447,
      "ndcg_usergroup_3": 0.3192455470561981,
      "jsd_usergroup_3": 0.06238851323723793
    },
    "epoch_7": {
      "ndcg": 0.22965218126773834,
      "jsd": 0.07607482373714447,
      "ndcg_usergroup_1": 0.17775560915470123,
      "jsd_usergroup_1": 0.10163261741399765,
      "ndcg_usergroup_2": 0.22002169489860535,
      "jsd_usergroup_2": 0.07189836353063583,
      "ndcg_usergroup_3": 0.3104400932788849,
      "jsd_usergroup_3": 0.0630464032292366
    },
    "epoch_8": {
      "ndcg": 0.2250392735004425,
      "jsd": 0.07519274950027466,
      "ndcg_usergroup_1": 0.17566148936748505,
      "jsd_usergroup_1": 0.10266909748315811,
      "ndcg_usergroup_2": 0.2151244431734085,
      "jsd_usergroup_2": 0.07063309848308563,
      "ndcg_usergroup_3": 0.30416160821914673,
      "jsd_usergroup_3": 0.0613953173160553
    },
    "epoch_9": {
      "ndcg": 0.2206249088048935,
      "jsd": 0.07507618516683578,
      "ndcg_usergroup_1": 0.17440353333950043,
      "jsd_usergroup_1": 0.10441736876964569,
      "ndcg_usergroup_2": 0.21022237837314606,
      "jsd_usergroup_2": 0.06990037113428116,
      "ndcg_usergroup_3": 0.29805395007133484,
      "jsd_usergroup_3": 0.06126242130994797
    },
    "epoch_11": {
      "ndcg": 0.21400074660778046,
      "jsd": 0.0743812546133995,
      "ndcg_usergroup_1": 0.17095105350017548,
      "jsd_usergroup_1": 0.10841996222734451,
      "ndcg_usergroup_2": 0.2033226191997528,
      "jsd_usergroup_2": 0.06762147694826126,
      "ndcg_usergroup_3": 0.289084792137146,
      "jsd_usergroup_3": 0.06062185391783714
    },
    "epoch_12": {
      "ndcg": 0.21110591292381287,
      "jsd": 0.0736100897192955,
      "ndcg_usergroup_1": 0.16827456653118134,
      "jsd_usergroup_1": 0.108885757625103,
      "ndcg_usergroup_2": 0.20059551298618317,
      "jsd_usergroup_2": 0.06639666855335236,
      "ndcg_usergroup_3": 0.2854684293270111,
      "jsd_usergroup_3": 0.059974659234285355
    },
    "epoch_13": {
      "ndcg": 0.20829737186431885,
      "jsd": 0.07313001155853271,
      "ndcg_usergroup_1": 0.16662824153900146,
      "jsd_usergroup_1": 0.10959863662719727,
      "ndcg_usergroup_2": 0.1978352814912796,
      "jsd_usergroup_2": 0.06537895649671555,
      "ndcg_usergroup_3": 0.2813526690006256,
      "jsd_usergroup_3": 0.059914544224739075
    },
    "epoch_14": {
      "ndcg": 0.20460237562656403,
      "jsd": 0.07264252007007599,
      "ndcg_usergroup_1": 0.16409531235694885,
      "jsd_usergroup_1": 0.10704340040683746,
      "ndcg_usergroup_2": 0.19364207983016968,
      "jsd_usergroup_2": 0.06500906497240067,
      "ndcg_usergroup_3": 0.27799028158187866,
      "jsd_usergroup_3": 0.06114199757575989
    },
    "epoch_15": {
      "ndcg": 0.20180746912956238,
      "jsd": 0.07249303162097931,
      "ndcg_usergroup_1": 0.16344688832759857,
      "jsd_usergroup_1": 0.10688761621713638,
      "ndcg_usergroup_2": 0.1899063140153885,
      "jsd_usergroup_2": 0.06476146727800369,
      "ndcg_usergroup_3": 0.27587151527404785,
      "jsd_usergroup_3": 0.06129315495491028
    },
    "epoch_16": {
      "ndcg": 0.19836652278900146,
      "jsd": 0.0720038190484047,
      "ndcg_usergroup_1": 0.16098320484161377,
      "jsd_usergroup_1": 0.10469581931829453,
      "ndcg_usergroup_2": 0.1860901117324829,
      "jsd_usergroup_2": 0.06454166769981384,
      "ndcg_usergroup_3": 0.27257904410362244,
      "jsd_usergroup_3": 0.061698269098997116
    },
    "epoch_19": {
      "ndcg": 0.18922166526317596,
      "jsd": 0.07188642024993896,
      "ndcg_usergroup_1": 0.15433765947818756,
      "jsd_usergroup_1": 0.09871979057788849,
      "ndcg_usergroup_2": 0.17575877904891968,
      "jsd_usergroup_2": 0.06519349664449692,
      "ndcg_usergroup_3": 0.2644943296909332,
      "jsd_usergroup_3": 0.0651317909359932
    }
  }
}