{
  "base_recommendations": {
    "ndcg": 0.2785918116569519,
    "jsd": 0.14252586662769318,
    "ndcg_usergroup_1": 0.19963575899600983,
    "jsd_usergroup_1": 0.161077618598938,
    "ndcg_usergroup_2": 0.26794716715812683,
    "jsd_usergroup_2": 0.1419621855020523,
    "ndcg_usergroup_3": 0.38948172330856323,
    "jsd_usergroup_3": 0.12566512823104858
  },
  "postprocessed": {},
  "finetuned": {
    "epoch_1": {
      "ndcg": 0.25863727927207947,
      "jsd": 0.09026012569665909,
      "ndcg_usergroup_1": 0.18374551832675934,
      "jsd_usergroup_1": 0.07860532402992249,
      "ndcg_usergroup_2": 0.24670736491680145,
      "jsd_usergroup_2": 0.09170905500650406,
      "ndcg_usergroup_3": 0.36931878328323364,
      "jsd_usergroup_3": 0.09756819903850555
    },
    "epoch_2": {
      "ndcg": 0.24034978449344635,
      "jsd": 0.06904967874288559,
      "ndcg_usergroup_1": 0.1678776741027832,
      "jsd_usergroup_1": 0.06120329350233078,
      "ndcg_usergroup_2": 0.22945758700370789,
      "jsd_usergroup_2": 0.0709964707493782,
      "ndcg_usergroup_3": 0.34549838304519653,
      "jsd_usergroup_3": 0.07105569541454315
    },
    "epoch_3": {
      "ndcg": 0.2260996401309967,
      "jsd": 0.05941709876060486,
      "ndcg_usergroup_1": 0.16498543322086334,
      "jsd_usergroup_1": 0.05345631763339043,
      "ndcg_usergroup_2": 0.21436560153961182,
      "jsd_usergroup_2": 0.059896137565374374,
      "ndcg_usergroup_3": 0.3224160075187683,
      "jsd_usergroup_3": 0.06394074112176895
    },
    "epoch_4": {
      "ndcg": 0.2164023518562317,
      "jsd": 0.0518353208899498,
      "ndcg_usergroup_1": 0.16131006181240082,
      "jsd_usergroup_1": 0.04650817811489105,
      "ndcg_usergroup_2": 0.20501361787319183,
      "jsd_usergroup_2": 0.05227561295032501,
      "ndcg_usergroup_3": 0.30566084384918213,
      "jsd_usergroup_3": 0.05584154650568962
    },
    "epoch_5": {
      "ndcg": 0.21056340634822845,
      "jsd": 0.04809218645095825,
      "ndcg_usergroup_1": 0.16310802102088928,
      "jsd_usergroup_1": 0.042190324515104294,
      "ndcg_usergroup_2": 0.1971447616815567,
      "jsd_usergroup_2": 0.04859649017453194,
      "ndcg_usergroup_3": 0.2982747554779053,
      "jsd_usergroup_3": 0.052481137216091156
    },
    "epoch_6": {
      "ndcg": 0.20776037871837616,
      "jsd": 0.045692797750234604,
      "ndcg_usergroup_1": 0.1615174114704132,
      "jsd_usergroup_1": 0.03996705263853073,
      "ndcg_usergroup_2": 0.19518156349658966,
      "jsd_usergroup_2": 0.046305716037750244,
      "ndcg_usergroup_3": 0.2917397618293762,
      "jsd_usergroup_3": 0.04957976192235947
    },
    "epoch_7": {
      "ndcg": 0.20563682913780212,
      "jsd": 0.04495527222752571,
      "ndcg_usergroup_1": 0.15839499235153198,
      "jsd_usergroup_1": 0.039321526885032654,
      "ndcg_usergroup_2": 0.19324219226837158,
      "jsd_usergroup_2": 0.04564378038048744,
      "ndcg_usergroup_3": 0.2900626063346863,
      "jsd_usergroup_3": 0.048523496836423874
    },
    "epoch_8": {
      "ndcg": 0.20377126336097717,
      "jsd": 0.04494904726743698,
      "ndcg_usergroup_1": 0.15876388549804688,
      "jsd_usergroup_1": 0.039463289082050323,
      "ndcg_usergroup_2": 0.19077929854393005,
      "jsd_usergroup_2": 0.0454011969268322,
      "ndcg_usergroup_3": 0.28775447607040405,
      "jsd_usergroup_3": 0.04907836765050888
    }
  }
}