{"base_recommendations": {"ndcg": 0.2785918116569519, "jsd": 0.14252586662769318}, "postprocessed": {}, "finetuned": {"epoch_1": {"ndcg": 0.2778107821941376, "jsd": 0.14059607684612274}, "epoch_2": {"ndcg": 0.2761848568916321, "jsd": 0.13608486950397491}, "epoch_3": {"ndcg": 0.27461931109428406, "jsd": 0.131601482629776}, "epoch_4": {"ndcg": 0.2727716565132141, "jsd": 0.1264697015285492}, "epoch_5": {"ndcg": 0.270548939704895, "jsd": 0.12333009392023087}, "epoch_6": {"ndcg": 0.26813799142837524, "jsd": 0.12012919783592224}, "epoch_7": {"ndcg": 0.2657751142978668, "jsd": 0.11750765144824982}, "epoch_8": {"ndcg": 0.26384103298187256, "jsd": 0.11714259535074234}, "epoch_9": {"ndcg": 0.2621036767959595, "jsd": 0.11557019501924515}, "epoch_10": {"ndcg": 0.26118966937065125, "jsd": 0.11548419296741486}}}