{
  "base_recommendations": {
    "ndcg": 0.2785918116569519,
    "jsd": 0.14252586662769318,
    "ndcg_usergroup_1": 0.19963575899600983,
    "jsd_usergroup_1": 0.161077618598938,
    "ndcg_usergroup_2": 0.26794716715812683,
    "jsd_usergroup_2": 0.1419621855020523,
    "ndcg_usergroup_3": 0.38948172330856323,
    "jsd_usergroup_3": 0.12566512823104858
  },
  "postprocessed": {},
  "finetuned": {
    "epoch_1": {
      "ndcg": 0.2741926312446594,
      "jsd": 0.12317648530006409,
      "ndcg_usergroup_1": 0.19665665924549103,
      "jsd_usergroup_1": 0.1348515897989273,
      "ndcg_usergroup_2": 0.26339027285575867,
      "jsd_usergroup_2": 0.12200716137886047,
      "ndcg_usergroup_3": 0.38413578271865845,
      "jsd_usergroup_3": 0.11500933021306992
    },
    "epoch_2": {
      "ndcg": 0.26792681217193604,
      "jsd": 0.1044471338391304,
      "ndcg_usergroup_1": 0.19183608889579773,
      "jsd_usergroup_1": 0.1074206605553627,
      "ndcg_usergroup_2": 0.2574252784252167,
      "jsd_usergroup_2": 0.10441315174102783,
      "ndcg_usergroup_3": 0.3755221366882324,
      "jsd_usergroup_3": 0.10157556086778641
    },
    "epoch_3": {
      "ndcg": 0.2613542377948761,
      "jsd": 0.09168172627687454,
      "ndcg_usergroup_1": 0.18925073742866516,
      "jsd_usergroup_1": 0.09312688559293747,
      "ndcg_usergroup_2": 0.2504097521305084,
      "jsd_usergroup_2": 0.09211431443691254,
      "ndcg_usergroup_3": 0.3662911355495453,
      "jsd_usergroup_3": 0.08893878757953644
    },
    "epoch_4": {
      "ndcg": 0.2550184726715088,
      "jsd": 0.0829230323433876,
      "ndcg_usergroup_1": 0.18575356900691986,
      "jsd_usergroup_1": 0.08458776772022247,
      "ndcg_usergroup_2": 0.24420496821403503,
      "jsd_usergroup_2": 0.08369310945272446,
      "ndcg_usergroup_3": 0.3567238450050354,
      "jsd_usergroup_3": 0.07894808053970337
    },
    "epoch_5": {
      "ndcg": 0.24832209944725037,
      "jsd": 0.07574523985385895,
      "ndcg_usergroup_1": 0.1813683956861496,
      "jsd_usergroup_1": 0.07857339084148407,
      "ndcg_usergroup_2": 0.23834460973739624,
      "jsd_usergroup_2": 0.07654950767755508,
      "ndcg_usergroup_3": 0.34520819783210754,
      "jsd_usergroup_3": 0.07050427049398422
    },
    "epoch_6": {
      "ndcg": 0.24207556247711182,
      "jsd": 0.07039068639278412,
      "ndcg_usergroup_1": 0.1774260550737381,
      "jsd_usergroup_1": 0.07521326094865799,
      "ndcg_usergroup_2": 0.23282480239868164,
      "jsd_usergroup_2": 0.06987389177083969,
      "ndcg_usergroup_3": 0.33447736501693726,
      "jsd_usergroup_3": 0.06711849570274353
    },
    "epoch_7": {
      "ndcg": 0.23630015552043915,
      "jsd": 0.06696882843971252,
      "ndcg_usergroup_1": 0.17502926290035248,
      "jsd_usergroup_1": 0.07034268230199814,
      "ndcg_usergroup_2": 0.227070152759552,
      "jsd_usergroup_2": 0.06655388325452805,
      "ndcg_usergroup_3": 0.32526105642318726,
      "jsd_usergroup_3": 0.06483976542949677
    },
    "epoch_8": {
      "ndcg": 0.23121050000190735,
      "jsd": 0.06478443741798401,
      "ndcg_usergroup_1": 0.17568452656269073,
      "jsd_usergroup_1": 0.06817981600761414,
      "ndcg_usergroup_2": 0.22133950889110565,
      "jsd_usergroup_2": 0.06413251161575317,
      "ndcg_usergroup_3": 0.3163493573665619,
      "jsd_usergroup_3": 0.06334477663040161
    },
    "epoch_9": {
      "ndcg": 0.22631269693374634,
      "jsd": 0.06248500570654869,
      "ndcg_usergroup_1": 0.17249152064323425,
      "jsd_usergroup_1": 0.0648990273475647,
      "ndcg_usergroup_2": 0.21662293374538422,
      "jsd_usergroup_2": 0.061586640775203705,
      "ndcg_usergroup_3": 0.3092033267021179,
      "jsd_usergroup_3": 0.06276606768369675
    },
    "epoch_10": {
      "ndcg": 0.2229846715927124,
      "jsd": 0.06148579344153404,
      "ndcg_usergroup_1": 0.17232796549797058,
      "jsd_usergroup_1": 0.064408078789711,
      "ndcg_usergroup_2": 0.21264833211898804,
      "jsd_usergroup_2": 0.06039312854409218,
      "ndcg_usergroup_3": 0.30465036630630493,
      "jsd_usergroup_3": 0.061841484159231186
    },
    "epoch_11": {
      "ndcg": 0.21956892311573029,
      "jsd": 0.059893880039453506,
      "ndcg_usergroup_1": 0.17061933875083923,
      "jsd_usergroup_1": 0.06362839043140411,
      "ndcg_usergroup_2": 0.20913192629814148,
      "jsd_usergroup_2": 0.05841393396258354,
      "ndcg_usergroup_3": 0.2998294532299042,
      "jsd_usergroup_3": 0.06059921905398369
    },
    "epoch_12": {
      "ndcg": 0.21719752252101898,
      "jsd": 0.05846795067191124,
      "ndcg_usergroup_1": 0.1706467717885971,
      "jsd_usergroup_1": 0.06281355023384094,
      "ndcg_usergroup_2": 0.20647092163562775,
      "jsd_usergroup_2": 0.056424740701913834,
      "ndcg_usergroup_3": 0.2959280014038086,
      "jsd_usergroup_3": 0.06025199964642525
    },
    "epoch_13": {
      "ndcg": 0.21527139842510223,
      "jsd": 0.05788326635956764,
      "ndcg_usergroup_1": 0.16981546580791473,
      "jsd_usergroup_1": 0.06250512599945068,
      "ndcg_usergroup_2": 0.20441387593746185,
      "jsd_usergroup_2": 0.055771354585886,
      "ndcg_usergroup_3": 0.2932998836040497,
      "jsd_usergroup_3": 0.05959710851311684
    },
    "epoch_14": {
      "ndcg": 0.21327178180217743,
      "jsd": 0.056539908051490784,
      "ndcg_usergroup_1": 0.169933021068573,
      "jsd_usergroup_1": 0.061026718467473984,
      "ndcg_usergroup_2": 0.20227724313735962,
      "jsd_usergroup_2": 0.054469287395477295,
      "ndcg_usergroup_3": 0.2895940840244293,
      "jsd_usergroup_3": 0.05826492980122566
    },
    "epoch_15": {
      "ndcg": 0.21184729039669037,
      "jsd": 0.0556374154984951,
      "ndcg_usergroup_1": 0.17026734352111816,
      "jsd_usergroup_1": 0.06037859991192818,
      "ndcg_usergroup_2": 0.2003328502178192,
      "jsd_usergroup_2": 0.053619030863046646,
      "ndcg_usergroup_3": 0.28797057271003723,
      "jsd_usergroup_3": 0.056951407343149185
    },
    "epoch_16": {
      "ndcg": 0.21085451543331146,
      "jsd": 0.054454222321510315,
      "ndcg_usergroup_1": 0.16979975998401642,
      "jsd_usergroup_1": 0.060195159167051315,
      "ndcg_usergroup_2": 0.19929996132850647,
      "jsd_usergroup_2": 0.052089765667915344,
      "ndcg_usergroup_3": 0.2865728437900543,
      "jsd_usergroup_3": 0.05580667033791542
    },
    "epoch_17": {
      "ndcg": 0.2096697986125946,
      "jsd": 0.05411563068628311,
      "ndcg_usergroup_1": 0.1705663502216339,
      "jsd_usergroup_1": 0.06056210771203041,
      "ndcg_usergroup_2": 0.1975654512643814,
      "jsd_usergroup_2": 0.05150782689452171,
      "ndcg_usergroup_3": 0.2850862741470337,
      "jsd_usergroup_3": 0.055492546409368515
    },
    "epoch_18": {
      "ndcg": 0.20834635198116302,
      "jsd": 0.05351874977350235,
      "ndcg_usergroup_1": 0.17038042843341827,
      "jsd_usergroup_1": 0.06040513142943382,
      "ndcg_usergroup_2": 0.19596056640148163,
      "jsd_usergroup_2": 0.05103210359811783,
      "ndcg_usergroup_3": 0.28346964716911316,
      "jsd_usergroup_3": 0.05409228056669235
    },
    "epoch_19": {
      "ndcg": 0.20785358548164368,
      "jsd": 0.05271660163998604,
      "ndcg_usergroup_1": 0.16932955384254456,
      "jsd_usergroup_1": 0.06004840135574341,
      "ndcg_usergroup_2": 0.19561268389225006,
      "jsd_usergroup_2": 0.04996464028954506,
      "ndcg_usergroup_3": 0.28310033679008484,
      "jsd_usergroup_3": 0.05364066734910011
    },
    "epoch_20": {
      "ndcg": 0.20788662135601044,
      "jsd": 0.05251153185963631,
      "ndcg_usergroup_1": 0.17036350071430206,
      "jsd_usergroup_1": 0.06123431771993637,
      "ndcg_usergroup_2": 0.19539186358451843,
      "jsd_usergroup_2": 0.04958497732877731,
      "ndcg_usergroup_3": 0.28289395570755005,
      "jsd_usergroup_3": 0.05256840959191322
    },
    "epoch_21": {
      "ndcg": 0.20681160688400269,
      "jsd": 0.05219416320323944,
      "ndcg_usergroup_1": 0.16937880218029022,
      "jsd_usergroup_1": 0.06104358285665512,