{"base_recommendations": {"ndcg": 0.2785918116569519, "jsd": 0.14252586662769318}, "postprocessed": {}, "finetuned": {"epoch_1": {"ndcg": 0.2785808742046356, "jsd": 0.14204400777816772}, "epoch_2": {"ndcg": 0.27804529666900635, "jsd": 0.14136092364788055}, "epoch_3": {"ndcg": 0.27783483266830444, "jsd": 0.14025132358074188}, "epoch_4": {"ndcg": 0.27728793025016785, "jsd": 0.1389450877904892}, "epoch_5": {"ndcg": 0.2769640386104584, "jsd": 0.13749590516090393}, "epoch_6": {"ndcg": 0.2764360308647156, "jsd": 0.13616551458835602}, "epoch_7": {"ndcg": 0.27584150433540344, "jsd": 0.1346186101436615}, "epoch_8": {"ndcg": 0.27513447403907776, "jsd": 0.13323110342025757}, "epoch_9": {"ndcg": 0.2746713161468506, "jsd": 0.13204023241996765}, "epoch_10": {"ndcg": 0.27428191900253296, "jsd": 0.13081200420856476}, "epoch_11": {"ndcg": 0.27342167496681213, "jsd": 0.12973226606845856}, "epoch_12": {"ndcg": 0.2728966474533081, "jsd": 0.12862156331539154}, "epoch_13": {"ndcg": 0.2726488709449768, "jsd": 0.12764517962932587}, "epoch_14": {"ndcg": 0.2720746695995331, "jsd": 0.12646602094173431}, "epoch_15": {"ndcg": 0.27141880989074707, "jsd": 0.1255909949541092}, "epoch_16": {"ndcg": 0.27096474170684814, "jsd": 0.1248398944735527}, "epoch_17": {"ndcg": 0.2705250382423401, "jsd": 0.12395618110895157}, "epoch_18": {"ndcg": 0.2697514593601227, "jsd": 0.12286292016506195}, "epoch_19": {"ndcg": 0.2694132924079895, "jsd": 0.1217409297823906}, "epoch_20": {"ndcg": 0.2688637971878052, "jsd": 0.12117095291614532}, "epoch_21": {"ndcg": 0.2682926058769226, "jsd": 0.12063827365636826}, "epoch_22": {"ndcg": 0.267914354801178, "jsd": 0.12036460638046265}, "epoch_23": {"ndcg": 0.26724016666412354, "jsd": 0.12012412399053574}, "epoch_24": {"ndcg": 0.2667466402053833, "jsd": 0.11974679678678513}, "epoch_25": {"ndcg": 0.26646295189857483, "jsd": 0.11901627480983734}, "epoch_26": {"ndcg": 0.2658388912677765, "jsd": 0.11846206337213516}, "epoch_27": {"ndcg": 0.265468031167984, "jsd": 0.11811292916536331}, "epoch_28": {"ndcg": 0.26524654030799866, "jsd": 0.11786963790655136}, "epoch_29": {"ndcg": 0.26483154296875, "jsd": 0.1176835224032402}, "epoch_32": {"ndcg": 0.2635197937488556, "jsd": 0.11740310490131378}, "epoch_33": {"ndcg": 0.2632610499858856, "jsd": 0.11735914647579193}, "epoch_34": {"ndcg": 0.2627018690109253, "jsd": 0.11724895238876343}, "epoch_35": {"ndcg": 0.26256880164146423, "jsd": 0.11723551899194717}, "epoch_36": {"ndcg": 0.2623693645000458, "jsd": 0.11719324439764023}, "epoch_37": {"ndcg": 0.2618931531906128, "jsd": 0.11683640629053116}, "epoch_38": {"ndcg": 0.2611578106880188, "jsd": 0.11670804023742676}}}