{
  "base_recommendations": {
    "ndcg": 0.2785918116569519,
    "jsd": 0.14252586662769318,
    "ndcg_usergroup_1": 0.19963575899600983,
    "jsd_usergroup_1": 0.161077618598938,
    "ndcg_usergroup_2": 0.26794716715812683,
    "jsd_usergroup_2": 0.1419621855020523,
    "ndcg_usergroup_3": 0.38948172330856323,
    "jsd_usergroup_3": 0.12566512823104858
  },
  "postprocessed": {},
  "finetuned": {
    "epoch_1": {
      "ndcg": 0.27746355533599854,
      "jsd": 0.1376768797636032,
      "ndcg_usergroup_1": 0.1994411200284958,
      "jsd_usergroup_1": 0.1557096391916275,
      "ndcg_usergroup_2": 0.2666914165019989,
      "jsd_usergroup_2": 0.13739365339279175,
      "ndcg_usergroup_3": 0.3878023028373718,
      "jsd_usergroup_3": 0.1204938292503357
    },
    "epoch_2": {
      "ndcg": 0.27472883462905884,
      "jsd": 0.12769187986850739,
      "ndcg_usergroup_1": 0.1979375034570694,
      "jsd_usergroup_1": 0.14799869060516357,
      "ndcg_usergroup_2": 0.2646019756793976,
      "jsd_usergroup_2": 0.1276814341545105,
      "ndcg_usergroup_3": 0.3819008469581604,
      "jsd_usergroup_3": 0.10741639137268066
    },
    "epoch_3": {
      "ndcg": 0.27086135745048523,
      "jsd": 0.11668707430362701,
      "ndcg_usergroup_1": 0.19679492712020874,
      "jsd_usergroup_1": 0.1392034888267517,
      "ndcg_usergroup_2": 0.2609383165836334,
      "jsd_usergroup_2": 0.1161823719739914,
      "ndcg_usergroup_3": 0.37469688057899475,
      "jsd_usergroup_3": 0.09568473696708679
    },
    "epoch_4": {
      "ndcg": 0.26689988374710083,
      "jsd": 0.10623912513256073,
      "ndcg_usergroup_1": 0.19651713967323303,
      "jsd_usergroup_1": 0.12883156538009644,
      "ndcg_usergroup_2": 0.25754401087760925,
      "jsd_usergroup_2": 0.10578790307044983,
      "ndcg_usergroup_3": 0.3653501570224762,
      "jsd_usergroup_3": 0.08500029146671295
    },
    "epoch_5": {
      "ndcg": 0.26162365078926086,
      "jsd": 0.09686346352100372,
      "ndcg_usergroup_1": 0.19446587562561035,
      "jsd_usergroup_1": 0.11984271556138992,
      "ndcg_usergroup_2": 0.25271329283714294,
      "jsd_usergroup_2": 0.09567737579345703,
      "ndcg_usergroup_3": 0.3555123209953308,
      "jsd_usergroup_3": 0.07744245231151581
    },
    "epoch_6": {
      "ndcg": 0.2559240162372589,
      "jsd": 0.08819091320037842,
      "ndcg_usergroup_1": 0.19102782011032104,
      "jsd_usergroup_1": 0.10937045514583588,
      "ndcg_usergroup_2": 0.2478622943162918,
      "jsd_usergroup_2": 0.0867394432425499,
      "ndcg_usergroup_3": 0.34500548243522644,
      "jsd_usergroup_3": 0.07136578857898712
    },
    "epoch_7": {
      "ndcg": 0.25038453936576843,
      "jsd": 0.0819980800151825,
      "ndcg_usergroup_1": 0.18907764554023743,
      "jsd_usergroup_1": 0.1023658812046051,
      "ndcg_usergroup_2": 0.24152007699012756,
      "jsd_usergroup_2": 0.07983860373497009,
      "ndcg_usergroup_3": 0.33828479051589966,
      "jsd_usergroup_3": 0.06810867786407471
    },
    "epoch_8": {
      "ndcg": 0.24572132527828217,
      "jsd": 0.07626493275165558,
      "ndcg_usergroup_1": 0.186951145529747,
      "jsd_usergroup_1": 0.09383086860179901,
      "ndcg_usergroup_2": 0.23636643588542938,
      "jsd_usergroup_2": 0.07448969781398773,
      "ndcg_usergroup_3": 0.3325561285018921,
      "jsd_usergroup_3": 0.06402470171451569
    },
    "epoch_9": {
      "ndcg": 0.24210499227046967,
      "jsd": 0.07157943397760391,
      "ndcg_usergroup_1": 0.18542952835559845,
      "jsd_usergroup_1": 0.08775678277015686,
      "ndcg_usergroup_2": 0.23214712738990784,
      "jsd_usergroup_2": 0.0688978061079979,
      "ndcg_usergroup_3": 0.3286539912223816,
      "jsd_usergroup_3": 0.06344699114561081
    },
    "epoch_10": {
      "ndcg": 0.23780053853988647,
      "jsd": 0.06829895079135895,
      "ndcg_usergroup_1": 0.1845702826976776,
      "jsd_usergroup_1": 0.0827057957649231,
      "ndcg_usergroup_2": 0.22767184674739838,
      "jsd_usergroup_2": 0.06571508198976517,
      "ndcg_usergroup_3": 0.3214167356491089,
      "jsd_usergroup_3": 0.061643701046705246
    },
    "epoch_11": {
      "ndcg": 0.23409375548362732,
      "jsd": 0.06538134068250656,
      "ndcg_usergroup_1": 0.182863250374794,
      "jsd_usergroup_1": 0.07731114327907562,
      "ndcg_usergroup_2": 0.22292688488960266,
      "jsd_usergroup_2": 0.06250066310167313,
      "ndcg_usergroup_3": 0.318824827671051,
      "jsd_usergroup_3": 0.06209356337785721
    },
    "epoch_12": {
      "ndcg": 0.23020966351032257,
      "jsd": 0.06360939890146255,
      "ndcg_usergroup_1": 0.18040378391742706,
      "jsd_usergroup_1": 0.07447827607393265,
      "ndcg_usergroup_2": 0.2187972068786621,
      "jsd_usergroup_2": 0.061320751905441284,
      "ndcg_usergroup_3": 0.3142528831958771,
      "jsd_usergroup_3": 0.059606436640024185
    },
    "epoch_13": {
      "ndcg": 0.2287280559539795,
      "jsd": 0.062122806906700134,
      "ndcg_usergroup_1": 0.18012094497680664,
      "jsd_usergroup_1": 0.07169429212808609,
      "ndcg_usergroup_2": 0.2165914922952652,
      "jsd_usergroup_2": 0.05936237424612045,
      "ndcg_usergroup_3": 0.3137448728084564,
      "jsd_usergroup_3": 0.06083262339234352
    },
    "epoch_14": {
      "ndcg": 0.22568537294864655,
      "jsd": 0.06090613827109337,
      "ndcg_usergroup_1": 0.1781284064054489,
      "jsd_usergroup_1": 0.07070997357368469,
      "ndcg_usergroup_2": 0.21380850672721863,
      "jsd_usergroup_2": 0.05801713094115257,
      "ndcg_usergroup_3": 0.30887284874916077,
      "jsd_usergroup_3": 0.05976930260658264
    },
    "epoch_15": {
      "ndcg": 0.2239866554737091,
      "jsd": 0.05999356880784035,
      "ndcg_usergroup_1": 0.17784464359283447,
      "jsd_usergroup_1": 0.06854155659675598,
      "ndcg_usergroup_2": 0.210586816072464,
      "jsd_usergroup_2": 0.05744697153568268,
      "ndcg_usergroup_3": 0.31032809615135193,
      "jsd_usergroup_3": 0.05908537283539772
    },
    "epoch_17": {
      "ndcg": 0.21931852400302887,
      "jsd": 0.059709109365940094,
      "ndcg_usergroup_1": 0.1749437302350998,
      "jsd_usergroup_1": 0.06680695712566376,
      "ndcg_usergroup_2": 0.2057940512895584,
      "jsd_usergroup_2": 0.05790646746754646,
      "ndcg_usergroup_3": 0.30426663160324097,
      "jsd_usergroup_3": 0.058019183576107025
    },
    "epoch_18": {
      "ndcg": 0.21723802387714386,
      "jsd": 0.05902966856956482,
      "ndcg_usergroup_1": 0.17194433510303497,
      "jsd_usergroup_1": 0.0682704970240593,
      "ndcg_usergroup_2": 0.20451048016548157,
      "jsd_usergroup_2": 0.05598356947302818,
      "ndcg_usergroup_3": 0.3007143437862396,
      "jsd_usergroup_3": 0.058927129954099655
    },
    "epoch_21": {
      "ndcg": 0.2145249992609024,
      "jsd": 0.05842793360352516,
      "ndcg_usergroup_1": 0.16839143633842468,
      "jsd_usergroup_1": 0.06710851937532425,
      "ndcg_usergroup_2": 0.20134390890598297,
      "jsd_usergroup_2": 0.055924564599990845,
      "ndcg_usergroup_3": 0.3002018332481384,
      "jsd_usergroup_3": 0.057257454842329025
    },
    "epoch_22": {
      "ndcg": 0.21256347000598907,
      "jsd": 0.058393996208906174,
      "ndcg_usergroup_1": 0.16512691974639893,
      "jsd_usergroup_1": 0.07102444767951965,
      "ndcg_usergroup_2": 0.20019115507602692,
      "jsd_usergroup_2": 0.054394327104091644,
      "ndcg_usergroup_3": 0.2971169352531433,
      "jsd_usergroup_3": 0.05776256322860718
    }
  }
}