{
  "base_recommendations": {
    "ndcg": 0.2785918116569519,
    "jsd": 0.14252586662769318,
    "ndcg_usergroup_1": 0.19963575899600983,
    "jsd_usergroup_1": 0.161077618598938,
    "ndcg_usergroup_2": 0.26794716715812683,
    "jsd_usergroup_2": 0.1419621855020523,
    "ndcg_usergroup_3": 0.38948172330856323,
    "jsd_usergroup_3": 0.12566512823104858
  },
  "postprocessed": {},
  "finetuned": {
    "epoch_1": {
      "ndcg": 0.27779221534729004,
      "jsd": 0.13758735358715057,
      "ndcg_usergroup_1": 0.19930590689182281,
      "jsd_usergroup_1": 0.15359127521514893,
      "ndcg_usergroup_2": 0.26704201102256775,
      "jsd_usergroup_2": 0.13734465837478638,
      "ndcg_usergroup_3": 0.3885290324687958,
      "jsd_usergroup_3": 0.12231152504682541
    },
    "epoch_2": {
      "ndcg": 0.27551570534706116,
      "jsd": 0.1282535046339035,
      "ndcg_usergroup_1": 0.19801229238510132,
      "jsd_usergroup_1": 0.14449438452720642,
      "ndcg_usergroup_2": 0.2648538053035736,
      "jsd_usergroup_2": 0.12763921916484833,
      "ndcg_usergroup_3": 0.3850046992301941,
      "jsd_usergroup_3": 0.1138555258512497
    },
    "epoch_3": {
      "ndcg": 0.2721121907234192,
      "jsd": 0.11848584562540054,
      "ndcg_usergroup_1": 0.19670863449573517,
      "jsd_usergroup_1": 0.13464058935642242,
      "ndcg_usergroup_2": 0.2610788941383362,
      "jsd_usergroup_2": 0.11676736921072006,
      "ndcg_usergroup_3": 0.38061559200286865,
      "jsd_usergroup_3": 0.10748652368783951
    },
    "epoch_4": {
      "ndcg": 0.26907607913017273,
      "jsd": 0.11042093485593796,
      "ndcg_usergroup_1": 0.1961737424135208,
      "jsd_usergroup_1": 0.12567391991615295,
      "ndcg_usergroup_2": 0.2577909827232361,
      "jsd_usergroup_2": 0.10831403732299805,
      "ndcg_usergroup_3": 0.3758336901664734,
      "jsd_usergroup_3": 0.1014886274933815
    },
    "epoch_5": {
      "ndcg": 0.2654038667678833,
      "jsd": 0.10297521948814392,
      "ndcg_usergroup_1": 0.1925721913576126,
      "jsd_usergroup_1": 0.11668267101049423,
      "ndcg_usergroup_2": 0.2542530596256256,
      "jsd_usergroup_2": 0.10050364583730698,
      "ndcg_usergroup_3": 0.3716878890991211,
      "jsd_usergroup_3": 0.09668252617120743
    },
    "epoch_6": {
      "ndcg": 0.26223990321159363,
      "jsd": 0.09665802121162415,
      "ndcg_usergroup_1": 0.19132521748542786,
      "jsd_usergroup_1": 0.10784321278333664,
      "ndcg_usergroup_2": 0.2503810524940491,
      "jsd_usergroup_2": 0.09401598572731018,
      "ndcg_usergroup_3": 0.3687310516834259,
      "jsd_usergroup_3": 0.09339894354343414
    },
    "epoch_7": {
      "ndcg": 0.2579828202724457,
      "jsd": 0.09152045845985413,
      "ndcg_usergroup_1": 0.18865911662578583,
      "jsd_usergroup_1": 0.10075820237398148,
      "ndcg_usergroup_2": 0.2459312230348587,
      "jsd_usergroup_2": 0.08882123976945877,
      "ndcg_usergroup_3": 0.36346131563186646,
      "jsd_usergroup_3": 0.09038038551807404
    },
    "epoch_8": {
      "ndcg": 0.25510820746421814,
      "jsd": 0.08802071213722229,
      "ndcg_usergroup_1": 0.1862770915031433,
      "jsd_usergroup_1": 0.09653384238481522,
      "ndcg_usergroup_2": 0.24229441583156586,
      "jsd_usergroup_2": 0.08474832773208618,
      "ndcg_usergroup_3": 0.3623805642127991,
      "jsd_usergroup_3": 0.0893247202038765
    },
    "epoch_9": {
      "ndcg": 0.2529742121696472,
      "jsd": 0.08487660437822342,
      "ndcg_usergroup_1": 0.18471696972846985,
      "jsd_usergroup_1": 0.09204255789518356,
      "ndcg_usergroup_2": 0.23989522457122803,
      "jsd_usergroup_2": 0.0819556936621666,
      "ndcg_usergroup_3": 0.36046841740608215,
      "jsd_usergroup_3": 0.08647331595420837
    },
    "epoch_10": {
      "ndcg": 0.24981403350830078,
      "jsd": 0.0828932449221611,
      "ndcg_usergroup_1": 0.18023209273815155,
      "jsd_usergroup_1": 0.0884052962064743,
      "ndcg_usergroup_2": 0.23677963018417358,
      "jsd_usergroup_2": 0.07987026125192642,
      "ndcg_usergroup_3": 0.3584991693496704,
      "jsd_usergroup_3": 0.08645006269216537
    },
    "epoch_11": {
      "ndcg": 0.24743425846099854,
      "jsd": 0.08085444569587708,
      "ndcg_usergroup_1": 0.17724405229091644,
      "jsd_usergroup_1": 0.08575991541147232,
      "ndcg_usergroup_2": 0.23436206579208374,
      "jsd_usergroup_2": 0.07802428305149078,
      "ndcg_usergroup_3": 0.3568410873413086,
      "jsd_usergroup_3": 0.08443941920995712
    },
    "epoch_12": {
      "ndcg": 0.24508509039878845,
      "jsd": 0.07946711778640747,
      "ndcg_usergroup_1": 0.1756272166967392,
      "jsd_usergroup_1": 0.08247159421443939,
      "ndcg_usergroup_2": 0.23145005106925964,
      "jsd_usergroup_2": 0.07689966261386871,
      "ndcg_usergroup_3": 0.3554481863975525,
      "jsd_usergroup_3": 0.08416496962308884
    },
    "epoch_13": {
      "ndcg": 0.24384765326976776,
      "jsd": 0.07868900895118713,
      "ndcg_usergroup_1": 0.17250798642635345,
      "jsd_usergroup_1": 0.08013901114463806,
      "ndcg_usergroup_2": 0.23077285289764404,
      "jsd_usergroup_2": 0.07655844837427139,
      "ndcg_usergroup_3": 0.3544118404388428,
      "jsd_usergroup_3": 0.08363070338964462
    },
    "epoch_14": {
      "ndcg": 0.24134711921215057,
      "jsd": 0.07807720452547073,
      "ndcg_usergroup_1": 0.16919487714767456,
      "jsd_usergroup_1": 0.07932622730731964,
      "ndcg_usergroup_2": 0.22803381085395813,
      "jsd_usergroup_2": 0.07582605630159378,
      "ndcg_usergroup_3": 0.35343924164772034,
      "jsd_usergroup_3": 0.08358161151409149
    },
    "epoch_15": {
      "ndcg": 0.24061666429042816,
      "jsd": 0.07770900428295135,
      "ndcg_usergroup_1": 0.16875353455543518,
      "jsd_usergroup_1": 0.077369324862957,
      "ndcg_usergroup_2": 0.22733601927757263,
      "jsd_usergroup_2": 0.07580945640802383,
      "ndcg_usergroup_3": 0.35232165455818176,
      "jsd_usergroup_3": 0.08374731987714767
    },
    "epoch_16": {
      "ndcg": 0.23907341063022614,
      "jsd": 0.07646748423576355,
      "ndcg_usergroup_1": 0.16692374646663666,
      "jsd_usergroup_1": 0.07597825676202774,
      "ndcg_usergroup_2": 0.22603774070739746,
      "jsd_usergroup_2": 0.07476180046796799,
      "ndcg_usergroup_3": 0.35033008456230164,
      "jsd_usergroup_3": 0.08207372575998306
    },
    "epoch_18": {
      "ndcg": 0.23616458475589752,
      "jsd": 0.07579168677330017,
      "ndcg_usergroup_1": 0.1635282188653946,
      "jsd_usergroup_1": 0.07469640672206879,
      "ndcg_usergroup_2": 0.22276340425014496,
      "jsd_usergroup_2": 0.07370426505804062,
      "ndcg_usergroup_3": 0.3490045666694641,
      "jsd_usergroup_3": 0.08314923197031021
    },
    "epoch_19": {
      "ndcg": 0.23568734526634216,
      "jsd": 0.07525257021188736,
      "ndcg_usergroup_1": 0.16477181017398834,
      "jsd_usergroup_1": 0.07233075797557831,
      "ndcg_usergroup_2": 0.22201821208000183,
      "jsd_usergroup_2": 0.07418806105852127,
      "ndcg_usergroup_3": 0.3476102948188782,
      "jsd_usergroup_3": 0.08136788010597229
    },
    "epoch_20": {
      "ndcg": 0.23441866040229797,
      "jsd": 0.07540915906429291,
      "ndcg_usergroup_1": 0.16286639869213104,
      "jsd_usergroup_1": 0.0727868378162384,
      "ndcg_usergroup_2": 0.22036214172840118,
      "jsd_usergroup_2": 0.07379672676324844,
      "ndcg_usergroup_3": 0.3481404483318329,
      "jsd_usergroup_3": 0.0828687846660614
    },
    "epoch_21": {
      "ndcg": 0.23458462953567505,
      "jsd": 0.07498648762702942,
      "ndcg_usergroup_1": 0.16356819868087769,
      "jsd_usergroup_1": 0.07122574746608734,
      "ndcg_usergroup_2": 0.22068597376346588,
      "jsd_usergroup_2": 0.07379885762929916,
      "ndcg_usergroup_3": 0.3472970724105835,
      "jsd_usergroup_3": 0.08231011778116226
    },
    "epoch_22": {
      "ndcg": 0.2333509474992752,
      "jsd": 0.07478813081979752,
      "ndcg_usergroup_1": 0.16173787415027618,
      "jsd_usergroup_1": 0.07117603719234467,