{
  "base_recommendations": {
    "ndcg": 0.2785918116569519,
    "jsd": 0.14252586662769318,
    "ndcg_usergroup_1": 0.19963575899600983,
    "jsd_usergroup_1": 0.161077618598938,
    "ndcg_usergroup_2": 0.26794716715812683,
    "jsd_usergroup_2": 0.1419621855020523,
    "ndcg_usergroup_3": 0.38948172330856323,
    "jsd_usergroup_3": 0.12566512823104858
  },
  "postprocessed": {},
  "finetuned": {
    "epoch_1": {
      "ndcg": 0.2757672667503357,
      "jsd": 0.12797841429710388,
      "ndcg_usergroup_1": 0.19666507840156555,
      "jsd_usergroup_1": 0.1396220326423645,
      "ndcg_usergroup_2": 0.26523110270500183,
      "jsd_usergroup_2": 0.1268390417098999,
      "ndcg_usergroup_3": 0.38647785782814026,
      "jsd_usergroup_3": 0.11975286900997162
    },
    "epoch_2": {
      "ndcg": 0.270563542842865,
      "jsd": 0.11274398118257523,
      "ndcg_usergroup_1": 0.19218318164348602,
      "jsd_usergroup_1": 0.11406184732913971,
      "ndcg_usergroup_2": 0.25915613770484924,
      "jsd_usergroup_2": 0.11210625618696213,
      "ndcg_usergroup_3": 0.38316619396209717,
      "jsd_usergroup_3": 0.11333925276994705
    },
    "epoch_3": {
      "ndcg": 0.26625916361808777,
      "jsd": 0.10071983188390732,
      "ndcg_usergroup_1": 0.1892639547586441,
      "jsd_usergroup_1": 0.09343526512384415,
      "ndcg_usergroup_2": 0.25395867228507996,
      "jsd_usergroup_2": 0.10081758350133896,
      "ndcg_usergroup_3": 0.3801558315753937,
      "jsd_usergroup_3": 0.10771118849515915
    },
    "epoch_4": {
      "ndcg": 0.2606457769870758,
      "jsd": 0.09304733574390411,
      "ndcg_usergroup_1": 0.1834593266248703,
      "jsd_usergroup_1": 0.0802902951836586,
      "ndcg_usergroup_2": 0.24797014892101288,
      "jsd_usergroup_2": 0.09389588236808777,
      "ndcg_usergroup_3": 0.37585923075675964,
      "jsd_usergroup_3": 0.10325869917869568
    },
    "epoch_5": {
      "ndcg": 0.25550734996795654,
      "jsd": 0.08823426067829132,
      "ndcg_usergroup_1": 0.17443569004535675,
      "jsd_usergroup_1": 0.07223930954933167,
      "ndcg_usergroup_2": 0.2432457059621811,
      "jsd_usergroup_2": 0.08990909904241562,
      "ndcg_usergroup_3": 0.3733639419078827,
      "jsd_usergroup_3": 0.0992046669125557
    },
    "epoch_6": {
      "ndcg": 0.2517591118812561,
      "jsd": 0.08490463346242905,
      "ndcg_usergroup_1": 0.16976115107536316,
      "jsd_usergroup_1": 0.06846904009580612,
      "ndcg_usergroup_2": 0.2395361065864563,
      "jsd_usergroup_2": 0.0868564173579216,
      "ndcg_usergroup_3": 0.3704260289669037,
      "jsd_usergroup_3": 0.09548483788967133
    },
    "epoch_7": {
      "ndcg": 0.24863696098327637,
      "jsd": 0.08202672004699707,
      "ndcg_usergroup_1": 0.1648893803358078,
      "jsd_usergroup_1": 0.06609119474887848,
      "ndcg_usergroup_2": 0.23663447797298431,
      "jsd_usergroup_2": 0.08396295458078384,
      "ndcg_usergroup_3": 0.3683919906616211,
      "jsd_usergroup_3": 0.09215352684259415
    },
    "epoch_8": {
      "ndcg": 0.24693848192691803,
      "jsd": 0.0797683596611023,
      "ndcg_usergroup_1": 0.16320796310901642,
      "jsd_usergroup_1": 0.06532903015613556,
      "ndcg_usergroup_2": 0.23466609418392181,
      "jsd_usergroup_2": 0.0816655382514,
      "ndcg_usergroup_3": 0.3674861788749695,
      "jsd_usergroup_3": 0.08851615339517593
    },
    "epoch_9": {
      "ndcg": 0.2449895441532135,
      "jsd": 0.07704635709524155,
      "ndcg_usergroup_1": 0.16068218648433685,
      "jsd_usergroup_1": 0.06379576027393341,
      "ndcg_usergroup_2": 0.23289628326892853,
      "jsd_usergroup_2": 0.07883481681346893,
      "ndcg_usergroup_3": 0.36557671427726746,
      "jsd_usergroup_3": 0.08493151515722275
    },
    "epoch_10": {
      "ndcg": 0.24278728663921356,
      "jsd": 0.07500609755516052,
      "ndcg_usergroup_1": 0.1585819274187088,
      "jsd_usergroup_1": 0.062361180782318115,
      "ndcg_usergroup_2": 0.23121078312397003,
      "jsd_usergroup_2": 0.07686557620763779,
      "ndcg_usergroup_3": 0.36172211170196533,
      "jsd_usergroup_3": 0.08207252621650696
    },
    "epoch_11": {
      "ndcg": 0.2412370890378952,
      "jsd": 0.07279366999864578,
      "ndcg_usergroup_1": 0.15703769028186798,
      "jsd_usergroup_1": 0.06098436564207077,
      "ndcg_usergroup_2": 0.22980409860610962,
      "jsd_usergroup_2": 0.07454037666320801,
      "ndcg_usergroup_3": 0.35973551869392395,
      "jsd_usergroup_3": 0.07936285436153412
    },
    "epoch_12": {
      "ndcg": 0.23963786661624908,
      "jsd": 0.0712355375289917,
      "ndcg_usergroup_1": 0.15625068545341492,
      "jsd_usergroup_1": 0.06052468717098236,
      "ndcg_usergroup_2": 0.22794875502586365,
      "jsd_usergroup_2": 0.07270152866840363,
      "ndcg_usergroup_3": 0.358092337846756,
      "jsd_usergroup_3": 0.07754840701818466
    },
    "epoch_13": {
      "ndcg": 0.23832519352436066,
      "jsd": 0.0698665976524353,
      "ndcg_usergroup_1": 0.15533509850502014,
      "jsd_usergroup_1": 0.059793852269649506,
      "ndcg_usergroup_2": 0.22666530311107635,
      "jsd_usergroup_2": 0.07132571190595627,
      "ndcg_usergroup_3": 0.3562948703765869,
      "jsd_usergroup_3": 0.0755619928240776
    },
    "epoch_14": {
      "ndcg": 0.23677805066108704,
      "jsd": 0.06897857785224915,
      "ndcg_usergroup_1": 0.15494519472122192,
      "jsd_usergroup_1": 0.05954979732632637,
      "ndcg_usergroup_2": 0.22521145641803741,
      "jsd_usergroup_2": 0.07010587304830551,
      "ndcg_usergroup_3": 0.35331058502197266,
      "jsd_usergroup_3": 0.07502543181180954
    },
    "epoch_15": {
      "ndcg": 0.23597779870033264,
      "jsd": 0.0677352100610733,
      "ndcg_usergroup_1": 0.15549080073833466,
      "jsd_usergroup_1": 0.0589786171913147,
      "ndcg_usergroup_2": 0.224099799990654,
      "jsd_usergroup_2": 0.06871538609266281,
      "ndcg_usergroup_3": 0.3520987927913666,
      "jsd_usergroup_3": 0.07355128228664398
    },
    "epoch_16": {
      "ndcg": 0.2346714287996292,
      "jsd": 0.06701232492923737,
      "ndcg_usergroup_1": 0.1544833779335022,
      "jsd_usergroup_1": 0.059192340821027756,
      "ndcg_usergroup_2": 0.2230854034423828,
      "jsd_usergroup_2": 0.06758381426334381,
      "ndcg_usergroup_3": 0.3496175706386566,
      "jsd_usergroup_3": 0.07311782985925674
    },
    "epoch_17": {
      "ndcg": 0.23400038480758667,
      "jsd": 0.06611445546150208,
      "ndcg_usergroup_1": 0.15429578721523285,
      "jsd_usergroup_1": 0.05880958214402199,
      "ndcg_usergroup_2": 0.22247442603111267,
      "jsd_usergroup_2": 0.06644251942634583,
      "ndcg_usergroup_3": 0.3482828438282013,
      "jsd_usergroup_3": 0.07243510335683823
    },
    "epoch_18": {
      "ndcg": 0.23304185271263123,
      "jsd": 0.06532473862171173,
      "ndcg_usergroup_1": 0.15473422408103943,
      "jsd_usergroup_1": 0.058036524802446365,
      "ndcg_usergroup_2": 0.22107839584350586,
      "jsd_usergroup_2": 0.06578057259321213,
      "ndcg_usergroup_3": 0.34723976254463196,
      "jsd_usergroup_3": 0.0712454617023468
    },
    "epoch_19": {
      "ndcg": 0.2324090600013733,
      "jsd": 0.0649663433432579,
      "ndcg_usergroup_1": 0.15502220392227173,
      "jsd_usergroup_1": 0.058255068957805634,
      "ndcg_usergroup_2": 0.22036424279212952,
      "jsd_usergroup_2": 0.0653892382979393,
      "ndcg_usergroup_3": 0.34593042731285095,
      "jsd_usergroup_3": 0.0704089105129242
    },
    "epoch_20": {
      "ndcg": 0.23196788132190704,
      "jsd": 0.06399597972631454,
      "ndcg_usergroup_1": 0.1564447283744812,
      "jsd_usergroup_1": 0.05818432196974754,
      "ndcg_usergroup_2": 0.21977099776268005,
      "jsd_usergroup_2": 0.06421896070241928,
      "ndcg_usergroup_3": 0.3440816402435303,
      "jsd_usergroup_3": 0.06913866102695465
    },
    "epoch_21": {
      "ndcg": 0.2317054271697998,
      "jsd": 0.06378897279500961,
      "ndcg_usergroup_1": 0.15616677701473236,
      "jsd_usergroup_1": 0.0579259879887104,