{
  "base_recommendations": {
    "ndcg": 0.2785918116569519,
    "jsd": 0.14252586662769318,
    "ndcg_usergroup_1": 0.19963575899600983,
    "jsd_usergroup_1": 0.161077618598938,
    "ndcg_usergroup_2": 0.26794716715812683,
    "jsd_usergroup_2": 0.1419621855020523,
    "ndcg_usergroup_3": 0.38948172330856323,
    "jsd_usergroup_3": 0.12566512823104858
  },
  "postprocessed": {},
  "finetuned": {
    "epoch_1": {
      "ndcg": 0.2605839967727661,
      "jsd": 0.09279932826757431,
      "ndcg_usergroup_1": 0.1838846355676651,
      "jsd_usergroup_1": 0.08058090507984161,
      "ndcg_usergroup_2": 0.24865512549877167,
      "jsd_usergroup_2": 0.09384603798389435,
      "ndcg_usergroup_3": 0.37307003140449524,
      "jsd_usergroup_3": 0.1018776148557663
    },
    "epoch_2": {
      "ndcg": 0.24313591420650482,
      "jsd": 0.07528112828731537,
      "ndcg_usergroup_1": 0.16103602945804596,
      "jsd_usergroup_1": 0.06685175746679306,
      "ndcg_usergroup_2": 0.23158784210681915,
      "jsd_usergroup_2": 0.07640314847230911,
      "ndcg_usergroup_3": 0.3598799407482147,
      "jsd_usergroup_3": 0.08034443110227585
    },
    "epoch_3": {
      "ndcg": 0.23313261568546295,
      "jsd": 0.06393082439899445,
      "ndcg_usergroup_1": 0.15619981288909912,
      "jsd_usergroup_1": 0.06039559468626976,
      "ndcg_usergroup_2": 0.2224002182483673,
      "jsd_usergroup_2": 0.0641414225101471,
      "ndcg_usergroup_3": 0.3422625958919525,
      "jsd_usergroup_3": 0.06683424860239029
    },
    "epoch_4": {
      "ndcg": 0.22449395060539246,
      "jsd": 0.05728013440966606,
      "ndcg_usergroup_1": 0.15128977596759796,
      "jsd_usergroup_1": 0.055142082273960114,
      "ndcg_usergroup_2": 0.21387547254562378,
      "jsd_usergroup_2": 0.05721605569124222,
      "ndcg_usergroup_3": 0.3295535445213318,
      "jsd_usergroup_3": 0.05961044877767563
    },
    "epoch_5": {
      "ndcg": 0.2175115942955017,
      "jsd": 0.05188634246587753,
      "ndcg_usergroup_1": 0.1516818404197693,
      "jsd_usergroup_1": 0.04971085488796234,
      "ndcg_usergroup_2": 0.20535628497600555,
      "jsd_usergroup_2": 0.0517931692302227,
      "ndcg_usergroup_3": 0.3198073208332062,
      "jsd_usergroup_3": 0.054341353476047516
    },
    "epoch_6": {
      "ndcg": 0.21252809464931488,
      "jsd": 0.04893418028950691,
      "ndcg_usergroup_1": 0.15310713648796082,
      "jsd_usergroup_1": 0.0457548163831234,
      "ndcg_usergroup_2": 0.1995876282453537,
      "jsd_usergroup_2": 0.049092262983322144,
      "ndcg_usergroup_3": 0.3107704520225525,
      "jsd_usergroup_3": 0.05163927748799324
    },
    "epoch_7": {
      "ndcg": 0.2092059850692749,
      "jsd": 0.047432780265808105,
      "ndcg_usergroup_1": 0.1533741056919098,
      "jsd_usergroup_1": 0.04380575567483902,
      "ndcg_usergroup_2": 0.19545477628707886,
      "jsd_usergroup_2": 0.04767240211367607,
      "ndcg_usergroup_3": 0.30629146099090576,
      "jsd_usergroup_3": 0.050340935587882996
    },
    "epoch_8": {
      "ndcg": 0.2076253890991211,
      "jsd": 0.04680779576301575,
      "ndcg_usergroup_1": 0.1540496051311493,
      "jsd_usergroup_1": 0.043358877301216125,
      "ndcg_usergroup_2": 0.19369691610336304,
      "jsd_usergroup_2": 0.04691973328590393,
      "ndcg_usergroup_3": 0.3029865324497223,
      "jsd_usergroup_3": 0.04992090165615082
    },
    "epoch_9": {
      "ndcg": 0.206699401140213,
      "jsd": 0.046369198709726334,
      "ndcg_usergroup_1": 0.15434493124485016,
      "jsd_usergroup_1": 0.041588619351387024,
      "ndcg_usergroup_2": 0.19294936954975128,
      "jsd_usergroup_2": 0.046658243983983994,
      "ndcg_usergroup_3": 0.3003038763999939,
      "jsd_usergroup_3": 0.050282638520002365
    },
    "epoch_10": {
      "ndcg": 0.2054685354232788,
      "jsd": 0.04628955200314522,
      "ndcg_usergroup_1": 0.15414784848690033,
      "jsd_usergroup_1": 0.042878348380327225,
      "ndcg_usergroup_2": 0.19204942882061005,
      "jsd_usergroup_2": 0.04619203507900238,
      "ndcg_usergroup_3": 0.2970464527606964,
      "jsd_usergroup_3": 0.04999331757426262
    }
  }
}