{
  "base_recommendations": {
    "ndcg": 0.2785918116569519,
    "jsd": 0.14252586662769318,
    "ndcg_usergroup_1": 0.19963575899600983,
    "jsd_usergroup_1": 0.161077618598938,
    "ndcg_usergroup_2": 0.26794716715812683,
    "jsd_usergroup_2": 0.1419621855020523,
    "ndcg_usergroup_3": 0.38948172330856323,
    "jsd_usergroup_3": 0.12566512823104858
  },
  "postprocessed": {},
  "finetuned": {
    "epoch_1": {
      "ndcg": 0.2573104798793793,
      "jsd": 0.09674599766731262,
      "ndcg_usergroup_1": 0.18952301144599915,
      "jsd_usergroup_1": 0.11887523531913757,
      "ndcg_usergroup_2": 0.2476690262556076,
      "jsd_usergroup_2": 0.09511525928974152,
      "ndcg_usergroup_3": 0.35402223467826843,
      "jsd_usergroup_3": 0.07950897514820099
    },
    "epoch_2": {
      "ndcg": 0.2343902438879013,
      "jsd": 0.08183036744594574,
      "ndcg_usergroup_1": 0.1804017275571823,
      "jsd_usergroup_1": 0.11371172964572906,
      "ndcg_usergroup_2": 0.2255708873271942,
      "jsd_usergroup_2": 0.07758957892656326,
      "ndcg_usergroup_3": 0.31483685970306396,
      "jsd_usergroup_3": 0.06267137080430984
    },
    "epoch_3": {
      "ndcg": 0.22168071568012238,
      "jsd": 0.0796070545911789,
      "ndcg_usergroup_1": 0.17561551928520203,
      "jsd_usergroup_1": 0.12028463184833527,
      "ndcg_usergroup_2": 0.21306046843528748,
      "jsd_usergroup_2": 0.07193983346223831,
      "ndcg_usergroup_3": 0.29360657930374146,
      "jsd_usergroup_3": 0.06193114444613457
    },
    "epoch_4": {
      "ndcg": 0.2147008627653122,
      "jsd": 0.0767698660492897,
      "ndcg_usergroup_1": 0.17496979236602783,
      "jsd_usergroup_1": 0.12277662754058838,
      "ndcg_usergroup_2": 0.2061479240655899,
      "jsd_usergroup_2": 0.06740637123584747,
      "ndcg_usergroup_3": 0.28009068965911865,
      "jsd_usergroup_3": 0.058853551745414734
    },
    "epoch_5": {
      "ndcg": 0.20607805252075195,
      "jsd": 0.07454219460487366,
      "ndcg_usergroup_1": 0.17157647013664246,
      "jsd_usergroup_1": 0.12336843460798264,
      "ndcg_usergroup_2": 0.1956290602684021,
      "jsd_usergroup_2": 0.06352201849222183,
      "ndcg_usergroup_3": 0.27192649245262146,
      "jsd_usergroup_3": 0.05877649039030075
    },
    "epoch_6": {
      "ndcg": 0.19609637558460236,
      "jsd": 0.07274673134088516,
      "ndcg_usergroup_1": 0.16542275249958038,
      "jsd_usergroup_1": 0.12381969392299652,
      "ndcg_usergroup_2": 0.18371890485286713,
      "jsd_usergroup_2": 0.060216158628463745,
      "ndcg_usergroup_3": 0.2639024257659912,
      "jsd_usergroup_3": 0.05926549807190895
    },
    "epoch_7": {
      "ndcg": 0.1872783601284027,
      "jsd": 0.07130151987075806,
      "ndcg_usergroup_1": 0.15912847220897675,
      "jsd_usergroup_1": 0.11481781303882599,
      "ndcg_usergroup_2": 0.17386484146118164,
      "jsd_usergroup_2": 0.060035672038793564,
      "ndcg_usergroup_3": 0.2556687593460083,
      "jsd_usergroup_3": 0.061582792550325394
    }
  }
}