{
  "base_recommendations": {
    "ndcg": 0.2785918116569519,
    "jsd": 0.14252586662769318,
    "ndcg_usergroup_1": 0.19963575899600983,
    "jsd_usergroup_1": 0.161077618598938,
    "ndcg_usergroup_2": 0.26794716715812683,
    "jsd_usergroup_2": 0.1419621855020523,
    "ndcg_usergroup_3": 0.38948172330856323,
    "jsd_usergroup_3": 0.12566512823104858
  },
  "postprocessed": {},
  "finetuned": {
    "epoch_1": {
      "ndcg": 0.27773648500442505,
      "jsd": 0.1370507776737213,
      "ndcg_usergroup_1": 0.19941332936286926,
      "jsd_usergroup_1": 0.15494118630886078,
      "ndcg_usergroup_2": 0.26704880595207214,
      "jsd_usergroup_2": 0.13675273954868317,
      "ndcg_usergroup_3": 0.3881226181983948,
      "jsd_usergroup_3": 0.12005440890789032
    },
    "epoch_2": {
      "ndcg": 0.2749888598918915,
      "jsd": 0.12633401155471802,
      "ndcg_usergroup_1": 0.1983128786087036,
      "jsd_usergroup_1": 0.14623413980007172,
      "ndcg_usergroup_2": 0.2647951543331146,
      "jsd_usergroup_2": 0.1261119544506073,
      "ndcg_usergroup_3": 0.38224589824676514,
      "jsd_usergroup_3": 0.1070999726653099
    },
    "epoch_3": {
      "ndcg": 0.2711080312728882,
      "jsd": 0.11476607620716095,
      "ndcg_usergroup_1": 0.19636207818984985,
      "jsd_usergroup_1": 0.1352512091398239,
      "ndcg_usergroup_2": 0.26140689849853516,
      "jsd_usergroup_2": 0.11393281072378159,
      "ndcg_usergroup_3": 0.3749573528766632,
      "jsd_usergroup_3": 0.0967806950211525
    },
    "epoch_4": {
      "ndcg": 0.2665896713733673,
      "jsd": 0.10354705154895782,
      "ndcg_usergroup_1": 0.1948789656162262,
      "jsd_usergroup_1": 0.12458252906799316,
      "ndcg_usergroup_2": 0.256852388381958,
      "jsd_usergroup_2": 0.1021670550107956,
      "ndcg_usergroup_3": 0.3675122857093811,
      "jsd_usergroup_3": 0.08665161579847336
    },
    "epoch_5": {
      "ndcg": 0.2616514265537262,
      "jsd": 0.0929865762591362,
      "ndcg_usergroup_1": 0.19338677823543549,
      "jsd_usergroup_1": 0.11160881072282791,
      "ndcg_usergroup_2": 0.25210168957710266,
      "jsd_usergroup_2": 0.09153658151626587,
      "ndcg_usergroup_3": 0.3585651218891144,
      "jsd_usergroup_3": 0.07871431857347488
    },
    "epoch_6": {
      "ndcg": 0.2556261420249939,
      "jsd": 0.08389320969581604,
      "ndcg_usergroup_1": 0.1889103502035141,
      "jsd_usergroup_1": 0.1004934310913086,
      "ndcg_usergroup_2": 0.24622154235839844,
      "jsd_usergroup_2": 0.082669198513031,
      "ndcg_usergroup_3": 0.3505557179450989,
      "jsd_usergroup_3": 0.07096501439809799
    },
    "epoch_7": {
      "ndcg": 0.25042724609375,
      "jsd": 0.07752761989831924,
      "ndcg_usergroup_1": 0.18694353103637695,
      "jsd_usergroup_1": 0.0909837856888771,
      "ndcg_usergroup_2": 0.2404036670923233,
      "jsd_usergroup_2": 0.0761520117521286,
      "ndcg_usergroup_3": 0.3439818024635315,
      "jsd_usergroup_3": 0.06819826364517212
    },
    "epoch_8": {
      "ndcg": 0.24534709751605988,
      "jsd": 0.07088334858417511,
      "ndcg_usergroup_1": 0.18515153229236603,
      "jsd_usergroup_1": 0.0821535587310791,
      "ndcg_usergroup_2": 0.23449081182479858,
      "jsd_usergroup_2": 0.06957724690437317,
      "ndcg_usergroup_3": 0.3381114602088928,
      "jsd_usergroup_3": 0.06353143602609634
    },
    "epoch_9": {
      "ndcg": 0.24109111726284027,
      "jsd": 0.06616823375225067,
      "ndcg_usergroup_1": 0.18284322321414948,
      "jsd_usergroup_1": 0.07516461610794067,
      "ndcg_usergroup_2": 0.2293197363615036,
      "jsd_usergroup_2": 0.06485810875892639,
      "ndcg_usergroup_3": 0.3346530795097351,
      "jsd_usergroup_3": 0.0611022412776947
    },
    "epoch_10": {
      "ndcg": 0.23685145378112793,
      "jsd": 0.06272777915000916,
      "ndcg_usergroup_1": 0.18102271854877472,
      "jsd_usergroup_1": 0.0699072927236557,
      "ndcg_usergroup_2": 0.22434310615062714,
      "jsd_usergroup_2": 0.06160951778292656,
      "ndcg_usergroup_3": 0.3302052617073059,
      "jsd_usergroup_3": 0.05890306830406189
    },
    "epoch_11": {
      "ndcg": 0.23330268263816833,
      "jsd": 0.05948605015873909,
      "ndcg_usergroup_1": 0.17893733084201813,
      "jsd_usergroup_1": 0.06404745578765869,
      "ndcg_usergroup_2": 0.21985679864883423,
      "jsd_usergroup_2": 0.05835384503006935,
      "ndcg_usergroup_3": 0.3280058205127716,
      "jsd_usergroup_3": 0.058321256190538406
    },
    "epoch_12": {
      "ndcg": 0.23004040122032166,
      "jsd": 0.057155340909957886,
      "ndcg_usergroup_1": 0.1758459210395813,
      "jsd_usergroup_1": 0.058230407536029816,
      "ndcg_usergroup_2": 0.21623335778713226,
      "jsd_usergroup_2": 0.056592851877212524,
      "ndcg_usergroup_3": 0.3256559669971466,
      "jsd_usergroup_3": 0.057767730206251144
    },
    "epoch_13": {
      "ndcg": 0.22587522864341736,
      "jsd": 0.055623218417167664,
      "ndcg_usergroup_1": 0.17186467349529266,
      "jsd_usergroup_1": 0.055578749626874924,
      "ndcg_usergroup_2": 0.21192777156829834,
      "jsd_usergroup_2": 0.05490166321396828,
      "ndcg_usergroup_3": 0.3217281103134155,
      "jsd_usergroup_3": 0.05783235654234886
    },
    "epoch_14": {
      "ndcg": 0.22350828349590302,
      "jsd": 0.054220445454120636,
      "ndcg_usergroup_1": 0.16997316479682922,
      "jsd_usergroup_1": 0.05235797539353371,
      "ndcg_usergroup_2": 0.20920294523239136,
      "jsd_usergroup_2": 0.05405668169260025,
      "ndcg_usergroup_3": 0.3199593424797058,
      "jsd_usergroup_3": 0.056574203073978424
    },
    "epoch_15": {
      "ndcg": 0.21972301602363586,
      "jsd": 0.05390108749270439,
      "ndcg_usergroup_1": 0.1668795347213745,
      "jsd_usergroup_1": 0.04979385435581207,
      "ndcg_usergroup_2": 0.20537106692790985,
      "jsd_usergroup_2": 0.054034292697906494,
      "ndcg_usergroup_3": 0.31562215089797974,
      "jsd_usergroup_3": 0.057608697563409805
    },
    "epoch_16": {
      "ndcg": 0.21889840066432953,
      "jsd": 0.05360877886414528,
      "ndcg_usergroup_1": 0.16705390810966492,
      "jsd_usergroup_1": 0.04807039722800255,
      "ndcg_usergroup_2": 0.20392556488513947,
      "jsd_usergroup_2": 0.05371883139014244,
      "ndcg_usergroup_3": 0.3156614303588867,
      "jsd_usergroup_3": 0.058817002922296524
    },
    "epoch_18": {
      "ndcg": 0.21569807827472687,
      "jsd": 0.053146786987781525,
      "ndcg_usergroup_1": 0.16401468217372894,
      "jsd_usergroup_1": 0.04601455107331276,
      "ndcg_usergroup_2": 0.20099475979804993,
      "jsd_usergroup_2": 0.053742650896310806,
      "ndcg_usergroup_3": 0.311491459608078,
      "jsd_usergroup_3": 0.058491408824920654
    },
    "epoch_21": {
      "ndcg": 0.2123730629682541,
      "jsd": 0.053607288748025894,
      "ndcg_usergroup_1": 0.15870988368988037,
      "jsd_usergroup_1": 0.045993220061063766,
      "ndcg_usergroup_2": 0.1973215788602829,
      "jsd_usergroup_2": 0.053886402398347855,
      "ndcg_usergroup_3": 0.31119072437286377,
      "jsd_usergroup_3": 0.06038402393460274
    },
    "epoch_22": {
      "ndcg": 0.211748406291008,
      "jsd": 0.05257657915353775,
      "ndcg_usergroup_1": 0.15925635397434235,
      "jsd_usergroup_1": 0.04520079493522644,
      "ndcg_usergroup_2": 0.19698147475719452,
      "jsd_usergroup_2": 0.05289117619395256,
      "ndcg_usergroup_3": 0.30854126811027527,
      "jsd_usergroup_3": 0.059008561074733734
    }
  }
}