{
  "base_recommendations": {
    "ndcg": 0.2785918116569519,
    "jsd": 0.14252586662769318,
    "ndcg_usergroup_1": 0.19963575899600983,
    "jsd_usergroup_1": 0.161077618598938,
    "ndcg_usergroup_2": 0.26794716715812683,
    "jsd_usergroup_2": 0.1419621855020523,
    "ndcg_usergroup_3": 0.38948172330856323,
    "jsd_usergroup_3": 0.12566512823104858
  },
  "postprocessed": {},
  "finetuned": {
    "epoch_1": {
      "ndcg": 0.2603186368942261,
      "jsd": 0.09201227873563766,
      "ndcg_usergroup_1": 0.18411506712436676,
      "jsd_usergroup_1": 0.0797099843621254,
      "ndcg_usergroup_2": 0.2480705827474594,
      "jsd_usergroup_2": 0.0928453877568245,
      "ndcg_usergroup_3": 0.37326622009277344,
      "jsd_usergroup_3": 0.10181525349617004
    },
    "epoch_2": {
      "ndcg": 0.24107994139194489,
      "jsd": 0.07678309828042984,
      "ndcg_usergroup_1": 0.15772032737731934,
      "jsd_usergroup_1": 0.07112187147140503,
      "ndcg_usergroup_2": 0.22921843826770782,
      "jsd_usergroup_2": 0.07746028155088425,
      "ndcg_usergroup_3": 0.36002394556999207,
      "jsd_usergroup_3": 0.08041278272867203
    },
    "epoch_3": {
      "ndcg": 0.23152203857898712,
      "jsd": 0.06446349620819092,
      "ndcg_usergroup_1": 0.1496899574995041,
      "jsd_usergroup_1": 0.06507066637277603,
      "ndcg_usergroup_2": 0.22053858637809753,
      "jsd_usergroup_2": 0.06395571678876877,
      "ndcg_usergroup_3": 0.3463044762611389,
      "jsd_usergroup_3": 0.06537966430187225
    },
    "epoch_4": {
      "ndcg": 0.22217775881290436,
      "jsd": 0.05793512240052223,
      "ndcg_usergroup_1": 0.14521731436252594,
      "jsd_usergroup_1": 0.060088466852903366,
      "ndcg_usergroup_2": 0.2110532820224762,
      "jsd_usergroup_2": 0.05687176436185837,
      "ndcg_usergroup_3": 0.3325115442276001,
      "jsd_usergroup_3": 0.0589718334376812
    },
    "epoch_5": {
      "ndcg": 0.2140553891658783,
      "jsd": 0.0517101064324379,
      "ndcg_usergroup_1": 0.14201529324054718,
      "jsd_usergroup_1": 0.053005535155534744,
      "ndcg_usergroup_2": 0.2023102194070816,
      "jsd_usergroup_2": 0.05112491920590401,
      "ndcg_usergroup_3": 0.3213310241699219,
      "jsd_usergroup_3": 0.052170246839523315
    },
    "epoch_6": {
      "ndcg": 0.20886343717575073,
      "jsd": 0.04798967018723488,
      "ndcg_usergroup_1": 0.14090129733085632,
      "jsd_usergroup_1": 0.04800822213292122,
      "ndcg_usergroup_2": 0.19602137804031372,
      "jsd_usergroup_2": 0.04762221872806549,
      "ndcg_usergroup_3": 0.315351665019989,
      "jsd_usergroup_3": 0.049073476344347
    },
    "epoch_7": {
      "ndcg": 0.20353251695632935,
      "jsd": 0.045832715928554535,
      "ndcg_usergroup_1": 0.13770805299282074,
      "jsd_usergroup_1": 0.04571150615811348,
      "ndcg_usergroup_2": 0.19056561589241028,
      "jsd_usergroup_2": 0.04578051716089249,
      "ndcg_usergroup_3": 0.30825766921043396,
      "jsd_usergroup_3": 0.046110495924949646
    },
    "epoch_8": {
      "ndcg": 0.20049802958965302,
      "jsd": 0.04473790153861046,
      "ndcg_usergroup_1": 0.1344173103570938,
      "jsd_usergroup_1": 0.04285402223467827,
      "ndcg_usergroup_2": 0.1873207986354828,
      "jsd_usergroup_2": 0.0453682467341423,
      "ndcg_usergroup_3": 0.30611029267311096,
      "jsd_usergroup_3": 0.044730741530656815
    },
    "epoch_9": {
      "ndcg": 0.19822800159454346,
      "jsd": 0.043800920248031616,
      "ndcg_usergroup_1": 0.13344155251979828,
      "jsd_usergroup_1": 0.039893459528684616,
      "ndcg_usergroup_2": 0.18539994955062866,
      "jsd_usergroup_2": 0.0445067472755909,
      "ndcg_usergroup_3": 0.3014986515045166,
      "jsd_usergroup_3": 0.04559089243412018
    },
    "epoch_10": {
      "ndcg": 0.19730651378631592,
      "jsd": 0.04291411116719246,
      "ndcg_usergroup_1": 0.13241827487945557,
      "jsd_usergroup_1": 0.03819474205374718,
      "ndcg_usergroup_2": 0.18394213914871216,
      "jsd_usergroup_2": 0.04358426854014397,
      "ndcg_usergroup_3": 0.3022878170013428,
      "jsd_usergroup_3": 0.045623015612363815
    },
    "epoch_12": {
      "ndcg": 0.19505858421325684,
      "jsd": 0.04269302263855934,
      "ndcg_usergroup_1": 0.13297849893569946,
      "jsd_usergroup_1": 0.03731109946966171,
      "ndcg_usergroup_2": 0.1816709339618683,
      "jsd_usergroup_2": 0.043552499264478683,
      "ndcg_usergroup_3": 0.2973015010356903,
      "jsd_usergroup_3": 0.045496512204408646
    },
    "epoch_14": {
      "ndcg": 0.19410370290279388,
      "jsd": 0.04263666644692421,
      "ndcg_usergroup_1": 0.13225136697292328,
      "jsd_usergroup_1": 0.037403739988803864,
      "ndcg_usergroup_2": 0.18020811676979065,
      "jsd_usergroup_2": 0.043577853590250015,
      "ndcg_usergroup_3": 0.2976427972316742,
      "jsd_usergroup_3": 0.04504602402448654
    },
    "epoch_15": {
      "ndcg": 0.19280271232128143,
      "jsd": 0.04259297996759415,
      "ndcg_usergroup_1": 0.13176867365837097,
      "jsd_usergroup_1": 0.037315815687179565,
      "ndcg_usergroup_2": 0.1791715919971466,
      "jsd_usergroup_2": 0.043347541242837906,
      "ndcg_usergroup_3": 0.2947300672531128,
      "jsd_usergroup_3": 0.04560646042227745
    },
    "epoch_16": {
      "ndcg": 0.19237957894802094,
      "jsd": 0.04251573979854584,
      "ndcg_usergroup_1": 0.13223229348659515,
      "jsd_usergroup_1": 0.03703693300485611,
      "ndcg_usergroup_2": 0.17880336940288544,
      "jsd_usergroup_2": 0.043338432908058167,
      "ndcg_usergroup_3": 0.29325541853904724,
      "jsd_usergroup_3": 0.04552646726369858
    },
    "epoch_17": {
      "ndcg": 0.1917048841714859,
      "jsd": 0.0424531064927578,
      "ndcg_usergroup_1": 0.1302032470703125,
      "jsd_usergroup_1": 0.03627016395330429,
      "ndcg_usergroup_2": 0.17848283052444458,
      "jsd_usergroup_2": 0.043475743383169174,
      "ndcg_usergroup_3": 0.2928726375102997,
      "jsd_usergroup_3": 0.045568130910396576
    },
    "epoch_20": {
      "ndcg": 0.18784619867801666,
      "jsd": 0.04235848784446716,
      "ndcg_usergroup_1": 0.12798818945884705,
      "jsd_usergroup_1": 0.034836623817682266,
      "ndcg_usergroup_2": 0.17470026016235352,
      "jsd_usergroup_2": 0.043744176626205444,
      "ndcg_usergroup_3": 0.2871420383453369,
      "jsd_usergroup_3": 0.04572325199842453
    },
    "epoch_21": {
      "ndcg": 0.18584465980529785,
      "jsd": 0.042216114699840546,
      "ndcg_usergroup_1": 0.1277090460062027,
      "jsd_usergroup_1": 0.03500332683324814,
      "ndcg_usergroup_2": 0.17227324843406677,
      "jsd_usergroup_2": 0.043729931116104126,
      "ndcg_usergroup_3": 0.28469449281692505,
      "jsd_usergroup_3": 0.04488745331764221
    },
    "epoch_22": {
      "ndcg": 0.18518972396850586,
      "jsd": 0.042155228555202484,
      "ndcg_usergroup_1": 0.12530456483364105,
      "jsd_usergroup_1": 0.034923914819955826,
      "ndcg_usergroup_2": 0.17200647294521332,
      "jsd_usergroup_2": 0.04371998831629753,
      "ndcg_usergroup_3": 0.28462472558021545,
      "jsd_usergroup_3": 0.04469224810600281
    },
    "epoch_23": {
      "ndcg": 0.1857863962650299,
      "jsd": 0.04153208062052727,
      "ndcg_usergroup_1": 0.1281692087650299,
      "jsd_usergroup_1": 0.033381782472133636,
      "ndcg_usergroup_2": 0.1723589152097702,
      "jsd_usergroup_2": 0.0436258539557457,
      "ndcg_usergroup_3": 0.28368595242500305,
      "jsd_usergroup_3": 0.043401043862104416
    },
    "epoch_24": {
      "ndcg": 0.18418774008750916,
      "jsd": 0.04114914685487747,
      "ndcg_usergroup_1": 0.12479394674301147,
      "jsd_usergroup_1": 0.03329113498330116,
      "ndcg_usergroup_2": 0.1709636002779007,
      "jsd_usergroup_2": 0.043009836226701736,
      "ndcg_usergroup_3": 0.28325390815734863,
      "jsd_usergroup_3": 0.04342508316040039
    },
    "epoch_51": {
      "ndcg": 0.1677141636610031,
      "jsd": 0.04086228087544441,
      "ndcg_usergroup_1": 0.11516155302524567,
      "jsd_usergroup_1": 0.031119223684072495,