{
  "base_recommendations": {
    "ndcg": 0.2785918116569519,
    "jsd": 0.14252586662769318,
    "ndcg_usergroup_1": 0.19963575899600983,
    "jsd_usergroup_1": 0.161077618598938,
    "ndcg_usergroup_2": 0.26794716715812683,
    "jsd_usergroup_2": 0.1419621855020523,
    "ndcg_usergroup_3": 0.38948172330856323,
    "jsd_usergroup_3": 0.12566512823104858
  },
  "postprocessed": {},
  "finetuned": {
    "epoch_1": {
      "ndcg": 0.27770134806632996,
      "jsd": 0.13724365830421448,
      "ndcg_usergroup_1": 0.19961312413215637,
      "jsd_usergroup_1": 0.15576030313968658,
      "ndcg_usergroup_2": 0.2669529318809509,
      "jsd_usergroup_2": 0.13693132996559143,
      "ndcg_usergroup_3": 0.38803479075431824,
      "jsd_usergroup_3": 0.11966400593519211
    },
    "epoch_2": {
      "ndcg": 0.27443012595176697,
      "jsd": 0.12628330290317535,
      "ndcg_usergroup_1": 0.19802913069725037,
      "jsd_usergroup_1": 0.1464899331331253,
      "ndcg_usergroup_2": 0.2641269862651825,
      "jsd_usergroup_2": 0.12629666924476624,
      "ndcg_usergroup_3": 0.3817404806613922,
      "jsd_usergroup_3": 0.10603650659322739
    },
    "epoch_3": {
      "ndcg": 0.27080050110816956,
      "jsd": 0.11482059955596924,
      "ndcg_usergroup_1": 0.19638843834400177,
      "jsd_usergroup_1": 0.13662053644657135,
      "ndcg_usergroup_2": 0.26128795742988586,
      "jsd_usergroup_2": 0.11400368809700012,
      "ndcg_usergroup_3": 0.37375012040138245,
      "jsd_usergroup_3": 0.09547144174575806
    },
    "epoch_4": {
      "ndcg": 0.2661917805671692,
      "jsd": 0.10394944250583649,
      "ndcg_usergroup_1": 0.19424094259738922,
      "jsd_usergroup_1": 0.12545296549797058,
      "ndcg_usergroup_2": 0.25700733065605164,
      "jsd_usergroup_2": 0.10298487544059753,
      "ndcg_usergroup_3": 0.36569592356681824,
      "jsd_usergroup_3": 0.08533957600593567
    },
    "epoch_5": {
      "ndcg": 0.26137930154800415,
      "jsd": 0.09407700598239899,
      "ndcg_usergroup_1": 0.19211965799331665,
      "jsd_usergroup_1": 0.11491401493549347,
      "ndcg_usergroup_2": 0.2520475685596466,
      "jsd_usergroup_2": 0.09248744696378708,
      "ndcg_usergroup_3": 0.3586340844631195,
      "jsd_usergroup_3": 0.0780087262392044
    },
    "epoch_6": {
      "ndcg": 0.2553008794784546,
      "jsd": 0.08482763171195984,
      "ndcg_usergroup_1": 0.19029411673545837,
      "jsd_usergroup_1": 0.10217465460300446,
      "ndcg_usergroup_2": 0.24535033106803894,
      "jsd_usergroup_2": 0.08365035057067871,
      "ndcg_usergroup_3": 0.3501591980457306,
      "jsd_usergroup_3": 0.0710124745965004
    },
    "epoch_7": {
      "ndcg": 0.2501671314239502,
      "jsd": 0.07814264297485352,
      "ndcg_usergroup_1": 0.18819701671600342,
      "jsd_usergroup_1": 0.09357553720474243,
      "ndcg_usergroup_2": 0.2394636869430542,
      "jsd_usergroup_2": 0.0768779069185257,
      "ndcg_usergroup_3": 0.34424763917922974,
      "jsd_usergroup_3": 0.06650395691394806
    },
    "epoch_8": {
      "ndcg": 0.24513021111488342,
      "jsd": 0.07255204021930695,
      "ndcg_usergroup_1": 0.1854761838912964,
      "jsd_usergroup_1": 0.0857168659567833,
      "ndcg_usergroup_2": 0.23346970975399017,
      "jsd_usergroup_2": 0.07147487998008728,
      "ndcg_usergroup_3": 0.33976560831069946,
      "jsd_usergroup_3": 0.06261865049600601
    },
    "epoch_9": {
      "ndcg": 0.24074572324752808,
      "jsd": 0.06820841878652573,
      "ndcg_usergroup_1": 0.18251514434814453,
      "jsd_usergroup_1": 0.07897918671369553,
      "ndcg_usergroup_2": 0.2286931723356247,
      "jsd_usergroup_2": 0.06744702905416489,
      "ndcg_usergroup_3": 0.3351339101791382,
      "jsd_usergroup_3": 0.05972183123230934
    },
    "epoch_10": {
      "ndcg": 0.23610486090183258,
      "jsd": 0.06442786008119583,
      "ndcg_usergroup_1": 0.1788904368877411,
      "jsd_usergroup_1": 0.07317838817834854,
      "ndcg_usergroup_2": 0.22355136275291443,
      "jsd_usergroup_2": 0.06384113430976868,
      "ndcg_usergroup_3": 0.3309797942638397,
      "jsd_usergroup_3": 0.057437531650066376
    },
    "epoch_11": {
      "ndcg": 0.23223190009593964,
      "jsd": 0.06166677922010422,
      "ndcg_usergroup_1": 0.17637667059898376,
      "jsd_usergroup_1": 0.06808320432901382,
      "ndcg_usergroup_2": 0.21950477361679077,
      "jsd_usergroup_2": 0.06125526502728462,
      "ndcg_usergroup_3": 0.3262685239315033,
      "jsd_usergroup_3": 0.056484904140233994
    },
    "epoch_12": {
      "ndcg": 0.22939547896385193,
      "jsd": 0.05937409773468971,
      "ndcg_usergroup_1": 0.17323896288871765,
      "jsd_usergroup_1": 0.06334983557462692,
      "ndcg_usergroup_2": 0.21611551940441132,
      "jsd_usergroup_2": 0.05901984125375748,
      "ndcg_usergroup_3": 0.3253919184207916,
      "jsd_usergroup_3": 0.056461118161678314
    },
    "epoch_13": {
      "ndcg": 0.2262614369392395,
      "jsd": 0.05801694840192795,
      "ndcg_usergroup_1": 0.17205116152763367,
      "jsd_usergroup_1": 0.05962592735886574,
      "ndcg_usergroup_2": 0.212302565574646,
      "jsd_usergroup_2": 0.057872503995895386,
      "ndcg_usergroup_3": 0.3223481774330139,
      "jsd_usergroup_3": 0.056841280311346054
    },
    "epoch_14": {
      "ndcg": 0.22315233945846558,
      "jsd": 0.0567215271294117,
      "ndcg_usergroup_1": 0.16871441900730133,
      "jsd_usergroup_1": 0.05654696375131607,
      "ndcg_usergroup_2": 0.20904205739498138,
      "jsd_usergroup_2": 0.0564471036195755,
      "ndcg_usergroup_3": 0.31992098689079285,
      "jsd_usergroup_3": 0.05771934986114502
    },
    "epoch_15": {
      "ndcg": 0.22092880308628082,
      "jsd": 0.05552005022764206,
      "ndcg_usergroup_1": 0.16779080033302307,
      "jsd_usergroup_1": 0.053185053169727325,
      "ndcg_usergroup_2": 0.20653200149536133,
      "jsd_usergroup_2": 0.05592494457960129,
      "ndcg_usergroup_3": 0.3172571659088135,
      "jsd_usergroup_3": 0.056640345603227615
    },
    "epoch_16": {
      "ndcg": 0.21870006620883942,
      "jsd": 0.05480162799358368,
      "ndcg_usergroup_1": 0.16635434329509735,
      "jsd_usergroup_1": 0.05089887976646423,
      "ndcg_usergroup_2": 0.20352818071842194,
      "jsd_usergroup_2": 0.05515141040086746,
      "ndcg_usergroup_3": 0.31656143069267273,
      "jsd_usergroup_3": 0.05765501782298088
    },
    "epoch_17": {
      "ndcg": 0.2167525440454483,
      "jsd": 0.054438650608062744,
      "ndcg_usergroup_1": 0.16522367298603058,
      "jsd_usergroup_1": 0.04860025644302368,
      "ndcg_usergroup_2": 0.20135784149169922,
      "jsd_usergroup_2": 0.05542211979627609,
      "ndcg_usergroup_3": 0.3144654631614685,
      "jsd_usergroup_3": 0.057326607406139374
    },
    "epoch_18": {
      "ndcg": 0.21591825783252716,
      "jsd": 0.05424866825342178,
      "ndcg_usergroup_1": 0.16354715824127197,
      "jsd_usergroup_1": 0.04785909131169319,
      "ndcg_usergroup_2": 0.20011095702648163,
      "jsd_usergroup_2": 0.05517810210585594,
      "ndcg_usergroup_3": 0.31571128964424133,
      "jsd_usergroup_3": 0.0578499399125576
    },
    "epoch_19": {
      "ndcg": 0.21428081393241882,
      "jsd": 0.05404940992593765,
      "ndcg_usergroup_1": 0.16175276041030884,
      "jsd_usergroup_1": 0.04537293314933777,
      "ndcg_usergroup_2": 0.19899402558803558,
      "jsd_usergroup_2": 0.055825307965278625,
      "ndcg_usergroup_3": 0.3126692473888397,
      "jsd_usergroup_3": 0.05739818513393402
    },
    "epoch_20": {
      "ndcg": 0.21352814137935638,
      "jsd": 0.05394856259226799,
      "ndcg_usergroup_1": 0.16018608212471008,
      "jsd_usergroup_1": 0.044719163328409195,
      "ndcg_usergroup_2": 0.1978638619184494,
      "jsd_usergroup_2": 0.05573802441358566,
      "ndcg_usergroup_3": 0.31386297941207886,
      "jsd_usergroup_3": 0.05780956521630287
    },
    "epoch_21": {
      "ndcg": 0.21292440593242645,
      "jsd": 0.05342428386211395,
      "ndcg_usergroup_1": 0.16048456728458405,
      "jsd_usergroup_1": 0.04363758862018585,