{"base_recommendations": {"ndcg": 0.2785918116569519, "jsd": 0.14252586662769318}, "postprocessed": {}, "finetuned": {"epoch_1": {"ndcg": 0.278674840927124, "jsd": 0.1412186473608017}, "epoch_2": {"ndcg": 0.2781647741794586, "jsd": 0.13918466866016388}, "epoch_3": {"ndcg": 0.27730876207351685, "jsd": 0.13615275919437408}, "epoch_4": {"ndcg": 0.27643781900405884, "jsd": 0.13282065093517303}, "epoch_5": {"ndcg": 0.27603188157081604, "jsd": 0.12934717535972595}, "epoch_6": {"ndcg": 0.2748449146747589, "jsd": 0.12571056187152863}, "epoch_7": {"ndcg": 0.2739447057247162, "jsd": 0.1221432164311409}, "epoch_8": {"ndcg": 0.27244099974632263, "jsd": 0.1183786541223526}, "epoch_9": {"ndcg": 0.2712176740169525, "jsd": 0.11492567509412766}, "epoch_10": {"ndcg": 0.2703101336956024, "jsd": 0.11161430180072784}, "epoch_11": {"ndcg": 0.26907333731651306, "jsd": 0.10842713713645935}, "epoch_12": {"ndcg": 0.26774269342422485, "jsd": 0.10494431108236313}, "epoch_13": {"ndcg": 0.26654332876205444, "jsd": 0.10189550369977951}, "epoch_14": {"ndcg": 0.26496151089668274, "jsd": 0.09925642609596252}, "epoch_15": {"ndcg": 0.26404717564582825, "jsd": 0.096554696559906}, "epoch_16": {"ndcg": 0.26256048679351807, "jsd": 0.0935601070523262}, "epoch_17": {"ndcg": 0.2611193358898163, "jsd": 0.09101234376430511}, "epoch_18": {"ndcg": 0.25971972942352295, "jsd": 0.0885801687836647}, "epoch_19": {"ndcg": 0.2585870325565338, "jsd": 0.08636802434921265}, "epoch_20": {"ndcg": 0.2571863830089569, "jsd": 0.08408636599779129}, "epoch_21": {"ndcg": 0.2557518482208252, "jsd": 0.082340307533741}, "epoch_22": {"ndcg": 0.2544342577457428, "jsd": 0.08039059489965439}, "epoch_23": {"ndcg": 0.25341087579727173, "jsd": 0.07858381420373917}, "epoch_24": {"ndcg": 0.25183776021003723, "jsd": 0.07692065834999084}, "epoch_25": {"ndcg": 0.2505143880844116, "jsd": 0.07544141262769699}, "epoch_26": {"ndcg": 0.24908536672592163, "jsd": 0.0740305557847023}, "epoch_27": {"ndcg": 0.24779687821865082, "jsd": 0.07252967357635498}, "epoch_28": {"ndcg": 0.2462063431739807, "jsd": 0.07123509049415588}, "epoch_29": {"ndcg": 0.24495740234851837, "jsd": 0.06991187483072281}, "epoch_30": {"ndcg": 0.24391457438468933, "jsd": 0.06859903037548065}, "epoch_31": {"ndcg": 0.2430029660463333, "jsd": 0.06750433146953583}, "epoch_32": {"ndcg": 0.24195444583892822, "jsd": 0.06644929200410843}, "epoch_33": {"ndcg": 0.24077318608760834, "jsd": 0.06541621685028076}, "epoch_34": {"ndcg": 0.23948590457439423, "jsd": 0.06454654037952423}, "epoch_35": {"ndcg": 0.2384749948978424, "jsd": 0.06340959668159485}, "epoch_36": {"ndcg": 0.2371579110622406, "jsd": 0.062386609613895416}, "epoch_37": {"ndcg": 0.23660650849342346, "jsd": 0.061702679842710495}, "epoch_38": {"ndcg": 0.2357311099767685, "jsd": 0.06093689426779747}, "epoch_39": {"ndcg": 0.23468177020549774, "jsd": 0.06009401008486748}, "epoch_40": {"ndcg": 0.23380178213119507, "jsd": 0.05949307978153229}, "epoch_41": {"ndcg": 0.23315127193927765, "jsd": 0.058796945959329605}, "epoch_42": {"ndcg": 0.23252281546592712, "jsd": 0.05811787769198418}, "epoch_43": {"ndcg": 0.23155905306339264, "jsd": 0.05757957696914673}, "epoch_44": {"ndcg": 0.2308054119348526, "jsd": 0.05718151107430458}, "epoch_45": {"ndcg": 0.229932963848114, "jsd": 0.056615035980939865}, "epoch_46": {"ndcg": 0.22898374497890472, "jsd": 0.05598108097910881}, "epoch_47": {"ndcg": 0.22831453382968903, "jsd": 0.05559324473142624}, "epoch_48": {"ndcg": 0.2276614010334015, "jsd": 0.055159810930490494}, "epoch_49": {"ndcg": 0.2270618975162506, "jsd": 0.054947108030319214}, "epoch_50": {"ndcg": 0.2264581322669983, "jsd": 0.054529041051864624}, "epoch_51": {"ndcg": 0.22601407766342163, "jsd": 0.05422791466116905}, "epoch_52": {"ndcg": 0.22520922124385834, "jsd": 0.05383219197392464}, "epoch_53": {"ndcg": 0.2248750627040863, "jsd": 0.05370521917939186}, "epoch_54": {"ndcg": 0.22388753294944763, "jsd": 0.053254272788763046}, "epoch_55": {"ndcg": 0.22374624013900757, "jsd": 0.05309278517961502}, "epoch_56": {"ndcg": 0.22255079448223114, "jsd": 0.05263758823275566}, "epoch_57": {"ndcg": 0.22249217331409454, "jsd": 0.05251876264810562}, "epoch_58": {"ndcg": 0.2211705893278122, "jsd": 0.052240677177906036}, "epoch_59": {"ndcg": 0.22091247141361237, "jsd": 0.052028853446245193}, "epoch_60": {"ndcg": 0.2201162576675415, "jsd": 0.051730863749980927}, "epoch_62": {"ndcg": 0.2192499041557312, "jsd": 0.051618434488773346}, "epoch_63": {"ndcg": 0.21918869018554688, "jsd": 0.05154387280344963}, "epoch_64": {"ndcg": 0.21853840351104736, "jsd": 0.05115769803524017}, "epoch_66": {"ndcg": 0.2176288366317749, "jsd": 0.05115853622555733}, "epoch_68": {"ndcg": 0.2168211042881012, "jsd": 0.05098786950111389}, "epoch_70": {"ndcg": 0.21612875163555145, "jsd": 0.05087609961628914}, "epoch_71": {"ndcg": 0.21612666547298431, "jsd": 0.05093776062130928}, "epoch_72": {"ndcg": 0.215806782245636, "jsd": 0.050647519528865814}, "epoch_74": {"ndcg": 0.21506531536579132, "jsd": 0.05062193423509598}, "epoch_76": {"ndcg": 0.2144077718257904, "jsd": 0.05049816519021988}, "epoch_78": {"ndcg": 0.2137300670146942, "jsd": 0.050552498549222946}, "epoch_80": {"ndcg": 0.21336373686790466, "jsd": 0.05051694065332413}, "epoch_82": {"ndcg": 0.21327964961528778, "jsd": 0.05052609741687775}, "epoch_84": {"ndcg": 0.21271398663520813, "jsd": 0.050585921853780746}, "epoch_86": {"ndcg": 0.21243512630462646, "jsd": 0.050507523119449615}, "epoch_92": {"ndcg": 0.21216146647930145, "jsd": 0.05086151510477066}, "epoch_94": {"ndcg": 0.2118462473154068, "jsd": 0.05086224526166916}, "epoch_100": {"ndcg": 0.21145589649677277, "jsd": 0.05102793872356415}, "epoch_104": {"ndcg": 0.21117877960205078, "jsd": 0.051057834178209305}, "epoch_106": {"ndcg": 0.21111199259757996, "jsd": 0.051098816096782684}, "epoch_121": {"ndcg": 0.21052561700344086, "jsd": 0.05153902620077133}, "epoch_122": {"ndcg": 0.21050672233104706, "jsd": 0.05137341469526291}, "epoch_129": {"ndcg": 0.21064801514148712, "jsd": 0.051585499197244644}, "epoch_132": {"ndcg": 0.2106170952320099, "jsd": 0.051658328622579575}, "epoch_135": {"ndcg": 0.21051914989948273, "jsd": 0.051647089421749115}, "epoch_136": {"ndcg": 0.21069033443927765, "jsd": 0.05153583362698555}, "epoch_160": {"ndcg": 0.21017664670944214, "jsd": 0.051728755235672}, "epoch_172": {"ndcg": 0.21019554138183594, "jsd": 0.05172562971711159}, "epoch_180": {"ndcg": 0.21010372042655945, "jsd": 0.051665425300598145}, "epoch_188": {"ndcg": 0.21028362214565277, "jsd": 0.0517188124358654}, "epoch_194": {"ndcg": 0.21025757491588593, "jsd": 0.05169747397303581}, "epoch_198": {"ndcg": 0.21026349067687988, "jsd": 0.05168529972434044}, "epoch_204": {"ndcg": 0.21031813323497772, "jsd": 0.051643434911966324}, "epoch_208": {"ndcg": 0.2103523164987564, "jsd": 0.05159673094749451}, "epoch_214": {"ndcg": 0.210275337100029, "jsd": 0.05157775059342384}, "epoch_222": {"ndcg": 0.2103019654750824, "jsd": 0.0515834242105484}, "epoch_246": {"ndcg": 0.2103305459022522, "jsd": 0.051590412855148315}}}