{"base_recommendations": {"ndcg": 0.2785918116569519, "jsd": 0.14252586662769318}, "postprocessed": {}, "finetuned": {"epoch_1": {"ndcg": 0.27877041697502136, "jsd": 0.14283548295497894}, "epoch_2": {"ndcg": 0.27874529361724854, "jsd": 0.14383527636528015}, "epoch_5": {"ndcg": 0.2797190845012665, "jsd": 0.14791862666606903}, "epoch_8": {"ndcg": 0.2804727554321289, "jsd": 0.15251043438911438}, "epoch_10": {"ndcg": 0.28057771921157837, "jsd": 0.15606744587421417}, "epoch_11": {"ndcg": 0.2808292806148529, "jsd": 0.15819285809993744}, "epoch_12": {"ndcg": 0.28110575675964355, "jsd": 0.1600998044013977}, "epoch_13": {"ndcg": 0.2813355326652527, "jsd": 0.1619359254837036}, "epoch_14": {"ndcg": 0.28103363513946533, "jsd": 0.16384673118591309}, "epoch_15": {"ndcg": 0.2811563313007355, "jsd": 0.16542407870292664}, "epoch_16": {"ndcg": 0.28147009015083313, "jsd": 0.16695250570774078}, "epoch_19": {"ndcg": 0.2815297245979309, "jsd": 0.17251932621002197}, "epoch_20": {"ndcg": 0.28170379996299744, "jsd": 0.1742999106645584}, "epoch_21": {"ndcg": 0.2818652093410492, "jsd": 0.17605215311050415}, "epoch_22": {"ndcg": 0.2818206548690796, "jsd": 0.17745976150035858}, "epoch_29": {"ndcg": 0.2815009355545044, "jsd": 0.18832069635391235}, "epoch_31": {"ndcg": 0.2813466787338257, "jsd": 0.19151757657527924}, "epoch_32": {"ndcg": 0.2813829779624939, "jsd": 0.1928287297487259}, "epoch_33": {"ndcg": 0.2814710736274719, "jsd": 0.19413937628269196}, "epoch_39": {"ndcg": 0.28084439039230347, "jsd": 0.20288965106010437}, "epoch_41": {"ndcg": 0.2806643843650818, "jsd": 0.2056722640991211}}}