{"base_recommendations": {"ndcg": 0.2785918116569519, "jsd": 0.14252586662769318}, "postprocessed": {}, "finetuned": {"epoch_1": {"ndcg": 0.2745858430862427, "jsd": 0.12353923171758652}, "epoch_2": {"ndcg": 0.2688135802745819, "jsd": 0.10329440236091614}, "epoch_3": {"ndcg": 0.26161834597587585, "jsd": 0.09086815267801285}, "epoch_4": {"ndcg": 0.25309139490127563, "jsd": 0.08371485024690628}, "epoch_5": {"ndcg": 0.24756646156311035, "jsd": 0.07892746478319168}, "epoch_6": {"ndcg": 0.2435169368982315, "jsd": 0.07415533065795898}, "epoch_7": {"ndcg": 0.2402062863111496, "jsd": 0.07014304399490356}, "epoch_8": {"ndcg": 0.23687419295310974, "jsd": 0.06704515218734741}, "epoch_9": {"ndcg": 0.2338053584098816, "jsd": 0.06468337029218674}, "epoch_10": {"ndcg": 0.23056469857692719, "jsd": 0.06217723339796066}, "epoch_11": {"ndcg": 0.2273646742105484, "jsd": 0.06006718426942825}, "epoch_12": {"ndcg": 0.22467999160289764, "jsd": 0.05814347416162491}, "epoch_13": {"ndcg": 0.22230450809001923, "jsd": 0.056172337383031845}, "epoch_14": {"ndcg": 0.2202465832233429, "jsd": 0.05442459508776665}, "epoch_15": {"ndcg": 0.2183583527803421, "jsd": 0.05317942798137665}, "epoch_16": {"ndcg": 0.21635492146015167, "jsd": 0.05229795351624489}, "epoch_17": {"ndcg": 0.2141103595495224, "jsd": 0.051291026175022125}, "epoch_18": {"ndcg": 0.21236734092235565, "jsd": 0.05026094615459442}, "epoch_19": {"ndcg": 0.21069172024726868, "jsd": 0.049837298691272736}, "epoch_20": {"ndcg": 0.2094269096851349, "jsd": 0.048853520303964615}, "epoch_21": {"ndcg": 0.20816998183727264, "jsd": 0.04807443916797638}, "epoch_22": {"ndcg": 0.20763137936592102, "jsd": 0.04738389700651169}, "epoch_23": {"ndcg": 0.20652469992637634, "jsd": 0.0467146560549736}, "epoch_24": {"ndcg": 0.20612575113773346, "jsd": 0.0462474562227726}, "epoch_25": {"ndcg": 0.2052524983882904, "jsd": 0.04612889513373375}, "epoch_26": {"ndcg": 0.20472277700901031, "jsd": 0.04532727599143982}, "epoch_27": {"ndcg": 0.20372620224952698, "jsd": 0.04504351690411568}, "epoch_28": {"ndcg": 0.20296384394168854, "jsd": 0.044774532318115234}, "epoch_29": {"ndcg": 0.2021893858909607, "jsd": 0.04474884644150734}, "epoch_30": {"ndcg": 0.20209918916225433, "jsd": 0.044260937720537186}, "epoch_32": {"ndcg": 0.20167405903339386, "jsd": 0.04361041635274887}, "epoch_33": {"ndcg": 0.20083093643188477, "jsd": 0.04356370121240616}, "epoch_34": {"ndcg": 0.20043355226516724, "jsd": 0.043577585369348526}, "epoch_35": {"ndcg": 0.19973374903202057, "jsd": 0.04319645091891289}, "epoch_37": {"ndcg": 0.1994830071926117, "jsd": 0.04302598536014557}, "epoch_38": {"ndcg": 0.1994199901819229, "jsd": 0.04292907938361168}, "epoch_39": {"ndcg": 0.19838249683380127, "jsd": 0.042948611080646515}, "epoch_40": {"ndcg": 0.19846822321414948, "jsd": 0.04282478243112564}, "epoch_42": {"ndcg": 0.19807355105876923, "jsd": 0.04275119677186012}, "epoch_47": {"ndcg": 0.19665604829788208, "jsd": 0.042801398783922195}, "epoch_51": {"ndcg": 0.19678379595279694, "jsd": 0.042600519955158234}}}