{
  "base_recommendations": {
    "ndcg": 0.2785918116569519,
    "jsd": 0.14252586662769318,
    "ndcg_usergroup_1": 0.19963575899600983,
    "jsd_usergroup_1": 0.161077618598938,
    "ndcg_usergroup_2": 0.26794716715812683,
    "jsd_usergroup_2": 0.1419621855020523,
    "ndcg_usergroup_3": 0.38948172330856323,
    "jsd_usergroup_3": 0.12566512823104858
  },
  "postprocessed": {},
  "finetuned": {
    "epoch_1": {
      "ndcg": 0.27800244092941284,
      "jsd": 0.138289675116539,
      "ndcg_usergroup_1": 0.1999559998512268,
      "jsd_usergroup_1": 0.15685856342315674,
      "ndcg_usergroup_2": 0.2673504650592804,
      "jsd_usergroup_2": 0.13805954158306122,
      "ndcg_usergroup_3": 0.38800469040870667,
      "jsd_usergroup_3": 0.12041117250919342
    },
    "epoch_2": {
      "ndcg": 0.2757954001426697,
      "jsd": 0.12966538965702057,
      "ndcg_usergroup_1": 0.19952918589115143,
      "jsd_usergroup_1": 0.15227824449539185,
      "ndcg_usergroup_2": 0.26571616530418396,
      "jsd_usergroup_2": 0.12948289513587952,
      "ndcg_usergroup_3": 0.3822993040084839,
      "jsd_usergroup_3": 0.10760000348091125
    },
    "epoch_3": {
      "ndcg": 0.2716934084892273,
      "jsd": 0.12107644975185394,
      "ndcg_usergroup_1": 0.1978229433298111,
      "jsd_usergroup_1": 0.14718109369277954,
      "ndcg_usergroup_2": 0.26240986585617065,
      "jsd_usergroup_2": 0.11990885436534882,
      "ndcg_usergroup_3": 0.37341439723968506,
      "jsd_usergroup_3": 0.09847457706928253
    },
    "epoch_4": {
      "ndcg": 0.2692009508609772,
      "jsd": 0.1132599487900734,
      "ndcg_usergroup_1": 0.19740080833435059,
      "jsd_usergroup_1": 0.14286857843399048,
      "ndcg_usergroup_2": 0.26045840978622437,
      "jsd_usergroup_2": 0.11079276353120804,
      "ndcg_usergroup_3": 0.3672286570072174,
      "jsd_usergroup_3": 0.09105291217565536
    },
    "epoch_5": {
      "ndcg": 0.26508066058158875,
      "jsd": 0.10602293908596039,
      "ndcg_usergroup_1": 0.1969665139913559,
      "jsd_usergroup_1": 0.13832740485668182,
      "ndcg_usergroup_2": 0.2566223740577698,
      "jsd_usergroup_2": 0.10275889188051224,
      "ndcg_usergroup_3": 0.35856956243515015,
      "jsd_usergroup_3": 0.083510622382164
    },
    "epoch_6": {
      "ndcg": 0.26161396503448486,
      "jsd": 0.09971483051776886,
      "ndcg_usergroup_1": 0.19647614657878876,
      "jsd_usergroup_1": 0.13527272641658783,
      "ndcg_usergroup_2": 0.2536579966545105,
      "jsd_usergroup_2": 0.09527550637722015,
      "ndcg_usergroup_3": 0.3506196141242981,
      "jsd_usergroup_3": 0.07747489959001541
    },
    "epoch_7": {
      "ndcg": 0.2576708197593689,
      "jsd": 0.0957496389746666,
      "ndcg_usergroup_1": 0.1960199624300003,
      "jsd_usergroup_1": 0.1327916383743286,
      "ndcg_usergroup_2": 0.24966514110565186,
      "jsd_usergroup_2": 0.09016962349414825,
      "ndcg_usergroup_3": 0.3433387577533722,
      "jsd_usergroup_3": 0.0754476860165596
    },
    "epoch_8": {
      "ndcg": 0.25434282422065735,
      "jsd": 0.09225312620401382,
      "ndcg_usergroup_1": 0.19576284289360046,
      "jsd_usergroup_1": 0.13081388175487518,
      "ndcg_usergroup_2": 0.24586685001850128,
      "jsd_usergroup_2": 0.0859861969947815,
      "ndcg_usergroup_3": 0.3383508026599884,
      "jsd_usergroup_3": 0.07249315828084946
    },
    "epoch_9": {
      "ndcg": 0.2506566047668457,
      "jsd": 0.08966346830129623,
      "ndcg_usergroup_1": 0.1944938749074936,
      "jsd_usergroup_1": 0.12984131276607513,
      "ndcg_usergroup_2": 0.2415355145931244,
      "jsd_usergroup_2": 0.0828777402639389,
      "ndcg_usergroup_3": 0.3341825008392334,
      "jsd_usergroup_3": 0.06984283030033112
    },
    "epoch_10": {
      "ndcg": 0.24921849370002747,
      "jsd": 0.08780888468027115,
      "ndcg_usergroup_1": 0.19462595880031586,
      "jsd_usergroup_1": 0.12914228439331055,
      "ndcg_usergroup_2": 0.23969526588916779,
      "jsd_usergroup_2": 0.0801876112818718,
      "ndcg_usergroup_3": 0.3323807418346405,
      "jsd_usergroup_3": 0.06933930516242981
    },
    "epoch_11": {
      "ndcg": 0.2464168816804886,
      "jsd": 0.08665726333856583,
      "ndcg_usergroup_1": 0.19350165128707886,
      "jsd_usergroup_1": 0.1299126297235489,
      "ndcg_usergroup_2": 0.23647215962409973,
      "jsd_usergroup_2": 0.07813552021980286,
      "ndcg_usergroup_3": 0.32916614413261414,
      "jsd_usergroup_3": 0.06896716356277466
    },
    "epoch_12": {
      "ndcg": 0.2451665699481964,
      "jsd": 0.08520257472991943,
      "ndcg_usergroup_1": 0.1943952590227127,
      "jsd_usergroup_1": 0.129322811961174,
      "ndcg_usergroup_2": 0.23471324145793915,
      "jsd_usergroup_2": 0.07602420449256897,
      "ndcg_usergroup_3": 0.32729777693748474,
      "jsd_usergroup_3": 0.06861743330955505
    },
    "epoch_13": {
      "ndcg": 0.2429582178592682,
      "jsd": 0.08507750183343887,
      "ndcg_usergroup_1": 0.19315890967845917,
      "jsd_usergroup_1": 0.1305595338344574,
      "ndcg_usergroup_2": 0.2317849099636078,
      "jsd_usergroup_2": 0.07543771713972092,
      "ndcg_usergroup_3": 0.3262774348258972,
      "jsd_usergroup_3": 0.06851477921009064
    },
    "epoch_14": {
      "ndcg": 0.24293720722198486,
      "jsd": 0.08450469374656677,
      "ndcg_usergroup_1": 0.19163823127746582,
      "jsd_usergroup_1": 0.13147114217281342,
      "ndcg_usergroup_2": 0.232258602976799,
      "jsd_usergroup_2": 0.07445401698350906,
      "ndcg_usergroup_3": 0.32627204060554504,
      "jsd_usergroup_3": 0.06769022345542908
    }
  }
}