{
  "base_recommendations": {
    "ndcg": 0.2785918116569519,
    "jsd": 0.14252586662769318,
    "ndcg_usergroup_1": 0.19963575899600983,
    "jsd_usergroup_1": 0.161077618598938,
    "ndcg_usergroup_2": 0.26794716715812683,
    "jsd_usergroup_2": 0.1419621855020523,
    "ndcg_usergroup_3": 0.38948172330856323,
    "jsd_usergroup_3": 0.12566512823104858
  },
  "postprocessed": {},
  "finetuned": {
    "epoch_1": {
      "ndcg": 0.2743065357208252,
      "jsd": 0.12443050742149353,
      "ndcg_usergroup_1": 0.19558104872703552,
      "jsd_usergroup_1": 0.13360273838043213,
      "ndcg_usergroup_2": 0.26360592246055603,
      "jsd_usergroup_2": 0.12332277745008469,
      "ndcg_usergroup_3": 0.3851338028907776,
      "jsd_usergroup_3": 0.11858144402503967
    },
    "epoch_2": {
      "ndcg": 0.2682983875274658,
      "jsd": 0.10580238699913025,
      "ndcg_usergroup_1": 0.190133199095726,
      "jsd_usergroup_1": 0.10286105424165726,
      "ndcg_usergroup_2": 0.25693947076797485,
      "jsd_usergroup_2": 0.10529939085245132,
      "ndcg_usergroup_3": 0.38054031133651733,
      "jsd_usergroup_3": 0.11025264859199524
    },
    "epoch_3": {
      "ndcg": 0.2620532810688019,
      "jsd": 0.09319449216127396,
      "ndcg_usergroup_1": 0.1848447620868683,
      "jsd_usergroup_1": 0.08080709725618362,
      "ndcg_usergroup_2": 0.2499869018793106,
      "jsd_usergroup_2": 0.09420157223939896,
      "ndcg_usergroup_3": 0.37546098232269287,
      "jsd_usergroup_3": 0.10256064683198929
    },
    "epoch_4": {
      "ndcg": 0.2551952004432678,
      "jsd": 0.08642375469207764,
      "ndcg_usergroup_1": 0.1758318692445755,
      "jsd_usergroup_1": 0.07288278639316559,
      "ndcg_usergroup_2": 0.2433367520570755,
      "jsd_usergroup_2": 0.08795338869094849,
      "ndcg_usergroup_3": 0.3701338469982147,
      "jsd_usergroup_3": 0.09537578374147415
    },
    "epoch_5": {
      "ndcg": 0.24974682927131653,
      "jsd": 0.08221229165792465,
      "ndcg_usergroup_1": 0.16941489279270172,
      "jsd_usergroup_1": 0.07076062262058258,
      "ndcg_usergroup_2": 0.23763532936573029,
      "jsd_usergroup_2": 0.08392232656478882,
      "ndcg_usergroup_3": 0.3664132356643677,
      "jsd_usergroup_3": 0.08853381127119064
    },
    "epoch_6": {
      "ndcg": 0.2457282841205597,
      "jsd": 0.07783970981836319,
      "ndcg_usergroup_1": 0.1646040678024292,
      "jsd_usergroup_1": 0.07028280198574066,
      "ndcg_usergroup_2": 0.23359733819961548,
      "jsd_usergroup_2": 0.07903651893138885,
      "ndcg_usergroup_3": 0.3632453680038452,
      "jsd_usergroup_3": 0.08180617541074753
    },
    "epoch_7": {
      "ndcg": 0.24214765429496765,
      "jsd": 0.07356514036655426,
      "ndcg_usergroup_1": 0.16126717627048492,
      "jsd_usergroup_1": 0.06848400086164474,
      "ndcg_usergroup_2": 0.2305452674627304,
      "jsd_usergroup_2": 0.07444600015878677,
      "ndcg_usergroup_3": 0.3578352630138397,
      "jsd_usergroup_3": 0.07600366324186325
    },
    "epoch_8": {
      "ndcg": 0.23939013481140137,
      "jsd": 0.07037738710641861,
      "ndcg_usergroup_1": 0.15774422883987427,
      "jsd_usergroup_1": 0.0664440467953682,
      "ndcg_usergroup_2": 0.2283245325088501,
      "jsd_usergroup_2": 0.07114779204130173,
      "ndcg_usergroup_3": 0.3542327880859375,
      "jsd_usergroup_3": 0.07199952006340027
    },
    "epoch_9": {
      "ndcg": 0.23689991235733032,
      "jsd": 0.06724540144205093,
      "ndcg_usergroup_1": 0.15567822754383087,
      "jsd_usergroup_1": 0.06575208902359009,
      "ndcg_usergroup_2": 0.22615116834640503,
      "jsd_usergroup_2": 0.06749733537435532,
      "ndcg_usergroup_3": 0.35036778450012207,
      "jsd_usergroup_3": 0.06798288226127625
    },
    "epoch_10": {
      "ndcg": 0.23480746150016785,
      "jsd": 0.06473104655742645,
      "ndcg_usergroup_1": 0.15451626479625702,
      "jsd_usergroup_1": 0.06479194015264511,
      "ndcg_usergroup_2": 0.22436678409576416,
      "jsd_usergroup_2": 0.06472726166248322,
      "ndcg_usergroup_3": 0.3464207053184509,
      "jsd_usergroup_3": 0.0646815076470375
    },
    "epoch_11": {
      "ndcg": 0.23238486051559448,
      "jsd": 0.062256235629320145,
      "ndcg_usergroup_1": 0.15275192260742188,
      "jsd_usergroup_1": 0.06270162016153336,
      "ndcg_usergroup_2": 0.22235819697380066,
      "jsd_usergroup_2": 0.06196208670735359,
      "ndcg_usergroup_3": 0.34209778904914856,
      "jsd_usergroup_3": 0.0626932680606842
    },
    "epoch_12": {
      "ndcg": 0.22966177761554718,
      "jsd": 0.06078425794839859,
      "ndcg_usergroup_1": 0.15105333924293518,
      "jsd_usergroup_1": 0.062111128121614456,
      "ndcg_usergroup_2": 0.21972864866256714,
      "jsd_usergroup_2": 0.060103148221969604,
      "ndcg_usergroup_3": 0.33806952834129333,
      "jsd_usergroup_3": 0.06150070205330849
    },
    "epoch_13": {
      "ndcg": 0.2278021275997162,
      "jsd": 0.05879664048552513,
      "ndcg_usergroup_1": 0.15044794976711273,
      "jsd_usergroup_1": 0.06053789332509041,
      "ndcg_usergroup_2": 0.2177342027425766,
      "jsd_usergroup_2": 0.05785127356648445,
      "ndcg_usergroup_3": 0.335360050201416,
      "jsd_usergroup_3": 0.05989149212837219
    },
    "epoch_14": {
      "ndcg": 0.2259054332971573,
      "jsd": 0.05726025998592377,
      "ndcg_usergroup_1": 0.15065979957580566,
      "jsd_usergroup_1": 0.059765223413705826,
      "ndcg_usergroup_2": 0.21507032215595245,
      "jsd_usergroup_2": 0.056141313165426254,
      "ndcg_usergroup_3": 0.3336564004421234,
      "jsd_usergroup_3": 0.058112114667892456
    },
    "epoch_15": {
      "ndcg": 0.2232467234134674,
      "jsd": 0.05585411190986633,
      "ndcg_usergroup_1": 0.14826032519340515,
      "jsd_usergroup_1": 0.0582074299454689,
      "ndcg_usergroup_2": 0.212416410446167,
      "jsd_usergroup_2": 0.05479634925723076,
      "ndcg_usergroup_3": 0.33072400093078613,
      "jsd_usergroup_3": 0.056674059480428696
    },
    "epoch_16": {
      "ndcg": 0.2215033322572708,
      "jsd": 0.054482679814100266,
      "ndcg_usergroup_1": 0.14826998114585876,
      "jsd_usergroup_1": 0.05683097615838051,
      "ndcg_usergroup_2": 0.21028336882591248,
      "jsd_usergroup_2": 0.05339030548930168,
      "ndcg_usergroup_3": 0.32839658856391907,
      "jsd_usergroup_3": 0.05541147664189339
    },
    "epoch_17": {
      "ndcg": 0.2198045402765274,
      "jsd": 0.05332004651427269,
      "ndcg_usergroup_1": 0.14857745170593262,
      "jsd_usergroup_1": 0.05526265501976013,
      "ndcg_usergroup_2": 0.20788083970546722,
      "jsd_usergroup_2": 0.052371714264154434,
      "ndcg_usergroup_3": 0.32680270075798035,
      "jsd_usergroup_3": 0.05422241613268852
    },
    "epoch_18": {
      "ndcg": 0.2176995873451233,
      "jsd": 0.05176690220832825,
      "ndcg_usergroup_1": 0.146772101521492,
      "jsd_usergroup_1": 0.05377279967069626,
      "ndcg_usergroup_2": 0.20551015436649323,
      "jsd_usergroup_2": 0.05086261406540871,
      "ndcg_usergroup_3": 0.32519540190696716,
      "jsd_usergroup_3": 0.05247385799884796
    },
    "epoch_19": {
      "ndcg": 0.2158942073583603,
      "jsd": 0.05067897588014603,
      "ndcg_usergroup_1": 0.14715366065502167,
      "jsd_usergroup_1": 0.05271822586655617,
      "ndcg_usergroup_2": 0.20325252413749695,
      "jsd_usergroup_2": 0.049692004919052124,
      "ndcg_usergroup_3": 0.32255977392196655,
      "jsd_usergroup_3": 0.0516006164252758
    },
    "epoch_20": {
      "ndcg": 0.21436239778995514,
      "jsd": 0.05030354857444763,
      "ndcg_usergroup_1": 0.14587870240211487,
      "jsd_usergroup_1": 0.05295206606388092,
      "ndcg_usergroup_2": 0.20218926668167114,
      "jsd_usergroup_2": 0.049183864146471024,
      "ndcg_usergroup_3": 0.319365531206131,
      "jsd_usergroup_3": 0.051014095544815063
    },
    "epoch_21": {
      "ndcg": 0.21285304427146912,
      "jsd": 0.049431607127189636,
      "ndcg_usergroup_1": 0.1442500650882721,
      "jsd_usergroup_1": 0.05135044455528259,