{
  "base_recommendations": {
    "ndcg": 0.2785918116569519,
    "jsd": 0.14252586662769318,
    "ndcg_usergroup_1": 0.19963575899600983,
    "jsd_usergroup_1": 0.161077618598938,
    "ndcg_usergroup_2": 0.26794716715812683,
    "jsd_usergroup_2": 0.1419621855020523,
    "ndcg_usergroup_3": 0.38948172330856323,
    "jsd_usergroup_3": 0.12566512823104858
  },
  "postprocessed": {},
  "finetuned": {
    "epoch_1": {
      "ndcg": 0.2746816575527191,
      "jsd": 0.12248285859823227,
      "ndcg_usergroup_1": 0.19608516991138458,
      "jsd_usergroup_1": 0.1315920054912567,
      "ndcg_usergroup_2": 0.2637934684753418,
      "jsd_usergroup_2": 0.12174604088068008,
      "ndcg_usergroup_3": 0.3859427869319916,
      "jsd_usergroup_3": 0.11558414995670319
    },
    "epoch_2": {
      "ndcg": 0.2693377733230591,
      "jsd": 0.10317101329565048,
      "ndcg_usergroup_1": 0.19133447110652924,
      "jsd_usergroup_1": 0.10296888649463654,
      "ndcg_usergroup_2": 0.258253812789917,
      "jsd_usergroup_2": 0.10387025773525238,
      "ndcg_usergroup_3": 0.38059282302856445,
      "jsd_usergroup_3": 0.10127538442611694
    },
    "epoch_3": {
      "ndcg": 0.2644510269165039,
      "jsd": 0.0893588662147522,
      "ndcg_usergroup_1": 0.18768714368343353,
      "jsd_usergroup_1": 0.08519715815782547,
      "ndcg_usergroup_2": 0.25325703620910645,
      "jsd_usergroup_2": 0.0907544419169426,
      "ndcg_usergroup_3": 0.37479689717292786,
      "jsd_usergroup_3": 0.08933384716510773
    },
    "epoch_4": {
      "ndcg": 0.2600249648094177,
      "jsd": 0.08038678020238876,
      "ndcg_usergroup_1": 0.18447749316692352,
      "jsd_usergroup_1": 0.0758051946759224,
      "ndcg_usergroup_2": 0.24953290820121765,
      "jsd_usergroup_2": 0.08229582011699677,
      "ndcg_usergroup_3": 0.36704862117767334,
      "jsd_usergroup_3": 0.07924121618270874
    },
    "epoch_5": {
      "ndcg": 0.25469332933425903,
      "jsd": 0.07346566766500473,
      "ndcg_usergroup_1": 0.18325108289718628,
      "jsd_usergroup_1": 0.06935527920722961,
      "ndcg_usergroup_2": 0.24421319365501404,
      "jsd_usergroup_2": 0.07563497126102448,
      "ndcg_usergroup_3": 0.3575759828090668,
      "jsd_usergroup_3": 0.07106812298297882
    },
    "epoch_6": {
      "ndcg": 0.24932093918323517,
      "jsd": 0.06788845360279083,
      "ndcg_usergroup_1": 0.18067651987075806,
      "jsd_usergroup_1": 0.0647449865937233,
      "ndcg_usergroup_2": 0.239449143409729,
      "jsd_usergroup_2": 0.06948749721050262,
      "ndcg_usergroup_3": 0.3475807011127472,
      "jsd_usergroup_3": 0.0662347823381424
    },
    "epoch_7": {
      "ndcg": 0.24452656507492065,
      "jsd": 0.06416668742895126,
      "ndcg_usergroup_1": 0.17932440340518951,
      "jsd_usergroup_1": 0.06196242943406105,
      "ndcg_usergroup_2": 0.23491215705871582,
      "jsd_usergroup_2": 0.06540519744157791,
      "ndcg_usergroup_3": 0.3385719060897827,
      "jsd_usergroup_3": 0.06265542656183243
    },
    "epoch_8": {
      "ndcg": 0.23954229056835175,
      "jsd": 0.0615692138671875,
      "ndcg_usergroup_1": 0.17720355093479156,
      "jsd_usergroup_1": 0.05835527926683426,
      "ndcg_usergroup_2": 0.23023079335689545,
      "jsd_usergroup_2": 0.06306759268045425,
      "ndcg_usergroup_3": 0.32981547713279724,
      "jsd_usergroup_3": 0.06028803810477257
    },
    "epoch_9": {
      "ndcg": 0.23578964173793793,
      "jsd": 0.05943438783288002,
      "ndcg_usergroup_1": 0.17668356001377106,
      "jsd_usergroup_1": 0.05576431378722191,
      "ndcg_usergroup_2": 0.22603648900985718,
      "jsd_usergroup_2": 0.06036903336644173,
      "ndcg_usergroup_3": 0.32415521144866943,
      "jsd_usergroup_3": 0.06030053645372391
    },
    "epoch_10": {
      "ndcg": 0.23262375593185425,
      "jsd": 0.058261383324861526,
      "ndcg_usergroup_1": 0.1755431741476059,
      "jsd_usergroup_1": 0.05376613512635231,
      "ndcg_usergroup_2": 0.22291019558906555,
      "jsd_usergroup_2": 0.05923167243599892,
      "ndcg_usergroup_3": 0.3188450336456299,
      "jsd_usergroup_3": 0.05984576791524887
    },
    "epoch_11": {
      "ndcg": 0.22992363572120667,
      "jsd": 0.05723770335316658,
      "ndcg_usergroup_1": 0.17509914934635162,
      "jsd_usergroup_1": 0.05195384472608566,
      "ndcg_usergroup_2": 0.2200700044631958,
      "jsd_usergroup_2": 0.05785709246993065,
      "ndcg_usergroup_3": 0.31430909037590027,
      "jsd_usergroup_3": 0.060663413256406784
    },
    "epoch_12": {
      "ndcg": 0.22806113958358765,
      "jsd": 0.055700208991765976,
      "ndcg_usergroup_1": 0.17413166165351868,
      "jsd_usergroup_1": 0.05089022219181061,
      "ndcg_usergroup_2": 0.21816277503967285,
      "jsd_usergroup_2": 0.05631840601563454,
      "ndcg_usergroup_3": 0.3116856813430786,
      "jsd_usergroup_3": 0.05865558236837387
    },
    "epoch_13": {
      "ndcg": 0.22721366584300995,
      "jsd": 0.054544802755117416,
      "ndcg_usergroup_1": 0.17507854104042053,
      "jsd_usergroup_1": 0.05017898231744766,
      "ndcg_usergroup_2": 0.2168433517217636,
      "jsd_usergroup_2": 0.054870814085006714,
      "ndcg_usergroup_3": 0.310459703207016,
      "jsd_usergroup_3": 0.057932544499635696
    },
    "epoch_14": {
      "ndcg": 0.2253640741109848,
      "jsd": 0.053800489753484726,
      "ndcg_usergroup_1": 0.17405688762664795,
      "jsd_usergroup_1": 0.04927729815244675,
      "ndcg_usergroup_2": 0.21452240645885468,
      "jsd_usergroup_2": 0.053943537175655365,
      "ndcg_usergroup_3": 0.3091961145401001,
      "jsd_usergroup_3": 0.057894524186849594
    },
    "epoch_15": {
      "ndcg": 0.2242846041917801,
      "jsd": 0.05310849845409393,
      "ndcg_usergroup_1": 0.1755092889070511,
      "jsd_usergroup_1": 0.049309782683849335,
      "ndcg_usergroup_2": 0.2130427360534668,
      "jsd_usergroup_2": 0.052943333983421326,
      "ndcg_usergroup_3": 0.30678534507751465,
      "jsd_usergroup_3": 0.05740271881222725
    },
    "epoch_16": {
      "ndcg": 0.22365212440490723,
      "jsd": 0.052424605935811996,
      "ndcg_usergroup_1": 0.17640848457813263,
      "jsd_usergroup_1": 0.04868369549512863,
      "ndcg_usergroup_2": 0.21212202310562134,
      "jsd_usergroup_2": 0.05223440006375313,
      "ndcg_usergroup_3": 0.3054860234260559,
      "jsd_usergroup_3": 0.05673610791563988
    },
    "epoch_17": {
      "ndcg": 0.2219456136226654,
      "jsd": 0.05190763622522354,
      "ndcg_usergroup_1": 0.17600402235984802,
      "jsd_usergroup_1": 0.048133477568626404,
      "ndcg_usergroup_2": 0.21029974520206451,
      "jsd_usergroup_2": 0.05159495770931244,
      "ndcg_usergroup_3": 0.30282482504844666,
      "jsd_usergroup_3": 0.05661982670426369
    },
    "epoch_18": {
      "ndcg": 0.22125300765037537,
      "jsd": 0.05167548730969429,
      "ndcg_usergroup_1": 0.1754245162010193,
      "jsd_usergroup_1": 0.04775724187493324,
      "ndcg_usergroup_2": 0.20960308611392975,
      "jsd_usergroup_2": 0.051400844007730484,
      "ndcg_usergroup_3": 0.3020312488079071,
      "jsd_usergroup_3": 0.056417666375637054
    },
    "epoch_19": {
      "ndcg": 0.2204134315252304,
      "jsd": 0.0511498861014843,
      "ndcg_usergroup_1": 0.17513325810432434,
      "jsd_usergroup_1": 0.047392528504133224,
      "ndcg_usergroup_2": 0.20873983204364777,
      "jsd_usergroup_2": 0.050892047584056854,
      "ndcg_usergroup_3": 0.3007144331932068,
      "jsd_usergroup_3": 0.05568074807524681
    },
    "epoch_20": {
      "ndcg": 0.22022463381290436,
      "jsd": 0.05082683637738228,
      "ndcg_usergroup_1": 0.17561520636081696,
      "jsd_usergroup_1": 0.047701578587293625,
      "ndcg_usergroup_2": 0.20822776854038239,
      "jsd_usergroup_2": 0.05039612203836441,
      "ndcg_usergroup_3": 0.3008246123790741,
      "jsd_usergroup_3": 0.05524424836039543
    },
    "epoch_21": {
      "ndcg": 0.21952301263809204,
      "jsd": 0.050557754933834076,
      "ndcg_usergroup_1": 0.17483225464820862,
      "jsd_usergroup_1": 0.04736335575580597,