{
  "base_recommendations": {
    "ndcg": 0.2785918116569519,
    "jsd": 0.14252586662769318,
    "ndcg_usergroup_1": 0.19963575899600983,
    "jsd_usergroup_1": 0.161077618598938,
    "ndcg_usergroup_2": 0.26794716715812683,
    "jsd_usergroup_2": 0.1419621855020523,
    "ndcg_usergroup_3": 0.38948172330856323,
    "jsd_usergroup_3": 0.12566512823104858
  },
  "postprocessed": {},
  "finetuned": {
    "epoch_1": {
      "ndcg": 0.27750566601753235,
      "jsd": 0.13778477907180786,
      "ndcg_usergroup_1": 0.19912269711494446,
      "jsd_usergroup_1": 0.1559961885213852,
      "ndcg_usergroup_2": 0.2668425738811493,
      "jsd_usergroup_2": 0.13758566975593567,
      "ndcg_usergroup_3": 0.38787782192230225,
      "jsd_usergroup_3": 0.12017073482275009
    },
    "epoch_2": {
      "ndcg": 0.27484166622161865,
      "jsd": 0.12823855876922607,
      "ndcg_usergroup_1": 0.19821682572364807,
      "jsd_usergroup_1": 0.1495981514453888,
      "ndcg_usergroup_2": 0.26474007964134216,
      "jsd_usergroup_2": 0.1278948038816452,
      "ndcg_usergroup_3": 0.38177117705345154,
      "jsd_usergroup_3": 0.10791021585464478
    },
    "epoch_3": {
      "ndcg": 0.2710910737514496,
      "jsd": 0.1173148974776268,
      "ndcg_usergroup_1": 0.1958456039428711,
      "jsd_usergroup_1": 0.14190012216567993,
      "ndcg_usergroup_2": 0.26162561774253845,
      "jsd_usergroup_2": 0.11631887406110764,
      "ndcg_usergroup_3": 0.37473297119140625,
      "jsd_usergroup_3": 0.09571772813796997
    },
    "epoch_4": {
      "ndcg": 0.26762834191322327,
      "jsd": 0.10741123557090759,
      "ndcg_usergroup_1": 0.19705723226070404,
      "jsd_usergroup_1": 0.1334490180015564,
      "ndcg_usergroup_2": 0.25835633277893066,
      "jsd_usergroup_2": 0.1058146134018898,
      "ndcg_usergroup_3": 0.36601540446281433,
      "jsd_usergroup_3": 0.08616328239440918
    },
    "epoch_5": {
      "ndcg": 0.26233965158462524,
      "jsd": 0.09865705668926239,
      "ndcg_usergroup_1": 0.19449715316295624,
      "jsd_usergroup_1": 0.12491104751825333,
      "ndcg_usergroup_2": 0.25352293252944946,
      "jsd_usergroup_2": 0.09678425639867783,
      "ndcg_usergroup_3": 0.35663220286369324,
      "jsd_usergroup_3": 0.07802145928144455
    },
    "epoch_6": {
      "ndcg": 0.25616925954818726,
      "jsd": 0.09075566381216049,
      "ndcg_usergroup_1": 0.1924111247062683,
      "jsd_usergroup_1": 0.11547289788722992,
      "ndcg_usergroup_2": 0.24678470194339752,
      "jsd_usergroup_2": 0.08852970600128174,
      "ndcg_usergroup_3": 0.3480810821056366,
      "jsd_usergroup_3": 0.07271627336740494
    },
    "epoch_7": {
      "ndcg": 0.2521135210990906,
      "jsd": 0.08455295860767365,
      "ndcg_usergroup_1": 0.19092261791229248,
      "jsd_usergroup_1": 0.1078711748123169,
      "ndcg_usergroup_2": 0.24261634051799774,
      "jsd_usergroup_2": 0.08218050003051758,
      "ndcg_usergroup_3": 0.3417958617210388,
      "jsd_usergroup_3": 0.0683521255850792
    },
    "epoch_8": {
      "ndcg": 0.24695152044296265,
      "jsd": 0.07957010716199875,
      "ndcg_usergroup_1": 0.18912078440189362,
      "jsd_usergroup_1": 0.10152164846658707,
      "ndcg_usergroup_2": 0.2369396686553955,
      "jsd_usergroup_2": 0.07698008418083191,
      "ndcg_usergroup_3": 0.3348178565502167,
      "jsd_usergroup_3": 0.06538865715265274
    },
    "epoch_9": {
      "ndcg": 0.24327591061592102,
      "jsd": 0.0756659060716629,
      "ndcg_usergroup_1": 0.18698041141033173,
      "jsd_usergroup_1": 0.09766779839992523,
      "ndcg_usergroup_2": 0.2333565354347229,
      "jsd_usergroup_2": 0.07227487862110138,
      "ndcg_usergroup_3": 0.3293294906616211,
      "jsd_usergroup_3": 0.06383708119392395
    },
    "epoch_10": {
      "ndcg": 0.23960551619529724,
      "jsd": 0.07215604931116104,
      "ndcg_usergroup_1": 0.18519647419452667,
      "jsd_usergroup_1": 0.09185465425252914,
      "ndcg_usergroup_2": 0.228697270154953,
      "jsd_usergroup_2": 0.06875793635845184,
      "ndcg_usergroup_3": 0.3267393708229065,
      "jsd_usergroup_3": 0.06265173107385635
    },
    "epoch_11": {
      "ndcg": 0.2369130700826645,
      "jsd": 0.06952125579118729,
      "ndcg_usergroup_1": 0.18539997935295105,
      "jsd_usergroup_1": 0.08724945038557053,
      "ndcg_usergroup_2": 0.22496923804283142,
      "jsd_usergroup_2": 0.06616077572107315,
      "ndcg_usergroup_3": 0.32425764203071594,
      "jsd_usergroup_3": 0.06187446042895317
    },
    "epoch_12": {
      "ndcg": 0.23429767787456512,
      "jsd": 0.06756311655044556,
      "ndcg_usergroup_1": 0.1839984655380249,
      "jsd_usergroup_1": 0.08419834822416306,
      "ndcg_usergroup_2": 0.22135601937770844,
      "jsd_usergroup_2": 0.06406836211681366,
      "ndcg_usergroup_3": 0.32342180609703064,
      "jsd_usergroup_3": 0.06141214072704315
    },
    "epoch_13": {
      "ndcg": 0.23240262269973755,
      "jsd": 0.06604939699172974,
      "ndcg_usergroup_1": 0.18306230008602142,
      "jsd_usergroup_1": 0.0799882709980011,
      "ndcg_usergroup_2": 0.21937687695026398,
      "jsd_usergroup_2": 0.06342768669128418,
      "ndcg_usergroup_3": 0.3208201825618744,
      "jsd_usergroup_3": 0.05997563153505325
    },
    "epoch_14": {
      "ndcg": 0.2304450124502182,
      "jsd": 0.06386253237724304,
      "ndcg_usergroup_1": 0.18046216666698456,
      "jsd_usergroup_1": 0.07779207825660706,
      "ndcg_usergroup_2": 0.21697041392326355,
      "jsd_usergroup_2": 0.06073608621954918,
      "ndcg_usergroup_3": 0.3208516538143158,
      "jsd_usergroup_3": 0.059312328696250916
    },
    "epoch_15": {
      "ndcg": 0.22880597412586212,
      "jsd": 0.0627167597413063,
      "ndcg_usergroup_1": 0.18173454701900482,
      "jsd_usergroup_1": 0.07450167834758759,
      "ndcg_usergroup_2": 0.21481750905513763,
      "jsd_usergroup_2": 0.06037137284874916,
      "ndcg_usergroup_3": 0.3178427517414093,
      "jsd_usergroup_3": 0.05796800181269646
    },
    "epoch_16": {
      "ndcg": 0.22735878825187683,
      "jsd": 0.06194371357560158,
      "ndcg_usergroup_1": 0.18024905025959015,
      "jsd_usergroup_1": 0.07328400015830994,
      "ndcg_usergroup_2": 0.2130551040172577,
      "jsd_usergroup_2": 0.059028614312410355,
      "ndcg_usergroup_3": 0.31737956404685974,
      "jsd_usergroup_3": 0.059348706156015396
    },
    "epoch_17": {
      "ndcg": 0.22609248757362366,
      "jsd": 0.06103122606873512,
      "ndcg_usergroup_1": 0.17993080615997314,
      "jsd_usergroup_1": 0.07065210491418839,
      "ndcg_usergroup_2": 0.21145516633987427,
      "jsd_usergroup_2": 0.05891123041510582,
      "ndcg_usergroup_3": 0.31616610288619995,
      "jsd_usergroup_3": 0.057770323008298874
    },
    "epoch_18": {
      "ndcg": 0.22536122798919678,
      "jsd": 0.060416266322135925,
      "ndcg_usergroup_1": 0.17935489118099213,
      "jsd_usergroup_1": 0.07066401094198227,
      "ndcg_usergroup_2": 0.20991194248199463,
      "jsd_usergroup_2": 0.05788768455386162,
      "ndcg_usergroup_3": 0.3177153170108795,
      "jsd_usergroup_3": 0.0577542781829834
    },
    "epoch_19": {
      "ndcg": 0.22423908114433289,
      "jsd": 0.059497009962797165,
      "ndcg_usergroup_1": 0.17863602936267853,
      "jsd_usergroup_1": 0.06803373992443085,
      "ndcg_usergroup_2": 0.20887984335422516,
      "jsd_usergroup_2": 0.05744022876024246,
      "ndcg_usergroup_3": 0.3159198462963104,
      "jsd_usergroup_3": 0.05713065713644028
    },
    "epoch_20": {
      "ndcg": 0.22385117411613464,
      "jsd": 0.05883390083909035,
      "ndcg_usergroup_1": 0.17779237031936646,
      "jsd_usergroup_1": 0.0676240622997284,
      "ndcg_usergroup_2": 0.20839719474315643,
      "jsd_usergroup_2": 0.056664999574422836,
      "ndcg_usergroup_3": 0.3162718117237091,
      "jsd_usergroup_3": 0.05655043572187424
    },
    "epoch_21": {
      "ndcg": 0.22312137484550476,
      "jsd": 0.058698419481515884,
      "ndcg_usergroup_1": 0.17707355320453644,
      "jsd_usergroup_1": 0.0674862414598465,