{
  "base_recommendations": {
    "ndcg": 0.2785918116569519,
    "jsd": 0.14252586662769318,
    "ndcg_usergroup_1": 0.19963575899600983,
    "jsd_usergroup_1": 0.161077618598938,
    "ndcg_usergroup_2": 0.26794716715812683,
    "jsd_usergroup_2": 0.1419621855020523,
    "ndcg_usergroup_3": 0.38948172330856323,
    "jsd_usergroup_3": 0.12566512823104858
  },
  "postprocessed": {},
  "finetuned": {
    "epoch_1": {
      "ndcg": 0.26372310519218445,
      "jsd": 0.0986761674284935,
      "ndcg_usergroup_1": 0.1869678497314453,
      "jsd_usergroup_1": 0.0895269513130188,
      "ndcg_usergroup_2": 0.25197485089302063,
      "jsd_usergroup_2": 0.09892023354768753,
      "ndcg_usergroup_3": 0.37572306394577026,
      "jsd_usergroup_3": 0.10709312558174133
    },
    "epoch_2": {
      "ndcg": 0.24665895104408264,
      "jsd": 0.08244717866182327,
      "ndcg_usergroup_1": 0.16407667100429535,
      "jsd_usergroup_1": 0.06990717351436615,
      "ndcg_usergroup_2": 0.2342393547296524,
      "jsd_usergroup_2": 0.08368470519781113,
      "ndcg_usergroup_3": 0.36649999022483826,
      "jsd_usergroup_3": 0.09127461165189743
    },
    "epoch_3": {
      "ndcg": 0.23885615170001984,
      "jsd": 0.07257471233606339,
      "ndcg_usergroup_1": 0.15565931797027588,
      "jsd_usergroup_1": 0.06508564203977585,
      "ndcg_usergroup_2": 0.2267216295003891,
      "jsd_usergroup_2": 0.07350451499223709,
      "ndcg_usergroup_3": 0.358456552028656,
      "jsd_usergroup_3": 0.07727435231208801
    },
    "epoch_4": {
      "ndcg": 0.23152369260787964,
      "jsd": 0.06643083691596985,
      "ndcg_usergroup_1": 0.1483464539051056,
      "jsd_usergroup_1": 0.06269371509552002,
      "ndcg_usergroup_2": 0.21952074766159058,
      "jsd_usergroup_2": 0.06670794636011124,
      "ndcg_usergroup_3": 0.3507096469402313,
      "jsd_usergroup_3": 0.06933658570051193
    },
    "epoch_5": {
      "ndcg": 0.22616887092590332,
      "jsd": 0.060678426176309586,
      "ndcg_usergroup_1": 0.14617937803268433,
      "jsd_usergroup_1": 0.05875284969806671,
      "ndcg_usergroup_2": 0.21481476724147797,
      "jsd_usergroup_2": 0.06060414761304855,
      "ndcg_usergroup_3": 0.3402206301689148,
      "jsd_usergroup_3": 0.06282682716846466
    },
    "epoch_6": {
      "ndcg": 0.2194364070892334,
      "jsd": 0.05685891583561897,
      "ndcg_usergroup_1": 0.1424332857131958,
      "jsd_usergroup_1": 0.05575358122587204,
      "ndcg_usergroup_2": 0.20782864093780518,
      "jsd_usergroup_2": 0.056404463946819305,
      "ndcg_usergroup_3": 0.33126282691955566,
      "jsd_usergroup_3": 0.059327635914087296
    },
    "epoch_7": {
      "ndcg": 0.21490532159805298,
      "jsd": 0.05336643382906914,
      "ndcg_usergroup_1": 0.14309467375278473,
      "jsd_usergroup_1": 0.05343575030565262,
      "ndcg_usergroup_2": 0.20164938271045685,
      "jsd_usergroup_2": 0.05320636183023453,
      "ndcg_usergroup_3": 0.32648372650146484,
      "jsd_usergroup_3": 0.05377735197544098
    },
    "epoch_8": {
      "ndcg": 0.2096463292837143,
      "jsd": 0.05144859477877617,
      "ndcg_usergroup_1": 0.13876397907733917,
      "jsd_usergroup_1": 0.05218776315450668,
      "ndcg_usergroup_2": 0.1970195472240448,
      "jsd_usergroup_2": 0.05105551332235336,
      "ndcg_usergroup_3": 0.3184089958667755,
      "jsd_usergroup_3": 0.05188868194818497
    },
    "epoch_9": {
      "ndcg": 0.20464889705181122,
      "jsd": 0.049421217292547226,
      "ndcg_usergroup_1": 0.1366000920534134,
      "jsd_usergroup_1": 0.04884389042854309,
      "ndcg_usergroup_2": 0.19172725081443787,
      "jsd_usergroup_2": 0.049173504114151,
      "ndcg_usergroup_3": 0.3114626109600067,
      "jsd_usergroup_3": 0.05074169114232063
    },
    "epoch_10": {
      "ndcg": 0.20151856541633606,
      "jsd": 0.0476260781288147,
      "ndcg_usergroup_1": 0.13709071278572083,
      "jsd_usergroup_1": 0.04650473967194557,
      "ndcg_usergroup_2": 0.18760205805301666,
      "jsd_usergroup_2": 0.04767249897122383,
      "ndcg_usergroup_3": 0.3076958954334259,
      "jsd_usergroup_3": 0.04860813170671463
    },
    "epoch_11": {
      "ndcg": 0.19731366634368896,
      "jsd": 0.046743739396333694,
      "ndcg_usergroup_1": 0.13352057337760925,
      "jsd_usergroup_1": 0.04554756358265877,
      "ndcg_usergroup_2": 0.18369930982589722,
      "jsd_usergroup_2": 0.04652818292379379,
      "ndcg_usergroup_3": 0.30194976925849915,
      "jsd_usergroup_3": 0.04858659207820892
    },
    "epoch_12": {
      "ndcg": 0.19526349008083344,
      "jsd": 0.04608965292572975,
      "ndcg_usergroup_1": 0.1309358924627304,
      "jsd_usergroup_1": 0.04485955834388733,
      "ndcg_usergroup_2": 0.18181632459163666,
      "jsd_usergroup_2": 0.0459757074713707,
      "ndcg_usergroup_3": 0.2999325096607208,
      "jsd_usergroup_3": 0.047661565244197845
    },
    "epoch_13": {
      "ndcg": 0.1916445791721344,
      "jsd": 0.04566898196935654,
      "ndcg_usergroup_1": 0.12889203429222107,
      "jsd_usergroup_1": 0.0438472181558609,
      "ndcg_usergroup_2": 0.17823146283626556,
      "jsd_usergroup_2": 0.045386020094156265,
      "ndcg_usergroup_3": 0.2946365177631378,
      "jsd_usergroup_3": 0.048339612782001495
    },
    "epoch_14": {
      "ndcg": 0.18971845507621765,
      "jsd": 0.044691335409879684,
      "ndcg_usergroup_1": 0.12602154910564423,
      "jsd_usergroup_1": 0.04262419417500496,
      "ndcg_usergroup_2": 0.17676791548728943,
      "jsd_usergroup_2": 0.04436396434903145,
      "ndcg_usergroup_3": 0.29226693511009216,
      "jsd_usergroup_3": 0.04774060845375061
    },
    "epoch_16": {
      "ndcg": 0.18703418970108032,
      "jsd": 0.04461074620485306,
      "ndcg_usergroup_1": 0.12383604794740677,
      "jsd_usergroup_1": 0.04283881187438965,
      "ndcg_usergroup_2": 0.17371973395347595,
      "jsd_usergroup_2": 0.04443581774830818,
      "ndcg_usergroup_3": 0.2901756763458252,
      "jsd_usergroup_3": 0.04690743610262871
    },
    "epoch_17": {
      "ndcg": 0.1848008930683136,
      "jsd": 0.04404192790389061,
      "ndcg_usergroup_1": 0.12284805625677109,
      "jsd_usergroup_1": 0.04196362942457199,
      "ndcg_usergroup_2": 0.17169775068759918,
      "jsd_usergroup_2": 0.043766915798187256,
      "ndcg_usergroup_3": 0.2860630750656128,
      "jsd_usergroup_3": 0.04694526270031929
    },
    "epoch_18": {
      "ndcg": 0.18349933624267578,
      "jsd": 0.04393983632326126,
      "ndcg_usergroup_1": 0.12210411578416824,
      "jsd_usergroup_1": 0.041584670543670654,
      "ndcg_usergroup_2": 0.17011748254299164,
      "jsd_usergroup_2": 0.04406921938061714,
      "ndcg_usergroup_3": 0.28504008054733276,
      "jsd_usergroup_3": 0.045906830579042435
    },
    "epoch_19": {
      "ndcg": 0.18190138041973114,
      "jsd": 0.04344816505908966,
      "ndcg_usergroup_1": 0.11934629082679749,
      "jsd_usergroup_1": 0.04099214822053909,
      "ndcg_usergroup_2": 0.1689285784959793,
      "jsd_usergroup_2": 0.0436263345181942,
      "ndcg_usergroup_3": 0.2833748161792755,
      "jsd_usergroup_3": 0.04536966606974602
    },
    "epoch_21": {
      "ndcg": 0.1801484227180481,
      "jsd": 0.042996715754270554,
      "ndcg_usergroup_1": 0.11882750689983368,
      "jsd_usergroup_1": 0.039350755512714386,
      "ndcg_usergroup_2": 0.16690245270729065,
      "jsd_usergroup_2": 0.043373435735702515,
      "ndcg_usergroup_3": 0.2812071442604065,
      "jsd_usergroup_3": 0.045512501150369644
    },
    "epoch_23": {
      "ndcg": 0.17985104024410248,
      "jsd": 0.04225502908229828,
      "ndcg_usergroup_1": 0.12036140263080597,
      "jsd_usergroup_1": 0.0379505455493927,
      "ndcg_usergroup_2": 0.16640126705169678,
      "jsd_usergroup_2": 0.042643338441848755,
      "ndcg_usergroup_3": 0.2796899974346161,
      "jsd_usergroup_3": 0.04539458081126213
    },
    "epoch_29": {
      "ndcg": 0.17444640398025513,
      "jsd": 0.04210187494754791,
      "ndcg_usergroup_1": 0.11574634909629822,
      "jsd_usergroup_1": 0.03675175458192825,