{
  "base_recommendations": {
    "ndcg": 0.2785918116569519,
    "jsd": 0.14252586662769318,
    "ndcg_usergroup_1": 0.19963575899600983,
    "jsd_usergroup_1": 0.161077618598938,
    "ndcg_usergroup_2": 0.26794716715812683,
    "jsd_usergroup_2": 0.1419621855020523,
    "ndcg_usergroup_3": 0.38948172330856323,
    "jsd_usergroup_3": 0.12566512823104858
  },
  "postprocessed": {},
  "finetuned": {
    "epoch_1": {
      "ndcg": 0.2750663459300995,
      "jsd": 0.12277442216873169,
      "ndcg_usergroup_1": 0.19552017748355865,
      "jsd_usergroup_1": 0.1312212347984314,
      "ndcg_usergroup_2": 0.2647029459476471,
      "jsd_usergroup_2": 0.12188159674406052,
      "ndcg_usergroup_3": 0.38570263981819153,
      "jsd_usergroup_3": 0.11700607091188431
    },
    "epoch_2": {
      "ndcg": 0.2676866948604584,
      "jsd": 0.102046899497509,
      "ndcg_usergroup_1": 0.18885090947151184,
      "jsd_usergroup_1": 0.09558963030576706,
      "ndcg_usergroup_2": 0.256608784198761,
      "jsd_usergroup_2": 0.10266673564910889,
      "ndcg_usergroup_3": 0.3797563314437866,
      "jsd_usergroup_3": 0.10664471238851547
    },
    "epoch_3": {
      "ndcg": 0.26008084416389465,
      "jsd": 0.08911171555519104,
      "ndcg_usergroup_1": 0.18237555027008057,
      "jsd_usergroup_1": 0.0747118815779686,
      "ndcg_usergroup_2": 0.24845707416534424,
      "jsd_usergroup_2": 0.0913223922252655,
      "ndcg_usergroup_3": 0.3726573586463928,
      "jsd_usergroup_3": 0.0968795046210289
    },
    "epoch_4": {
      "ndcg": 0.25252923369407654,
      "jsd": 0.08169456571340561,
      "ndcg_usergroup_1": 0.17282190918922424,
      "jsd_usergroup_1": 0.06819122284650803,
      "ndcg_usergroup_2": 0.24108795821666718,
      "jsd_usergroup_2": 0.08440157771110535,
      "ndcg_usergroup_3": 0.36656028032302856,
      "jsd_usergroup_3": 0.08707685768604279
    },
    "epoch_5": {
      "ndcg": 0.2465728223323822,
      "jsd": 0.07602762430906296,
      "ndcg_usergroup_1": 0.165592223405838,
      "jsd_usergroup_1": 0.06655921041965485,
      "ndcg_usergroup_2": 0.23546189069747925,
      "jsd_usergroup_2": 0.07842261344194412,
      "ndcg_usergroup_3": 0.3608861267566681,
      "jsd_usergroup_3": 0.07831107079982758
    },
    "epoch_6": {
      "ndcg": 0.2425747811794281,
      "jsd": 0.07168030738830566,
      "ndcg_usergroup_1": 0.16135527193546295,
      "jsd_usergroup_1": 0.06571485102176666,
      "ndcg_usergroup_2": 0.23181213438510895,
      "jsd_usergroup_2": 0.07316838949918747,
      "ndcg_usergroup_3": 0.3560822308063507,
      "jsd_usergroup_3": 0.07318150252103806
    },
    "epoch_7": {
      "ndcg": 0.23873329162597656,
      "jsd": 0.0675685778260231,
      "ndcg_usergroup_1": 0.15913988649845123,
      "jsd_usergroup_1": 0.06333659589290619,
      "ndcg_usergroup_2": 0.2280617207288742,
      "jsd_usergroup_2": 0.06858823448419571,
      "ndcg_usergroup_3": 0.3503413796424866,
      "jsd_usergroup_3": 0.068741574883461
    },
    "epoch_8": {
      "ndcg": 0.2349545955657959,
      "jsd": 0.0645177811384201,
      "ndcg_usergroup_1": 0.15758952498435974,
      "jsd_usergroup_1": 0.061985962092876434,
      "ndcg_usergroup_2": 0.22464251518249512,
      "jsd_usergroup_2": 0.06495796144008636,
      "ndcg_usergroup_3": 0.3432558476924896,
      "jsd_usergroup_3": 0.065729059278965
    },
    "epoch_9": {
      "ndcg": 0.23166291415691376,
      "jsd": 0.061803579330444336,
      "ndcg_usergroup_1": 0.1567825973033905,
      "jsd_usergroup_1": 0.05977436155080795,
      "ndcg_usergroup_2": 0.22212694585323334,
      "jsd_usergroup_2": 0.06217662990093231,
      "ndcg_usergroup_3": 0.33515122532844543,
      "jsd_usergroup_3": 0.062713623046875
    },
    "epoch_10": {
      "ndcg": 0.22860415279865265,
      "jsd": 0.05940676108002663,
      "ndcg_usergroup_1": 0.1552860140800476,
      "jsd_usergroup_1": 0.057928115129470825,
      "ndcg_usergroup_2": 0.21880526840686798,
      "jsd_usergroup_2": 0.05952892079949379,
      "ndcg_usergroup_3": 0.33131876587867737,
      "jsd_usergroup_3": 0.06051894649863243
    },
    "epoch_11": {
      "ndcg": 0.22462797164916992,
      "jsd": 0.05743129551410675,
      "ndcg_usergroup_1": 0.15318042039871216,
      "jsd_usergroup_1": 0.055440131574869156,
      "ndcg_usergroup_2": 0.21467509865760803,
      "jsd_usergroup_2": 0.05750700831413269,
      "ndcg_usergroup_3": 0.3259342312812805,
      "jsd_usergroup_3": 0.05919528380036354
    },
    "epoch_12": {
      "ndcg": 0.22151517868041992,
      "jsd": 0.055244822055101395,
      "ndcg_usergroup_1": 0.15192392468452454,
      "jsd_usergroup_1": 0.05361337214708328,
      "ndcg_usergroup_2": 0.21206268668174744,
      "jsd_usergroup_2": 0.055257223546504974,
      "ndcg_usergroup_3": 0.3194638788700104,
      "jsd_usergroup_3": 0.056839052587747574
    },
    "epoch_13": {
      "ndcg": 0.2190062254667282,
      "jsd": 0.0542517714202404,
      "ndcg_usergroup_1": 0.14982077479362488,
      "jsd_usergroup_1": 0.052922677248716354,
      "ndcg_usergroup_2": 0.20942789316177368,
      "jsd_usergroup_2": 0.054158199578523636,
      "ndcg_usergroup_3": 0.31692665815353394,
      "jsd_usergroup_3": 0.05586157366633415
    },
    "epoch_14": {
      "ndcg": 0.21692399680614471,
      "jsd": 0.052558381110429764,
      "ndcg_usergroup_1": 0.14903517067432404,
      "jsd_usergroup_1": 0.05139942839741707,
      "ndcg_usergroup_2": 0.2070005238056183,
      "jsd_usergroup_2": 0.052612535655498505,
      "ndcg_usergroup_3": 0.3145832419395447,
      "jsd_usergroup_3": 0.05355486273765564
    },
    "epoch_15": {
      "ndcg": 0.21519771218299866,
      "jsd": 0.05134263634681702,
      "ndcg_usergroup_1": 0.14935018122196198,
      "jsd_usergroup_1": 0.04885696619749069,
      "ndcg_usergroup_2": 0.20459435880184174,
      "jsd_usergroup_2": 0.051524385809898376,
      "ndcg_usergroup_3": 0.31285518407821655,
      "jsd_usergroup_3": 0.05328303948044777
    },
    "epoch_16": {
      "ndcg": 0.2133721262216568,
      "jsd": 0.05054647848010063,
      "ndcg_usergroup_1": 0.14855095744132996,
      "jsd_usergroup_1": 0.047508515417575836,
      "ndcg_usergroup_2": 0.20218735933303833,
      "jsd_usergroup_2": 0.050872575491666794,
      "ndcg_usergroup_3": 0.3117475211620331,
      "jsd_usergroup_3": 0.05260612443089485
    },
    "epoch_17": {
      "ndcg": 0.21147823333740234,
      "jsd": 0.0498543456196785,
      "ndcg_usergroup_1": 0.14843040704727173,
      "jsd_usergroup_1": 0.04598623141646385,
      "ndcg_usergroup_2": 0.19976089894771576,
      "jsd_usergroup_2": 0.0501716323196888,
      "ndcg_usergroup_3": 0.3096780776977539,
      "jsd_usergroup_3": 0.05277057737112045
    },
    "epoch_18": {
      "ndcg": 0.21022866666316986,
      "jsd": 0.04922406002879143,
      "ndcg_usergroup_1": 0.14806637167930603,
      "jsd_usergroup_1": 0.04498058557510376,
      "ndcg_usergroup_2": 0.19839319586753845,
      "jsd_usergroup_2": 0.04947258159518242,
      "ndcg_usergroup_3": 0.3078974187374115,
      "jsd_usergroup_3": 0.05272198095917702
    },
    "epoch_19": {
      "ndcg": 0.20931300520896912,
      "jsd": 0.04833771288394928,
      "ndcg_usergroup_1": 0.14781054854393005,
      "jsd_usergroup_1": 0.04366949945688248,
      "ndcg_usergroup_2": 0.19736742973327637,
      "jsd_usergroup_2": 0.048692237585783005,
      "ndcg_usergroup_3": 0.30665209889411926,
      "jsd_usergroup_3": 0.051942337304353714
    },
    "epoch_20": {
      "ndcg": 0.2082364559173584,
      "jsd": 0.047576501965522766,
      "ndcg_usergroup_1": 0.1477431356906891,
      "jsd_usergroup_1": 0.0418170727789402,
      "ndcg_usergroup_2": 0.19571198523044586,
      "jsd_usergroup_2": 0.048339419066905975,
      "ndcg_usergroup_3": 0.3063031733036041,
      "jsd_usergroup_3": 0.05104717239737511
    },
    "epoch_21": {
      "ndcg": 0.20713403820991516,
      "jsd": 0.04679654538631439,
      "ndcg_usergroup_1": 0.14735274016857147,
      "jsd_usergroup_1": 0.040346965193748474,