{
  "base_recommendations": {
    "ndcg": 0.2785918116569519,
    "jsd": 0.14252586662769318,
    "ndcg_usergroup_1": 0.19963575899600983,
    "jsd_usergroup_1": 0.161077618598938,
    "ndcg_usergroup_2": 0.26794716715812683,
    "jsd_usergroup_2": 0.1419621855020523,
    "ndcg_usergroup_3": 0.38948172330856323,
    "jsd_usergroup_3": 0.12566512823104858
  },
  "postprocessed": {},
  "finetuned": {
    "epoch_1": {
      "ndcg": 0.2699970304965973,
      "jsd": 0.11169405281543732,
      "ndcg_usergroup_1": 0.19879138469696045,
      "jsd_usergroup_1": 0.14340533316135406,
      "ndcg_usergroup_2": 0.2609628140926361,
      "jsd_usergroup_2": 0.11130648106336594,
      "ndcg_usergroup_3": 0.3683053255081177,
      "jsd_usergroup_3": 0.0811455249786377
    },
    "epoch_2": {
      "ndcg": 0.2585248649120331,
      "jsd": 0.09465146064758301,
      "ndcg_usergroup_1": 0.1975187212228775,
      "jsd_usergroup_1": 0.13779078423976898,
      "ndcg_usergroup_2": 0.2505379915237427,
      "jsd_usergroup_2": 0.09124510735273361,
      "ndcg_usergroup_3": 0.3434917628765106,
      "jsd_usergroup_3": 0.06173121929168701
    },
    "epoch_3": {
      "ndcg": 0.25183647871017456,
      "jsd": 0.09049437940120697,
      "ndcg_usergroup_1": 0.1950438767671585,
      "jsd_usergroup_1": 0.13833434879779816,
      "ndcg_usergroup_2": 0.2449367642402649,
      "jsd_usergroup_2": 0.08476037532091141,
      "ndcg_usergroup_3": 0.3293282389640808,
      "jsd_usergroup_3": 0.05985642224550247
    },
    "epoch_4": {
      "ndcg": 0.2472887486219406,
      "jsd": 0.0899021103978157,
      "ndcg_usergroup_1": 0.19493423402309418,
      "jsd_usergroup_1": 0.14523661136627197,
      "ndcg_usergroup_2": 0.2403424084186554,
      "jsd_usergroup_2": 0.08154181391000748,
      "ndcg_usergroup_3": 0.32048219442367554,
      "jsd_usergroup_3": 0.05964844301342964
    }
  }
}