{
  "base_recommendations": {
    "ndcg": 0.2785918116569519,
    "jsd": 0.14252586662769318,
    "ndcg_usergroup_1": 0.19963575899600983,
    "jsd_usergroup_1": 0.161077618598938,
    "ndcg_usergroup_2": 0.26794716715812683,
    "jsd_usergroup_2": 0.1419621855020523,
    "ndcg_usergroup_3": 0.38948172330856323,
    "jsd_usergroup_3": 0.12566512823104858
  },
  "postprocessed": {},
  "finetuned": {
    "epoch_1": {
      "ndcg": 0.26420754194259644,
      "jsd": 0.08831100165843964,
      "ndcg_usergroup_1": 0.18999825417995453,
      "jsd_usergroup_1": 0.08392471820116043,
      "ndcg_usergroup_2": 0.2530498504638672,
      "jsd_usergroup_2": 0.09012939035892487,
      "ndcg_usergroup_3": 0.37188994884490967,
      "jsd_usergroup_3": 0.08724209666252136
    },
    "epoch_2": {
      "ndcg": 0.24836570024490356,
      "jsd": 0.06633349508047104,
      "ndcg_usergroup_1": 0.18286678194999695,
      "jsd_usergroup_1": 0.06520841270685196,
      "ndcg_usergroup_2": 0.23768553137779236,
      "jsd_usergroup_2": 0.06691746413707733,
      "ndcg_usergroup_3": 0.345905065536499,
      "jsd_usergroup_3": 0.06570665538311005
    },
    "epoch_3": {
      "ndcg": 0.23562373220920563,
      "jsd": 0.05838843435049057,
      "ndcg_usergroup_1": 0.17787984013557434,
      "jsd_usergroup_1": 0.057722754776477814,
      "ndcg_usergroup_2": 0.22498270869255066,
      "jsd_usergroup_2": 0.05845624580979347,
      "ndcg_usergroup_3": 0.325290709733963,
      "jsd_usergroup_3": 0.05885068699717522
    },
    "epoch_4": {
      "ndcg": 0.22756077349185944,
      "jsd": 0.05307501181960106,
      "ndcg_usergroup_1": 0.17322729527950287,
      "jsd_usergroup_1": 0.05131347477436066,
      "ndcg_usergroup_2": 0.21649029850959778,
      "jsd_usergroup_2": 0.05278312414884567,
      "ndcg_usergroup_3": 0.315105676651001,
      "jsd_usergroup_3": 0.05571221187710762
    },
    "epoch_5": {
      "ndcg": 0.22169137001037598,
      "jsd": 0.05077509582042694,
      "ndcg_usergroup_1": 0.17201265692710876,
      "jsd_usergroup_1": 0.04966416209936142,
      "ndcg_usergroup_2": 0.20954197645187378,
      "jsd_usergroup_2": 0.04998522624373436,
      "ndcg_usergroup_3": 0.3078181743621826,
      "jsd_usergroup_3": 0.054255641996860504
    },
    "epoch_6": {
      "ndcg": 0.2179754674434662,
      "jsd": 0.048937391489744186,
      "ndcg_usergroup_1": 0.17049314081668854,
      "jsd_usergroup_1": 0.048014331609010696,
      "ndcg_usergroup_2": 0.20508459210395813,
      "jsd_usergroup_2": 0.047970306128263474,
      "ndcg_usergroup_3": 0.3041304647922516,
      "jsd_usergroup_3": 0.052761707454919815
    },
    "epoch_7": {
      "ndcg": 0.21577447652816772,
      "jsd": 0.048349495977163315,
      "ndcg_usergroup_1": 0.16943515837192535,
      "jsd_usergroup_1": 0.04810761287808418,
      "ndcg_usergroup_2": 0.20179647207260132,
      "jsd_usergroup_2": 0.047356847673654556,
      "ndcg_usergroup_3": 0.3040478229522705,
      "jsd_usergroup_3": 0.05156930163502693
    },
    "epoch_8": {
      "ndcg": 0.21384453773498535,
      "jsd": 0.04781387001276016,
      "ndcg_usergroup_1": 0.16704145073890686,
      "jsd_usergroup_1": 0.04904649034142494,
      "ndcg_usergroup_2": 0.19962985813617706,
      "jsd_usergroup_2": 0.0464424230158329,
      "ndcg_usergroup_3": 0.3032916188240051,
      "jsd_usergroup_3": 0.05069560185074806
    }
  }
}