{
  "base_recommendations": {
    "ndcg": 0.2785918116569519,
    "jsd": 0.14252586662769318,
    "ndcg_usergroup_1": 0.19963575899600983,
    "jsd_usergroup_1": 0.161077618598938,
    "ndcg_usergroup_2": 0.26794716715812683,
    "jsd_usergroup_2": 0.1419621855020523,
    "ndcg_usergroup_3": 0.38948172330856323,
    "jsd_usergroup_3": 0.12566512823104858
  },
  "postprocessed": {},
  "finetuned": {
    "epoch_1": {
      "ndcg": 0.27682965993881226,
      "jsd": 0.13197599351406097,
      "ndcg_usergroup_1": 0.1995832622051239,
      "jsd_usergroup_1": 0.15143626928329468,
      "ndcg_usergroup_2": 0.2664933204650879,
      "jsd_usergroup_2": 0.13212130963802338,
      "ndcg_usergroup_3": 0.3850851356983185,
      "jsd_usergroup_3": 0.11207974702119827
    },
    "epoch_2": {
      "ndcg": 0.2731519639492035,
      "jsd": 0.11922111362218857,
      "ndcg_usergroup_1": 0.19801871478557587,
      "jsd_usergroup_1": 0.1424507051706314,
      "ndcg_usergroup_2": 0.2633436620235443,
      "jsd_usergroup_2": 0.11971631646156311,
      "ndcg_usergroup_3": 0.37771010398864746,
      "jsd_usergroup_3": 0.09450589865446091
    },
    "epoch_3": {
      "ndcg": 0.2691579759120941,
      "jsd": 0.10649885982275009,
      "ndcg_usergroup_1": 0.19664989411830902,
      "jsd_usergroup_1": 0.13236704468727112,
      "ndcg_usergroup_2": 0.2600723206996918,
      "jsd_usergroup_2": 0.10617080330848694,
      "ndcg_usergroup_3": 0.3689229488372803,
      "jsd_usergroup_3": 0.08161480724811554
    },
    "epoch_4": {
      "ndcg": 0.26509028673171997,
      "jsd": 0.09678111225366592,
      "ndcg_usergroup_1": 0.19504965841770172,
      "jsd_usergroup_1": 0.12468430399894714,
      "ndcg_usergroup_2": 0.2567594051361084,
      "jsd_usergroup_2": 0.09576394408941269,
      "ndcg_usergroup_3": 0.3601236641407013,
      "jsd_usergroup_3": 0.07192942500114441
    },
    "epoch_5": {
      "ndcg": 0.26119208335876465,
      "jsd": 0.09007330983877182,
      "ndcg_usergroup_1": 0.19443240761756897,
      "jsd_usergroup_1": 0.12030624598264694,
      "ndcg_usergroup_2": 0.253181129693985,
      "jsd_usergroup_2": 0.08833125233650208,
      "ndcg_usergroup_3": 0.35198453068733215,
      "jsd_usergroup_3": 0.06506659090518951
    },
    "epoch_6": {
      "ndcg": 0.2575892508029938,
      "jsd": 0.08509089052677155,
      "ndcg_usergroup_1": 0.1935841143131256,
      "jsd_usergroup_1": 0.11651395261287689,
      "ndcg_usergroup_2": 0.24980244040489197,
      "jsd_usergroup_2": 0.08249194920063019,
      "ndcg_usergroup_3": 0.3449547588825226,
      "jsd_usergroup_3": 0.06146467104554176
    },
    "epoch_7": {
      "ndcg": 0.2551034986972809,
      "jsd": 0.08254588395357132,
      "ndcg_usergroup_1": 0.19387434422969818,
      "jsd_usergroup_1": 0.11456958204507828,
      "ndcg_usergroup_2": 0.24741514027118683,
      "jsd_usergroup_2": 0.07946218550205231,
      "ndcg_usergroup_3": 0.3393978178501129,
      "jsd_usergroup_3": 0.059773288667201996
    },
    "epoch_8": {
      "ndcg": 0.25331243872642517,
      "jsd": 0.08152639865875244,
      "ndcg_usergroup_1": 0.19436265528202057,
      "jsd_usergroup_1": 0.11466281116008759,
      "ndcg_usergroup_2": 0.24550794064998627,
      "jsd_usergroup_2": 0.07793247699737549,
      "ndcg_usergroup_3": 0.3356757164001465,
      "jsd_usergroup_3": 0.05917168781161308
    },
    "epoch_9": {
      "ndcg": 0.251709908246994,
      "jsd": 0.08108480274677277,
      "ndcg_usergroup_1": 0.19526076316833496,
      "jsd_usergroup_1": 0.1156558245420456,
      "ndcg_usergroup_2": 0.24409380555152893,
      "jsd_usergroup_2": 0.07707355916500092,
      "ndcg_usergroup_3": 0.3310074210166931,
      "jsd_usergroup_3": 0.05854753032326698
    }
  }
}