{"base_recommendations": {"ndcg": 0.05619301646947861, "jsd": 0.23943403363227844}, "postprocessed": {}, "finetuned": {"epoch_1": {"ndcg": 0.04066212475299835, "jsd": 0.22344225645065308}, "epoch_11": {"ndcg": 0.04300593584775925, "jsd": 0.2585451900959015}, "epoch_12": {"ndcg": 0.045635152608156204, "jsd": 0.2632003426551819}, "epoch_13": {"ndcg": 0.04722527042031288, "jsd": 0.2675435245037079}, "epoch_14": {"ndcg": 0.04874793812632561, "jsd": 0.26652243733406067}, "epoch_15": {"ndcg": 0.0502660870552063, "jsd": 0.2619372308254242}, "epoch_16": {"ndcg": 0.05213755741715431, "jsd": 0.26791447401046753}, "epoch_17": {"ndcg": 0.052920181304216385, "jsd": 0.26644548773765564}, "epoch_18": {"ndcg": 0.05477431043982506, "jsd": 0.27042245864868164}, "epoch_19": {"ndcg": 0.05612517520785332, "jsd": 0.26762059330940247}, "epoch_20": {"ndcg": 0.05713031440973282, "jsd": 0.2678903639316559}, "epoch_21": {"ndcg": 0.05872035771608353, "jsd": 0.267679363489151}, "epoch_22": {"ndcg": 0.059477973729372025, "jsd": 0.2688244879245758}, "epoch_23": {"ndcg": 0.06081000342965126, "jsd": 0.26996898651123047}, "epoch_24": {"ndcg": 0.06173894554376602, "jsd": 0.27280694246292114}, "epoch_25": {"ndcg": 0.062332797795534134, "jsd": 0.2721945345401764}, "epoch_26": {"ndcg": 0.063349649310112, "jsd": 0.27283430099487305}, "epoch_27": {"ndcg": 0.06416201591491699, "jsd": 0.27054598927497864}, "epoch_28": {"ndcg": 0.06491009891033173, "jsd": 0.2694690227508545}, "epoch_29": {"ndcg": 0.06498420238494873, "jsd": 0.2706144154071808}, "epoch_30": {"ndcg": 0.0658092349767685, "jsd": 0.268830269575119}, "epoch_31": {"ndcg": 0.06660913676023483, "jsd": 0.2696937620639801}, "epoch_32": {"ndcg": 0.06715522706508636, "jsd": 0.2688656151294708}, "epoch_33": {"ndcg": 0.06796454638242722, "jsd": 0.26834794878959656}, "epoch_34": {"ndcg": 0.0680697038769722, "jsd": 0.26519522070884705}, "epoch_35": {"ndcg": 0.06909821927547455, "jsd": 0.2673381567001343}, "epoch_36": {"ndcg": 0.06969920545816422, "jsd": 0.26604992151260376}, "epoch_38": {"ndcg": 0.07037398964166641, "jsd": 0.2666739821434021}, "epoch_39": {"ndcg": 0.07092603296041489, "jsd": 0.2674998641014099}, "epoch_40": {"ndcg": 0.07134532183408737, "jsd": 0.2696921229362488}, "epoch_41": {"ndcg": 0.07202006876468658, "jsd": 0.2641896903514862}, "epoch_42": {"ndcg": 0.07204378396272659, "jsd": 0.26415735483169556}, "epoch_44": {"ndcg": 0.07311957329511642, "jsd": 0.2644988000392914}, "epoch_45": {"ndcg": 0.07318531721830368, "jsd": 0.26498496532440186}, "epoch_47": {"ndcg": 0.07369772344827652, "jsd": 0.2644311189651489}, "epoch_48": {"ndcg": 0.07392299920320511, "jsd": 0.2600295841693878}, "epoch_49": {"ndcg": 0.07422370463609695, "jsd": 0.2614261507987976}, "epoch_50": {"ndcg": 0.07472196966409683, "jsd": 0.2632487118244171}, "epoch_51": {"ndcg": 0.07471182197332382, "jsd": 0.26160600781440735}, "epoch_53": {"ndcg": 0.0750063955783844, "jsd": 0.2605995535850525}, "epoch_55": {"ndcg": 0.07546771317720413, "jsd": 0.2635765075683594}, "epoch_56": {"ndcg": 0.07546588778495789, "jsd": 0.2643544673919678}, "epoch_57": {"ndcg": 0.07610035687685013, "jsd": 0.26241275668144226}, "epoch_59": {"ndcg": 0.07647515088319778, "jsd": 0.26185742020606995}, "epoch_61": {"ndcg": 0.07678202539682388, "jsd": 0.26118993759155273}, "epoch_63": {"ndcg": 0.07703711092472076, "jsd": 0.26124107837677}, "epoch_65": {"ndcg": 0.07713907212018967, "jsd": 0.2612886130809784}, "epoch_68": {"ndcg": 0.07711782306432724, "jsd": 0.2588626742362976}, "epoch_69": {"ndcg": 0.07748391479253769, "jsd": 0.2587684988975525}, "epoch_70": {"ndcg": 0.07758095115423203, "jsd": 0.2624373733997345}, "epoch_71": {"ndcg": 0.07750922441482544, "jsd": 0.2607971727848053}, "epoch_73": {"ndcg": 0.07739116996526718, "jsd": 0.25619253516197205}, "epoch_75": {"ndcg": 0.0777672603726387, "jsd": 0.2592059373855591}, "epoch_77": {"ndcg": 0.07820231467485428, "jsd": 0.26056623458862305}, "epoch_79": {"ndcg": 0.0784405842423439, "jsd": 0.2605220675468445}, "epoch_80": {"ndcg": 0.07805971056222916, "jsd": 0.2555050253868103}, "epoch_81": {"ndcg": 0.07864909619092941, "jsd": 0.2573997974395752}, "epoch_82": {"ndcg": 0.07857087254524231, "jsd": 0.25580570101737976}, "epoch_83": {"ndcg": 0.07892487943172455, "jsd": 0.25785335898399353}, "epoch_85": {"ndcg": 0.07899706810712814, "jsd": 0.25543513894081116}, "epoch_87": {"ndcg": 0.07908564060926437, "jsd": 0.25595325231552124}, "epoch_89": {"ndcg": 0.07923169434070587, "jsd": 0.25776436924934387}, "epoch_94": {"ndcg": 0.07978228479623795, "jsd": 0.25580403208732605}, "epoch_95": {"ndcg": 0.07975210249423981, "jsd": 0.25548234581947327}, "epoch_97": {"ndcg": 0.07982102036476135, "jsd": 0.2554020285606384}, "epoch_98": {"ndcg": 0.07978826016187668, "jsd": 0.2564675509929657}, "epoch_99": {"ndcg": 0.0796910747885704, "jsd": 0.25429970026016235}, "epoch_100": {"ndcg": 0.07973743975162506, "jsd": 0.2568124532699585}, "epoch_101": {"ndcg": 0.08011277765035629, "jsd": 0.2555302381515503}, "epoch_109": {"ndcg": 0.08028768748044968, "jsd": 0.2565493881702423}, "epoch_111": {"ndcg": 0.0802273154258728, "jsd": 0.25396114587783813}, "epoch_113": {"ndcg": 0.08056040853261948, "jsd": 0.2538801431655884}, "epoch_116": {"ndcg": 0.08062361180782318, "jsd": 0.2574518620967865}, "epoch_117": {"ndcg": 0.08049581944942474, "jsd": 0.25537264347076416}, "epoch_121": {"ndcg": 0.08091387152671814, "jsd": 0.2549881935119629}, "epoch_122": {"ndcg": 0.08108280599117279, "jsd": 0.25451046228408813}, "epoch_123": {"ndcg": 0.08072639256715775, "jsd": 0.25433000922203064}, "epoch_124": {"ndcg": 0.08094334602355957, "jsd": 0.25439780950546265}, "epoch_125": {"ndcg": 0.08081932365894318, "jsd": 0.25606295466423035}, "epoch_127": {"ndcg": 0.08096091449260712, "jsd": 0.2541184723377228}, "epoch_129": {"ndcg": 0.08118805289268494, "jsd": 0.25415655970573425}, "epoch_132": {"ndcg": 0.08114892244338989, "jsd": 0.25522515177726746}, "epoch_136": {"ndcg": 0.0813179463148117, "jsd": 0.2540765106678009}, "epoch_141": {"ndcg": 0.08164124190807343, "jsd": 0.25561171770095825}, "epoch_143": {"ndcg": 0.08146658539772034, "jsd": 0.25456517934799194}, "epoch_146": {"ndcg": 0.08142072707414627, "jsd": 0.2537907361984253}, "epoch_150": {"ndcg": 0.08159229159355164, "jsd": 0.25330451130867004}, "epoch_151": {"ndcg": 0.08192706108093262, "jsd": 0.25509876012802124}, "epoch_153": {"ndcg": 0.08188678324222565, "jsd": 0.2540712356567383}, "epoch_155": {"ndcg": 0.08177175372838974, "jsd": 0.255871444940567}, "epoch_156": {"ndcg": 0.08177128434181213, "jsd": 0.25331616401672363}, "epoch_157": {"ndcg": 0.08187077939510345, "jsd": 0.2552953362464905}, "epoch_159": {"ndcg": 0.08177739381790161, "jsd": 0.25560641288757324}, "epoch_162": {"ndcg": 0.08180207014083862, "jsd": 0.2539360523223877}, "epoch_163": {"ndcg": 0.08184152096509933, "jsd": 0.2549194097518921}, "epoch_164": {"ndcg": 0.08185253292322159, "jsd": 0.25372514128685}, "epoch_165": {"ndcg": 0.08182141184806824, "jsd": 0.25331246852874756}, "epoch_167": {"ndcg": 0.08196066319942474, "jsd": 0.2545904815196991}, "epoch_168": {"ndcg": 0.08211027085781097, "jsd": 0.25358569622039795}, "epoch_175": {"ndcg": 0.08210237324237823, "jsd": 0.25423187017440796}, "epoch_179": {"ndcg": 0.08202673494815826, "jsd": 0.2531560957431793}, "epoch_181": {"ndcg": 0.08218400925397873, "jsd": 0.25504398345947266}, "epoch_184": {"ndcg": 0.0821550264954567, "jsd": 0.25331124663352966}, "epoch_186": {"ndcg": 0.08227704465389252, "jsd": 0.2544163465499878}, "epoch_187": {"ndcg": 0.0820453017950058, "jsd": 0.2530781328678131}, "epoch_193": {"ndcg": 0.08221682906150818, "jsd": 0.25330451130867004}, "epoch_201": {"ndcg": 0.08235683292150497, "jsd": 0.25284847617149353}, "epoch_205": {"ndcg": 0.08218204975128174, "jsd": 0.2527082562446594}, "epoch_219": {"ndcg": 0.08256633579730988, "jsd": 0.25405874848365784}, "epoch_221": {"ndcg": 0.08259199559688568, "jsd": 0.2532109320163727}, "epoch_229": {"ndcg": 0.08248253911733627, "jsd": 0.25385782122612},