{
  "base_recommendations": {
    "ndcg": 0.05619301646947861,
    "jsd": 0.23943403363227844
  },
  "postprocessed": {
    "0.1": {
      "ndcg": 0.0482444129884243,
      "jsd": 0.06486156582832336
    },
    "0.2": {
      "ndcg": 0.04791250452399254,
      "jsd": 0.05947450175881386
    },
    "0.3": {
      "ndcg": 0.047766443341970444,
      "jsd": 0.057862721383571625
    },
    "0.4": {
      "ndcg": 0.04765747860074043,
      "jsd": 0.05723676085472107
    },
    "0.5": {
      "ndcg": 0.04757937043905258,
      "jsd": 0.05694425851106644
    },
    "0.6": {
      "ndcg": 0.04753410443663597,
      "jsd": 0.05680166184902191
    },
    "0.7": {
      "ndcg": 0.047482702881097794,
      "jsd": 0.05673615634441376
    },
    "0.8": {
      "ndcg": 0.04745299369096756,
      "jsd": 0.05670035630464554
    },
    "0.9": {
      "ndcg": 0.04742863401770592,
      "jsd": 0.05668794736266136
    }
  },
  "finetuned": {
    "epoch_1": {
      "ndcg": 0.04888371750712395,
      "jsd": 0.18904192745685577
    },
    "epoch_2": {
      "ndcg": 0.060503896325826645,
      "jsd": 0.2045530080795288
    },
    "epoch_3": {
      "ndcg": 0.07147098332643509,
      "jsd": 0.21337290108203888
    },
    "epoch_4": {
      "ndcg": 0.08111779391765594,
      "jsd": 0.22020897269248962
    },
    "epoch_5": {
      "ndcg": 0.09037300199270248,
      "jsd": 0.22634334862232208
    },
    "epoch_6": {
      "ndcg": 0.0967249795794487,
      "jsd": 0.2215164452791214
    },
    "epoch_7": {
      "ndcg": 0.10186229646205902,
      "jsd": 0.2285197228193283
    },
    "epoch_8": {
      "ndcg": 0.10669925808906555,
      "jsd": 0.21452827751636505
    },
    "epoch_9": {
      "ndcg": 0.11006348580121994,
      "jsd": 0.21208719909191132
    },
    "epoch_10": {
      "ndcg": 0.1130831316113472,
      "jsd": 0.21162377297878265
    },
    "epoch_11": {
      "ndcg": 0.11551402509212494,
      "jsd": 0.2111620306968689
    },
    "epoch_12": {
      "ndcg": 0.11650068312883377,
      "jsd": 0.20440788567066193
    },
    "epoch_13": {
      "ndcg": 0.11879514902830124,
      "jsd": 0.2023809850215912
    },
    "epoch_14": {
      "ndcg": 0.1200232058763504,
      "jsd": 0.204320028424263
    },
    "epoch_15": {
      "ndcg": 0.12186440825462341,
      "jsd": 0.20217189192771912
    },
    "epoch_16": {
      "ndcg": 0.12197497487068176,
      "jsd": 0.19419898092746735
    },
    "epoch_17": {
      "ndcg": 0.12384767085313797,
      "jsd": 0.1930069625377655
    },
    "epoch_18": {
      "ndcg": 0.12484298646450043,
      "jsd": 0.19138391315937042
    },
    "epoch_19": {
      "ndcg": 0.12527884542942047,
      "jsd": 0.19197005033493042
    },
    "epoch_20": {
      "ndcg": 0.12514735758304596,
      "jsd": 0.19077712297439575
    },
    "epoch_21": {
      "ndcg": 0.12691354751586914,
      "jsd": 0.18760597705841064
    },
    "epoch_22": {
      "ndcg": 0.12692052125930786,
      "jsd": 0.18547667562961578
    },
    "epoch_23": {
      "ndcg": 0.12812604010105133,
      "jsd": 0.18957416713237762
    },
    "epoch_24": {
      "ndcg": 0.1275370717048645,
      "jsd": 0.18776023387908936
    },
    "epoch_25": {
      "ndcg": 0.12846937775611877,
      "jsd": 0.18523404002189636
    },
    "epoch_26": {
      "ndcg": 0.12917180359363556,
      "jsd": 0.1868114024400711
    },
    "epoch_27": {
      "ndcg": 0.12861771881580353,
      "jsd": 0.18327145278453827
    },
    "epoch_28": {
      "ndcg": 0.12947292625904083,
      "jsd": 0.18284042179584503
    },
    "epoch_29": {
      "ndcg": 0.12906406819820404,
      "jsd": 0.1778745949268341
    },
    "epoch_31": {
      "ndcg": 0.12878629565238953,
      "jsd": 0.17667855322360992
    },
    "epoch_33": {
      "ndcg": 0.1295676976442337,
      "jsd": 0.17689572274684906
    },
    "epoch_34": {
      "ndcg": 0.12926971912384033,
      "jsd": 0.17461462318897247
    },
    "epoch_35": {
      "ndcg": 0.12999245524406433,
      "jsd": 0.17471693456172943
    },
    "epoch_37": {
      "ndcg": 0.1290285438299179,
      "jsd": 0.17248059809207916
    },
    "epoch_40": {
      "ndcg": 0.12931889295578003,
      "jsd": 0.17108343541622162
    },
    "epoch_41": {
      "ndcg": 0.1307649463415146,
      "jsd": 0.17060495913028717
    },
    "epoch_43": {
      "ndcg": 0.12988333404064178,
      "jsd": 0.16726329922676086
    },
    "epoch_45": {
      "ndcg": 0.13061872124671936,
      "jsd": 0.16955067217350006
    },
    "epoch_46": {
      "ndcg": 0.1304105967283249,
      "jsd": 0.16632762551307678
    },
    "epoch_48": {
      "ndcg": 0.12996578216552734,
      "jsd": 0.16556575894355774
    },
    "epoch_50": {
      "ndcg": 0.12948846817016602,
      "jsd": 0.16402950882911682
    },
    "epoch_56": {
      "ndcg": 0.12980300188064575,
      "jsd": 0.1633368581533432
    },
    "epoch_58": {
      "ndcg": 0.12917080521583557,
      "jsd": 0.16259458661079407
    },
    "epoch_60": {
      "ndcg": 0.12915892899036407,
      "jsd": 0.16184355318546295
    },
    "epoch_61": {
      "ndcg": 0.13026228547096252,
      "jsd": 0.16199146211147308
    },
    "epoch_62": {
      "ndcg": 0.12939442694187164,
      "jsd": 0.16089755296707153
    },
    "epoch_64": {
      "ndcg": 0.12916964292526245,
      "jsd": 0.15865932404994965
    },
    "epoch_70": {
      "ndcg": 0.12876790761947632,
      "jsd": 0.1586533933877945
    },
    "epoch_79": {
      "ndcg": 0.12854376435279846,
      "jsd": 0.15770234167575836
    },
    "epoch_80": {
      "ndcg": 0.12800826132297516,
      "jsd": 0.1567898541688919
    },
    "epoch_81": {
      "ndcg": 0.1292315125465393,
      "jsd": 0.158224955201149
    },
    "epoch_85": {
      "ndcg": 0.1281604766845703,
      "jsd": 0.15667060017585754
    },
    "epoch_87": {
      "ndcg": 0.1280282884836197,
      "jsd": 0.15578745305538177
    },
    "epoch_89": {
      "ndcg": 0.12779144942760468,
      "jsd": 0.15641556680202484
    },
    "epoch_94": {
      "ndcg": 0.12772592902183533,
      "jsd": 0.15486980974674225
    },
    "epoch_96": {
      "ndcg": 0.12703688442707062,
      "jsd": 0.15439552068710327
    },
    "epoch_101": {
      "ndcg": 0.12763875722885132,
      "jsd": 0.1533336043357849
    },
    "epoch_116": {
      "ndcg": 0.12592582404613495,
      "jsd": 0.15229254961013794
    },
    "epoch_132": {
      "ndcg": 0.1256321519613266,
      "jsd": 0.1518704891204834
    },
    "epoch_135": {
      "ndcg": 0.12508797645568848,
      "jsd": 0.15038003027439117
    },
    "epoch_141": {
      "ndcg": 0.12570162117481232,
      "jsd": 0.15045017004013062
    },
    "epoch_164": {
      "ndcg": 0.12414602935314178,
      "jsd": 0.14976900815963745
    },
    "epoch_170": {
      "ndcg": 0.12402327358722687,
      "jsd": 0.14970581233501434
    },
    "epoch_179": {
      "ndcg": 0.12428987771272659,
      "jsd": 0.14892947673797607
    },
    "epoch_195": {
      "ndcg": 0.1234048455953598,
      "jsd": 0.14878708124160767
    },
    "epoch_204": {
      "ndcg": 0.12310740351676941,
      "jsd": 0.1487850546836853
    },
    "epoch_217": {
      "ndcg": 0.1236831545829773,
      "jsd": 0.1487094759941101
    },
    "epoch_222": {
      "ndcg": 0.12314191460609436,
      "jsd": 0.14694610238075256
    }
  }
}