{
  "base_recommendations": {
    "ndcg": 0.05619301646947861,
    "jsd": 0.23943403363227844
  },
  "postprocessed": {
    "0.1": {
      "ndcg": 0.0482444129884243,
      "jsd": 0.06486156582832336
    },
    "0.2": {
      "ndcg": 0.04791250452399254,
      "jsd": 0.05947450175881386
    },
    "0.3": {
      "ndcg": 0.047766443341970444,
      "jsd": 0.057862721383571625
    },
    "0.4": {
      "ndcg": 0.04765747860074043,
      "jsd": 0.05723676085472107
    },
    "0.5": {
      "ndcg": 0.04757937043905258,
      "jsd": 0.05694425851106644
    },
    "0.6": {
      "ndcg": 0.04753410443663597,
      "jsd": 0.05680166184902191
    },
    "0.7": {
      "ndcg": 0.047482702881097794,
      "jsd": 0.05673615634441376
    },
    "0.8": {
      "ndcg": 0.04745299369096756,
      "jsd": 0.05670035630464554
    },
    "0.9": {
      "ndcg": 0.04742863401770592,
      "jsd": 0.05668794736266136
    }
  },
  "finetuned": {
    "epoch_1": {
      "ndcg": 0.0039167641662061214,
      "jsd": 0.25253650546073914
    },
    "epoch_3": {
      "ndcg": 0.004500383976846933,
      "jsd": 0.2519887387752533
    },
    "epoch_4": {
      "ndcg": 0.004786497447639704,
      "jsd": 0.2508768141269684
    },
    "epoch_5": {
      "ndcg": 0.00497098034247756,
      "jsd": 0.2532733380794525
    },
    "epoch_7": {
      "ndcg": 0.0026688294019550085,
      "jsd": 0.2500275671482086
    },
    "epoch_12": {
      "ndcg": 0.0031425533816218376,
      "jsd": 0.2495170533657074
    },
    "epoch_21": {
      "ndcg": 0.003139766165986657,
      "jsd": 0.24718497693538666
    },
    "epoch_25": {
      "ndcg": 0.003242440288886428,
      "jsd": 0.2436273992061615
    },
    "epoch_26": {
      "ndcg": 0.005920947063714266,
      "jsd": 0.25363224744796753
    },
    "epoch_32": {
      "ndcg": 0.007056490983814001,
      "jsd": 0.2555748224258423
    },
    "epoch_33": {
      "ndcg": 0.006923906970769167,
      "jsd": 0.253913938999176
    },
    "epoch_34": {
      "ndcg": 0.007914257235825062,
      "jsd": 0.25826120376586914
    },
    "epoch_36": {
      "ndcg": 0.008044240064918995,
      "jsd": 0.257852703332901
    },
    "epoch_38": {
      "ndcg": 0.008844221010804176,
      "jsd": 0.2658737301826477
    },
    "epoch_39": {
      "ndcg": 0.00884205661714077,
      "jsd": 0.2659607231616974
    },
    "epoch_40": {
      "ndcg": 0.010707912035286427,
      "jsd": 0.27302661538124084
    },
    "epoch_41": {
      "ndcg": 0.010737210512161255,
      "jsd": 0.2648957669734955
    },
    "epoch_42": {
      "ndcg": 0.01094791665673256,
      "jsd": 0.2750961184501648
    },
    "epoch_43": {
      "ndcg": 0.0127077866345644,
      "jsd": 0.28100574016571045
    },
    "epoch_44": {
      "ndcg": 0.013620827347040176,
      "jsd": 0.2836911082267761
    },
    "epoch_45": {
      "ndcg": 0.013870744965970516,
      "jsd": 0.2853996753692627
    },
    "epoch_47": {
      "ndcg": 0.013555373065173626,
      "jsd": 0.26863473653793335
    },
    "epoch_48": {
      "ndcg": 0.014051009900867939,
      "jsd": 0.27928364276885986
    },
    "epoch_49": {
      "ndcg": 0.014485537074506283,
      "jsd": 0.2787672281265259
    },
    "epoch_50": {
      "ndcg": 0.01450306735932827,
      "jsd": 0.2748100161552429
    },
    "epoch_52": {
      "ndcg": 0.014436138793826103,
      "jsd": 0.2794589102268219
    },
    "epoch_53": {
      "ndcg": 0.014790317974984646,
      "jsd": 0.2800636887550354
    },
    "epoch_54": {
      "ndcg": 0.01415244210511446,
      "jsd": 0.2686723470687866
    },
    "epoch_56": {
      "ndcg": 0.015046858228743076,
      "jsd": 0.27901217341423035
    },
    "epoch_57": {
      "ndcg": 0.015322322025895119,
      "jsd": 0.2819083631038666
    },
    "epoch_58": {
      "ndcg": 0.015293960459530354,
      "jsd": 0.272504061460495
    },
    "epoch_59": {
      "ndcg": 0.015239625237882137,
      "jsd": 0.27296027541160583
    },
    "epoch_60": {
      "ndcg": 0.015742672607302666,
      "jsd": 0.27900126576423645
    },
    "epoch_61": {
      "ndcg": 0.015961991623044014,
      "jsd": 0.2747240662574768
    },
    "epoch_62": {
      "ndcg": 0.016055887565016747,
      "jsd": 0.2814665734767914
    },
    "epoch_63": {
      "ndcg": 0.01705970987677574,
      "jsd": 0.277612566947937
    },
    "epoch_64": {
      "ndcg": 0.017434466630220413,
      "jsd": 0.2775649130344391
    },
    "epoch_65": {
      "ndcg": 0.018211742863059044,
      "jsd": 0.28638407588005066
    },
    "epoch_66": {
      "ndcg": 0.01896522007882595,
      "jsd": 0.2812345027923584
    },
    "epoch_67": {
      "ndcg": 0.018976863473653793,
      "jsd": 0.27972057461738586
    },
    "epoch_68": {
      "ndcg": 0.018990198150277138,
      "jsd": 0.27549535036087036
    },
    "epoch_69": {
      "ndcg": 0.01953471079468727,
      "jsd": 0.27814626693725586
    },
    "epoch_70": {
      "ndcg": 0.01994124986231327,
      "jsd": 0.2811275124549866
    },
    "epoch_71": {
      "ndcg": 0.020258018746972084,
      "jsd": 0.27771174907684326
    },
    "epoch_72": {
      "ndcg": 0.02051864191889763,
      "jsd": 0.28371521830558777
    },
    "epoch_74": {
      "ndcg": 0.020615344867110252,
      "jsd": 0.28216639161109924
    },
    "epoch_75": {
      "ndcg": 0.020809829235076904,
      "jsd": 0.2800159156322479
    },
    "epoch_77": {
      "ndcg": 0.02118830569088459,
      "jsd": 0.28011345863342285
    },
    "epoch_81": {
      "ndcg": 0.02123466320335865,
      "jsd": 0.2784835398197174
    },
    "epoch_82": {
      "ndcg": 0.021467868238687515,
      "jsd": 0.2779224216938019
    },
    "epoch_85": {
      "ndcg": 0.02182414010167122,
      "jsd": 0.28162193298339844
    },
    "epoch_87": {
      "ndcg": 0.021838288754224777,
      "jsd": 0.27987349033355713
    },
    "epoch_88": {
      "ndcg": 0.021999705582857132,
      "jsd": 0.28347060084342957
    },
    "epoch_90": {
      "ndcg": 0.02253616787493229,
      "jsd": 0.28661438822746277
    },
    "epoch_92": {
      "ndcg": 0.022559726610779762,
      "jsd": 0.2829274833202362
    },
    "epoch_94": {
      "ndcg": 0.022672373801469803,
      "jsd": 0.28479570150375366
    },
    "epoch_95": {
      "ndcg": 0.022566577419638634,
      "jsd": 0.2792072892189026
    },
    "epoch_96": {
      "ndcg": 0.023172758519649506,
      "jsd": 0.2819923162460327
    },
    "epoch_97": {
      "ndcg": 0.022892309352755547,
      "jsd": 0.2805539071559906
    },
    "epoch_99": {
      "ndcg": 0.023220974951982498,
      "jsd": 0.27971404790878296
    },
    "epoch_100": {
      "ndcg": 0.023643167689442635,
      "jsd": 0.280999094247818
    },
    "epoch_101": {
      "ndcg": 0.02360975556075573,
      "jsd": 0.28349193930625916
    },
    "epoch_102": {
      "ndcg": 0.024017157033085823,
      "jsd": 0.2808018624782562
    },
    "epoch_104": {
      "ndcg": 0.023834213614463806,
      "jsd": 0.28284719586372375
    },
    "epoch_105": {
      "ndcg": 0.023299358785152435,
      "jsd": 0.2758491337299347
    },
    "epoch_106": {
      "ndcg": 0.023753883317112923,
      "jsd": 0.27783888578414917
    },
    "epoch_109": {
      "ndcg": 0.02404545061290264,
      "jsd": 0.2776830196380615
    },
    "epoch_110": {
      "ndcg": 0.02433229237794876,
      "jsd": 0.28012096881866455
    },
    "epoch_112": {
      "ndcg": 0.024247609078884125,
      "jsd": 0.2826492190361023
    },
    "epoch_114": {
      "ndcg": 0.024221688508987427,
      "jsd": 0.27715620398521423
    },
    "epoch_115": {
      "ndcg": 0.0244586281478405,
      "jsd": 0.2817663848400116
    },
    "epoch_116": {
      "ndcg": 0.024892175570130348,
      "jsd": 0.2831583321094513
    },
    "epoch_121": {
      "ndcg": 0.02503315731883049,
      "jsd": 0.2818423807621002
    },
    "epoch_123": {
      "ndcg": 0.02480749599635601,
      "jsd": 0.2816484868526459
    },
    "epoch_124": {
      "ndcg": 0.024679258465766907,
      "jsd": 0.2781170606613159
    },
    "epoch_129": {
      "ndcg": 0.025080464780330658,