{"base_recommendations": {"ndcg": 0.05619301646947861, "jsd": 0.23943403363227844}, "postprocessed": {}, "finetuned": {"epoch_1": {"ndcg": 0.05068409815430641, "jsd": 0.2056300938129425}, "epoch_2": {"ndcg": 0.044019751250743866, "jsd": 0.19603942334651947}}}