{"base_recommendations": {"ndcg": 0.05619301646947861, "jsd": 0.23943403363227844}, "postprocessed": {}, "finetuned": {"epoch_1": {"ndcg": 0.05227188393473625, "jsd": 0.2123059183359146}, "epoch_2": {"ndcg": 0.04692331701517105, "jsd": 0.20191575586795807}, "epoch_3": {"ndcg": 0.04214078187942505, "jsd": 0.20028413832187653}}}