{"base_recommendations": {"ndcg": 0.05619301646947861, "jsd": 0.23943403363227844}, "postprocessed": {}, "finetuned": {"epoch_1": {"ndcg": 0.053976163268089294, "jsd": 0.2215397208929062}, "epoch_2": {"ndcg": 0.05082986503839493, "jsd": 0.213918536901474}, "epoch_3": {"ndcg": 0.04771186411380768, "jsd": 0.21299950778484344}}}