{"base_recommendations": {"ndcg": 0.05619301646947861, "jsd": 0.23943403363227844}, "postprocessed": {}, "finetuned": {"epoch_1": {"ndcg": 0.03561006858944893, "jsd": 0.17130827903747559}, "epoch_2": {"ndcg": 0.06807328760623932, "jsd": 0.25632646679878235}, "epoch_13": {"ndcg": 0.06921835243701935, "jsd": 0.34113964438438416}, "epoch_18": {"ndcg": 0.0732031911611557, "jsd": 0.34707191586494446}, "epoch_19": {"ndcg": 0.07426075637340546, "jsd": 0.339556485414505}, "epoch_23": {"ndcg": 0.07433485239744186, "jsd": 0.3227717876434326}, "epoch_25": {"ndcg": 0.07480785995721817, "jsd": 0.2946258783340454}, "epoch_62": {"ndcg": 0.05866328254342079, "jsd": 0.2215002328157425}, "epoch_69": {"ndcg": 0.06479348242282867, "jsd": 0.24396000802516937}, "epoch_70": {"ndcg": 0.07117077708244324, "jsd": 0.25491559505462646}, "epoch_78": {"ndcg": 0.07609475404024124, "jsd": 0.29344573616981506}, "epoch_79": {"ndcg": 0.0696585401892662, "jsd": 0.23430709540843964}, "epoch_80": {"ndcg": 0.07699752599000931, "jsd": 0.23508670926094055}, "epoch_81": {"ndcg": 0.08113361150026321, "jsd": 0.29425376653671265}, "epoch_82": {"ndcg": 0.08042220026254654, "jsd": 0.25994497537612915}, "epoch_83": {"ndcg": 0.08165062963962555, "jsd": 0.2792225480079651}, "epoch_84": {"ndcg": 0.0812479555606842, "jsd": 0.2523387372493744}, "epoch_85": {"ndcg": 0.0819011777639389, "jsd": 0.27139589190483093}, "epoch_86": {"ndcg": 0.08287512511014938, "jsd": 0.28189024329185486}, "epoch_89": {"ndcg": 0.08299040794372559, "jsd": 0.27835777401924133}, "epoch_91": {"ndcg": 0.07828425616025925, "jsd": 0.22474777698516846}}}