{"base_recommendations": {"ndcg": 0.05619301646947861, "jsd": 0.23943403363227844}, "postprocessed": {}, "finetuned": {"epoch_22": {"ndcg": 0.12765514850616455, "jsd": 0.24155846238136292}, "epoch_23": {"ndcg": 0.12928640842437744, "jsd": 0.24000711739063263}, "epoch_24": {"ndcg": 0.13088580965995789, "jsd": 0.23834118247032166}, "epoch_25": {"ndcg": 0.1322048455476761, "jsd": 0.23369257152080536}, "epoch_26": {"ndcg": 0.13406985998153687, "jsd": 0.2297953963279724}, "epoch_27": {"ndcg": 0.1350834220647812, "jsd": 0.2273070216178894}, "epoch_28": {"ndcg": 0.136391282081604, "jsd": 0.22295662760734558}, "epoch_29": {"ndcg": 0.13750919699668884, "jsd": 0.22555895149707794}, "epoch_30": {"ndcg": 0.13883160054683685, "jsd": 0.22499045729637146}, "epoch_31": {"ndcg": 0.13869783282279968, "jsd": 0.2173590362071991}, "epoch_32": {"ndcg": 0.14022664725780487, "jsd": 0.2180100530385971}, "epoch_33": {"ndcg": 0.14108994603157043, "jsd": 0.21564464271068573}, "epoch_35": {"ndcg": 0.1424461454153061, "jsd": 0.2120095044374466}, "epoch_36": {"ndcg": 0.14269334077835083, "jsd": 0.20785123109817505}, "epoch_37": {"ndcg": 0.1434761881828308, "jsd": 0.20782294869422913}, "epoch_38": {"ndcg": 0.1442815363407135, "jsd": 0.2054627388715744}, "epoch_39": {"ndcg": 0.1446850448846817, "jsd": 0.20124806463718414}, "epoch_40": {"ndcg": 0.14575718343257904, "jsd": 0.2067202627658844}, "epoch_41": {"ndcg": 0.14646302163600922, "jsd": 0.19663983583450317}, "epoch_42": {"ndcg": 0.14669501781463623, "jsd": 0.19687345623970032}, "epoch_43": {"ndcg": 0.14748358726501465, "jsd": 0.19508901238441467}, "epoch_45": {"ndcg": 0.14835651218891144, "jsd": 0.1940639317035675}, "epoch_46": {"ndcg": 0.14885592460632324, "jsd": 0.1898578703403473}, "epoch_47": {"ndcg": 0.14912764728069305, "jsd": 0.18960966169834137}, "epoch_48": {"ndcg": 0.1495169848203659, "jsd": 0.1879395991563797}, "epoch_49": {"ndcg": 0.14943447709083557, "jsd": 0.1872110664844513}, "epoch_50": {"ndcg": 0.14978429675102234, "jsd": 0.1845448911190033}, "epoch_51": {"ndcg": 0.15014907717704773, "jsd": 0.18385322391986847}, "epoch_52": {"ndcg": 0.15053397417068481, "jsd": 0.18214426934719086}, "epoch_53": {"ndcg": 0.15054792165756226, "jsd": 0.18240679800510406}, "epoch_54": {"ndcg": 0.1507313847541809, "jsd": 0.17638501524925232}, "epoch_55": {"ndcg": 0.15106672048568726, "jsd": 0.1776140332221985}, "epoch_56": {"ndcg": 0.15157561004161835, "jsd": 0.1764906793832779}, "epoch_57": {"ndcg": 0.15156421065330505, "jsd": 0.1731734275817871}, "epoch_58": {"ndcg": 0.15092156827449799, "jsd": 0.17343665659427643}, "epoch_59": {"ndcg": 0.15139180421829224, "jsd": 0.17172923684120178}, "epoch_61": {"ndcg": 0.15257054567337036, "jsd": 0.16960863769054413}, "epoch_63": {"ndcg": 0.1520366668701172, "jsd": 0.1663869470357895}, "epoch_64": {"ndcg": 0.15251681208610535, "jsd": 0.16427066922187805}, "epoch_65": {"ndcg": 0.1527736783027649, "jsd": 0.16702046990394592}, "epoch_66": {"ndcg": 0.15311388671398163, "jsd": 0.16704000532627106}, "epoch_67": {"ndcg": 0.15247435867786407, "jsd": 0.1624671071767807}, "epoch_68": {"ndcg": 0.15253150463104248, "jsd": 0.1604122519493103}, "epoch_69": {"ndcg": 0.15247544646263123, "jsd": 0.1601605862379074}, "epoch_70": {"ndcg": 0.15242695808410645, "jsd": 0.1564607322216034}, "epoch_72": {"ndcg": 0.15255042910575867, "jsd": 0.15542665123939514}, "epoch_73": {"ndcg": 0.15264445543289185, "jsd": 0.15328443050384521}, "epoch_78": {"ndcg": 0.15232710540294647, "jsd": 0.15327779948711395}, "epoch_79": {"ndcg": 0.15263131260871887, "jsd": 0.15204817056655884}, "epoch_82": {"ndcg": 0.1527690291404724, "jsd": 0.15335197746753693}, "epoch_83": {"ndcg": 0.15237927436828613, "jsd": 0.15084052085876465}, "epoch_84": {"ndcg": 0.1520884931087494, "jsd": 0.1438864916563034}, "epoch_88": {"ndcg": 0.15245364606380463, "jsd": 0.14368638396263123}, "epoch_92": {"ndcg": 0.1514562964439392, "jsd": 0.1406056433916092}, "epoch_95": {"ndcg": 0.15061452984809875, "jsd": 0.13948360085487366}, "epoch_97": {"ndcg": 0.15111342072486877, "jsd": 0.13870523869991302}, "epoch_101": {"ndcg": 0.15138398110866547, "jsd": 0.13852037489414215}, "epoch_102": {"ndcg": 0.1509866714477539, "jsd": 0.13754400610923767}, "epoch_103": {"ndcg": 0.15077485144138336, "jsd": 0.13735468685626984}, "epoch_104": {"ndcg": 0.15046294033527374, "jsd": 0.13687248528003693}, "epoch_108": {"ndcg": 0.15074560046195984, "jsd": 0.13683870434761047}, "epoch_113": {"ndcg": 0.1499297022819519, "jsd": 0.1355639100074768}, "epoch_114": {"ndcg": 0.1493253856897354, "jsd": 0.13476143777370453}, "epoch_115": {"ndcg": 0.1489003747701645, "jsd": 0.1326078623533249}, "epoch_120": {"ndcg": 0.14840872585773468, "jsd": 0.13038764894008636}, "epoch_133": {"ndcg": 0.1475369930267334, "jsd": 0.12778182327747345}, "epoch_156": {"ndcg": 0.14550738036632538, "jsd": 0.1272483915090561}, "epoch_170": {"ndcg": 0.1443827748298645, "jsd": 0.12618108093738556}}}