{"base_recommendations": {"ndcg": 0.05619301646947861, "jsd": 0.23943403363227844}, "postprocessed": {}, "finetuned": {"epoch_1": {"ndcg": 0.04777531698346138, "jsd": 0.19123034179210663}, "epoch_2": {"ndcg": 0.04159700497984886, "jsd": 0.16996817290782928}, "epoch_3": {"ndcg": 0.03948795050382614, "jsd": 0.15946556627750397}, "epoch_4": {"ndcg": 0.04091433063149452, "jsd": 0.1586315631866455}, "epoch_5": {"ndcg": 0.0450785793364048, "jsd": 0.16463057696819305}, "epoch_6": {"ndcg": 0.050190750509500504, "jsd": 0.17416255176067352}, "epoch_7": {"ndcg": 0.05594443529844284, "jsd": 0.1855192482471466}, "epoch_8": {"ndcg": 0.061057958751916885, "jsd": 0.19224809110164642}, "epoch_9": {"ndcg": 0.06550449877977371, "jsd": 0.19900068640708923}, "epoch_10": {"ndcg": 0.06918413192033768, "jsd": 0.20517964661121368}, "epoch_11": {"ndcg": 0.0724387988448143, "jsd": 0.20896178483963013}, "epoch_12": {"ndcg": 0.07547212392091751, "jsd": 0.21175818145275116}, "epoch_13": {"ndcg": 0.07764630019664764, "jsd": 0.21394596993923187}, "epoch_14": {"ndcg": 0.08013644814491272, "jsd": 0.2151145339012146}, "epoch_15": {"ndcg": 0.08158647269010544, "jsd": 0.21424055099487305}, "epoch_16": {"ndcg": 0.08361019939184189, "jsd": 0.2144073247909546}, "epoch_17": {"ndcg": 0.08539869636297226, "jsd": 0.21250618994235992}, "epoch_18": {"ndcg": 0.08713030815124512, "jsd": 0.21431377530097961}, "epoch_19": {"ndcg": 0.08838333189487457, "jsd": 0.21400456130504608}, "epoch_20": {"ndcg": 0.09015604853630066, "jsd": 0.21382758021354675}, "epoch_21": {"ndcg": 0.09125100821256638, "jsd": 0.21389000117778778}, "epoch_22": {"ndcg": 0.09260648488998413, "jsd": 0.2123970091342926}, "epoch_23": {"ndcg": 0.09374741464853287, "jsd": 0.2110927253961563}, "epoch_24": {"ndcg": 0.09507327526807785, "jsd": 0.21443824470043182}, "epoch_25": {"ndcg": 0.09584207087755203, "jsd": 0.2113722711801529}, "epoch_26": {"ndcg": 0.09682898968458176, "jsd": 0.2122400552034378}, "epoch_27": {"ndcg": 0.09772556275129318, "jsd": 0.21052618324756622}, "epoch_28": {"ndcg": 0.09854797273874283, "jsd": 0.209859699010849}, "epoch_29": {"ndcg": 0.09956216812133789, "jsd": 0.21019405126571655}, "epoch_30": {"ndcg": 0.10008571296930313, "jsd": 0.2092507779598236}, "epoch_31": {"ndcg": 0.10094113647937775, "jsd": 0.2083749622106552}, "epoch_32": {"ndcg": 0.10178900510072708, "jsd": 0.20789438486099243}, "epoch_33": {"ndcg": 0.10245943814516068, "jsd": 0.2065304070711136}, "epoch_34": {"ndcg": 0.10313577204942703, "jsd": 0.20501427352428436}, "epoch_35": {"ndcg": 0.10384833067655563, "jsd": 0.20484314858913422}, "epoch_36": {"ndcg": 0.10441640764474869, "jsd": 0.20578357577323914}, "epoch_37": {"ndcg": 0.10486885905265808, "jsd": 0.20433562994003296}, "epoch_38": {"ndcg": 0.1055244654417038, "jsd": 0.20269322395324707}, "epoch_39": {"ndcg": 0.1060335636138916, "jsd": 0.20297320187091827}, "epoch_40": {"ndcg": 0.10670862346887589, "jsd": 0.20402118563652039}, "epoch_41": {"ndcg": 0.10709032416343689, "jsd": 0.20012995600700378}, "epoch_42": {"ndcg": 0.1076369360089302, "jsd": 0.2008039802312851}, "epoch_43": {"ndcg": 0.10823830962181091, "jsd": 0.20143085718154907}, "epoch_44": {"ndcg": 0.10891669988632202, "jsd": 0.1992909163236618}, "epoch_45": {"ndcg": 0.10932199656963348, "jsd": 0.20053540170192719}, "epoch_46": {"ndcg": 0.10968545824289322, "jsd": 0.19939368963241577}, "epoch_47": {"ndcg": 0.11001522839069366, "jsd": 0.19857646524906158}, "epoch_48": {"ndcg": 0.11039315909147263, "jsd": 0.1978885531425476}, "epoch_49": {"ndcg": 0.11077563464641571, "jsd": 0.1983025223016739}, "epoch_50": {"ndcg": 0.111240915954113, "jsd": 0.19659626483917236}, "epoch_51": {"ndcg": 0.11170811951160431, "jsd": 0.19834278523921967}, "epoch_52": {"ndcg": 0.11207447946071625, "jsd": 0.19678103923797607}, "epoch_53": {"ndcg": 0.11227916926145554, "jsd": 0.1967628300189972}, "epoch_54": {"ndcg": 0.11284320056438446, "jsd": 0.19628217816352844}, "epoch_55": {"ndcg": 0.11324072629213333, "jsd": 0.19465909898281097}, "epoch_56": {"ndcg": 0.11367188394069672, "jsd": 0.1949889063835144}, "epoch_57": {"ndcg": 0.11404368281364441, "jsd": 0.19448624551296234}, "epoch_58": {"ndcg": 0.11416207998991013, "jsd": 0.19339141249656677}, "epoch_59": {"ndcg": 0.1146148145198822, "jsd": 0.19289076328277588}, "epoch_60": {"ndcg": 0.11485633999109268, "jsd": 0.19280430674552917}, "epoch_61": {"ndcg": 0.11516184359788895, "jsd": 0.1933390200138092}, "epoch_62": {"ndcg": 0.11550293117761612, "jsd": 0.19138135015964508}, "epoch_63": {"ndcg": 0.11570363491773605, "jsd": 0.19125783443450928}, "epoch_64": {"ndcg": 0.1160297840833664, "jsd": 0.1913989931344986}, "epoch_65": {"ndcg": 0.11615505069494247, "jsd": 0.19172705709934235}, "epoch_66": {"ndcg": 0.11643286049365997, "jsd": 0.19151712954044342}, "epoch_67": {"ndcg": 0.11692269146442413, "jsd": 0.19064076244831085}, "epoch_68": {"ndcg": 0.11693752557039261, "jsd": 0.19020549952983856}, "epoch_69": {"ndcg": 0.11725229769945145, "jsd": 0.19016052782535553}, "epoch_70": {"ndcg": 0.11768295615911484, "jsd": 0.1890876144170761}, "epoch_71": {"ndcg": 0.1180054172873497, "jsd": 0.18992795050144196}, "epoch_72": {"ndcg": 0.11796107888221741, "jsd": 0.18816816806793213}, "epoch_73": {"ndcg": 0.11835293471813202, "jsd": 0.18841876089572906}, "epoch_74": {"ndcg": 0.11854103952646255, "jsd": 0.18838220834732056}, "epoch_75": {"ndcg": 0.11873385310173035, "jsd": 0.18794435262680054}, "epoch_76": {"ndcg": 0.11892782896757126, "jsd": 0.1876964420080185}, "epoch_77": {"ndcg": 0.11922627687454224, "jsd": 0.18733085691928864}, "epoch_78": {"ndcg": 0.11921262741088867, "jsd": 0.18737325072288513}, "epoch_79": {"ndcg": 0.1194298043847084, "jsd": 0.18650738894939423}, "epoch_80": {"ndcg": 0.11979418247938156, "jsd": 0.18679167330265045}, "epoch_81": {"ndcg": 0.11992442607879639, "jsd": 0.1864839345216751}, "epoch_82": {"ndcg": 0.1201770231127739, "jsd": 0.18563905358314514}, "epoch_83": {"ndcg": 0.12039702385663986, "jsd": 0.18628902733325958}, "epoch_84": {"ndcg": 0.120243139564991, "jsd": 0.185818612575531}, "epoch_85": {"ndcg": 0.12066525220870972, "jsd": 0.18623685836791992}, "epoch_86": {"ndcg": 0.12084531784057617, "jsd": 0.18600884079933167}, "epoch_87": {"ndcg": 0.12087968736886978, "jsd": 0.18416579067707062}, "epoch_88": {"ndcg": 0.12109865248203278, "jsd": 0.18437430262565613}, "epoch_90": {"ndcg": 0.121335469186306, "jsd": 0.1850021928548813}, "epoch_91": {"ndcg": 0.12144429981708527, "jsd": 0.18469685316085815}, "epoch_92": {"ndcg": 0.12160593271255493, "jsd": 0.18392695486545563}, "epoch_93": {"ndcg": 0.12165841460227966, "jsd": 0.18353202939033508}, "epoch_94": {"ndcg": 0.12187381833791733, "jsd": 0.18421132862567902}, "epoch_95": {"ndcg": 0.12202346324920654, "jsd": 0.18285198509693146}, "epoch_96": {"ndcg": 0.12195311486721039, "jsd": 0.18260633945465088}, "epoch_97": {"ndcg": 0.12220440059900284, "jsd": 0.18251846730709076}, "epoch_98": {"ndcg": 0.1223018616437912, "jsd": 0.1829100102186203}, "epoch_99": {"ndcg": 0.12270746380090714, "jsd": 0.1832113415002823}, "epoch_100": {"ndcg": 0.12253396213054657, "jsd": 0.18241576850414276}, "epoch_101": {"ndcg": 0.12289304286241531, "jsd": 0.18174727261066437}, "epoch_103": {"ndcg": 0.12289624661207199, "jsd": 0.18114641308784485}, "epoch_104": {"ndcg": 0.1228705495595932, "jsd": 0.18205183744430542}, "epoch_106": {"ndcg": 0.12322913855314255, "jsd": 0.18152134120464325}, "epoch_107": {"ndcg": 0.12319915741682053, "jsd": 0.18097138404846191}, "epoch_108": {"ndcg": 0.12335564941167831, "jsd": 0.18098632991313934}, "epoch_109": {"ndcg": 0.12351706624031067, "jsd": 0.18070004880428314}, "epoch_110": {"ndcg": 0.12355662137269974, "jsd": 0.1812077760696411}, "epoch_112": {"ndcg": 0.12361854314804077, "jsd": 0.1802053153514862}, "epoch_113": {"ndcg": 0.12372296303510666, "jsd": 0.18002568185329437}, "epoch_114": {"ndcg": 0.12374251335859299, "jsd": 0.17988090217113495}, "epoch_115": {"ndcg": 0.12395091354846954, "jsd": 0.17967164516448975}, "epoch_116": {"ndcg": 0.1238514855504036,