{"base_recommendations": {"ndcg": 0.05619301646947861, "jsd": 0.23943403363227844}, "postprocessed": {}, "finetuned": {"epoch_1": {"ndcg": 0.043083928525447845, "jsd": 0.18113969266414642}, "epoch_2": {"ndcg": 0.07615792751312256, "jsd": 0.24084614217281342}, "epoch_3": {"ndcg": 0.08637896925210953, "jsd": 0.24546045064926147}, "epoch_4": {"ndcg": 0.0897219255566597, "jsd": 0.2500438690185547}, "epoch_5": {"ndcg": 0.0897795781493187, "jsd": 0.2633339464664459}, "epoch_8": {"ndcg": 0.09512856602668762, "jsd": 0.24962443113327026}, "epoch_9": {"ndcg": 0.09885156899690628, "jsd": 0.27763551473617554}, "epoch_10": {"ndcg": 0.10534236580133438, "jsd": 0.2632215917110443}, "epoch_11": {"ndcg": 0.10925456136465073, "jsd": 0.25137296319007874}, "epoch_12": {"ndcg": 0.10879179835319519, "jsd": 0.2602088153362274}, "epoch_13": {"ndcg": 0.1136329248547554, "jsd": 0.25931423902511597}, "epoch_14": {"ndcg": 0.11560732126235962, "jsd": 0.2495020031929016}, "epoch_15": {"ndcg": 0.12076903134584427, "jsd": 0.2502920627593994}, "epoch_16": {"ndcg": 0.12051302194595337, "jsd": 0.2503487467765808}, "epoch_17": {"ndcg": 0.12500061094760895, "jsd": 0.2391739785671234}, "epoch_18": {"ndcg": 0.12712715566158295, "jsd": 0.23351357877254486}, "epoch_19": {"ndcg": 0.12685611844062805, "jsd": 0.2322055995464325}, "epoch_20": {"ndcg": 0.12980543076992035, "jsd": 0.23689167201519012}, "epoch_21": {"ndcg": 0.1350249946117401, "jsd": 0.23676444590091705}, "epoch_22": {"ndcg": 0.13622258603572845, "jsd": 0.23176735639572144}, "epoch_23": {"ndcg": 0.13121888041496277, "jsd": 0.21968302130699158}, "epoch_25": {"ndcg": 0.13759510219097137, "jsd": 0.22772347927093506}, "epoch_26": {"ndcg": 0.13963012397289276, "jsd": 0.22690068185329437}, "epoch_27": {"ndcg": 0.13637764751911163, "jsd": 0.20730505883693695}, "epoch_30": {"ndcg": 0.14001841843128204, "jsd": 0.220725879073143}, "epoch_31": {"ndcg": 0.13955450057983398, "jsd": 0.21282948553562164}, "epoch_33": {"ndcg": 0.13959141075611115, "jsd": 0.2086409479379654}, "epoch_38": {"ndcg": 0.13991913199424744, "jsd": 0.20836937427520752}, "epoch_39": {"ndcg": 0.13940304517745972, "jsd": 0.20537737011909485}, "epoch_41": {"ndcg": 0.14077763259410858, "jsd": 0.21195314824581146}, "epoch_42": {"ndcg": 0.14103180170059204, "jsd": 0.20456895232200623}, "epoch_43": {"ndcg": 0.14264234900474548, "jsd": 0.20805619657039642}, "epoch_45": {"ndcg": 0.14072512090206146, "jsd": 0.20476621389389038}, "epoch_46": {"ndcg": 0.1410607546567917, "jsd": 0.19817079603672028}, "epoch_48": {"ndcg": 0.14174872636795044, "jsd": 0.19261415302753448}, "epoch_62": {"ndcg": 0.14013932645320892, "jsd": 0.19058753550052643}, "epoch_64": {"ndcg": 0.13985978066921234, "jsd": 0.18945720791816711}, "epoch_65": {"ndcg": 0.14039824903011322, "jsd": 0.18868166208267212}, "epoch_66": {"ndcg": 0.1393352597951889, "jsd": 0.18628928065299988}, "epoch_67": {"ndcg": 0.1403922289609909, "jsd": 0.18596713244915009}, "epoch_68": {"ndcg": 0.12333569675683975, "jsd": 0.16618937253952026}, "epoch_73": {"ndcg": 0.13926640152931213, "jsd": 0.18440113961696625}, "epoch_74": {"ndcg": 0.13764086365699768, "jsd": 0.18267151713371277}, "epoch_79": {"ndcg": 0.13661304116249084, "jsd": 0.17868615686893463}, "epoch_82": {"ndcg": 0.1378294974565506, "jsd": 0.17963816225528717}, "epoch_88": {"ndcg": 0.1378898024559021, "jsd": 0.1787993460893631}, "epoch_102": {"ndcg": 0.13758805394172668, "jsd": 0.17731623351573944}, "epoch_110": {"ndcg": 0.13529454171657562, "jsd": 0.17136834561824799}, "epoch_124": {"ndcg": 0.13511796295642853, "jsd": 0.1690751165151596}, "epoch_126": {"ndcg": 0.13439998030662537, "jsd": 0.16664889454841614}, "epoch_129": {"ndcg": 0.1348874568939209, "jsd": 0.16782742738723755}, "epoch_137": {"ndcg": 0.11183436214923859, "jsd": 0.15527178347110748}, "epoch_144": {"ndcg": 0.1317571997642517, "jsd": 0.162385493516922}, "epoch_151": {"ndcg": 0.13424140214920044, "jsd": 0.16392695903778076}}}