{
  "base_recommendations": {
    "ndcg": 0.05619301646947861,
    "jsd": 0.23943403363227844
  },
  "postprocessed": {
    "0.1": {
      "ndcg": 0.0482444129884243,
      "jsd": 0.06486156582832336
    },
    "0.2": {
      "ndcg": 0.04791250452399254,
      "jsd": 0.05947450175881386
    },
    "0.3": {
      "ndcg": 0.047766443341970444,
      "jsd": 0.057862721383571625
    },
    "0.4": {
      "ndcg": 0.04765747860074043,
      "jsd": 0.05723676085472107
    },
    "0.5": {
      "ndcg": 0.04757937043905258,
      "jsd": 0.05694425851106644
    },
    "0.6": {
      "ndcg": 0.04753410443663597,
      "jsd": 0.05680166184902191
    },
    "0.7": {
      "ndcg": 0.047482702881097794,
      "jsd": 0.05673615634441376
    },
    "0.8": {
      "ndcg": 0.04745299369096756,
      "jsd": 0.05670035630464554
    },
    "0.9": {
      "ndcg": 0.04742863401770592,
      "jsd": 0.05668794736266136
    }
  },
  "finetuned": {
    "epoch_1": {
      "ndcg": 0.03649982810020447,
      "jsd": 0.22263017296791077
    },
    "epoch_12": {
      "ndcg": 0.039823513478040695,
      "jsd": 0.2592349946498871
    },
    "epoch_13": {
      "ndcg": 0.04247564077377319,
      "jsd": 0.2613163888454437
    },
    "epoch_14": {
      "ndcg": 0.04412500187754631,
      "jsd": 0.26305049657821655
    },
    "epoch_15": {
      "ndcg": 0.04582853242754936,
      "jsd": 0.26294460892677307
    },
    "epoch_16": {
      "ndcg": 0.04808349534869194,
      "jsd": 0.2684141993522644
    },
    "epoch_17": {
      "ndcg": 0.04916499927639961,
      "jsd": 0.2687096893787384
    },
    "epoch_18": {
      "ndcg": 0.05056946724653244,
      "jsd": 0.27071091532707214
    },
    "epoch_19": {
      "ndcg": 0.052493855357170105,
      "jsd": 0.2718438506126404
    },
    "epoch_20": {
      "ndcg": 0.053693871945142746,
      "jsd": 0.27594074606895447
    },
    "epoch_21": {
      "ndcg": 0.05511238053441048,
      "jsd": 0.2710250914096832
    },
    "epoch_22": {
      "ndcg": 0.05610328167676926,
      "jsd": 0.2705164849758148
    },
    "epoch_23": {
      "ndcg": 0.056811846792697906,
      "jsd": 0.2724284529685974
    },
    "epoch_24": {
      "ndcg": 0.05809621140360832,
      "jsd": 0.2720170319080353
    },
    "epoch_25": {
      "ndcg": 0.0588386133313179,
      "jsd": 0.27190423011779785
    },
    "epoch_26": {
      "ndcg": 0.060268111526966095,
      "jsd": 0.2689834535121918
    },
    "epoch_27": {
      "ndcg": 0.06110173463821411,
      "jsd": 0.2720082104206085
    },
    "epoch_28": {
      "ndcg": 0.06178796663880348,
      "jsd": 0.2710181176662445
    },
    "epoch_29": {
      "ndcg": 0.06270052492618561,
      "jsd": 0.2715253233909607
    },
    "epoch_30": {
      "ndcg": 0.06356566399335861,
      "jsd": 0.27314624190330505
    },
    "epoch_31": {
      "ndcg": 0.06431545317173004,
      "jsd": 0.268216073513031
    },
    "epoch_32": {
      "ndcg": 0.0648539811372757,
      "jsd": 0.2722601890563965
    },
    "epoch_33": {
      "ndcg": 0.06537790596485138,
      "jsd": 0.26977860927581787
    },
    "epoch_34": {
      "ndcg": 0.06644017994403839,
      "jsd": 0.2734048366546631
    },
    "epoch_35": {
      "ndcg": 0.06722963601350784,
      "jsd": 0.26900792121887207
    },
    "epoch_36": {
      "ndcg": 0.06734830141067505,
      "jsd": 0.2666291892528534
    },
    "epoch_37": {
      "ndcg": 0.06798623502254486,
      "jsd": 0.269838809967041
    },
    "epoch_38": {
      "ndcg": 0.06845208257436752,
      "jsd": 0.2684411406517029
    },
    "epoch_39": {
      "ndcg": 0.06908416002988815,
      "jsd": 0.26838982105255127
    },
    "epoch_40": {
      "ndcg": 0.06969331949949265,
      "jsd": 0.2693876028060913
    },
    "epoch_41": {
      "ndcg": 0.07028194516897202,
      "jsd": 0.2660679221153259
    },
    "epoch_42": {
      "ndcg": 0.0709725022315979,
      "jsd": 0.266852468252182
    },
    "epoch_44": {
      "ndcg": 0.07131122797727585,
      "jsd": 0.26537418365478516
    },
    "epoch_45": {
      "ndcg": 0.0718814954161644,
      "jsd": 0.26654016971588135
    },
    "epoch_46": {
      "ndcg": 0.07219905406236649,
      "jsd": 0.26420557498931885
    },
    "epoch_47": {
      "ndcg": 0.07243845611810684,
      "jsd": 0.2669752836227417
    },
    "epoch_48": {
      "ndcg": 0.0727696418762207,
      "jsd": 0.2671148478984833
    },
    "epoch_50": {
      "ndcg": 0.07354985922574997,
      "jsd": 0.2621803283691406
    },
    "epoch_51": {
      "ndcg": 0.0738186314702034,
      "jsd": 0.2669198513031006
    },
    "epoch_53": {
      "ndcg": 0.07428427785634995,
      "jsd": 0.2640867531299591
    },
    "epoch_54": {
      "ndcg": 0.07431423664093018,
      "jsd": 0.2681276798248291
    },
    "epoch_55": {
      "ndcg": 0.07438434660434723,
      "jsd": 0.2650097906589508
    },
    "epoch_56": {
      "ndcg": 0.07516647130250931,
      "jsd": 0.2639160752296448
    },
    "epoch_57": {
      "ndcg": 0.07487714290618896,
      "jsd": 0.2612917423248291
    },
    "epoch_58": {
      "ndcg": 0.07554776221513748,
      "jsd": 0.2634667456150055
    },
    "epoch_59": {
      "ndcg": 0.07580838352441788,
      "jsd": 0.2662777900695801
    },
    "epoch_60": {
      "ndcg": 0.07549252361059189,
      "jsd": 0.2617020010948181
    },
    "epoch_61": {
      "ndcg": 0.07618729770183563,
      "jsd": 0.260913610458374
    },
    "epoch_62": {
      "ndcg": 0.07658330351114273,
      "jsd": 0.2642311751842499
    },
    "epoch_63": {
      "ndcg": 0.0766991525888443,
      "jsd": 0.2624630033969879
    },
    "epoch_64": {
      "ndcg": 0.07692348212003708,
      "jsd": 0.26198893785476685
    },
    "epoch_65": {
      "ndcg": 0.07674366235733032,
      "jsd": 0.26250505447387695
    },
    "epoch_66": {
      "ndcg": 0.07708579301834106,
      "jsd": 0.261322021484375
    },
    "epoch_67": {
      "ndcg": 0.07718822360038757,
      "jsd": 0.26074182987213135
    },
    "epoch_68": {
      "ndcg": 0.0773099958896637,
      "jsd": 0.26014289259910583
    },
    "epoch_69": {
      "ndcg": 0.07738541811704636,
      "jsd": 0.2638711929321289
    },
    "epoch_70": {
      "ndcg": 0.07752873003482819,
      "jsd": 0.2620807886123657
    },
    "epoch_71": {
      "ndcg": 0.07766805589199066,
      "jsd": 0.25986361503601074
    },
    "epoch_72": {
      "ndcg": 0.07774475961923599,
      "jsd": 0.2623594105243683
    },
    "epoch_74": {
      "ndcg": 0.07803203910589218,
      "jsd": 0.26135969161987305
    },
    "epoch_76": {
      "ndcg": 0.0780574306845665,
      "jsd": 0.26203274726867676
    },
    "epoch_77": {
      "ndcg": 0.0782359167933464,
      "jsd": 0.26006126403808594
    },
    "epoch_78": {
      "ndcg": 0.07841014117002487,
      "jsd": 0.26015380024909973
    },
    "epoch_79": {
      "ndcg": 0.0783587172627449,
      "jsd": 0.2630123198032379
    },
    "epoch_81": {
      "ndcg": 0.07881847769021988,
      "jsd": 0.26081356406211853
    },
    "epoch_82": {
      "ndcg": 0.07879353314638138,
      "jsd": 0.2590329945087433
    },
    "epoch_83": {
      "ndcg": 0.07891878485679626,
      "jsd": 0.2597235143184662
    },
    "epoch_84": {
      "ndcg": 0.0789899155497551,
      "jsd": 0.2600597143173218
    },
    "epoch_85": {
      "ndcg": 0.07915406674146652,
      "jsd": 0.26082754135131836
    },
    "epoch_86": {
      "ndcg": 0.07898018509149551,
      "jsd": 0.2607489824295044
    },
    "epoch_88": {
      "ndcg": 0.07921862602233887,
      "jsd": 0.2610514760017395
    },
    "epoch_90": {
      "ndcg": 0.0792897492647171,
      "jsd": 0.26006975769996643
    },
    "epoch_93": {
      "ndcg": 0.07933580875396729,
      "jsd": 0.2592231035232544
    },
    "epoch_95": {
      "ndcg": 0.0793968141078949,
      "jsd": 0.2584962546825409
    },
    "epoch_97": {
      "ndcg": 0.07970184832811356,
      "jsd": 0.25800687074661255
    },
    "epoch_98": {
      "ndcg": 0.07948849350214005,
      "jsd": 0.2606050372123718
    },
    "epoch_99": {
      "ndcg": 0.07991577684879303,