{"base_recommendations": {"ndcg": 0.05619301646947861, "jsd": 0.23943403363227844}, "postprocessed": {}, "finetuned": {"epoch_1": {"ndcg": 0.051501963287591934, "jsd": 0.2090854048728943}, "epoch_2": {"ndcg": 0.04546405375003815, "jsd": 0.19826999306678772}, "epoch_3": {"ndcg": 0.04026994854211807, "jsd": 0.19729043543338776}}}