{"base_recommendations": {"ndcg": 0.05619301646947861, "jsd": 0.23943403363227844}, "postprocessed": {}, "finetuned": {"epoch_1": {"ndcg": 0.04808138683438301, "jsd": 0.2290659099817276}, "epoch_11": {"ndcg": 0.05059695243835449, "jsd": 0.2638414800167084}, "epoch_12": {"ndcg": 0.052006322890520096, "jsd": 0.26812097430229187}, "epoch_14": {"ndcg": 0.05298216640949249, "jsd": 0.2671458125114441}, "epoch_16": {"ndcg": 0.05389275401830673, "jsd": 0.26407402753829956}, "epoch_18": {"ndcg": 0.054458361119031906, "jsd": 0.2707761824131012}, "epoch_19": {"ndcg": 0.05488622933626175, "jsd": 0.2664860188961029}, "epoch_20": {"ndcg": 0.05614296719431877, "jsd": 0.26713407039642334}, "epoch_21": {"ndcg": 0.056659530848264694, "jsd": 0.26547762751579285}, "epoch_23": {"ndcg": 0.05721952021121979, "jsd": 0.2660824954509735}, "epoch_24": {"ndcg": 0.05723532289266586, "jsd": 0.2658330500125885}, "epoch_25": {"ndcg": 0.05778280273079872, "jsd": 0.26730218529701233}, "epoch_26": {"ndcg": 0.057681191712617874, "jsd": 0.264544814825058}, "epoch_27": {"ndcg": 0.05817391723394394, "jsd": 0.26411449909210205}, "epoch_28": {"ndcg": 0.058353010565042496, "jsd": 0.26434093713760376}, "epoch_29": {"ndcg": 0.05881616473197937, "jsd": 0.2674378454685211}, "epoch_30": {"ndcg": 0.05867966264486313, "jsd": 0.2645541727542877}, "epoch_34": {"ndcg": 0.059653427451848984, "jsd": 0.26130250096321106}, "epoch_37": {"ndcg": 0.06040751188993454, "jsd": 0.26462411880493164}, "epoch_38": {"ndcg": 0.060190003365278244, "jsd": 0.26139524579048157}, "epoch_39": {"ndcg": 0.06061197444796562, "jsd": 0.2614630460739136}, "epoch_40": {"ndcg": 0.06066435948014259, "jsd": 0.2599876821041107}, "epoch_41": {"ndcg": 0.060999415814876556, "jsd": 0.26232725381851196}, "epoch_45": {"ndcg": 0.06150321662425995, "jsd": 0.2629566192626953}, "epoch_46": {"ndcg": 0.06156371906399727, "jsd": 0.2613900899887085}, "epoch_47": {"ndcg": 0.06137453392148018, "jsd": 0.26333174109458923}, "epoch_48": {"ndcg": 0.06138411909341812, "jsd": 0.25722604990005493}, "epoch_49": {"ndcg": 0.06167895346879959, "jsd": 0.2615213096141815}, "epoch_53": {"ndcg": 0.06177224963903427, "jsd": 0.2590947151184082}, "epoch_55": {"ndcg": 0.062204509973526, "jsd": 0.2599644660949707}, "epoch_57": {"ndcg": 0.06266243755817413, "jsd": 0.26331809163093567}, "epoch_61": {"ndcg": 0.06297729909420013, "jsd": 0.2598898410797119}, "epoch_65": {"ndcg": 0.06278065592050552, "jsd": 0.2591022253036499}, "epoch_66": {"ndcg": 0.06335225701332092, "jsd": 0.25922349095344543}, "epoch_68": {"ndcg": 0.06293380260467529, "jsd": 0.2566598355770111}, "epoch_69": {"ndcg": 0.06349658966064453, "jsd": 0.2616517245769501}, "epoch_70": {"ndcg": 0.06370202451944351, "jsd": 0.2584138512611389}, "epoch_74": {"ndcg": 0.06352333724498749, "jsd": 0.25775280594825745}, "epoch_78": {"ndcg": 0.06398879736661911, "jsd": 0.25841593742370605}, "epoch_80": {"ndcg": 0.06347741931676865, "jsd": 0.25848671793937683}, "epoch_82": {"ndcg": 0.06383860856294632, "jsd": 0.25993019342422485}, "epoch_84": {"ndcg": 0.06389931589365005, "jsd": 0.2600463330745697}, "epoch_86": {"ndcg": 0.0645667240023613, "jsd": 0.259488970041275}, "epoch_88": {"ndcg": 0.06451981514692307, "jsd": 0.2607310116291046}, "epoch_90": {"ndcg": 0.06402438133955002, "jsd": 0.2579967677593231}, "epoch_94": {"ndcg": 0.06445181369781494, "jsd": 0.25812721252441406}, "epoch_96": {"ndcg": 0.06478213518857956, "jsd": 0.2587488889694214}, "epoch_98": {"ndcg": 0.06442693620920181, "jsd": 0.257092148065567}, "epoch_99": {"ndcg": 0.06436166167259216, "jsd": 0.25944820046424866}, "epoch_102": {"ndcg": 0.06405207514762878, "jsd": 0.2572077512741089}, "epoch_104": {"ndcg": 0.06370421499013901, "jsd": 0.2564537227153778}, "epoch_106": {"ndcg": 0.06407735496759415, "jsd": 0.25737205147743225}, "epoch_108": {"ndcg": 0.06461109966039658, "jsd": 0.25914105772972107}, "epoch_110": {"ndcg": 0.06462875753641129, "jsd": 0.2566324770450592}, "epoch_116": {"ndcg": 0.06500498950481415, "jsd": 0.25739428400993347}, "epoch_120": {"ndcg": 0.06472314894199371, "jsd": 0.2566341757774353}, "epoch_124": {"ndcg": 0.06499110162258148, "jsd": 0.2560511827468872}, "epoch_126": {"ndcg": 0.06526128202676773, "jsd": 0.25712311267852783}, "epoch_134": {"ndcg": 0.06538590788841248, "jsd": 0.2599453032016754}, "epoch_136": {"ndcg": 0.0654587522149086, "jsd": 0.2583073377609253}, "epoch_138": {"ndcg": 0.06543873995542526, "jsd": 0.2567039132118225}, "epoch_140": {"ndcg": 0.06540840864181519, "jsd": 0.256172239780426}, "epoch_142": {"ndcg": 0.06520484387874603, "jsd": 0.2555014193058014}, "epoch_144": {"ndcg": 0.06532257795333862, "jsd": 0.2539592683315277}, "epoch_162": {"ndcg": 0.0655842274427414, "jsd": 0.256479412317276}, "epoch_177": {"ndcg": 0.06537096202373505, "jsd": 0.2539987564086914}, "epoch_203": {"ndcg": 0.06543584913015366, "jsd": 0.25471916794776917}, "epoch_205": {"ndcg": 0.06557725369930267, "jsd": 0.2530302107334137}, "epoch_217": {"ndcg": 0.0659087672829628, "jsd": 0.25554248690605164}, "epoch_221": {"ndcg": 0.06589283794164658, "jsd": 0.25572469830513}, "epoch_223": {"ndcg": 0.06549201905727386, "jsd": 0.2531232535839081}, "epoch_259": {"ndcg": 0.06609498709440231, "jsd": 0.2560759484767914}, "epoch_265": {"ndcg": 0.06581471115350723, "jsd": 0.25377604365348816}, "epoch_271": {"ndcg": 0.06589760631322861, "jsd": 0.2532711625099182}, "epoch_275": {"ndcg": 0.06585049629211426, "jsd": 0.2531485855579376}, "epoch_279": {"ndcg": 0.06620047986507416, "jsd": 0.25467345118522644}, "epoch_283": {"ndcg": 0.06598188728094101, "jsd": 0.2527214288711548}, "epoch_311": {"ndcg": 0.06608229130506516, "jsd": 0.252969890832901}, "epoch_341": {"ndcg": 0.06613469123840332, "jsd": 0.2524610757827759}, "epoch_355": {"ndcg": 0.06616820394992828, "jsd": 0.2536514103412628}}}