{"base_recommendations": {"ndcg": 0.05619301646947861, "jsd": 0.23943403363227844}, "postprocessed": {}, "finetuned": {"epoch_1": {"ndcg": 0.053103361278772354, "jsd": 0.21654285490512848}, "epoch_2": {"ndcg": 0.04881943017244339, "jsd": 0.2074187994003296}, "epoch_3": {"ndcg": 0.044813524931669235, "jsd": 0.2057214379310608}}}