{"base_recommendations": {"ndcg": 0.05619301646947861, "jsd": 0.23943403363227844}, "postprocessed": {}, "finetuned": {"epoch_1": {"ndcg": 0.0540274903178215, "jsd": 0.21606239676475525}, "epoch_2": {"ndcg": 0.05269407480955124, "jsd": 0.20667238533496857}, "epoch_3": {"ndcg": 0.05244125798344612, "jsd": 0.20367008447647095}, "epoch_4": {"ndcg": 0.053461071103811264, "jsd": 0.20487982034683228}, "epoch_5": {"ndcg": 0.055705223232507706, "jsd": 0.20768766105175018}, "epoch_6": {"ndcg": 0.058305203914642334, "jsd": 0.21244223415851593}, "epoch_7": {"ndcg": 0.061151668429374695, "jsd": 0.21614700555801392}, "epoch_8": {"ndcg": 0.0636005625128746, "jsd": 0.21955718100070953}, "epoch_9": {"ndcg": 0.06593156605958939, "jsd": 0.22246168553829193}, "epoch_10": {"ndcg": 0.06771278381347656, "jsd": 0.2210773080587387}, "epoch_11": {"ndcg": 0.0694965124130249, "jsd": 0.22145743668079376}, "epoch_12": {"ndcg": 0.07109123468399048, "jsd": 0.22294428944587708}, "epoch_13": {"ndcg": 0.07239853590726852, "jsd": 0.22402872145175934}, "epoch_14": {"ndcg": 0.07405711710453033, "jsd": 0.22388216853141785}, "epoch_15": {"ndcg": 0.07535798847675323, "jsd": 0.22449997067451477}, "epoch_16": {"ndcg": 0.07636559009552002, "jsd": 0.22246111929416656}, "epoch_17": {"ndcg": 0.07718563824892044, "jsd": 0.2206076681613922}, "epoch_18": {"ndcg": 0.07848644256591797, "jsd": 0.2222716510295868}, "epoch_19": {"ndcg": 0.07929827272891998, "jsd": 0.22286732494831085}, "epoch_20": {"ndcg": 0.08036836981773376, "jsd": 0.22191496193408966}, "epoch_21": {"ndcg": 0.08116767555475235, "jsd": 0.22237464785575867}, "epoch_22": {"ndcg": 0.08224803954362869, "jsd": 0.22210292518138885}, "epoch_23": {"ndcg": 0.0826801210641861, "jsd": 0.2203403264284134}, "epoch_24": {"ndcg": 0.0836765244603157, "jsd": 0.22321344912052155}, "epoch_25": {"ndcg": 0.08435393869876862, "jsd": 0.2211756408214569}, "epoch_26": {"ndcg": 0.08484391123056412, "jsd": 0.22076649963855743}, "epoch_27": {"ndcg": 0.08545323461294174, "jsd": 0.21761994063854218}, "epoch_28": {"ndcg": 0.08599376678466797, "jsd": 0.22072474658489227}, "epoch_29": {"ndcg": 0.08695046603679657, "jsd": 0.2177327424287796}, "epoch_30": {"ndcg": 0.08725248277187347, "jsd": 0.22116735577583313}, "epoch_31": {"ndcg": 0.0877002701163292, "jsd": 0.21787129342556}, "epoch_32": {"ndcg": 0.08804049342870712, "jsd": 0.2192905843257904}, "epoch_33": {"ndcg": 0.08850859105587006, "jsd": 0.2165750414133072}, "epoch_34": {"ndcg": 0.08891431242227554, "jsd": 0.2174782007932663}, "epoch_35": {"ndcg": 0.08908536285161972, "jsd": 0.2154891937971115}, "epoch_36": {"ndcg": 0.08960465341806412, "jsd": 0.21730946004390717}, "epoch_37": {"ndcg": 0.08984024077653885, "jsd": 0.21636982262134552}, "epoch_38": {"ndcg": 0.09072061628103256, "jsd": 0.21657602488994598}, "epoch_39": {"ndcg": 0.09101404994726181, "jsd": 0.21654921770095825}, "epoch_40": {"ndcg": 0.0910547524690628, "jsd": 0.21578092873096466}, "epoch_41": {"ndcg": 0.09153906255960464, "jsd": 0.2130579799413681}, "epoch_42": {"ndcg": 0.09160052984952927, "jsd": 0.2143094390630722}, "epoch_43": {"ndcg": 0.09220419079065323, "jsd": 0.2157035917043686}, "epoch_44": {"ndcg": 0.09233754128217697, "jsd": 0.21256107091903687}, "epoch_45": {"ndcg": 0.09263142943382263, "jsd": 0.21496528387069702}, "epoch_46": {"ndcg": 0.09290800243616104, "jsd": 0.2140841782093048}, "epoch_47": {"ndcg": 0.0930294394493103, "jsd": 0.21174919605255127}, "epoch_48": {"ndcg": 0.0933837741613388, "jsd": 0.21416476368904114}, "epoch_49": {"ndcg": 0.09365517646074295, "jsd": 0.2117900550365448}, "epoch_50": {"ndcg": 0.09377586841583252, "jsd": 0.21176458895206451}, "epoch_51": {"ndcg": 0.09426327794790268, "jsd": 0.21391624212265015}, "epoch_52": {"ndcg": 0.094363734126091, "jsd": 0.21053065359592438}, "epoch_53": {"ndcg": 0.09460890293121338, "jsd": 0.21233707666397095}, "epoch_54": {"ndcg": 0.09475363790988922, "jsd": 0.21064776182174683}, "epoch_55": {"ndcg": 0.09492293745279312, "jsd": 0.21179986000061035}, "epoch_56": {"ndcg": 0.09526532888412476, "jsd": 0.2111397683620453}, "epoch_58": {"ndcg": 0.0954158753156662, "jsd": 0.21085724234580994}, "epoch_59": {"ndcg": 0.09589782357215881, "jsd": 0.20895949006080627}, "epoch_60": {"ndcg": 0.09612849354743958, "jsd": 0.20943312346935272}, "epoch_61": {"ndcg": 0.09630890935659409, "jsd": 0.2116006314754486}, "epoch_62": {"ndcg": 0.09635542333126068, "jsd": 0.20839418470859528}, "epoch_63": {"ndcg": 0.09661900252103806, "jsd": 0.20929822325706482}, "epoch_64": {"ndcg": 0.09653420746326447, "jsd": 0.2084655910730362}, "epoch_65": {"ndcg": 0.09669086337089539, "jsd": 0.20971103012561798}, "epoch_66": {"ndcg": 0.0970195084810257, "jsd": 0.2101215422153473}, "epoch_68": {"ndcg": 0.0972500666975975, "jsd": 0.20937579870224}, "epoch_70": {"ndcg": 0.0973128154873848, "jsd": 0.20790083706378937}, "epoch_71": {"ndcg": 0.09735490381717682, "jsd": 0.20924897491931915}, "epoch_72": {"ndcg": 0.09734541177749634, "jsd": 0.20717526972293854}, "epoch_73": {"ndcg": 0.09737435728311539, "jsd": 0.20942091941833496}, "epoch_74": {"ndcg": 0.0977429673075676, "jsd": 0.20820756256580353}, "epoch_76": {"ndcg": 0.0979490801692009, "jsd": 0.207685187458992}, "epoch_78": {"ndcg": 0.09791985899209976, "jsd": 0.20745249092578888}, "epoch_80": {"ndcg": 0.09812421351671219, "jsd": 0.2067766636610031}, "epoch_81": {"ndcg": 0.09831425547599792, "jsd": 0.20761176943778992}, "epoch_82": {"ndcg": 0.0984441339969635, "jsd": 0.20688237249851227}, "epoch_84": {"ndcg": 0.09836680442094803, "jsd": 0.20719438791275024}, "epoch_85": {"ndcg": 0.09869105368852615, "jsd": 0.2075783759355545}, "epoch_86": {"ndcg": 0.09860135614871979, "jsd": 0.20672419667243958}, "epoch_87": {"ndcg": 0.09845706820487976, "jsd": 0.20432348549365997}, "epoch_88": {"ndcg": 0.09855741262435913, "jsd": 0.2056291252374649}, "epoch_93": {"ndcg": 0.09900496155023575, "jsd": 0.20452219247817993}, "epoch_96": {"ndcg": 0.09888289868831635, "jsd": 0.20316505432128906}, "epoch_97": {"ndcg": 0.09943442791700363, "jsd": 0.20530278980731964}, "epoch_98": {"ndcg": 0.09931415319442749, "jsd": 0.2047523409128189}, "epoch_99": {"ndcg": 0.09936538338661194, "jsd": 0.20459111034870148}, "epoch_103": {"ndcg": 0.09941158443689346, "jsd": 0.2031685709953308}, "epoch_104": {"ndcg": 0.09962102770805359, "jsd": 0.20537881553173065}, "epoch_109": {"ndcg": 0.09989950060844421, "jsd": 0.20406892895698547}, "epoch_110": {"ndcg": 0.09998773038387299, "jsd": 0.20307636260986328}, "epoch_112": {"ndcg": 0.09982830286026001, "jsd": 0.20289355516433716}, "epoch_113": {"ndcg": 0.09976227581501007, "jsd": 0.20272047817707062}, "epoch_114": {"ndcg": 0.0998714417219162, "jsd": 0.2025873363018036}, "epoch_115": {"ndcg": 0.09987502545118332, "jsd": 0.2020336389541626}, "epoch_118": {"ndcg": 0.09998026490211487, "jsd": 0.20185346901416779}, "epoch_119": {"ndcg": 0.10006129741668701, "jsd": 0.20347727835178375}, "epoch_120": {"ndcg": 0.09988602250814438, "jsd": 0.2014632523059845}, "epoch_122": {"ndcg": 0.10010185092687607, "jsd": 0.20244145393371582}, "epoch_124": {"ndcg": 0.0999995544552803, "jsd": 0.20216765999794006}, "epoch_125": {"ndcg": 0.10021102428436279, "jsd": 0.2033143788576126}, "epoch_130": {"ndcg": 0.10000766068696976, "jsd": 0.20139950513839722}, "epoch_132": {"ndcg": 0.10024606436491013, "jsd": 0.2012597620487213}, "epoch_133": {"ndcg": 0.100374236702919, "jsd": 0.2028503119945526}, "epoch_135": {"ndcg": 0.10047363489866257, "jsd": 0.20238395035266876}, "epoch_136": {"ndcg": 0.10022874176502228, "jsd": 0.20069952309131622}, "epoch_138": {"ndcg": 0.10034137964248657, "jsd": 0.20137536525726318}, "epoch_142": {"ndcg": 0.10059116780757904, "jsd": 0.20117515325546265}, "epoch_146": {"ndcg": 0.10046492516994476, "jsd": 0.2005068063735962}, "epoch_149": {"ndcg": 0.10040335357189178, "jsd": 0.2004680335521698}, "epoch_151": {"ndcg": 0.10043714195489883, "jsd": 0.20025619864463806}, "epoch_154": {"ndcg": 0.1006779596209526, "jsd": 0.20033791661262512}, "epoch_157": {"ndcg": 0.10065539181232452,