{"base_recommendations": {"ndcg": 0.05619301646947861, "jsd": 0.23943403363227844}, "postprocessed": {}, "finetuned": {"epoch_1": {"ndcg": 0.003221159568056464, "jsd": 0.25237923860549927}, "epoch_2": {"ndcg": 0.0034232642501592636, "jsd": 0.25196412205696106}, "epoch_3": {"ndcg": 0.003848649561405182, "jsd": 0.2562491297721863}, "epoch_4": {"ndcg": 0.0053018503822386265, "jsd": 0.2524603009223938}}}