{"base_recommendations": {"ndcg": 0.05619301646947861, "jsd": 0.23943403363227844}, "postprocessed": {}, "finetuned": {"epoch_1": {"ndcg": 0.05281424894928932, "jsd": 0.20358453691005707}, "epoch_2": {"ndcg": 0.06162508577108383, "jsd": 0.21354618668556213}, "epoch_3": {"ndcg": 0.06981821358203888, "jsd": 0.219723179936409}, "epoch_4": {"ndcg": 0.07611318677663803, "jsd": 0.2221291959285736}, "epoch_5": {"ndcg": 0.0829835757613182, "jsd": 0.23423068225383759}, "epoch_6": {"ndcg": 0.08744469285011292, "jsd": 0.22661317884922028}, "epoch_7": {"ndcg": 0.09205836802721024, "jsd": 0.23116633296012878}, "epoch_8": {"ndcg": 0.09479990601539612, "jsd": 0.22087381780147552}, "epoch_9": {"ndcg": 0.0969749167561531, "jsd": 0.2208683341741562}, "epoch_10": {"ndcg": 0.10044987499713898, "jsd": 0.21860544383525848}, "epoch_11": {"ndcg": 0.10129109025001526, "jsd": 0.22085040807724}, "epoch_12": {"ndcg": 0.10357639938592911, "jsd": 0.21710918843746185}, "epoch_13": {"ndcg": 0.10363320261240005, "jsd": 0.21247075498104095}, "epoch_14": {"ndcg": 0.1050107479095459, "jsd": 0.2146812379360199}, "epoch_15": {"ndcg": 0.10619713366031647, "jsd": 0.2148849219083786}, "epoch_16": {"ndcg": 0.10608161240816116, "jsd": 0.20886769890785217}, "epoch_17": {"ndcg": 0.10727401077747345, "jsd": 0.20944389700889587}, "epoch_19": {"ndcg": 0.10787830501794815, "jsd": 0.21080566942691803}, "epoch_20": {"ndcg": 0.1072838306427002, "jsd": 0.20630544424057007}, "epoch_21": {"ndcg": 0.10959818959236145, "jsd": 0.2087438851594925}, "epoch_22": {"ndcg": 0.10942257195711136, "jsd": 0.20942766964435577}, "epoch_23": {"ndcg": 0.10964017361402512, "jsd": 0.20529653131961823}, "epoch_24": {"ndcg": 0.10931527614593506, "jsd": 0.20454634726047516}, "epoch_27": {"ndcg": 0.10969457775354385, "jsd": 0.1986987590789795}, "epoch_31": {"ndcg": 0.1090153381228447, "jsd": 0.196983203291893}, "epoch_33": {"ndcg": 0.10925993323326111, "jsd": 0.19431518018245697}, "epoch_35": {"ndcg": 0.1107679232954979, "jsd": 0.1964988112449646}, "epoch_37": {"ndcg": 0.10910715907812119, "jsd": 0.19394180178642273}, "epoch_39": {"ndcg": 0.10921165347099304, "jsd": 0.19081854820251465}, "epoch_41": {"ndcg": 0.11047283560037613, "jsd": 0.192925363779068}, "epoch_42": {"ndcg": 0.11009293049573898, "jsd": 0.1883377879858017}, "epoch_45": {"ndcg": 0.10994399338960648, "jsd": 0.18826644122600555}, "epoch_49": {"ndcg": 0.1099955141544342, "jsd": 0.18731927871704102}, "epoch_55": {"ndcg": 0.10878745466470718, "jsd": 0.18627779185771942}, "epoch_56": {"ndcg": 0.1089935228228569, "jsd": 0.1848333179950714}, "epoch_61": {"ndcg": 0.1095978170633316, "jsd": 0.18346628546714783}, "epoch_64": {"ndcg": 0.10833874344825745, "jsd": 0.1822492480278015}, "epoch_73": {"ndcg": 0.10821560025215149, "jsd": 0.1814490556716919}, "epoch_75": {"ndcg": 0.10808347165584564, "jsd": 0.1791369616985321}, "epoch_81": {"ndcg": 0.10798482596874237, "jsd": 0.17909635603427887}, "epoch_82": {"ndcg": 0.10850027203559875, "jsd": 0.17828933894634247}, "epoch_84": {"ndcg": 0.1077025979757309, "jsd": 0.17779648303985596}, "epoch_87": {"ndcg": 0.10719656944274902, "jsd": 0.1777891367673874}, "epoch_90": {"ndcg": 0.1078290268778801, "jsd": 0.17698270082473755}, "epoch_96": {"ndcg": 0.10679931193590164, "jsd": 0.17582686245441437}, "epoch_103": {"ndcg": 0.10709638148546219, "jsd": 0.1757889688014984}, "epoch_106": {"ndcg": 0.10663346201181412, "jsd": 0.17534057796001434}, "epoch_118": {"ndcg": 0.10574842244386673, "jsd": 0.17340800166130066}, "epoch_125": {"ndcg": 0.10625942796468735, "jsd": 0.1736978143453598}, "epoch_130": {"ndcg": 0.10546416789293289, "jsd": 0.1724938303232193}, "epoch_131": {"ndcg": 0.10505194216966629, "jsd": 0.17085719108581543}, "epoch_153": {"ndcg": 0.10505423694849014, "jsd": 0.1703256368637085}, "epoch_156": {"ndcg": 0.10483182221651077, "jsd": 0.17000527679920197}, "epoch_163": {"ndcg": 0.10481218993663788, "jsd": 0.1696983128786087}, "epoch_181": {"ndcg": 0.10416276007890701, "jsd": 0.16933809220790863}, "epoch_182": {"ndcg": 0.10431435704231262, "jsd": 0.1692432463169098}, "epoch_183": {"ndcg": 0.10404478013515472, "jsd": 0.16883093118667603}, "epoch_186": {"ndcg": 0.10415434092283249, "jsd": 0.16860145330429077}, "epoch_192": {"ndcg": 0.10359891504049301, "jsd": 0.16725212335586548}, "epoch_194": {"ndcg": 0.10384779423475266, "jsd": 0.16708904504776}, "epoch_207": {"ndcg": 0.10280117392539978, "jsd": 0.16687387228012085}, "epoch_208": {"ndcg": 0.10405425727367401, "jsd": 0.16600503027439117}, "epoch_224": {"ndcg": 0.10281196981668472, "jsd": 0.16579090058803558}, "epoch_248": {"ndcg": 0.10262537747621536, "jsd": 0.16473235189914703}, "epoch_251": {"ndcg": 0.10232150554656982, "jsd": 0.16473053395748138}, "epoch_265": {"ndcg": 0.10243295878171921, "jsd": 0.16387638449668884}, "epoch_292": {"ndcg": 0.10183550417423248, "jsd": 0.16317282617092133}}}