{
  "base_recommendations": {
    "ndcg": 0.05619301646947861,
    "jsd": 0.23943403363227844,
    "ndcg_usergroup_1": 0.1154973953962326,
    "jsd_usergroup_1": 0.21157853305339813,
    "ndcg_usergroup_2": 0.04497496411204338,
    "jsd_usergroup_2": 0.2297888845205307,
    "ndcg_usergroup_3": 0.030539143830537796,
    "jsd_usergroup_3": 0.2962217926979065
  },
  "postprocessed": {},
  "finetuned": {
    "epoch_1": {
      "ndcg": 0.05212879925966263,
      "jsd": 0.21131308376789093,
      "ndcg_usergroup_1": 0.10643969476222992,
      "jsd_usergroup_1": 0.17711499333381653,
      "ndcg_usergroup_2": 0.04138359799981117,
      "jsd_usergroup_2": 0.2017076015472412,
      "ndcg_usergroup_3": 0.030050009489059448,
      "jsd_usergroup_3": 0.274324506521225
    },
    "epoch_2": {
      "ndcg": 0.04658681899309158,
      "jsd": 0.20021271705627441,
      "ndcg_usergroup_1": 0.09362485259771347,
      "jsd_usergroup_1": 0.1665841042995453,
      "ndcg_usergroup_2": 0.03688598796725273,
      "jsd_usergroup_2": 0.19206692278385162,
      "ndcg_usergroup_3": 0.028648126870393753,
      "jsd_usergroup_3": 0.2582761347293854
    },
    "epoch_3": {
      "ndcg": 0.04199298098683357,
      "jsd": 0.19735920429229736,
      "ndcg_usergroup_1": 0.08307239413261414,
      "jsd_usergroup_1": 0.16744083166122437,
      "ndcg_usergroup_2": 0.03315240889787674,
      "jsd_usergroup_2": 0.19061629474163055,
      "ndcg_usergroup_3": 0.027432367205619812,
      "jsd_usergroup_3": 0.2475040853023529
    },
    "epoch_4": {
      "ndcg": 0.038208477199077606,
      "jsd": 0.19721442461013794,
      "ndcg_usergroup_1": 0.07587132602930069,
      "jsd_usergroup_1": 0.17373564839363098,
      "ndcg_usergroup_2": 0.029796669259667397,
      "jsd_usergroup_2": 0.19088859856128693,
      "ndcg_usergroup_3": 0.025778302922844887,
      "jsd_usergroup_3": 0.23966869711875916
    }
  }
}