{
  "base_recommendations": {
    "ndcg": 0.05619301646947861,
    "jsd": 0.23943403363227844,
    "ndcg_usergroup_1": 0.1154973953962326,
    "jsd_usergroup_1": 0.21157853305339813,
    "ndcg_usergroup_2": 0.04497496411204338,
    "jsd_usergroup_2": 0.2297888845205307,
    "ndcg_usergroup_3": 0.030539143830537796,
    "jsd_usergroup_3": 0.2962217926979065
  },
  "postprocessed": {},
  "finetuned": {
    "epoch_1": {
      "ndcg": 0.0514821819961071,
      "jsd": 0.20847982168197632,
      "ndcg_usergroup_1": 0.10430882126092911,
      "jsd_usergroup_1": 0.17321182787418365,
      "ndcg_usergroup_2": 0.041037607938051224,
      "jsd_usergroup_2": 0.19875681400299072,
      "ndcg_usergroup_3": 0.029985863715410233,
      "jsd_usergroup_3": 0.2729136645793915
    },
    "epoch_2": {
      "ndcg": 0.045262761414051056,
      "jsd": 0.19734515249729156,
      "ndcg_usergroup_1": 0.08912019431591034,
      "jsd_usergroup_1": 0.16326001286506653,
      "ndcg_usergroup_2": 0.03619107976555824,
      "jsd_usergroup_2": 0.18888993561267853,
      "ndcg_usergroup_3": 0.028617417439818382,
      "jsd_usergroup_3": 0.25679323077201843
    },
    "epoch_3": {
      "ndcg": 0.04016973450779915,
      "jsd": 0.19630327820777893,
      "ndcg_usergroup_1": 0.07748379558324814,
      "jsd_usergroup_1": 0.167855367064476,
      "ndcg_usergroup_2": 0.03203117102384567,
      "jsd_usergroup_2": 0.18887604773044586,
      "ndcg_usergroup_3": 0.027268700301647186,
      "jsd_usergroup_3": 0.24703049659729004
    }
  }
}