{"base_recommendations": {"ndcg": 0.05619301646947861, "jsd": 0.23943403363227844}, "postprocessed": {}, "finetuned": {"epoch_1": {"ndcg": 0.04179273545742035, "jsd": 0.17212601006031036}, "epoch_2": {"ndcg": 0.03222454711794853, "jsd": 0.14177510142326355}, "epoch_3": {"ndcg": 0.028524739667773247, "jsd": 0.12662310898303986}, "epoch_4": {"ndcg": 0.028717370703816414, "jsd": 0.1244598776102066}}}