{
  "base_recommendations": {
    "ndcg": 0.05619301646947861,
    "jsd": 0.23943403363227844,
    "ndcg_usergroup_1": 0.1154973953962326,
    "jsd_usergroup_1": 0.21157853305339813,
    "ndcg_usergroup_2": 0.04497496411204338,
    "jsd_usergroup_2": 0.2297888845205307,
    "ndcg_usergroup_3": 0.030539143830537796,
    "jsd_usergroup_3": 0.2962217926979065
  },
  "postprocessed": {},
  "finetuned": {
    "epoch_1": {
      "ndcg": 0.050870899111032486,
      "jsd": 0.19886581599712372,
      "ndcg_usergroup_1": 0.10407567769289017,
      "jsd_usergroup_1": 0.17682549357414246,
      "ndcg_usergroup_2": 0.0406336672604084,
      "jsd_usergroup_2": 0.19320744276046753,
      "ndcg_usergroup_3": 0.028374483808875084,
      "jsd_usergroup_3": 0.23787935078144073
    },
    "epoch_2": {
      "ndcg": 0.046042658388614655,
      "jsd": 0.17063453793525696,
      "ndcg_usergroup_1": 0.09322738647460938,
      "jsd_usergroup_1": 0.15588028728961945,
      "ndcg_usergroup_2": 0.0370493121445179,
      "jsd_usergroup_2": 0.17199833691120148,
      "ndcg_usergroup_3": 0.025835035368800163,
      "jsd_usergroup_3": 0.18129776418209076
    },
    "epoch_3": {
      "ndcg": 0.04324553534388542,
      "jsd": 0.14369505643844604,
      "ndcg_usergroup_1": 0.08713477849960327,
      "jsd_usergroup_1": 0.133314311504364,
      "ndcg_usergroup_2": 0.035434987396001816,
      "jsd_usergroup_2": 0.15070407092571259,
      "ndcg_usergroup_3": 0.02278536930680275,
      "jsd_usergroup_3": 0.1330510675907135
    },
    "epoch_4": {
      "ndcg": 0.04214963689446449,
      "jsd": 0.12061432003974915,
      "ndcg_usergroup_1": 0.08302164822816849,
      "jsd_usergroup_1": 0.11569816619157791,
      "ndcg_usergroup_2": 0.03552401065826416,
      "jsd_usergroup_2": 0.12886019051074982,
      "ndcg_usergroup_3": 0.021152343600988388,
      "jsd_usergroup_3": 0.10079552978277206
    },
    "epoch_5": {
      "ndcg": 0.04284016788005829,
      "jsd": 0.10598938167095184,
      "ndcg_usergroup_1": 0.08504898101091385,
      "jsd_usergroup_1": 0.10500926524400711,
      "ndcg_usergroup_2": 0.03617720305919647,
      "jsd_usergroup_2": 0.1135423555970192,
      "ndcg_usergroup_3": 0.020618081092834473,
      "jsd_usergroup_3": 0.0843130573630333
    },
    "epoch_6": {
      "ndcg": 0.04331222549080849,
      "jsd": 0.09563452750444412,
      "ndcg_usergroup_1": 0.08479929715394974,
      "jsd_usergroup_1": 0.09701663255691528,
      "ndcg_usergroup_2": 0.03668319806456566,
      "jsd_usergroup_2": 0.10118034482002258,
      "ndcg_usergroup_3": 0.021710092201828957,
      "jsd_usergroup_3": 0.07761681079864502
    },
    "epoch_7": {
      "ndcg": 0.04485296830534935,
      "jsd": 0.08892980962991714,
      "ndcg_usergroup_1": 0.08906577527523041,
      "jsd_usergroup_1": 0.09087216109037399,
      "ndcg_usergroup_2": 0.037686921656131744,
      "jsd_usergroup_2": 0.09393908083438873,
      "ndcg_usergroup_3": 0.02213594689965248,
      "jsd_usergroup_3": 0.07196125388145447
    },
    "epoch_8": {
      "ndcg": 0.045195791870355606,
      "jsd": 0.0835484191775322,
      "ndcg_usergroup_1": 0.0876879021525383,
      "jsd_usergroup_1": 0.08760669082403183,
      "ndcg_usergroup_2": 0.03839988633990288,
      "jsd_usergroup_2": 0.08681663870811462,
      "ndcg_usergroup_3": 0.023089172318577766,
      "jsd_usergroup_3": 0.06968652456998825
    },
    "epoch_9": {
      "ndcg": 0.04664130508899689,
      "jsd": 0.08011651784181595,
      "ndcg_usergroup_1": 0.09099791198968887,
      "jsd_usergroup_1": 0.08406972140073776,
      "ndcg_usergroup_2": 0.039461441338062286,
      "jsd_usergroup_2": 0.0822964757680893,
      "ndcg_usergroup_3": 0.023821933194994926,
      "jsd_usergroup_3": 0.06962412595748901
    },
    "epoch_10": {
      "ndcg": 0.04752740263938904,
      "jsd": 0.07727820426225662,
      "ndcg_usergroup_1": 0.0928790494799614,
      "jsd_usergroup_1": 0.08202698826789856,
      "ndcg_usergroup_2": 0.04026247560977936,
      "jsd_usergroup_2": 0.07867802679538727,
      "ndcg_usergroup_3": 0.023968173190951347,
      "jsd_usergroup_3": 0.06833040714263916
    },
    "epoch_11": {
      "ndcg": 0.04818486422300339,
      "jsd": 0.07434128224849701,
      "ndcg_usergroup_1": 0.09416314959526062,
      "jsd_usergroup_1": 0.08012323081493378,
      "ndcg_usergroup_2": 0.04080348089337349,
      "jsd_usergroup_2": 0.07509764283895493,
      "ndcg_usergroup_3": 0.02434832789003849,
      "jsd_usergroup_3": 0.06629052758216858
    },
    "epoch_12": {
      "ndcg": 0.049451641738414764,
      "jsd": 0.07306799292564392,
      "ndcg_usergroup_1": 0.09521768987178802,
      "jsd_usergroup_1": 0.078563392162323,
      "ndcg_usergroup_2": 0.04211084917187691,
      "jsd_usergroup_2": 0.0724732056260109,
      "ndcg_usergroup_3": 0.02570556104183197,
      "jsd_usergroup_3": 0.0693567767739296
    },
    "epoch_13": {
      "ndcg": 0.050389572978019714,
      "jsd": 0.07079996913671494,
      "ndcg_usergroup_1": 0.09875591844320297,
      "jsd_usergroup_1": 0.07637178897857666,
      "ndcg_usergroup_2": 0.042673662304878235,
      "jsd_usergroup_2": 0.07045815140008926,
      "ndcg_usergroup_3": 0.025168446823954582,
      "jsd_usergroup_3": 0.06625351309776306
    },
    "epoch_14": {
      "ndcg": 0.05171343311667442,
      "jsd": 0.07037811726331711,
      "ndcg_usergroup_1": 0.1000569686293602,
      "jsd_usergroup_1": 0.074986033141613,
      "ndcg_usergroup_2": 0.04410772770643234,
      "jsd_usergroup_2": 0.06951435655355453,
      "ndcg_usergroup_3": 0.026184551417827606,
      "jsd_usergroup_3": 0.06836116313934326
    },
    "epoch_15": {
      "ndcg": 0.05216255784034729,
      "jsd": 0.06917335093021393,
      "ndcg_usergroup_1": 0.09980955719947815,
      "jsd_usergroup_1": 0.07438378036022186,
      "ndcg_usergroup_2": 0.04485297575592995,
      "jsd_usergroup_2": 0.06765591353178024,
      "ndcg_usergroup_3": 0.026441942900419235,
      "jsd_usergroup_3": 0.06851476430892944
    },
    "epoch_16": {
      "ndcg": 0.0527934767305851,
      "jsd": 0.06941492110490799,
      "ndcg_usergroup_1": 0.10209629684686661,
      "jsd_usergroup_1": 0.0750921368598938,
      "ndcg_usergroup_2": 0.045039232820272446,
      "jsd_usergroup_2": 0.06808724254369736,
      "ndcg_usergroup_3": 0.026750849559903145,
      "jsd_usergroup_3": 0.06772033125162125
    }
  }
}