{
  "base_recommendations": {
    "ndcg": 0.05619301646947861,
    "jsd": 0.23943403363227844,
    "ndcg_usergroup_1": 0.1154973953962326,
    "jsd_usergroup_1": 0.21157853305339813,
    "ndcg_usergroup_2": 0.04497496411204338,
    "jsd_usergroup_2": 0.2297888845205307,
    "ndcg_usergroup_3": 0.030539143830537796,
    "jsd_usergroup_3": 0.2962217926979065
  },
  "postprocessed": {},
  "finetuned": {
    "epoch_1": {
      "ndcg": 0.054698869585990906,
      "jsd": 0.22344355285167694,
      "ndcg_usergroup_1": 0.11297532171010971,
      "jsd_usergroup_1": 0.19267916679382324,
      "ndcg_usergroup_2": 0.04337932541966438,
      "jsd_usergroup_2": 0.21412838995456696,
      "ndcg_usergroup_3": 0.03037736751139164,
      "jsd_usergroup_3": 0.28215041756629944
    },
    "epoch_2": {
      "ndcg": 0.05240006744861603,
      "jsd": 0.21423403918743134,
      "ndcg_usergroup_1": 0.10876359045505524,
      "jsd_usergroup_1": 0.18144355714321136,
      "ndcg_usergroup_2": 0.04111752286553383,
      "jsd_usergroup_2": 0.20634517073631287,
      "ndcg_usergroup_3": 0.029880497604608536,
      "jsd_usergroup_3": 0.27068862318992615
    },
    "epoch_3": {
      "ndcg": 0.04967416450381279,
      "jsd": 0.20810216665267944,
      "ndcg_usergroup_1": 0.10307198762893677,
      "jsd_usergroup_1": 0.1732516884803772,
      "ndcg_usergroup_2": 0.03874406963586807,
      "jsd_usergroup_2": 0.20180632174015045,
      "ndcg_usergroup_3": 0.029063068330287933,
      "jsd_usergroup_3": 0.2618381679058075
    },
    "epoch_4": {
      "ndcg": 0.047592442482709885,
      "jsd": 0.20269542932510376,
      "ndcg_usergroup_1": 0.09852678328752518,
      "jsd_usergroup_1": 0.16781724989414215,
      "ndcg_usergroup_2": 0.03711313754320145,
      "jsd_usergroup_2": 0.19735868275165558,
      "ndcg_usergroup_3": 0.02809259481728077,
      "jsd_usergroup_3": 0.2535821795463562
    },
    "epoch_5": {
      "ndcg": 0.04595217853784561,
      "jsd": 0.1975400745868683,
      "ndcg_usergroup_1": 0.09509460628032684,
      "jsd_usergroup_1": 0.16282616555690765,
      "ndcg_usergroup_2": 0.035742275416851044,
      "jsd_usergroup_2": 0.19298666715621948,
      "ndcg_usergroup_3": 0.027436120435595512,
      "jsd_usergroup_3": 0.24591270089149475
    },
    "epoch_6": {
      "ndcg": 0.044660814106464386,
      "jsd": 0.1924452930688858,
      "ndcg_usergroup_1": 0.09205900132656097,
      "jsd_usergroup_1": 0.1588284969329834,
      "ndcg_usergroup_2": 0.03480537608265877,
      "jsd_usergroup_2": 0.18826043605804443,
      "ndcg_usergroup_3": 0.026825735345482826,
      "jsd_usergroup_3": 0.23861536383628845
    }
  }
}