{
  "base_recommendations": {
    "ndcg": 0.05619301646947861,
    "jsd": 0.23943403363227844,
    "ndcg_usergroup_1": 0.1154973953962326,
    "jsd_usergroup_1": 0.21157853305339813,
    "ndcg_usergroup_2": 0.04497496411204338,
    "jsd_usergroup_2": 0.2297888845205307,
    "ndcg_usergroup_3": 0.030539143830537796,
    "jsd_usergroup_3": 0.2962217926979065
  },
  "postprocessed": {},
  "finetuned": {
    "epoch_1": {
      "ndcg": 0.05316583067178726,
      "jsd": 0.21491971611976624,
      "ndcg_usergroup_1": 0.10865742713212967,
      "jsd_usergroup_1": 0.18165940046310425,
      "ndcg_usergroup_2": 0.04228544607758522,
      "jsd_usergroup_2": 0.20545770227909088,
      "ndcg_usergroup_3": 0.03031182289123535,
      "jsd_usergroup_3": 0.27656301856040955
    },
    "epoch_2": {
      "ndcg": 0.048761576414108276,
      "jsd": 0.2038584202528,
      "ndcg_usergroup_1": 0.0994909480214119,
      "jsd_usergroup_1": 0.16980166733264923,
      "ndcg_usergroup_2": 0.038321591913700104,
      "jsd_usergroup_2": 0.1960594207048416,
      "ndcg_usergroup_3": 0.02934875525534153,
      "jsd_usergroup_3": 0.2613097131252289
    },
    "epoch_3": {
      "ndcg": 0.044794343411922455,
      "jsd": 0.19997157156467438,
      "ndcg_usergroup_1": 0.09103698283433914,
      "jsd_usergroup_1": 0.1700020730495453,
      "ndcg_usergroup_2": 0.035049621015787125,
      "jsd_usergroup_2": 0.1932959258556366,
      "ndcg_usergroup_3": 0.027782680466771126,
      "jsd_usergroup_3": 0.2499658614397049
    },
    "epoch_4": {
      "ndcg": 0.04100988805294037,
      "jsd": 0.19846168160438538,
      "ndcg_usergroup_1": 0.08409011363983154,
      "jsd_usergroup_1": 0.17339350283145905,
      "ndcg_usergroup_2": 0.03162259981036186,
      "jsd_usergroup_2": 0.1927148401737213,
      "ndcg_usergroup_3": 0.02608845755457878,
      "jsd_usergroup_3": 0.24076856672763824
    },
    "epoch_5": {
      "ndcg": 0.03845638036727905,
      "jsd": 0.1977219134569168,
      "ndcg_usergroup_1": 0.07929958403110504,
      "jsd_usergroup_1": 0.17909733951091766,
      "ndcg_usergroup_2": 0.02948959358036518,
      "jsd_usergroup_2": 0.19214825332164764,
      "ndcg_usergroup_3": 0.024510618299245834,
      "jsd_usergroup_3": 0.23306570947170258
    }
  }
}