{
  "base_recommendations": {
    "ndcg": 0.05619301646947861,
    "jsd": 0.23943403363227844,
    "ndcg_usergroup_1": 0.1154973953962326,
    "jsd_usergroup_1": 0.21157853305339813,
    "ndcg_usergroup_2": 0.04497496411204338,
    "jsd_usergroup_2": 0.2297888845205307,
    "ndcg_usergroup_3": 0.030539143830537796,
    "jsd_usergroup_3": 0.2962217926979065
  },
  "postprocessed": {},
  "finetuned": {
    "epoch_1": {
      "ndcg": 0.037174999713897705,
      "jsd": 0.21472293138504028,
      "ndcg_usergroup_1": 0.07502301782369614,
      "jsd_usergroup_1": 0.19047604501247406,
      "ndcg_usergroup_2": 0.028687750920653343,
      "jsd_usergroup_2": 0.20951862633228302,
      "ndcg_usergroup_3": 0.02478594332933426,
      "jsd_usergroup_3": 0.2545810043811798
    }
  }
}