{
  "base_recommendations": {
    "ndcg": 0.05619301646947861,
    "jsd": 0.23943403363227844,
    "ndcg_usergroup_1": 0.1154973953962326,
    "jsd_usergroup_1": 0.21157853305339813,
    "ndcg_usergroup_2": 0.04497496411204338,
    "jsd_usergroup_2": 0.2297888845205307,
    "ndcg_usergroup_3": 0.030539143830537796,
    "jsd_usergroup_3": 0.2962217926979065
  },
  "postprocessed": {},
  "finetuned": {
    "epoch_1": {
      "ndcg": 0.04712492972612381,
      "jsd": 0.20537053048610687,
      "ndcg_usergroup_1": 0.09638001024723053,
      "jsd_usergroup_1": 0.16819019615650177,
      "ndcg_usergroup_2": 0.0370231531560421,
      "jsd_usergroup_2": 0.19897495210170746,
      "ndcg_usergroup_3": 0.028171880170702934,
      "jsd_usergroup_3": 0.26173558831214905
    }
  }
}