{
  "base_recommendations": {
    "ndcg": 0.05619301646947861,
    "jsd": 0.23943403363227844,
    "ndcg_usergroup_1": 0.1154973953962326,
    "jsd_usergroup_1": 0.21157853305339813,
    "ndcg_usergroup_2": 0.04497496411204338,
    "jsd_usergroup_2": 0.2297888845205307,
    "ndcg_usergroup_3": 0.030539143830537796,
    "jsd_usergroup_3": 0.2962217926979065
  },
  "postprocessed": {},
  "finetuned": {
    "epoch_1": {
      "ndcg": 0.04055331274867058,
      "jsd": 0.13438907265663147,
      "ndcg_usergroup_1": 0.07255086302757263,
      "jsd_usergroup_1": 0.11646752059459686,
      "ndcg_usergroup_2": 0.0356452539563179,
      "jsd_usergroup_2": 0.13810209929943085,
      "ndcg_usergroup_3": 0.02327832765877247,
      "jsd_usergroup_3": 0.14117273688316345
    },
    "epoch_2": {
      "ndcg": 0.041389890015125275,
      "jsd": 0.0916062667965889,
      "ndcg_usergroup_1": 0.07782508432865143,
      "jsd_usergroup_1": 0.07905998826026917,
      "ndcg_usergroup_2": 0.03650259971618652,
      "jsd_usergroup_2": 0.09338690340518951,
      "ndcg_usergroup_3": 0.019614974036812782,
      "jsd_usergroup_3": 0.09881123900413513
    },
    "epoch_3": {
      "ndcg": 0.04241713136434555,
      "jsd": 0.07115548849105835,
      "ndcg_usergroup_1": 0.0806783139705658,
      "jsd_usergroup_1": 0.06620977818965912,
      "ndcg_usergroup_2": 0.036732837557792664,
      "jsd_usergroup_2": 0.0684797391295433,
      "ndcg_usergroup_3": 0.021206989884376526,
      "jsd_usergroup_3": 0.08412755280733109
    }
  }
}