{
  "base_recommendations": {
    "ndcg": 0.05619301646947861,
    "jsd": 0.23943403363227844,
    "ndcg_usergroup_1": 0.1154973953962326,
    "jsd_usergroup_1": 0.21157853305339813,
    "ndcg_usergroup_2": 0.04497496411204338,
    "jsd_usergroup_2": 0.2297888845205307,
    "ndcg_usergroup_3": 0.030539143830537796,
    "jsd_usergroup_3": 0.2962217926979065
  },
  "postprocessed": {},
  "finetuned": {
    "epoch_1": {
      "ndcg": 0.05373769998550415,
      "jsd": 0.21698634326457977,
      "ndcg_usergroup_1": 0.11053932458162308,
      "jsd_usergroup_1": 0.18428871035575867,
      "ndcg_usergroup_2": 0.042609840631484985,
      "jsd_usergroup_2": 0.2075648009777069,
      "ndcg_usergroup_3": 0.03031603805720806,
      "jsd_usergroup_3": 0.27794551849365234
    },
    "epoch_2": {
      "ndcg": 0.05055556818842888,
      "jsd": 0.2025500386953354,
      "ndcg_usergroup_1": 0.10381238162517548,
      "jsd_usergroup_1": 0.16752730309963226,
      "ndcg_usergroup_2": 0.03979020565748215,
      "jsd_usergroup_2": 0.19458289444446564,
      "ndcg_usergroup_3": 0.029591349884867668,
      "jsd_usergroup_3": 0.26147159934043884
    },
    "epoch_3": {
      "ndcg": 0.047542404383420944,
      "jsd": 0.19367007911205292,
      "ndcg_usergroup_1": 0.097050741314888,
      "jsd_usergroup_1": 0.16027678549289703,
      "ndcg_usergroup_2": 0.03738689050078392,
      "jsd_usergroup_2": 0.18693730235099792,
      "ndcg_usergroup_3": 0.02849728986620903,
      "jsd_usergroup_3": 0.2472594678401947
    },
    "epoch_4": {
      "ndcg": 0.04501647502183914,
      "jsd": 0.18883544206619263,
      "ndcg_usergroup_1": 0.09251929819583893,
      "jsd_usergroup_1": 0.15910916030406952,
      "ndcg_usergroup_2": 0.03508398309350014,
      "jsd_usergroup_2": 0.18288405239582062,
      "ndcg_usergroup_3": 0.02730787917971611,
      "jsd_usergroup_3": 0.23641403019428253
    },
    "epoch_5": {
      "ndcg": 0.042774297297000885,
      "jsd": 0.18403832614421844,
      "ndcg_usergroup_1": 0.08764301240444183,
      "jsd_usergroup_1": 0.15718397498130798,
      "ndcg_usergroup_2": 0.03333578258752823,
      "jsd_usergroup_2": 0.17857451736927032,
      "ndcg_usergroup_3": 0.026218047365546227,
      "jsd_usergroup_3": 0.2272823601961136
    },
    "epoch_6": {
      "ndcg": 0.0408768504858017,
      "jsd": 0.18029773235321045,
      "ndcg_usergroup_1": 0.08311939984560013,
      "jsd_usergroup_1": 0.15547072887420654,
      "ndcg_usergroup_2": 0.03202411159873009,
      "jsd_usergroup_2": 0.17536930739879608,
      "ndcg_usergroup_3": 0.025189649313688278,
      "jsd_usergroup_3": 0.21990835666656494
    },
    "epoch_7": {
      "ndcg": 0.03962193801999092,
      "jsd": 0.17696036398410797,
      "ndcg_usergroup_1": 0.08070588856935501,
      "jsd_usergroup_1": 0.1539347767829895,
      "ndcg_usergroup_2": 0.03088781051337719,
      "jsd_usergroup_2": 0.17234286665916443,
      "ndcg_usergroup_3": 0.024737542495131493,
      "jsd_usergroup_3": 0.2138368785381317
    },
    "epoch_8": {
      "ndcg": 0.03860070928931236,
      "jsd": 0.1747075468301773,
      "ndcg_usergroup_1": 0.0786326602101326,
      "jsd_usergroup_1": 0.1531861275434494,
      "ndcg_usergroup_2": 0.03012065403163433,
      "jsd_usergroup_2": 0.17057009041309357,
      "ndcg_usergroup_3": 0.02400616556406021,
      "jsd_usergroup_3": 0.2086399644613266
    }
  }
}