{
  "base_recommendations": {
    "ndcg": 0.05619301646947861,
    "jsd": 0.23943403363227844,
    "ndcg_usergroup_1": 0.1154973953962326,
    "jsd_usergroup_1": 0.21157853305339813,
    "ndcg_usergroup_2": 0.04497496411204338,
    "jsd_usergroup_2": 0.2297888845205307,
    "ndcg_usergroup_3": 0.030539143830537796,
    "jsd_usergroup_3": 0.2962217926979065
  },
  "postprocessed": {},
  "finetuned": {
    "epoch_1": {
      "ndcg": 0.052067991346120834,
      "jsd": 0.20975610613822937,
      "ndcg_usergroup_1": 0.10613122582435608,
      "jsd_usergroup_1": 0.17562627792358398,
      "ndcg_usergroup_2": 0.04134353995323181,
      "jsd_usergroup_2": 0.20006108283996582,
      "ndcg_usergroup_3": 0.030174607411026955,
      "jsd_usergroup_3": 0.2729678750038147
    },
    "epoch_2": {
      "ndcg": 0.04627460613846779,
      "jsd": 0.1971086710691452,
      "ndcg_usergroup_1": 0.09260886907577515,
      "jsd_usergroup_1": 0.16445036232471466,
      "ndcg_usergroup_2": 0.036736056208610535,
      "jsd_usergroup_2": 0.18884414434432983,
      "ndcg_usergroup_3": 0.028552910313010216,
      "jsd_usergroup_3": 0.25455787777900696
    },
    "epoch_3": {
      "ndcg": 0.041309431195259094,
      "jsd": 0.1928914338350296,
      "ndcg_usergroup_1": 0.08194895088672638,
      "jsd_usergroup_1": 0.16595478355884552,
      "ndcg_usergroup_2": 0.03252434358000755,
      "jsd_usergroup_2": 0.18569403886795044,
      "ndcg_usergroup_3": 0.02702229842543602,
      "jsd_usergroup_3": 0.24141791462898254
    },
    "epoch_4": {
      "ndcg": 0.03794275224208832,
      "jsd": 0.19059167802333832,
      "ndcg_usergroup_1": 0.07615137845277786,
      "jsd_usergroup_1": 0.17047683894634247,
      "ndcg_usergroup_2": 0.029432043433189392,
      "jsd_usergroup_2": 0.1836565136909485,
      "ndcg_usergroup_3": 0.025263486430048943,
      "jsd_usergroup_3": 0.23150967061519623
    }
  }
}