{"base_recommendations": {"ndcg": 0.05619301646947861, "jsd": 0.23943403363227844}, "postprocessed": {}, "finetuned": {"epoch_1": {"ndcg": 0.033443253487348557, "jsd": 0.12086909264326096}, "epoch_2": {"ndcg": 0.039669111371040344, "jsd": 0.11411583423614502}, "epoch_3": {"ndcg": 0.04711173474788666, "jsd": 0.1277681142091751}}}