{"base_recommendations": {"ndcg": 0.05619301646947861, "jsd": 0.23943403363227844}, "postprocessed": {}, "finetuned": {"epoch_1": {"ndcg": 0.04403906688094139, "jsd": 0.17669397592544556}, "epoch_2": {"ndcg": 0.03541577234864235, "jsd": 0.1390617936849594}, "epoch_3": {"ndcg": 0.032553527504205704, "jsd": 0.11610428988933563}, "epoch_4": {"ndcg": 0.032978784292936325, "jsd": 0.10722004622220993}, "epoch_5": {"ndcg": 0.03478747978806496, "jsd": 0.10578793287277222}, "epoch_6": {"ndcg": 0.03659979626536369, "jsd": 0.10654675215482712}, "epoch_7": {"ndcg": 0.03833112120628357, "jsd": 0.10692858695983887}, "epoch_8": {"ndcg": 0.04006665199995041, "jsd": 0.1070028692483902}, "epoch_9": {"ndcg": 0.04188840091228485, "jsd": 0.10626449435949326}, "epoch_10": {"ndcg": 0.04285314306616783, "jsd": 0.10414744913578033}}}