{
  "base_recommendations": {
    "ndcg": 0.05619301646947861,
    "jsd": 0.23943403363227844,
    "ndcg_usergroup_1": 0.1154973953962326,
    "jsd_usergroup_1": 0.21157853305339813,
    "ndcg_usergroup_2": 0.04497496411204338,
    "jsd_usergroup_2": 0.2297888845205307,
    "ndcg_usergroup_3": 0.030539143830537796,
    "jsd_usergroup_3": 0.2962217926979065
  },
  "postprocessed": {},
  "finetuned": {
    "epoch_1": {
      "ndcg": 0.05367846041917801,
      "jsd": 0.21158094704151154,
      "ndcg_usergroup_1": 0.1099281758069992,
      "jsd_usergroup_1": 0.17680616676807404,
      "ndcg_usergroup_2": 0.04265150800347328,
      "jsd_usergroup_2": 0.20183958113193512,
      "ndcg_usergroup_3": 0.030506011098623276,
      "jsd_usergroup_3": 0.2755766212940216
    },
    "epoch_2": {
      "ndcg": 0.0499831959605217,
      "jsd": 0.1951022744178772,
      "ndcg_usergroup_1": 0.10167944431304932,
      "jsd_usergroup_1": 0.15808479487895966,
      "ndcg_usergroup_2": 0.03953704610466957,
      "jsd_usergroup_2": 0.18688347935676575,
      "ndcg_usergroup_3": 0.029621992260217667,
      "jsd_usergroup_3": 0.256773442029953
    },
    "epoch_3": {
      "ndcg": 0.04668711498379707,
      "jsd": 0.18563520908355713,
      "ndcg_usergroup_1": 0.09421545267105103,
      "jsd_usergroup_1": 0.15169201791286469,
      "ndcg_usergroup_2": 0.03689064085483551,
      "jsd_usergroup_2": 0.17842531204223633,
      "ndcg_usergroup_3": 0.028544992208480835,
      "jsd_usergroup_3": 0.24120575189590454
    },
    "epoch_4": {
      "ndcg": 0.04416412487626076,
      "jsd": 0.18018212914466858,
      "ndcg_usergroup_1": 0.08912316709756851,
      "jsd_usergroup_1": 0.15002597868442535,
      "ndcg_usergroup_2": 0.03483490273356438,
      "jsd_usergroup_2": 0.1738215982913971,
      "ndcg_usergroup_3": 0.027189716696739197,
      "jsd_usergroup_3": 0.22941778600215912
    },
    "epoch_5": {
      "ndcg": 0.042046919465065,
      "jsd": 0.1743093729019165,
      "ndcg_usergroup_1": 0.08488830924034119,
      "jsd_usergroup_1": 0.14613604545593262,
      "ndcg_usergroup_2": 0.03304204344749451,
      "jsd_usergroup_2": 0.16847366094589233,
      "ndcg_usergroup_3": 0.026217199862003326,
      "jsd_usergroup_3": 0.2199878990650177
    },
    "epoch_6": {
      "ndcg": 0.04035956785082817,
      "jsd": 0.17078910768032074,
      "ndcg_usergroup_1": 0.08152282983064651,
      "jsd_usergroup_1": 0.14429017901420593,
      "ndcg_usergroup_2": 0.03161458671092987,
      "jsd_usergroup_2": 0.1659514456987381,
      "ndcg_usergroup_3": 0.025428393855690956,
      "jsd_usergroup_3": 0.21179956197738647
    },
    "epoch_7": {
      "ndcg": 0.039048049598932266,
      "jsd": 0.16649241745471954,
      "ndcg_usergroup_1": 0.07860146462917328,
      "jsd_usergroup_1": 0.14058420062065125,
      "ndcg_usergroup_2": 0.03069411963224411,
      "jsd_usergroup_2": 0.16219660639762878,
      "ndcg_usergroup_3": 0.024553708732128143,
      "jsd_usergroup_3": 0.2052866816520691
    },
    "epoch_8": {
      "ndcg": 0.03812132775783539,
      "jsd": 0.16301153600215912,
      "ndcg_usergroup_1": 0.07704853266477585,
      "jsd_usergroup_1": 0.13773564994335175,
      "ndcg_usergroup_2": 0.02989802323281765,
      "jsd_usergroup_2": 0.1591057926416397,
      "ndcg_usergroup_3": 0.0238613523542881,
      "jsd_usergroup_3": 0.20000343024730682
    }
  }
}