{"base_recommendations": {"ndcg": 0.05619301646947861, "jsd": 0.23943403363227844}, "postprocessed": {}, "finetuned": {"epoch_1": {"ndcg": 0.02900749444961548, "jsd": 0.11934413015842438}, "epoch_2": {"ndcg": 0.03842708468437195, "jsd": 0.14164814352989197}, "epoch_3": {"ndcg": 0.03475608676671982, "jsd": 0.12450800836086273}}}