{
  "base_recommendations": {
    "ndcg": 0.05619301646947861,
    "jsd": 0.23943403363227844,
    "ndcg_usergroup_1": 0.1154973953962326,
    "jsd_usergroup_1": 0.21157853305339813,
    "ndcg_usergroup_2": 0.04497496411204338,
    "jsd_usergroup_2": 0.2297888845205307,
    "ndcg_usergroup_3": 0.030539143830537796,
    "jsd_usergroup_3": 0.2962217926979065
  },
  "postprocessed": {},
  "finetuned": {
    "epoch_1": {
      "ndcg": 0.037445493042469025,
      "jsd": 0.19165687263011932,
      "ndcg_usergroup_1": 0.0753278136253357,
      "jsd_usergroup_1": 0.1692584902048111,
      "ndcg_usergroup_2": 0.029030099511146545,
      "jsd_usergroup_2": 0.1848096251487732,
      "ndcg_usergroup_3": 0.024806596338748932,
      "jsd_usergroup_3": 0.23459480702877045
    }
  }
}