{
  "base_recommendations": {
    "ndcg": 0.05619301646947861,
    "jsd": 0.23943403363227844,
    "ndcg_usergroup_1": 0.1154973953962326,
    "jsd_usergroup_1": 0.21157853305339813,
    "ndcg_usergroup_2": 0.04497496411204338,
    "jsd_usergroup_2": 0.2297888845205307,
    "ndcg_usergroup_3": 0.030539143830537796,
    "jsd_usergroup_3": 0.2962217926979065
  },
  "postprocessed": {},
  "finetuned": {
    "epoch_1": {
      "ndcg": 0.05441820248961449,
      "jsd": 0.21596013009548187,
      "ndcg_usergroup_1": 0.1111331582069397,
      "jsd_usergroup_1": 0.1820170283317566,
      "ndcg_usergroup_2": 0.04345960542559624,
      "jsd_usergroup_2": 0.2059052735567093,
      "ndcg_usergroup_3": 0.030575454235076904,
      "jsd_usergroup_3": 0.28006455302238464
    },
    "epoch_2": {
      "ndcg": 0.051486264914274216,
      "jsd": 0.19878539443016052,
      "ndcg_usergroup_1": 0.10424765199422836,
      "jsd_usergroup_1": 0.16044597327709198,
      "ndcg_usergroup_2": 0.041079554706811905,
      "jsd_usergroup_2": 0.1895822286605835,
      "ndcg_usergroup_3": 0.0299416221678257,
      "jsd_usergroup_3": 0.2647312581539154
    },
    "epoch_3": {
      "ndcg": 0.04881754145026207,
      "jsd": 0.18801912665367126,
      "ndcg_usergroup_1": 0.0980374664068222,
      "jsd_usergroup_1": 0.14812561869621277,
      "ndcg_usergroup_2": 0.03885094076395035,
      "jsd_usergroup_2": 0.17996086180210114,
      "ndcg_usergroup_3": 0.029494168236851692,
      "jsd_usergroup_3": 0.25208479166030884
    },
    "epoch_4": {
      "ndcg": 0.04641256108880043,
      "jsd": 0.18058699369430542,
      "ndcg_usergroup_1": 0.0918126106262207,
      "jsd_usergroup_1": 0.14125177264213562,
      "ndcg_usergroup_2": 0.03709488362073898,
      "jsd_usergroup_2": 0.17359252274036407,
      "ndcg_usergroup_3": 0.028962519019842148,
      "jsd_usergroup_3": 0.2409033328294754
    },
    "epoch_5": {
      "ndcg": 0.04477235674858093,
      "jsd": 0.17482146620750427,
      "ndcg_usergroup_1": 0.08820176869630814,
      "jsd_usergroup_1": 0.13741227984428406,
      "ndcg_usergroup_2": 0.03587145730853081,
      "jsd_usergroup_2": 0.1683705449104309,
      "ndcg_usergroup_3": 0.028042763471603394,
      "jsd_usergroup_3": 0.23158128559589386
    },
    "epoch_6": {
      "ndcg": 0.0435185581445694,
      "jsd": 0.1701892465353012,
      "ndcg_usergroup_1": 0.08498304337263107,
      "jsd_usergroup_1": 0.13464891910552979,
      "ndcg_usergroup_2": 0.03510107100009918,
      "jsd_usergroup_2": 0.1643521785736084,
      "ndcg_usergroup_3": 0.027303796261548996,
      "jsd_usergroup_3": 0.22323890030384064
    },
    "epoch_7": {
      "ndcg": 0.042327046394348145,
      "jsd": 0.166259765625,
      "ndcg_usergroup_1": 0.08223666250705719,
      "jsd_usergroup_1": 0.13229520618915558,
      "ndcg_usergroup_2": 0.03426343947649002,
      "jsd_usergroup_2": 0.16084642708301544,
      "ndcg_usergroup_3": 0.02660561166703701,
      "jsd_usergroup_3": 0.21646250784397125
    },
    "epoch_8": {
      "ndcg": 0.041485175490379333,
      "jsd": 0.1624109148979187,
      "ndcg_usergroup_1": 0.08037407696247101,
      "jsd_usergroup_1": 0.12936052680015564,
      "ndcg_usergroup_2": 0.03356032073497772,
      "jsd_usergroup_2": 0.15727396309375763,
      "ndcg_usergroup_3": 0.02636825293302536,
      "jsd_usergroup_3": 0.21087051928043365
    },
    "epoch_9": {
      "ndcg": 0.0408993735909462,
      "jsd": 0.15913955867290497,
      "ndcg_usergroup_1": 0.07946063578128815,
      "jsd_usergroup_1": 0.1269574612379074,
      "ndcg_usergroup_2": 0.0330476313829422,
      "jsd_usergroup_2": 0.15435530245304108,
      "ndcg_usergroup_3": 0.025890778750181198,
      "jsd_usergroup_3": 0.20567287504673004
    },
    "epoch_10": {
      "ndcg": 0.04015076532959938,
      "jsd": 0.15619730949401855,
      "ndcg_usergroup_1": 0.0778106153011322,
      "jsd_usergroup_1": 0.12449204176664352,
      "ndcg_usergroup_2": 0.03252795338630676,
      "jsd_usergroup_2": 0.15169765055179596,
      "ndcg_usergroup_3": 0.025356870144605637,
      "jsd_usergroup_3": 0.2014000564813614
    },
    "epoch_11": {
      "ndcg": 0.039623044431209564,
      "jsd": 0.15342456102371216,
      "ndcg_usergroup_1": 0.07723911851644516,
      "jsd_usergroup_1": 0.12170824408531189,
      "ndcg_usergroup_2": 0.032019492238759995,
      "jsd_usergroup_2": 0.1491260975599289,
      "ndcg_usergroup_3": 0.024815119802951813,
      "jsd_usergroup_3": 0.1980348825454712
    },
    "epoch_12": {
      "ndcg": 0.03900720924139023,
      "jsd": 0.15076105296611786,
      "ndcg_usergroup_1": 0.07560666650533676,
      "jsd_usergroup_1": 0.11969535052776337,
      "ndcg_usergroup_2": 0.03166513890028,
      "jsd_usergroup_2": 0.1469341516494751,
      "ndcg_usergroup_3": 0.024431565776467323,
      "jsd_usergroup_3": 0.19330622255802155
    },
    "epoch_13": {
      "ndcg": 0.03873932361602783,
      "jsd": 0.14853984117507935,
      "ndcg_usergroup_1": 0.07531755417585373,
      "jsd_usergroup_1": 0.11745093017816544,
      "ndcg_usergroup_2": 0.031427688896656036,
      "jsd_usergroup_2": 0.14506381750106812,
      "ndcg_usergroup_3": 0.024093611165881157,
      "jsd_usergroup_3": 0.1900557279586792
    }
  }
}