{"base_recommendations": {"ndcg": 0.05619301646947861, "jsd": 0.23943403363227844}, "postprocessed": {}, "finetuned": {"epoch_1": {"ndcg": 0.04338453337550163, "jsd": 0.17167781293392181}, "epoch_2": {"ndcg": 0.035464685410261154, "jsd": 0.12906433641910553}, "epoch_3": {"ndcg": 0.033047258853912354, "jsd": 0.1070200577378273}, "epoch_4": {"ndcg": 0.03284919634461403, "jsd": 0.10137637704610825}, "epoch_5": {"ndcg": 0.0329284630715847, "jsd": 0.09983561187982559}, "epoch_6": {"ndcg": 0.033591534942388535, "jsd": 0.10088155418634415}, "epoch_7": {"ndcg": 0.03434628248214722, "jsd": 0.10190510004758835}, "epoch_8": {"ndcg": 0.03515920415520668, "jsd": 0.10166604816913605}, "epoch_9": {"ndcg": 0.03542085736989975, "jsd": 0.09974845498800278}, "epoch_10": {"ndcg": 0.035592082887887955, "jsd": 0.09859278053045273}, "epoch_11": {"ndcg": 0.03674108907580376, "jsd": 0.09650395065546036}, "epoch_12": {"ndcg": 0.03759124502539635, "jsd": 0.09405839443206787}, "epoch_13": {"ndcg": 0.03789897263050079, "jsd": 0.08945276588201523}, "epoch_14": {"ndcg": 0.0389564149081707, "jsd": 0.09119798243045807}, "epoch_15": {"ndcg": 0.039932362735271454, "jsd": 0.0888083428144455}, "epoch_16": {"ndcg": 0.04051476716995239, "jsd": 0.08691788464784622}, "epoch_17": {"ndcg": 0.04177386686205864, "jsd": 0.0874425619840622}}}