{
  "base_recommendations": {
    "ndcg": 0.05619301646947861,
    "jsd": 0.23943403363227844,
    "ndcg_usergroup_1": 0.1154973953962326,
    "jsd_usergroup_1": 0.21157853305339813,
    "ndcg_usergroup_2": 0.04497496411204338,
    "jsd_usergroup_2": 0.2297888845205307,
    "ndcg_usergroup_3": 0.030539143830537796,
    "jsd_usergroup_3": 0.2962217926979065
  },
  "postprocessed": {},
  "finetuned": {
    "epoch_1": {
      "ndcg": 0.04171355068683624,
      "jsd": 0.14136403799057007,
      "ndcg_usergroup_1": 0.07430553436279297,
      "jsd_usergroup_1": 0.12170116603374481,
      "ndcg_usergroup_2": 0.036203283816576004,
      "jsd_usergroup_2": 0.14061105251312256,
      "ndcg_usergroup_3": 0.025650549679994583,
      "jsd_usergroup_3": 0.16328570246696472
    },
    "epoch_2": {
      "ndcg": 0.03927074372768402,
      "jsd": 0.09706023335456848,
      "ndcg_usergroup_1": 0.0661524161696434,
      "jsd_usergroup_1": 0.08550792187452316,
      "ndcg_usergroup_2": 0.03610853850841522,
      "jsd_usergroup_2": 0.09782709926366806,
      "ndcg_usergroup_3": 0.02187463454902172,
      "jsd_usergroup_3": 0.10631223767995834
    },
    "epoch_3": {
      "ndcg": 0.03543156012892723,
      "jsd": 0.07491689920425415,
      "ndcg_usergroup_1": 0.061010077595710754,
      "jsd_usergroup_1": 0.0772654190659523,
      "ndcg_usergroup_2": 0.03169168531894684,
      "jsd_usergroup_2": 0.07383961975574493,
      "ndcg_usergroup_3": 0.02107144333422184,
      "jsd_usergroup_3": 0.07579988241195679
    },
    "epoch_4": {
      "ndcg": 0.03354566916823387,
      "jsd": 0.06792425364255905,
      "ndcg_usergroup_1": 0.05970297381281853,
      "jsd_usergroup_1": 0.06770466268062592,
      "ndcg_usergroup_2": 0.029465923085808754,
      "jsd_usergroup_2": 0.06464309245347977,
      "ndcg_usergroup_3": 0.019626259803771973,
      "jsd_usergroup_3": 0.07798627763986588
    }
  }
}