{
  "base_recommendations": {
    "ndcg": 0.05619301646947861,
    "jsd": 0.23943403363227844,
    "ndcg_usergroup_1": 0.1154973953962326,
    "jsd_usergroup_1": 0.21157853305339813,
    "ndcg_usergroup_2": 0.04497496411204338,
    "jsd_usergroup_2": 0.2297888845205307,
    "ndcg_usergroup_3": 0.030539143830537796,
    "jsd_usergroup_3": 0.2962217926979065
  },
  "postprocessed": {},
  "finetuned": {
    "epoch_1": {
      "ndcg": 0.05180417373776436,
      "jsd": 0.206666499376297,
      "ndcg_usergroup_1": 0.1056036725640297,
      "jsd_usergroup_1": 0.17217133939266205,
      "ndcg_usergroup_2": 0.041129257529973984,
      "jsd_usergroup_2": 0.19679132103919983,
      "ndcg_usergroup_3": 0.030025945976376534,
      "jsd_usergroup_3": 0.27078408002853394
    },
    "epoch_2": {
      "ndcg": 0.04595986753702164,
      "jsd": 0.1916993111371994,
      "ndcg_usergroup_1": 0.09224220365285873,
      "jsd_usergroup_1": 0.1603717803955078,
      "ndcg_usergroup_2": 0.03632119670510292,
      "jsd_usergroup_2": 0.1830599457025528,
      "ndcg_usergroup_3": 0.028590379282832146,
      "jsd_usergroup_3": 0.24894218146800995
    },
    "epoch_3": {
      "ndcg": 0.04127522557973862,
      "jsd": 0.18646900355815887,
      "ndcg_usergroup_1": 0.08269525319337845,
      "jsd_usergroup_1": 0.1629461944103241,
      "ndcg_usergroup_2": 0.03236561641097069,
      "jsd_usergroup_2": 0.1785031408071518,
      "ndcg_usergroup_3": 0.02658112905919552,
      "jsd_usergroup_3": 0.23388682305812836
    }
  }
}