{
  "base_recommendations": {
    "ndcg": 0.05619301646947861,
    "jsd": 0.23943403363227844,
    "ndcg_usergroup_1": 0.1154973953962326,
    "jsd_usergroup_1": 0.21157853305339813,
    "ndcg_usergroup_2": 0.04497496411204338,
    "jsd_usergroup_2": 0.2297888845205307,
    "ndcg_usergroup_3": 0.030539143830537796,
    "jsd_usergroup_3": 0.2962217926979065
  },
  "postprocessed": {},
  "finetuned": {
    "epoch_1": {
      "ndcg": 0.04713895171880722,
      "jsd": 0.18127405643463135,
      "ndcg_usergroup_1": 0.09377875924110413,
      "jsd_usergroup_1": 0.15401741862297058,
      "ndcg_usergroup_2": 0.0381704643368721,
      "jsd_usergroup_2": 0.17729352414608002,
      "ndcg_usergroup_3": 0.027401695027947426,
      "jsd_usergroup_3": 0.22047093510627747
    },
    "epoch_2": {
      "ndcg": 0.03869606554508209,
      "jsd": 0.13549953699111938,
      "ndcg_usergroup_1": 0.07515961676836014,
      "jsd_usergroup_1": 0.1259901076555252,
      "ndcg_usergroup_2": 0.03215530142188072,
      "jsd_usergroup_2": 0.1394394189119339,
      "ndcg_usergroup_3": 0.02185264602303505,
      "jsd_usergroup_3": 0.1331905871629715
    },
    "epoch_3": {
      "ndcg": 0.034185465425252914,
      "jsd": 0.10294712334871292,
      "ndcg_usergroup_1": 0.06677725911140442,
      "jsd_usergroup_1": 0.10341475903987885,
      "ndcg_usergroup_2": 0.029054496437311172,
      "jsd_usergroup_2": 0.10898545384407043,
      "ndcg_usergroup_3": 0.01698492094874382,
      "jsd_usergroup_3": 0.08436644077301025
    },
    "epoch_4": {
      "ndcg": 0.03219533711671829,
      "jsd": 0.08781815320253372,
      "ndcg_usergroup_1": 0.06271620094776154,
      "jsd_usergroup_1": 0.0908908024430275,
      "ndcg_usergroup_2": 0.027454817667603493,
      "jsd_usergroup_2": 0.09187467396259308,
      "ndcg_usergroup_3": 0.015894493088126183,
      "jsd_usergroup_3": 0.07257728278636932
    },
    "epoch_5": {
      "ndcg": 0.031903453171253204,
      "jsd": 0.08108245581388474,
      "ndcg_usergroup_1": 0.062253355979919434,
      "jsd_usergroup_1": 0.08300986886024475,
      "ndcg_usergroup_2": 0.027100663632154465,
      "jsd_usergroup_2": 0.08310842514038086,
      "ndcg_usergroup_3": 0.015960361808538437,
      "jsd_usergroup_3": 0.07307782024145126
    },
    "epoch_6": {
      "ndcg": 0.03147490322589874,
      "jsd": 0.07641749083995819,
      "ndcg_usergroup_1": 0.061081498861312866,
      "jsd_usergroup_1": 0.07745205610990524,
      "ndcg_usergroup_2": 0.0266482625156641,
      "jsd_usergroup_2": 0.07711509615182877,
      "ndcg_usergroup_3": 0.016346655786037445,
      "jsd_usergroup_3": 0.07329032570123672
    },
    "epoch_7": {
      "ndcg": 0.03152850642800331,
      "jsd": 0.07404634356498718,
      "ndcg_usergroup_1": 0.06050524115562439,
      "jsd_usergroup_1": 0.07502049207687378,
      "ndcg_usergroup_2": 0.02691018581390381,
      "jsd_usergroup_2": 0.07351319491863251,
      "ndcg_usergroup_3": 0.016405226662755013,
      "jsd_usergroup_3": 0.07467147707939148
    },
    "epoch_8": {
      "ndcg": 0.03177419304847717,
      "jsd": 0.0727088451385498,
      "ndcg_usergroup_1": 0.06151099503040314,
      "jsd_usergroup_1": 0.0719401091337204,
      "ndcg_usergroup_2": 0.026850562542676926,
      "jsd_usergroup_2": 0.07196743786334991,
      "ndcg_usergroup_3": 0.01680668815970421,
      "jsd_usergroup_3": 0.07570158690214157
    },
    "epoch_9": {
      "ndcg": 0.03246477618813515,
      "jsd": 0.07103725522756577,
      "ndcg_usergroup_1": 0.06247078627347946,
      "jsd_usergroup_1": 0.06874708831310272,
      "ndcg_usergroup_2": 0.027555402368307114,
      "jsd_usergroup_2": 0.06957759708166122,
      "ndcg_usergroup_3": 0.01718529686331749,
      "jsd_usergroup_3": 0.07770593464374542
    },
    "epoch_10": {
      "ndcg": 0.03315937891602516,
      "jsd": 0.06969445198774338,
      "ndcg_usergroup_1": 0.06309439986944199,
      "jsd_usergroup_1": 0.06614555418491364,
      "ndcg_usergroup_2": 0.028148973360657692,
      "jsd_usergroup_2": 0.0677160695195198,
      "ndcg_usergroup_3": 0.018253931775689125,
      "jsd_usergroup_3": 0.0791778415441513
    },
    "epoch_11": {
      "ndcg": 0.033295389264822006,
      "jsd": 0.06809263676404953,
      "ndcg_usergroup_1": 0.06235885992646217,
      "jsd_usergroup_1": 0.06379453092813492,
      "ndcg_usergroup_2": 0.028591671958565712,
      "jsd_usergroup_2": 0.06629441678524017,
      "ndcg_usergroup_3": 0.01834154687821865,
      "jsd_usergroup_3": 0.07778482139110565
    },
    "epoch_12": {
      "ndcg": 0.03390843793749809,
      "jsd": 0.06775202602148056,
      "ndcg_usergroup_1": 0.06363806128501892,
      "jsd_usergroup_1": 0.06325308233499527,
      "ndcg_usergroup_2": 0.02901260182261467,
      "jsd_usergroup_2": 0.0648464784026146,
      "ndcg_usergroup_3": 0.018864741548895836,
      "jsd_usergroup_3": 0.08096666634082794
    },
    "epoch_13": {
      "ndcg": 0.035000331699848175,
      "jsd": 0.0663335993885994,
      "ndcg_usergroup_1": 0.06535020470619202,
      "jsd_usergroup_1": 0.061980608850717545,
      "ndcg_usergroup_2": 0.030153850093483925,
      "jsd_usergroup_2": 0.06379462778568268,
      "ndcg_usergroup_3": 0.019188329577445984,
      "jsd_usergroup_3": 0.07830267399549484
    },
    "epoch_14": {
      "ndcg": 0.03499305620789528,
      "jsd": 0.06624583154916763,
      "ndcg_usergroup_1": 0.06453682482242584,
      "jsd_usergroup_1": 0.061411187052726746,
      "ndcg_usergroup_2": 0.030192196369171143,
      "jsd_usergroup_2": 0.06259451806545258,
      "ndcg_usergroup_3": 0.01985027641057968,
      "jsd_usergroup_3": 0.08203325420618057
    },
    "epoch_15": {
      "ndcg": 0.03596029058098793,
      "jsd": 0.06590226292610168,
      "ndcg_usergroup_1": 0.0662856176495552,
      "jsd_usergroup_1": 0.06146659702062607,
      "ndcg_usergroup_2": 0.031162092462182045,
      "jsd_usergroup_2": 0.06249672546982765,
      "ndcg_usergroup_3": 0.02002798393368721,
      "jsd_usergroup_3": 0.08055341988801956
    },
    "epoch_16": {
      "ndcg": 0.0362389013171196,
      "jsd": 0.06538857519626617,
      "ndcg_usergroup_1": 0.067813441157341,
      "jsd_usergroup_1": 0.06069966405630112,
      "ndcg_usergroup_2": 0.03108312003314495,
      "jsd_usergroup_2": 0.06194305047392845,
      "ndcg_usergroup_3": 0.02013002522289753,
      "jsd_usergroup_3": 0.08041293174028397
    },
    "epoch_17": {
      "ndcg": 0.03716375678777695,
      "jsd": 0.0653141438961029,
      "ndcg_usergroup_1": 0.06982933729887009,
      "jsd_usergroup_1": 0.059736791998147964,
      "ndcg_usergroup_2": 0.03175556659698486,
      "jsd_usergroup_2": 0.06197123974561691,
      "ndcg_usergroup_3": 0.02072097174823284,
      "jsd_usergroup_3": 0.08091913163661957
    },
    "epoch_18": {
      "ndcg": 0.037636566907167435,
      "jsd": 0.06439483910799026,
      "ndcg_usergroup_1": 0.06959892064332962,
      "jsd_usergroup_1": 0.059771664440631866,
      "ndcg_usergroup_2": 0.03252003714442253,
      "jsd_usergroup_2": 0.06095264106988907,
      "ndcg_usergroup_3": 0.021022148430347443,
      "jsd_usergroup_3": 0.07934349030256271
    },
    "epoch_19": {
      "ndcg": 0.03807874768972397,
      "jsd": 0.06443841755390167,
      "ndcg_usergroup_1": 0.0713585838675499,
      "jsd_usergroup_1": 0.05967388674616814,
      "ndcg_usergroup_2": 0.03262218087911606,
      "jsd_usergroup_2": 0.06091348081827164,
      "ndcg_usergroup_3": 0.021166833117604256,
      "jsd_usergroup_3": 0.07977661490440369
    },
    "epoch_20": {
      "ndcg": 0.03861985355615616,
      "jsd": 0.06370116770267487,
      "ndcg_usergroup_1": 0.07243369519710541,
      "jsd_usergroup_1": 0.059677399694919586,
      "ndcg_usergroup_2": 0.033105041831731796,
      "jsd_usergroup_2": 0.060309335589408875,
      "ndcg_usergroup_3": 0.021348614245653152,
      "jsd_usergroup_3": 0.07789931446313858
    }
  }
}