{
  "base_recommendations": {
    "ndcg": 0.05619301646947861,
    "jsd": 0.23943403363227844,
    "ndcg_usergroup_1": 0.1154973953962326,
    "jsd_usergroup_1": 0.21157853305339813,
    "ndcg_usergroup_2": 0.04497496411204338,
    "jsd_usergroup_2": 0.2297888845205307,
    "ndcg_usergroup_3": 0.030539143830537796,
    "jsd_usergroup_3": 0.2962217926979065
  },
  "postprocessed": {},
  "finetuned": {
    "epoch_1": {
      "ndcg": 0.05264300853013992,
      "jsd": 0.20616479218006134,
      "ndcg_usergroup_1": 0.10673435777425766,
      "jsd_usergroup_1": 0.16956369578838348,
      "ndcg_usergroup_2": 0.04212035611271858,
      "jsd_usergroup_2": 0.19601649045944214,
      "ndcg_usergroup_3": 0.03011617437005043,
      "jsd_usergroup_3": 0.2732074558734894
    },
    "epoch_2": {
      "ndcg": 0.047729458659887314,
      "jsd": 0.18792636692523956,
      "ndcg_usergroup_1": 0.09563858062028885,
      "jsd_usergroup_1": 0.15013141930103302,
      "ndcg_usergroup_2": 0.03799914941191673,
      "jsd_usergroup_2": 0.17912492156028748,
      "ndcg_usergroup_3": 0.029008084908127785,
      "jsd_usergroup_3": 0.25212278962135315
    },
    "epoch_3": {
      "ndcg": 0.04414492845535278,
      "jsd": 0.18092598021030426,
      "ndcg_usergroup_1": 0.08844511955976486,
      "jsd_usergroup_1": 0.14991076290607452,
      "ndcg_usergroup_2": 0.03490142151713371,
      "jsd_usergroup_2": 0.1732243299484253,
      "ndcg_usergroup_3": 0.027572251856327057,
      "jsd_usergroup_3": 0.2350436896085739
    },
    "epoch_4": {
      "ndcg": 0.04261306673288345,
      "jsd": 0.17763447761535645,
      "ndcg_usergroup_1": 0.08878422528505325,
      "jsd_usergroup_1": 0.1523633599281311,
      "ndcg_usergroup_2": 0.03276010602712631,
      "jsd_usergroup_2": 0.17066378891468048,
      "ndcg_usergroup_3": 0.025997577235102654,
      "jsd_usergroup_3": 0.22381535172462463
    },
    "epoch_5": {
      "ndcg": 0.04089254140853882,
      "jsd": 0.17464108765125275,
      "ndcg_usergroup_1": 0.08659407496452332,
      "jsd_usergroup_1": 0.15285544097423553,
      "ndcg_usergroup_2": 0.031046535819768906,
      "jsd_usergroup_2": 0.1685066819190979,
      "ndcg_usergroup_3": 0.02472583018243313,
      "jsd_usergroup_3": 0.2148280143737793
    },
    "epoch_6": {
      "ndcg": 0.039513297379016876,
      "jsd": 0.17163287103176117,
      "ndcg_usergroup_1": 0.08375022560358047,
      "jsd_usergroup_1": 0.15178756415843964,
      "ndcg_usergroup_2": 0.029840370640158653,
      "jsd_usergroup_2": 0.1655173897743225,
      "ndcg_usergroup_3": 0.024291986599564552,
      "jsd_usergroup_3": 0.20982255041599274
    },
    "epoch_7": {
      "ndcg": 0.0391060933470726,
      "jsd": 0.1691194623708725,
      "ndcg_usergroup_1": 0.08430832624435425,
      "jsd_usergroup_1": 0.14986330270767212,
      "ndcg_usergroup_2": 0.02921781875193119,
      "jsd_usergroup_2": 0.1635107547044754,
      "ndcg_usergroup_3": 0.023565467447042465,
      "jsd_usergroup_3": 0.20519986748695374
    },
    "epoch_8": {
      "ndcg": 0.038457442075014114,
      "jsd": 0.16671042144298553,
      "ndcg_usergroup_1": 0.08283589780330658,
      "jsd_usergroup_1": 0.14472781121730804,
      "ndcg_usergroup_2": 0.0287226140499115,
      "jsd_usergroup_2": 0.16189758479595184,
      "ndcg_usergroup_3": 0.023280281573534012,
      "jsd_usergroup_3": 0.20312993228435516
    },
    "epoch_9": {
      "ndcg": 0.037567075341939926,
      "jsd": 0.16504782438278198,
      "ndcg_usergroup_1": 0.08087128400802612,
      "jsd_usergroup_1": 0.14474381506443024,
      "ndcg_usergroup_2": 0.02803722210228443,
      "jsd_usergroup_2": 0.16046985983848572,
      "ndcg_usergroup_3": 0.02284931391477585,
      "jsd_usergroup_3": 0.1990843117237091
    }
  }
}