{
  "base_recommendations": {
    "ndcg": 0.05619301646947861,
    "jsd": 0.23943403363227844,
    "ndcg_usergroup_1": 0.1154973953962326,
    "jsd_usergroup_1": 0.21157853305339813,
    "ndcg_usergroup_2": 0.04497496411204338,
    "jsd_usergroup_2": 0.2297888845205307,
    "ndcg_usergroup_3": 0.030539143830537796,
    "jsd_usergroup_3": 0.2962217926979065
  },
  "postprocessed": {},
  "finetuned": {
    "epoch_1": {
      "ndcg": 0.05131048709154129,
      "jsd": 0.20377178490161896,
      "ndcg_usergroup_1": 0.10486051440238953,
      "jsd_usergroup_1": 0.1699059158563614,
      "ndcg_usergroup_2": 0.040649719536304474,
      "jsd_usergroup_2": 0.1936444342136383,
      "ndcg_usergroup_3": 0.029739268124103546,
      "jsd_usergroup_3": 0.26801639795303345
    },
    "epoch_2": {
      "ndcg": 0.045227110385894775,
      "jsd": 0.19016942381858826,
      "ndcg_usergroup_1": 0.09144853800535202,
      "jsd_usergroup_1": 0.16150295734405518,
      "ndcg_usergroup_2": 0.03555255010724068,
      "jsd_usergroup_2": 0.18126225471496582,
      "ndcg_usergroup_3": 0.028026213869452477,
      "jsd_usergroup_3": 0.24555449187755585
    },
    "epoch_3": {
      "ndcg": 0.042366188019514084,
      "jsd": 0.18977992236614227,
      "ndcg_usergroup_1": 0.0873497948050499,
      "jsd_usergroup_1": 0.16941910982131958,
      "ndcg_usergroup_2": 0.03258003666996956,
      "jsd_usergroup_2": 0.18152302503585815,
      "ndcg_usergroup_3": 0.026737842708826065,
      "jsd_usergroup_3": 0.23490875959396362
    },
    "epoch_4": {
      "ndcg": 0.04055657237768173,
      "jsd": 0.18962012231349945,
      "ndcg_usergroup_1": 0.0839371532201767,
      "jsd_usergroup_1": 0.16666944324970245,
      "ndcg_usergroup_2": 0.030990002676844597,
      "jsd_usergroup_2": 0.18356695771217346,
      "ndcg_usergroup_3": 0.02587258443236351,
      "jsd_usergroup_3": 0.23072834312915802
    },
    "epoch_6": {
      "ndcg": 0.03925808146595955,
      "jsd": 0.1891305297613144,
      "ndcg_usergroup_1": 0.08365515619516373,
      "jsd_usergroup_1": 0.16940851509571075,
      "ndcg_usergroup_2": 0.029400555416941643,
      "jsd_usergroup_2": 0.18359272181987762,
      "ndcg_usergroup_3": 0.024430347606539726,
      "jsd_usergroup_3": 0.22546423971652985
    }
  }
}