{"base_recommendations": {"ndcg": 0.05619301646947861, "jsd": 0.23943403363227844}, "postprocessed": {}, "finetuned": {"epoch_1": {"ndcg": 0.04169146344065666, "jsd": 0.16567695140838623}, "epoch_2": {"ndcg": 0.03572982922196388, "jsd": 0.13171589374542236}, "epoch_3": {"ndcg": 0.0361008383333683, "jsd": 0.13119159638881683}, "epoch_7": {"ndcg": 0.034522101283073425, "jsd": 0.13043208420276642}, "epoch_8": {"ndcg": 0.034254755824804306, "jsd": 0.12822620570659637}, "epoch_9": {"ndcg": 0.03384549543261528, "jsd": 0.12580528855323792}, "epoch_10": {"ndcg": 0.03371083736419678, "jsd": 0.1235877275466919}, "epoch_11": {"ndcg": 0.033749792724847794, "jsd": 0.12354711443185806}, "epoch_12": {"ndcg": 0.03357009217143059, "jsd": 0.12095865607261658}, "epoch_13": {"ndcg": 0.03374239802360535, "jsd": 0.11779964715242386}, "epoch_14": {"ndcg": 0.03399469330906868, "jsd": 0.11911094188690186}, "epoch_15": {"ndcg": 0.03404667600989342, "jsd": 0.11475124210119247}, "epoch_16": {"ndcg": 0.033838264644145966, "jsd": 0.11170054227113724}, "epoch_17": {"ndcg": 0.034472350031137466, "jsd": 0.11170488595962524}, "epoch_18": {"ndcg": 0.03450985625386238, "jsd": 0.10966741293668747}, "epoch_19": {"ndcg": 0.03474436700344086, "jsd": 0.11003951728343964}, "epoch_20": {"ndcg": 0.03470325097441673, "jsd": 0.10638914257287979}, "epoch_21": {"ndcg": 0.03519005700945854, "jsd": 0.10664284974336624}, "epoch_22": {"ndcg": 0.03483208268880844, "jsd": 0.1038755401968956}, "epoch_23": {"ndcg": 0.03514698147773743, "jsd": 0.10309615731239319}}}