{
  "base_recommendations": {
    "ndcg": 0.05619301646947861,
    "jsd": 0.23943403363227844,
    "ndcg_usergroup_1": 0.1154973953962326,
    "jsd_usergroup_1": 0.21157853305339813,
    "ndcg_usergroup_2": 0.04497496411204338,
    "jsd_usergroup_2": 0.2297888845205307,
    "ndcg_usergroup_3": 0.030539143830537796,
    "jsd_usergroup_3": 0.2962217926979065
  },
  "postprocessed": {},
  "finetuned": {
    "epoch_1": {
      "ndcg": 0.04359966889023781,
      "jsd": 0.17899668216705322,
      "ndcg_usergroup_1": 0.08400990813970566,
      "jsd_usergroup_1": 0.14096111059188843,
      "ndcg_usergroup_2": 0.035380154848098755,
      "jsd_usergroup_2": 0.1724657565355301,
      "ndcg_usergroup_3": 0.02784528024494648,
      "jsd_usergroup_3": 0.2366228997707367
    }
  }
}