{"base_recommendations": {"ndcg": 0.05619301646947861, "jsd": 0.23943403363227844}, "postprocessed": {}, "finetuned": {"epoch_1": {"ndcg": 0.04321686550974846, "jsd": 0.16725464165210724}, "epoch_2": {"ndcg": 0.03582402318716049, "jsd": 0.12057517468929291}, "epoch_3": {"ndcg": 0.033915165811777115, "jsd": 0.10152190178632736}, "epoch_4": {"ndcg": 0.03267281875014305, "jsd": 0.09669411927461624}, "epoch_5": {"ndcg": 0.03199617564678192, "jsd": 0.09607909619808197}, "epoch_7": {"ndcg": 0.03195926919579506, "jsd": 0.09455187618732452}, "epoch_8": {"ndcg": 0.03264690935611725, "jsd": 0.09418673068284988}, "epoch_9": {"ndcg": 0.03203364089131355, "jsd": 0.09087230265140533}, "epoch_10": {"ndcg": 0.03302309289574623, "jsd": 0.0916421115398407}, "epoch_11": {"ndcg": 0.03288816660642624, "jsd": 0.08730309456586838}, "epoch_12": {"ndcg": 0.03331036493182182, "jsd": 0.08447135984897614}, "epoch_13": {"ndcg": 0.033277519047260284, "jsd": 0.08091037720441818}, "epoch_14": {"ndcg": 0.034095171838998795, "jsd": 0.08100143820047379}, "epoch_15": {"ndcg": 0.03422039747238159, "jsd": 0.07886549830436707}, "epoch_16": {"ndcg": 0.03464696556329727, "jsd": 0.07740212976932526}, "epoch_17": {"ndcg": 0.03519028052687645, "jsd": 0.07655040174722672}, "epoch_18": {"ndcg": 0.035434987396001816, "jsd": 0.0761808380484581}, "epoch_19": {"ndcg": 0.03579084202647209, "jsd": 0.07558723539113998}, "epoch_20": {"ndcg": 0.03576144948601723, "jsd": 0.07382005453109741}, "epoch_21": {"ndcg": 0.03633392974734306, "jsd": 0.0737379789352417}, "epoch_22": {"ndcg": 0.035932160913944244, "jsd": 0.07264276593923569}, "epoch_23": {"ndcg": 0.036649707704782486, "jsd": 0.07243863493204117}, "epoch_25": {"ndcg": 0.0374254547059536, "jsd": 0.07390617579221725}, "epoch_26": {"ndcg": 0.03734564408659935, "jsd": 0.07319800555706024}, "epoch_27": {"ndcg": 0.037460584193468094, "jsd": 0.07277178019285202}, "epoch_28": {"ndcg": 0.038067735731601715, "jsd": 0.07368703931570053}, "epoch_30": {"ndcg": 0.038606807589530945, "jsd": 0.07368773967027664}}}