{"base_recommendations": {"ndcg": 0.05619301646947861, "jsd": 0.23943403363227844}, "postprocessed": {}, "finetuned": {"epoch_1": {"ndcg": 0.02560300938785076, "jsd": 0.1598920226097107}, "epoch_2": {"ndcg": 0.03776393085718155, "jsd": 0.19079704582691193}}}