{
  "base_recommendations": {
    "ndcg": 0.05619301646947861,
    "jsd": 0.23943403363227844,
    "ndcg_usergroup_1": 0.1154973953962326,
    "jsd_usergroup_1": 0.21157853305339813,
    "ndcg_usergroup_2": 0.04497496411204338,
    "jsd_usergroup_2": 0.2297888845205307,
    "ndcg_usergroup_3": 0.030539143830537796,
    "jsd_usergroup_3": 0.2962217926979065
  },
  "postprocessed": {},
  "finetuned": {
    "epoch_1": {
      "ndcg": 0.032400403171777725,
      "jsd": 0.13695786893367767,
      "ndcg_usergroup_1": 0.04943979158997536,
      "jsd_usergroup_1": 0.16391059756278992,
      "ndcg_usergroup_2": 0.030698105692863464,
      "jsd_usergroup_2": 0.13018901646137238,
      "ndcg_usergroup_3": 0.020467353984713554,
      "jsd_usergroup_3": 0.13030941784381866
    },
    "epoch_2": {
      "ndcg": 0.03342711552977562,
      "jsd": 0.1007264032959938,
      "ndcg_usergroup_1": 0.06614977866411209,
      "jsd_usergroup_1": 0.09265397489070892,
      "ndcg_usergroup_2": 0.028686584904789925,
      "jsd_usergroup_2": 0.10079148411750793,
      "ndcg_usergroup_3": 0.014924506656825542,
      "jsd_usergroup_3": 0.10860362648963928
    },
    "epoch_3": {
      "ndcg": 0.025735728442668915,
      "jsd": 0.06253933161497116,
      "ndcg_usergroup_1": 0.039782728999853134,
      "jsd_usergroup_1": 0.07486305385828018,
      "ndcg_usergroup_2": 0.02373671904206276,
      "jsd_usergroup_2": 0.054228365421295166,
      "ndcg_usergroup_3": 0.01768510602414608,
      "jsd_usergroup_3": 0.07514578849077225
    }
  }
}