{
  "base_recommendations": {
    "ndcg": 0.05619301646947861,
    "jsd": 0.23943403363227844,
    "ndcg_usergroup_1": 0.1154973953962326,
    "jsd_usergroup_1": 0.21157853305339813,
    "ndcg_usergroup_2": 0.04497496411204338,
    "jsd_usergroup_2": 0.2297888845205307,
    "ndcg_usergroup_3": 0.030539143830537796,
    "jsd_usergroup_3": 0.2962217926979065
  },
  "postprocessed": {},
  "finetuned": {
    "epoch_1": {
      "ndcg": 0.0460912249982357,
      "jsd": 0.17449428141117096,
      "ndcg_usergroup_1": 0.08991409093141556,
      "jsd_usergroup_1": 0.1411130130290985,
      "ndcg_usergroup_2": 0.03765708953142166,
      "jsd_usergroup_2": 0.1702660769224167,
      "ndcg_usergroup_3": 0.02756803296506405,
      "jsd_usergroup_3": 0.22055880725383759
    },
    "epoch_2": {
      "ndcg": 0.038083672523498535,
      "jsd": 0.12710388004779816,
      "ndcg_usergroup_1": 0.07267174124717712,
      "jsd_usergroup_1": 0.11581695824861526,
      "ndcg_usergroup_2": 0.0320298932492733,
      "jsd_usergroup_2": 0.13009583950042725,
      "ndcg_usergroup_3": 0.021654978394508362,
      "jsd_usergroup_3": 0.12941588461399078
    },
    "epoch_3": {
      "ndcg": 0.03358837589621544,
      "jsd": 0.09432043880224228,
      "ndcg_usergroup_1": 0.06498149782419205,
      "jsd_usergroup_1": 0.09477613121271133,
      "ndcg_usergroup_2": 0.02859613113105297,
      "jsd_usergroup_2": 0.09911084920167923,
      "ndcg_usergroup_3": 0.017170358449220657,
      "jsd_usergroup_3": 0.07949507981538773
    },
    "epoch_4": {
      "ndcg": 0.03093765489757061,
      "jsd": 0.08035780489444733,
      "ndcg_usergroup_1": 0.058946333825588226,
      "jsd_usergroup_1": 0.0820738822221756,
      "ndcg_usergroup_2": 0.02663358300924301,
      "jsd_usergroup_2": 0.08270526677370071,
      "ndcg_usergroup_3": 0.015839794650673866,
      "jsd_usergroup_3": 0.07160011678934097
    },
    "epoch_5": {
      "ndcg": 0.029706349596381187,
      "jsd": 0.07411988824605942,
      "ndcg_usergroup_1": 0.05685778334736824,
      "jsd_usergroup_1": 0.07438746094703674,
      "ndcg_usergroup_2": 0.02531452849507332,
      "jsd_usergroup_2": 0.07488387823104858,
      "ndcg_usergroup_3": 0.015728937461972237,
      "jsd_usergroup_3": 0.07156060636043549
    },
    "epoch_6": {
      "ndcg": 0.0293289702385664,
      "jsd": 0.07081940770149231,
      "ndcg_usergroup_1": 0.056766998022794724,
      "jsd_usergroup_1": 0.06959840655326843,
      "ndcg_usergroup_2": 0.024872178211808205,
      "jsd_usergroup_2": 0.07058709114789963,
      "ndcg_usergroup_3": 0.01525986846536398,
      "jsd_usergroup_3": 0.07273724675178528
    },
    "epoch_7": {
      "ndcg": 0.029204366728663445,
      "jsd": 0.06838127970695496,
      "ndcg_usergroup_1": 0.0567571185529232,
      "jsd_usergroup_1": 0.06698337197303772,
      "ndcg_usergroup_2": 0.0246469434350729,
      "jsd_usergroup_2": 0.06758920103311539,
      "ndcg_usergroup_3": 0.015322397463023663,
      "jsd_usergroup_3": 0.0721551924943924
    },
    "epoch_8": {
      "ndcg": 0.02900567464530468,
      "jsd": 0.06642623245716095,
      "ndcg_usergroup_1": 0.05546453967690468,
      "jsd_usergroup_1": 0.06552259624004364,
      "ndcg_usergroup_2": 0.02472645789384842,
      "jsd_usergroup_2": 0.06508588790893555,
      "ndcg_usergroup_3": 0.015383059158921242,
      "jsd_usergroup_3": 0.07135048508644104
    },
    "epoch_9": {
      "ndcg": 0.02893085405230522,
      "jsd": 0.06501438468694687,
      "ndcg_usergroup_1": 0.0552559532225132,
      "jsd_usergroup_1": 0.06368570029735565,
      "ndcg_usergroup_2": 0.02465829998254776,
      "jsd_usergroup_2": 0.06349129229784012,
      "ndcg_usergroup_3": 0.015422028489410877,
      "jsd_usergroup_3": 0.07091185450553894
    },
    "epoch_10": {
      "ndcg": 0.029172882437705994,
      "jsd": 0.06423641741275787,
      "ndcg_usergroup_1": 0.05548962950706482,
      "jsd_usergroup_1": 0.06267980486154556,
      "ndcg_usergroup_2": 0.02488899417221546,
      "jsd_usergroup_2": 0.06222346052527428,
      "ndcg_usergroup_3": 0.015706399455666542,
      "jsd_usergroup_3": 0.07183124125003815
    },
    "epoch_11": {
      "ndcg": 0.029803073033690453,
      "jsd": 0.06290517747402191,
      "ndcg_usergroup_1": 0.05701708048582077,
      "jsd_usergroup_1": 0.061405524611473083,
      "ndcg_usergroup_2": 0.02530364692211151,
      "jsd_usergroup_2": 0.06083250790834427,
      "ndcg_usergroup_3": 0.01608586683869362,
      "jsd_usergroup_3": 0.07062214612960815
    },
    "epoch_12": {
      "ndcg": 0.02967653051018715,
      "jsd": 0.06149234250187874,
      "ndcg_usergroup_1": 0.055894941091537476,
      "jsd_usergroup_1": 0.05944594368338585,
      "ndcg_usergroup_2": 0.02544786036014557,
      "jsd_usergroup_2": 0.059381693601608276,
      "ndcg_usergroup_3": 0.01614275947213173,
      "jsd_usergroup_3": 0.06987003237009048
    },
    "epoch_13": {
      "ndcg": 0.030143816024065018,
      "jsd": 0.05991484969854355,
      "ndcg_usergroup_1": 0.05626049265265465,
      "jsd_usergroup_1": 0.05801535025238991,
      "ndcg_usergroup_2": 0.026031846180558205,
      "jsd_usergroup_2": 0.05788635462522507,
      "ndcg_usergroup_3": 0.01636170595884323,
      "jsd_usergroup_3": 0.0678991749882698
    },
    "epoch_14": {
      "ndcg": 0.030344216153025627,
      "jsd": 0.05945134907960892,
      "ndcg_usergroup_1": 0.05647740140557289,
      "jsd_usergroup_1": 0.056365467607975006,
      "ndcg_usergroup_2": 0.026160957291722298,
      "jsd_usergroup_2": 0.057229846715927124,
      "ndcg_usergroup_3": 0.016759444028139114,
      "jsd_usergroup_3": 0.0692010149359703
    },
    "epoch_15": {
      "ndcg": 0.03063507005572319,
      "jsd": 0.05832657963037491,
      "ndcg_usergroup_1": 0.05687768757343292,
      "jsd_usergroup_1": 0.055513646453619,
      "ndcg_usergroup_2": 0.026563849300146103,
      "jsd_usergroup_2": 0.05615104362368584,
      "ndcg_usergroup_3": 0.01660478673875332,
      "jsd_usergroup_3": 0.06766542792320251
    },
    "epoch_16": {
      "ndcg": 0.03103610686957836,
      "jsd": 0.05823832377791405,
      "ndcg_usergroup_1": 0.05770097300410271,
      "jsd_usergroup_1": 0.05488114804029465,
      "ndcg_usergroup_2": 0.026883721351623535,
      "jsd_usergroup_2": 0.056072771549224854,
      "ndcg_usergroup_3": 0.016827046871185303,
      "jsd_usergroup_3": 0.06809144467115402
    },
    "epoch_17": {
      "ndcg": 0.03153618425130844,
      "jsd": 0.0573471337556839,
      "ndcg_usergroup_1": 0.05865677446126938,
      "jsd_usergroup_1": 0.05363005772233009,
      "ndcg_usergroup_2": 0.027340995147824287,
      "jsd_usergroup_2": 0.055280402302742004,
      "ndcg_usergroup_3": 0.016999797895550728,
      "jsd_usergroup_3": 0.06726373732089996
    },
    "epoch_18": {
      "ndcg": 0.03178224340081215,
      "jsd": 0.057120222598314285,
      "ndcg_usergroup_1": 0.05934103950858116,
      "jsd_usergroup_1": 0.05338211730122566,
      "ndcg_usergroup_2": 0.027515746653079987,
      "jsd_usergroup_2": 0.05471159517765045,
      "ndcg_usergroup_3": 0.0170215405523777,
      "jsd_usergroup_3": 0.06808342039585114
    },
    "epoch_19": {
      "ndcg": 0.031841203570365906,
      "jsd": 0.05679191276431084,
      "ndcg_usergroup_1": 0.05862219259142876,
      "jsd_usergroup_1": 0.051928967237472534,
      "ndcg_usergroup_2": 0.02771306224167347,
      "jsd_usergroup_2": 0.05461137369275093,
      "ndcg_usergroup_3": 0.017443286255002022,
      "jsd_usergroup_3": 0.06819576770067215
    },
    "epoch_20": {
      "ndcg": 0.03223845362663269,
      "jsd": 0.056014008820056915,
      "ndcg_usergroup_1": 0.05981806293129921,
      "jsd_usergroup_1": 0.051138199865818024,
      "ndcg_usergroup_2": 0.027870094403624535,
      "jsd_usergroup_2": 0.0537545308470726,
      "ndcg_usergroup_3": 0.017762495204806328,
      "jsd_usergroup_3": 0.06766753643751144
    },
    "epoch_21": {
      "ndcg": 0.03261702507734299,
      "jsd": 0.055797599256038666,
      "ndcg_usergroup_1": 0.06060441583395004,