{
  "base_recommendations": {
    "ndcg": 0.05619301646947861,
    "jsd": 0.23943403363227844,
    "ndcg_usergroup_1": 0.1154973953962326,
    "jsd_usergroup_1": 0.21157853305339813,
    "ndcg_usergroup_2": 0.04497496411204338,
    "jsd_usergroup_2": 0.2297888845205307,
    "ndcg_usergroup_3": 0.030539143830537796,
    "jsd_usergroup_3": 0.2962217926979065
  },
  "postprocessed": {},
  "finetuned": {
    "epoch_1": {
      "ndcg": 0.05343120917677879,
      "jsd": 0.20871415734291077,
      "ndcg_usergroup_1": 0.10838430374860764,
      "jsd_usergroup_1": 0.1713196337223053,
      "ndcg_usergroup_2": 0.042782012373209,
      "jsd_usergroup_2": 0.19869083166122437,
      "ndcg_usergroup_3": 0.030422227457165718,
      "jsd_usergroup_3": 0.27617543935775757
    },
    "epoch_2": {
      "ndcg": 0.049078501760959625,
      "jsd": 0.18895292282104492,
      "ndcg_usergroup_1": 0.09817679226398468,
      "jsd_usergroup_1": 0.1477936953306198,
      "ndcg_usergroup_2": 0.03920554369688034,
      "jsd_usergroup_2": 0.1805962324142456,
      "ndcg_usergroup_3": 0.029595857486128807,
      "jsd_usergroup_3": 0.2551794946193695
    },
    "epoch_3": {
      "ndcg": 0.04565511271357536,
      "jsd": 0.1792326718568802,
      "ndcg_usergroup_1": 0.09004057198762894,
      "jsd_usergroup_1": 0.14117781817913055,
      "ndcg_usergroup_2": 0.036575183272361755,
      "jsd_usergroup_2": 0.1719626784324646,
      "ndcg_usergroup_3": 0.02850646898150444,
      "jsd_usergroup_3": 0.23909515142440796
    },
    "epoch_4": {
      "ndcg": 0.04342205077409744,
      "jsd": 0.17351309955120087,
      "ndcg_usergroup_1": 0.0857832133769989,
      "jsd_usergroup_1": 0.13928909599781036,
      "ndcg_usergroup_2": 0.03464634716510773,
      "jsd_usergroup_2": 0.16743505001068115,
      "ndcg_usergroup_3": 0.027385130524635315,
      "jsd_usergroup_3": 0.2259693443775177
    },
    "epoch_5": {
      "ndcg": 0.042058538645505905,
      "jsd": 0.16911393404006958,
      "ndcg_usergroup_1": 0.08442485332489014,
      "jsd_usergroup_1": 0.13849811255931854,
      "ndcg_usergroup_2": 0.03329024836421013,
      "jsd_usergroup_2": 0.16340948641300201,
      "ndcg_usergroup_3": 0.025994233787059784,
      "jsd_usergroup_3": 0.21684129536151886
    },
    "epoch_6": {
      "ndcg": 0.040738943964242935,
      "jsd": 0.16502024233341217,
      "ndcg_usergroup_1": 0.08220163732767105,
      "jsd_usergroup_1": 0.13611958920955658,
      "ndcg_usergroup_2": 0.032277848571538925,
      "jsd_usergroup_2": 0.16020365059375763,
      "ndcg_usergroup_3": 0.02465677447617054,
      "jsd_usergroup_3": 0.20836922526359558
    },
    "epoch_7": {
      "ndcg": 0.040116384625434875,
      "jsd": 0.16216041147708893,
      "ndcg_usergroup_1": 0.08171648532152176,
      "jsd_usergroup_1": 0.13457001745700836,
      "ndcg_usergroup_2": 0.03161408379673958,
      "jsd_usergroup_2": 0.15806935727596283,
      "ndcg_usergroup_3": 0.02402038685977459,
      "jsd_usergroup_3": 0.20202262699604034
    },
    "epoch_8": {
      "ndcg": 0.03911268711090088,
      "jsd": 0.15929752588272095,
      "ndcg_usergroup_1": 0.07974329590797424,
      "jsd_usergroup_1": 0.13252116739749908,
      "ndcg_usergroup_2": 0.030774198472499847,
      "jsd_usergroup_2": 0.15561942756175995,
      "ndcg_usergroup_3": 0.02349482662975788,
      "jsd_usergroup_3": 0.19710703194141388
    }
  }
}