{"base_recommendations": {"ndcg": 0.05619301646947861, "jsd": 0.23943403363227844}, "postprocessed": {}, "finetuned": {"epoch_1": {"ndcg": 0.0477876216173172, "jsd": 0.1806175261735916}, "epoch_2": {"ndcg": 0.047760117799043655, "jsd": 0.1773783266544342}, "epoch_3": {"ndcg": 0.04736639931797981, "jsd": 0.17492994666099548}, "epoch_4": {"ndcg": 0.046430088579654694, "jsd": 0.17008429765701294}, "epoch_5": {"ndcg": 0.04558706656098366, "jsd": 0.16060347855091095}, "epoch_6": {"ndcg": 0.04572567343711853, "jsd": 0.15593022108078003}, "epoch_7": {"ndcg": 0.0451231375336647, "jsd": 0.14874891936779022}, "epoch_8": {"ndcg": 0.04490923136472702, "jsd": 0.14242444932460785}, "epoch_9": {"ndcg": 0.04415005445480347, "jsd": 0.13639897108078003}, "epoch_10": {"ndcg": 0.044110074639320374, "jsd": 0.13110949099063873}, "epoch_11": {"ndcg": 0.04410894960165024, "jsd": 0.12896277010440826}, "epoch_12": {"ndcg": 0.043852489441633224, "jsd": 0.12534412741661072}, "epoch_13": {"ndcg": 0.043618667870759964, "jsd": 0.12132888287305832}, "epoch_14": {"ndcg": 0.04370155557990074, "jsd": 0.11965902149677277}, "epoch_15": {"ndcg": 0.043015189468860626, "jsd": 0.1147851049900055}, "epoch_16": {"ndcg": 0.04323091730475426, "jsd": 0.11268220841884613}, "epoch_17": {"ndcg": 0.04299313947558403, "jsd": 0.11034802347421646}, "epoch_18": {"ndcg": 0.04274734482169151, "jsd": 0.108846515417099}, "epoch_19": {"ndcg": 0.04281293973326683, "jsd": 0.1061985194683075}, "epoch_20": {"ndcg": 0.042481232434511185, "jsd": 0.10435474663972855}, "epoch_21": {"ndcg": 0.04254468157887459, "jsd": 0.10379838943481445}, "epoch_22": {"ndcg": 0.04225020110607147, "jsd": 0.10109934955835342}, "epoch_23": {"ndcg": 0.04218994081020355, "jsd": 0.09868596494197845}, "epoch_24": {"ndcg": 0.04209831729531288, "jsd": 0.09685371071100235}, "epoch_26": {"ndcg": 0.041909124702215195, "jsd": 0.09647132456302643}, "epoch_27": {"ndcg": 0.04177906736731529, "jsd": 0.09522492438554764}, "epoch_28": {"ndcg": 0.04208835959434509, "jsd": 0.09507343173027039}, "epoch_30": {"ndcg": 0.041891880333423615, "jsd": 0.0942201167345047}, "epoch_31": {"ndcg": 0.04176115617156029, "jsd": 0.09395480901002884}, "epoch_32": {"ndcg": 0.041572827845811844, "jsd": 0.09323800355195999}, "epoch_33": {"ndcg": 0.04152406379580498, "jsd": 0.09180950373411179}, "epoch_36": {"ndcg": 0.041506145149469376, "jsd": 0.09109710901975632}, "epoch_37": {"ndcg": 0.04148432984948158, "jsd": 0.09106776863336563}, "epoch_38": {"ndcg": 0.04134811833500862, "jsd": 0.09040909260511398}, "epoch_40": {"ndcg": 0.041303835809230804, "jsd": 0.08934317529201508}, "epoch_42": {"ndcg": 0.04124298691749573, "jsd": 0.08920156210660934}, "epoch_45": {"ndcg": 0.04107111692428589, "jsd": 0.08882904052734375}}}