{
  "base_recommendations": {
    "ndcg": 0.05619301646947861,
    "jsd": 0.23943403363227844,
    "ndcg_usergroup_1": 0.1154973953962326,
    "jsd_usergroup_1": 0.21157853305339813,
    "ndcg_usergroup_2": 0.04497496411204338,
    "jsd_usergroup_2": 0.2297888845205307,
    "ndcg_usergroup_3": 0.030539143830537796,
    "jsd_usergroup_3": 0.2962217926979065
  },
  "postprocessed": {},
  "finetuned": {
    "epoch_1": {
      "ndcg": 0.029121335595846176,
      "jsd": 0.14768818020820618,
      "ndcg_usergroup_1": 0.039666831493377686,
      "jsd_usergroup_1": 0.19176587462425232,
      "ndcg_usergroup_2": 0.028937041759490967,
      "jsd_usergroup_2": 0.13512597978115082,
      "ndcg_usergroup_3": 0.019128670915961266,
      "jsd_usergroup_3": 0.14129303395748138
    },
    "epoch_2": {
      "ndcg": 0.029838088899850845,
      "jsd": 0.13432113826274872,
      "ndcg_usergroup_1": 0.060235556215047836,
      "jsd_usergroup_1": 0.1598900705575943,
      "ndcg_usergroup_2": 0.024914801120758057,
      "jsd_usergroup_2": 0.12962959706783295,
      "ndcg_usergroup_3": 0.014208889566361904,
      "jsd_usergroup_3": 0.12282529473304749
    },
    "epoch_3": {
      "ndcg": 0.018393587321043015,
      "jsd": 0.07227472960948944,
      "ndcg_usergroup_1": 0.027194613590836525,
      "jsd_usergroup_1": 0.12474149465560913,
      "ndcg_usergroup_2": 0.017200704663991928,
      "jsd_usergroup_2": 0.05714716762304306,
      "ndcg_usergroup_3": 0.013170815072953701,
      "jsd_usergroup_3": 0.06518575549125671
    },
    "epoch_5": {
      "ndcg": 0.014471977949142456,
      "jsd": 0.05097367241978645,
      "ndcg_usergroup_1": 0.01970737613737583,
      "jsd_usergroup_1": 0.06820930540561676,
      "ndcg_usergroup_2": 0.013943204656243324,
      "jsd_usergroup_2": 0.04700634256005287,
      "ndcg_usergroup_3": 0.010822735726833344,
      "jsd_usergroup_3": 0.045638732612133026
    },
    "epoch_7": {
      "ndcg": 0.01241022814065218,
      "jsd": 0.044824060052633286,
      "ndcg_usergroup_1": 0.01637069322168827,
      "jsd_usergroup_1": 0.042407091706991196,
      "ndcg_usergroup_2": 0.012186862528324127,
      "jsd_usergroup_2": 0.047018975019454956,
      "ndcg_usergroup_3": 0.009119794704020023,
      "jsd_usergroup_3": 0.04065702110528946
    },
    "epoch_9": {
      "ndcg": 0.011239967308938503,
      "jsd": 0.03796462342143059,
      "ndcg_usergroup_1": 0.015070593915879726,
      "jsd_usergroup_1": 0.030630886554718018,
      "ndcg_usergroup_2": 0.011037452146410942,
      "jsd_usergroup_2": 0.041033681482076645,
      "ndcg_usergroup_3": 0.00801682285964489,
      "jsd_usergroup_3": 0.03609219938516617
    },
    "epoch_11": {
      "ndcg": 0.009997833520174026,
      "jsd": 0.036972686648368835,
      "ndcg_usergroup_1": 0.01373765617609024,
      "jsd_usergroup_1": 0.028181200847029686,
      "ndcg_usergroup_2": 0.009910043329000473,
      "jsd_usergroup_2": 0.03919530287384987,
      "ndcg_usergroup_3": 0.006521354429423809,
      "jsd_usergroup_3": 0.03909707069396973
    },
    "epoch_12": {
      "ndcg": 0.009310598485171795,
      "jsd": 0.0321589857339859,
      "ndcg_usergroup_1": 0.013372906483709812,
      "jsd_usergroup_1": 0.027024762704968452,
      "ndcg_usergroup_2": 0.009127938188612461,
      "jsd_usergroup_2": 0.032539572566747665,
      "ndcg_usergroup_3": 0.005796211771667004,
      "jsd_usergroup_3": 0.03615157678723335
    },
    "epoch_13": {
      "ndcg": 0.00871942937374115,
      "jsd": 0.029275935143232346,
      "ndcg_usergroup_1": 0.01270607952028513,
      "jsd_usergroup_1": 0.02501872181892395,
      "ndcg_usergroup_2": 0.008534768596291542,
      "jsd_usergroup_2": 0.03126589208841324,
      "ndcg_usergroup_3": 0.005286705680191517,
      "jsd_usergroup_3": 0.027563922107219696
    },
    "epoch_14": {
      "ndcg": 0.00845496915280819,
      "jsd": 0.028784150257706642,
      "ndcg_usergroup_1": 0.012101265601813793,
      "jsd_usergroup_1": 0.025249633938074112,
      "ndcg_usergroup_2": 0.008303439244627953,
      "jsd_usergroup_2": 0.030256085097789764,
      "ndcg_usergroup_3": 0.005263212602585554,
      "jsd_usergroup_3": 0.027903331443667412
    },
    "epoch_15": {
      "ndcg": 0.007827864028513432,
      "jsd": 0.02569439820945263,
      "ndcg_usergroup_1": 0.010868689976632595,
      "jsd_usergroup_1": 0.02498043328523636,
      "ndcg_usergroup_2": 0.007863312028348446,
      "jsd_usergroup_2": 0.02692958153784275,
      "ndcg_usergroup_3": 0.004680711310356855,
      "jsd_usergroup_3": 0.022703219205141068
    }
  }
}