{"base_recommendations": {"ndcg": 0.05619301646947861, "jsd": 0.23943403363227844}, "postprocessed": {"0.1": {"ndcg": 0.0482444129884243, "jsd": 0.06486156582832336}, "0.2": {"ndcg": 0.04791250452399254, "jsd": 0.05947450175881386}, "0.3": {"ndcg": 0.047766443341970444, "jsd": 0.057862721383571625}, "0.4": {"ndcg": 0.04765747860074043, "jsd": 0.05723676085472107}, "0.5": {"ndcg": 0.04757937043905258, "jsd": 0.05694425851106644}, "0.6": {"ndcg": 0.04753410443663597, "jsd": 0.05680166184902191}, "0.7": {"ndcg": 0.047482702881097794, "jsd": 0.05673615634441376}, "0.8": {"ndcg": 0.04745299369096756, "jsd": 0.05670035630464554}, "0.9": {"ndcg": 0.04742863401770592, "jsd": 0.05668794736266136}}, "finetuned": {"epoch_1": {"ndcg": 0.024160446599125862, "jsd": 0.19073370099067688}, "epoch_2": {"ndcg": 0.030990295112133026, "jsd": 0.3144455850124359}, "epoch_5": {"ndcg": 0.0033657269086688757, "jsd": 0.04346507415175438}, "epoch_7": {"ndcg": 0.0030209405813366175, "jsd": 0.030090801417827606}}}