{"base_recommendations": {"ndcg": 0.27637046575546265, "jsd": 0.2555331587791443}, "postprocessed": {}, "finetuned": {"epoch_1": {"ndcg": 0.2765255868434906, "jsd": 0.25376519560813904}, "epoch_2": {"ndcg": 0.2760619521141052, "jsd": 0.24967600405216217}, "epoch_3": {"ndcg": 0.27689024806022644, "jsd": 0.24405652284622192}, "epoch_4": {"ndcg": 0.27761968970298767, "jsd": 0.23798388242721558}, "epoch_5": {"ndcg": 0.27829986810684204, "jsd": 0.23132769763469696}, "epoch_6": {"ndcg": 0.27981331944465637, "jsd": 0.22594989836215973}, "epoch_7": {"ndcg": 0.280552476644516, "jsd": 0.21907803416252136}, "epoch_8": {"ndcg": 0.2806502878665924, "jsd": 0.21259993314743042}, "epoch_9": {"ndcg": 0.27935290336608887, "jsd": 0.2068415880203247}, "epoch_10": {"ndcg": 0.2800632417201996, "jsd": 0.200810506939888}, "epoch_11": {"ndcg": 0.28027617931365967, "jsd": 0.19555611908435822}, "epoch_12": {"ndcg": 0.2806656062602997, "jsd": 0.19211801886558533}, "epoch_13": {"ndcg": 0.2796235680580139, "jsd": 0.1879115253686905}, "epoch_14": {"ndcg": 0.2765326499938965, "jsd": 0.1854380965232849}, "epoch_15": {"ndcg": 0.27562227845191956, "jsd": 0.182143434882164}, "epoch_16": {"ndcg": 0.2740026116371155, "jsd": 0.18050646781921387}, "epoch_17": {"ndcg": 0.27253878116607666, "jsd": 0.17931197583675385}, "epoch_18": {"ndcg": 0.2710683047771454, "jsd": 0.17748978734016418}, "epoch_19": {"ndcg": 0.27123430371284485, "jsd": 0.1760907769203186}, "epoch_20": {"ndcg": 0.2699330449104309, "jsd": 0.1742747724056244}, "epoch_21": {"ndcg": 0.2684563398361206, "jsd": 0.17204727232456207}, "epoch_22": {"ndcg": 0.2674943804740906, "jsd": 0.17129352688789368}, "epoch_23": {"ndcg": 0.26658013463020325, "jsd": 0.1711333990097046}, "epoch_24": {"ndcg": 0.26530003547668457, "jsd": 0.17058008909225464}, "epoch_26": {"ndcg": 0.2640477418899536, "jsd": 0.170289546251297}, "epoch_27": {"ndcg": 0.2629077732563019, "jsd": 0.16904857754707336}, "epoch_28": {"ndcg": 0.2626674175262451, "jsd": 0.16785743832588196}, "epoch_29": {"ndcg": 0.2619321048259735, "jsd": 0.16742563247680664}, "epoch_31": {"ndcg": 0.25932085514068604, "jsd": 0.1667211353778839}, "epoch_32": {"ndcg": 0.25847703218460083, "jsd": 0.16611041128635406}, "epoch_37": {"ndcg": 0.2567102313041687, "jsd": 0.16588254272937775}, "epoch_38": {"ndcg": 0.2579103708267212, "jsd": 0.16552750766277313}, "epoch_39": {"ndcg": 0.2575344145298004, "jsd": 0.16461396217346191}, "epoch_40": {"ndcg": 0.2587558925151825, "jsd": 0.16420108079910278}, "epoch_41": {"ndcg": 0.2588469982147217, "jsd": 0.16378597915172577}, "epoch_42": {"ndcg": 0.25885429978370667, "jsd": 0.1617470532655716}, "epoch_43": {"ndcg": 0.2588987946510315, "jsd": 0.16150875389575958}, "epoch_44": {"ndcg": 0.2595219910144806, "jsd": 0.16118110716342926}, "epoch_45": {"ndcg": 0.25979557633399963, "jsd": 0.16110780835151672}, "epoch_46": {"ndcg": 0.25956928730010986, "jsd": 0.1599690169095993}, "epoch_47": {"ndcg": 0.2600458860397339, "jsd": 0.1587943136692047}, "epoch_48": {"ndcg": 0.2606298327445984, "jsd": 0.15844959020614624}, "epoch_49": {"ndcg": 0.2605125308036804, "jsd": 0.15834271907806396}, "epoch_50": {"ndcg": 0.26139265298843384, "jsd": 0.15751998126506805}, "epoch_51": {"ndcg": 0.26074153184890747, "jsd": 0.1568276435136795}, "epoch_52": {"ndcg": 0.2607068717479706, "jsd": 0.156312495470047}, "epoch_53": {"ndcg": 0.26141488552093506, "jsd": 0.1558992862701416}, "epoch_54": {"ndcg": 0.26167771220207214, "jsd": 0.15553012490272522}, "epoch_55": {"ndcg": 0.2622925937175751, "jsd": 0.1542862057685852}, "epoch_56": {"ndcg": 0.26337578892707825, "jsd": 0.15381503105163574}, "epoch_57": {"ndcg": 0.2649790942668915, "jsd": 0.15368229150772095}, "epoch_58": {"ndcg": 0.2650527060031891, "jsd": 0.1522098034620285}, "epoch_59": {"ndcg": 0.2643982470035553, "jsd": 0.15178877115249634}, "epoch_60": {"ndcg": 0.2649295926094055, "jsd": 0.15028157830238342}, "epoch_61": {"ndcg": 0.2648303210735321, "jsd": 0.1495756059885025}, "epoch_62": {"ndcg": 0.2644733786582947, "jsd": 0.14896057546138763}, "epoch_63": {"ndcg": 0.2648717761039734, "jsd": 0.1480208784341812}, "epoch_64": {"ndcg": 0.2650872468948364, "jsd": 0.14767026901245117}, "epoch_66": {"ndcg": 0.26546910405158997, "jsd": 0.14701204001903534}, "epoch_67": {"ndcg": 0.26497793197631836, "jsd": 0.14680130779743195}, "epoch_68": {"ndcg": 0.267087459564209, "jsd": 0.14669980108737946}, "epoch_69": {"ndcg": 0.2667686343193054, "jsd": 0.14649522304534912}, "epoch_70": {"ndcg": 0.266958087682724, "jsd": 0.1457754224538803}, "epoch_71": {"ndcg": 0.26676443219184875, "jsd": 0.14418527483940125}, "epoch_72": {"ndcg": 0.2677227258682251, "jsd": 0.1436697095632553}, "epoch_73": {"ndcg": 0.26798999309539795, "jsd": 0.14281000196933746}, "epoch_74": {"ndcg": 0.2680058479309082, "jsd": 0.14263612031936646}, "epoch_75": {"ndcg": 0.26779353618621826, "jsd": 0.14157824218273163}, "epoch_76": {"ndcg": 0.2681857943534851, "jsd": 0.14072148501873016}, "epoch_77": {"ndcg": 0.2686806321144104, "jsd": 0.13995662331581116}, "epoch_78": {"ndcg": 0.26905158162117004, "jsd": 0.1397080272436142}, "epoch_79": {"ndcg": 0.26878705620765686, "jsd": 0.13970619440078735}, "epoch_80": {"ndcg": 0.26900678873062134, "jsd": 0.13921478390693665}, "epoch_81": {"ndcg": 0.26928287744522095, "jsd": 0.13906052708625793}, "epoch_82": {"ndcg": 0.26864951848983765, "jsd": 0.13896428048610687}, "epoch_83": {"ndcg": 0.2682647705078125, "jsd": 0.1377103179693222}, "epoch_85": {"ndcg": 0.2683717906475067, "jsd": 0.13727056980133057}, "epoch_87": {"ndcg": 0.26935240626335144, "jsd": 0.13643456995487213}, "epoch_88": {"ndcg": 0.27015069127082825, "jsd": 0.1362888514995575}, "epoch_89": {"ndcg": 0.2697097957134247, "jsd": 0.13620005548000336}, "epoch_90": {"ndcg": 0.2702487111091614, "jsd": 0.13567623496055603}, "epoch_91": {"ndcg": 0.27010688185691833, "jsd": 0.13544577360153198}, "epoch_94": {"ndcg": 0.26946988701820374, "jsd": 0.13500382006168365}, "epoch_95": {"ndcg": 0.26889505982398987, "jsd": 0.1347278207540512}, "epoch_97": {"ndcg": 0.2699621021747589, "jsd": 0.13462084531784058}, "epoch_98": {"ndcg": 0.2703840434551239, "jsd": 0.1337420493364334}, "epoch_99": {"ndcg": 0.2705990672111511, "jsd": 0.13317051529884338}, "epoch_105": {"ndcg": 0.2710250914096832, "jsd": 0.13254061341285706}, "epoch_107": {"ndcg": 0.2711016535758972, "jsd": 0.13251285254955292}, "epoch_108": {"ndcg": 0.2722100019454956, "jsd": 0.13107812404632568}, "epoch_111": {"ndcg": 0.27041366696357727, "jsd": 0.130873903632164}, "epoch_112": {"ndcg": 0.2707866430282593, "jsd": 0.13042804598808289}, "epoch_115": {"ndcg": 0.2709471583366394, "jsd": 0.12991194427013397}, "epoch_116": {"ndcg": 0.27180635929107666, "jsd": 0.1296350657939911}, "epoch_117": {"ndcg": 0.2705664038658142, "jsd": 0.12892869114875793}, "epoch_120": {"ndcg": 0.27136045694351196, "jsd": 0.12823885679244995}, "epoch_122": {"ndcg": 0.27054330706596375, "jsd": 0.12787403166294098}, "epoch_123": {"ndcg": 0.27090802788734436, "jsd": 0.12766626477241516}, "epoch_125": {"ndcg": 0.26997411251068115, "jsd": 0.12754365801811218}, "epoch_127": {"ndcg": 0.26856857538223267, "jsd": 0.12714530527591705}, "epoch_128": {"ndcg": 0.2685977816581726, "jsd": 0.12698128819465637}, "epoch_129": {"ndcg": 0.2688569724559784, "jsd": 0.1266181915998459}, "epoch_130": {"ndcg": 0.2677229940891266, "jsd": 0.12644240260124207}, "epoch_131": {"ndcg": 0.26715824007987976, "jsd": 0.12601083517074585}, "epoch_132": {"ndcg": 0.2670125365257263, "jsd": 0.1256742924451828}, "epoch_133": {"ndcg": 0.26706552505493164, "jsd": 0.12543299794197083}, "epoch_135": {"ndcg": 0.2658788859844208, "jsd": 0.12502533197402954}, "epoch_138": {"ndcg": 0.26562947034835815, "jsd": 0.12495032697916031}, "epoch_142": {"ndcg": 0.2641076147556305, "jsd": 0.12492971122264862}, "epoch_146": {"ndcg": 0.2626914083957672, "jsd": 0.1244250237941742}, "epoch_148": {"ndcg": 0.2617627680301666, "jsd": 0.12376825511455536}, "epoch_150": {"ndcg": 0.2625560760498047, "jsd": 0.12323592603206635},