{"base_recommendations": {"ndcg": 0.27637046575546265, "jsd": 0.2555331587791443}, "postprocessed": {}, "finetuned": {"epoch_1": {"ndcg": 0.27650150656700134, "jsd": 0.25423336029052734}, "epoch_2": {"ndcg": 0.27641284465789795, "jsd": 0.2507254183292389}, "epoch_3": {"ndcg": 0.27679818868637085, "jsd": 0.24590221047401428}, "epoch_4": {"ndcg": 0.27758458256721497, "jsd": 0.23964889347553253}, "epoch_5": {"ndcg": 0.27835872769355774, "jsd": 0.23411662876605988}, "epoch_6": {"ndcg": 0.2786102890968323, "jsd": 0.22850243747234344}, "epoch_7": {"ndcg": 0.28046491742134094, "jsd": 0.22198554873466492}, "epoch_8": {"ndcg": 0.2810623347759247, "jsd": 0.21599087119102478}, "epoch_9": {"ndcg": 0.2797670066356659, "jsd": 0.211041659116745}, "epoch_10": {"ndcg": 0.27996116876602173, "jsd": 0.2047196924686432}, "epoch_11": {"ndcg": 0.27927449345588684, "jsd": 0.19951102137565613}, "epoch_12": {"ndcg": 0.2785516381263733, "jsd": 0.19649773836135864}, "epoch_13": {"ndcg": 0.27708253264427185, "jsd": 0.1927083283662796}, "epoch_14": {"ndcg": 0.275637149810791, "jsd": 0.18885494768619537}, "epoch_15": {"ndcg": 0.2744332253932953, "jsd": 0.1849955916404724}, "epoch_16": {"ndcg": 0.2725892663002014, "jsd": 0.18279224634170532}, "epoch_17": {"ndcg": 0.27187371253967285, "jsd": 0.18106545507907867}, "epoch_18": {"ndcg": 0.27033403515815735, "jsd": 0.17787426710128784}, "epoch_19": {"ndcg": 0.2683156728744507, "jsd": 0.1762392371892929}, "epoch_20": {"ndcg": 0.26662975549697876, "jsd": 0.1736784428358078}, "epoch_21": {"ndcg": 0.265192449092865, "jsd": 0.17308729887008667}, "epoch_22": {"ndcg": 0.2634410560131073, "jsd": 0.17140412330627441}, "epoch_23": {"ndcg": 0.2623771131038666, "jsd": 0.1697726547718048}, "epoch_24": {"ndcg": 0.26237714290618896, "jsd": 0.1693919152021408}, "epoch_25": {"ndcg": 0.26158618927001953, "jsd": 0.16824111342430115}, "epoch_26": {"ndcg": 0.26005715131759644, "jsd": 0.16788558661937714}, "epoch_27": {"ndcg": 0.2600491940975189, "jsd": 0.16758115589618683}, "epoch_28": {"ndcg": 0.2586514353752136, "jsd": 0.16724886000156403}, "epoch_29": {"ndcg": 0.2585577368736267, "jsd": 0.16721831262111664}, "epoch_30": {"ndcg": 0.25798916816711426, "jsd": 0.16700446605682373}, "epoch_34": {"ndcg": 0.25521618127822876, "jsd": 0.16612762212753296}, "epoch_35": {"ndcg": 0.25470367074012756, "jsd": 0.16570454835891724}, "epoch_36": {"ndcg": 0.2548765242099762, "jsd": 0.16470560431480408}, "epoch_37": {"ndcg": 0.25493934750556946, "jsd": 0.16440387070178986}, "epoch_38": {"ndcg": 0.2548257112503052, "jsd": 0.16314199566841125}, "epoch_39": {"ndcg": 0.2541796565055847, "jsd": 0.16291183233261108}, "epoch_40": {"ndcg": 0.2543078660964966, "jsd": 0.1620703935623169}, "epoch_41": {"ndcg": 0.2540000081062317, "jsd": 0.16087955236434937}, "epoch_42": {"ndcg": 0.2540613114833832, "jsd": 0.1603681594133377}, "epoch_43": {"ndcg": 0.2540002465248108, "jsd": 0.16031140089035034}, "epoch_44": {"ndcg": 0.2548828423023224, "jsd": 0.15851406753063202}, "epoch_45": {"ndcg": 0.25535112619400024, "jsd": 0.15849807858467102}, "epoch_46": {"ndcg": 0.2561812996864319, "jsd": 0.15776440501213074}, "epoch_47": {"ndcg": 0.25589868426322937, "jsd": 0.15706269443035126}, "epoch_48": {"ndcg": 0.2566899359226227, "jsd": 0.15678662061691284}, "epoch_49": {"ndcg": 0.25576066970825195, "jsd": 0.15640650689601898}, "epoch_50": {"ndcg": 0.25645264983177185, "jsd": 0.1557871550321579}, "epoch_51": {"ndcg": 0.2565944790840149, "jsd": 0.15518464148044586}, "epoch_52": {"ndcg": 0.2568780779838562, "jsd": 0.1551770120859146}, "epoch_53": {"ndcg": 0.25665315985679626, "jsd": 0.15417398512363434}, "epoch_55": {"ndcg": 0.25752487778663635, "jsd": 0.15295037627220154}, "epoch_57": {"ndcg": 0.25775179266929626, "jsd": 0.15175874531269073}, "epoch_58": {"ndcg": 0.2583630084991455, "jsd": 0.15124978125095367}, "epoch_62": {"ndcg": 0.2611824870109558, "jsd": 0.15048140287399292}, "epoch_64": {"ndcg": 0.2625087797641754, "jsd": 0.14964251220226288}, "epoch_65": {"ndcg": 0.26334837079048157, "jsd": 0.14896784722805023}, "epoch_66": {"ndcg": 0.2649241089820862, "jsd": 0.14851117134094238}, "epoch_67": {"ndcg": 0.2644295394420624, "jsd": 0.14783252775669098}, "epoch_68": {"ndcg": 0.2646535634994507, "jsd": 0.1474972367286682}, "epoch_69": {"ndcg": 0.26497694849967957, "jsd": 0.14694525301456451}, "epoch_71": {"ndcg": 0.26502299308776855, "jsd": 0.14623083174228668}, "epoch_74": {"ndcg": 0.2660054862499237, "jsd": 0.1452692449092865}, "epoch_75": {"ndcg": 0.2658901512622833, "jsd": 0.14491362869739532}, "epoch_76": {"ndcg": 0.26662707328796387, "jsd": 0.14437879621982574}, "epoch_77": {"ndcg": 0.2673821747303009, "jsd": 0.14412802457809448}, "epoch_78": {"ndcg": 0.26659536361694336, "jsd": 0.14385932683944702}, "epoch_79": {"ndcg": 0.26658299565315247, "jsd": 0.14281246066093445}, "epoch_83": {"ndcg": 0.26776036620140076, "jsd": 0.1426391750574112}, "epoch_84": {"ndcg": 0.26801905035972595, "jsd": 0.1420266181230545}, "epoch_85": {"ndcg": 0.2687591016292572, "jsd": 0.1403736025094986}, "epoch_86": {"ndcg": 0.2701224684715271, "jsd": 0.14018893241882324}, "epoch_87": {"ndcg": 0.2697625160217285, "jsd": 0.14007523655891418}, "epoch_88": {"ndcg": 0.26988962292671204, "jsd": 0.13908176124095917}, "epoch_89": {"ndcg": 0.2704407274723053, "jsd": 0.1380789428949356}, "epoch_90": {"ndcg": 0.2704273760318756, "jsd": 0.13769809901714325}, "epoch_91": {"ndcg": 0.2706015706062317, "jsd": 0.1375567466020584}, "epoch_92": {"ndcg": 0.27110233902931213, "jsd": 0.13684958219528198}, "epoch_93": {"ndcg": 0.2720038592815399, "jsd": 0.1359298676252365}, "epoch_95": {"ndcg": 0.27098241448402405, "jsd": 0.13574828207492828}, "epoch_96": {"ndcg": 0.2708524167537689, "jsd": 0.13530674576759338}, "epoch_97": {"ndcg": 0.2706233263015747, "jsd": 0.13432148098945618}, "epoch_100": {"ndcg": 0.27099984884262085, "jsd": 0.1333559900522232}, "epoch_102": {"ndcg": 0.27005594968795776, "jsd": 0.13324637711048126}, "epoch_110": {"ndcg": 0.2714954912662506, "jsd": 0.1328897625207901}, "epoch_111": {"ndcg": 0.27189019322395325, "jsd": 0.13248099386692047}, "epoch_113": {"ndcg": 0.2715267241001129, "jsd": 0.13244909048080444}, "epoch_114": {"ndcg": 0.2718922793865204, "jsd": 0.1318272054195404}, "epoch_115": {"ndcg": 0.2718064486980438, "jsd": 0.13172882795333862}, "epoch_116": {"ndcg": 0.27101847529411316, "jsd": 0.1317022293806076}, "epoch_118": {"ndcg": 0.27114325761795044, "jsd": 0.13121798634529114}, "epoch_119": {"ndcg": 0.2699839174747467, "jsd": 0.13079024851322174}, "epoch_121": {"ndcg": 0.2701009213924408, "jsd": 0.13050958514213562}, "epoch_123": {"ndcg": 0.2699078917503357, "jsd": 0.13015314936637878}, "epoch_125": {"ndcg": 0.27052515745162964, "jsd": 0.12944099307060242}, "epoch_126": {"ndcg": 0.2700774073600769, "jsd": 0.12919451296329498}, "epoch_127": {"ndcg": 0.2705337703227997, "jsd": 0.12895244359970093}, "epoch_128": {"ndcg": 0.2715000808238983, "jsd": 0.12881311774253845}, "epoch_130": {"ndcg": 0.26939857006073, "jsd": 0.12854063510894775}, "epoch_131": {"ndcg": 0.27027249336242676, "jsd": 0.12822040915489197}, "epoch_136": {"ndcg": 0.2682536244392395, "jsd": 0.12788446247577667}, "epoch_137": {"ndcg": 0.2674136459827423, "jsd": 0.12784601747989655}, "epoch_138": {"ndcg": 0.2678983509540558, "jsd": 0.12764990329742432}, "epoch_139": {"ndcg": 0.26776987314224243, "jsd": 0.1275711953639984}, "epoch_140": {"ndcg": 0.26766109466552734, "jsd": 0.1271502673625946}, "epoch_142": {"ndcg": 0.2670196294784546, "jsd": 0.12689770758152008}, "epoch_143": {"ndcg": 0.26687464118003845, "jsd": 0.12644118070602417}, "epoch_145": {"ndcg": 0.26713669300079346, "jsd": 0.12619982659816742}, "epoch_147": {"ndcg": 0.26615193486213684, "jsd": 0.12585046887397766}, "epoch_150": {"ndcg": 0.2661861777305603, "jsd": 0.125498965382576}, "epoch_151": {"ndcg": 0.2654142379760742, "jsd": 0.1254682093858719}, "epoch_152": {"ndcg": 0.2661125659942627, "jsd": 0.12517663836479187}, "epoch_153": {"ndcg": 0.2654254734516144, "jsd": 0.12495142966508865},