{"base_recommendations": {"ndcg": 0.27637046575546265, "jsd": 0.2555331587791443}, "postprocessed": {}, "finetuned": {"epoch_1": {"ndcg": 0.2769531309604645, "jsd": 0.25339779257774353}, "epoch_2": {"ndcg": 0.27600178122520447, "jsd": 0.2492954581975937}, "epoch_3": {"ndcg": 0.2774932086467743, "jsd": 0.24412082135677338}, "epoch_4": {"ndcg": 0.2775171995162964, "jsd": 0.23756548762321472}, "epoch_5": {"ndcg": 0.27878516912460327, "jsd": 0.23198774456977844}, "epoch_6": {"ndcg": 0.2793940007686615, "jsd": 0.22468720376491547}, "epoch_7": {"ndcg": 0.2789313495159149, "jsd": 0.21934404969215393}, "epoch_8": {"ndcg": 0.2795308828353882, "jsd": 0.21340139210224152}, "epoch_9": {"ndcg": 0.27966630458831787, "jsd": 0.20707915723323822}, "epoch_10": {"ndcg": 0.28008249402046204, "jsd": 0.20138922333717346}, "epoch_11": {"ndcg": 0.28092440962791443, "jsd": 0.19562652707099915}, "epoch_12": {"ndcg": 0.28046345710754395, "jsd": 0.1907438486814499}, "epoch_13": {"ndcg": 0.2802852988243103, "jsd": 0.1869490146636963}, "epoch_14": {"ndcg": 0.27921897172927856, "jsd": 0.1842123568058014}, "epoch_15": {"ndcg": 0.27800434827804565, "jsd": 0.18083935976028442}, "epoch_16": {"ndcg": 0.27625253796577454, "jsd": 0.1785258650779724}, "epoch_17": {"ndcg": 0.274893581867218, "jsd": 0.17686763405799866}, "epoch_18": {"ndcg": 0.27483782172203064, "jsd": 0.1737402379512787}, "epoch_19": {"ndcg": 0.27385932207107544, "jsd": 0.17186501622200012}, "epoch_21": {"ndcg": 0.2724364995956421, "jsd": 0.1711502969264984}, "epoch_22": {"ndcg": 0.2719743549823761, "jsd": 0.17095506191253662}, "epoch_25": {"ndcg": 0.2686823904514313, "jsd": 0.17057321965694427}, "epoch_26": {"ndcg": 0.2679906189441681, "jsd": 0.17019608616828918}, "epoch_27": {"ndcg": 0.2678878605365753, "jsd": 0.1700531393289566}, "epoch_28": {"ndcg": 0.26742100715637207, "jsd": 0.16928064823150635}, "epoch_29": {"ndcg": 0.26701486110687256, "jsd": 0.16874781250953674}, "epoch_30": {"ndcg": 0.26639002561569214, "jsd": 0.168199822306633}, "epoch_31": {"ndcg": 0.26681259274482727, "jsd": 0.1676282435655594}, "epoch_32": {"ndcg": 0.26620903611183167, "jsd": 0.16697102785110474}, "epoch_33": {"ndcg": 0.2667800486087799, "jsd": 0.16617631912231445}, "epoch_34": {"ndcg": 0.26591119170188904, "jsd": 0.16509464383125305}, "epoch_35": {"ndcg": 0.2666871249675751, "jsd": 0.16416582465171814}, "epoch_37": {"ndcg": 0.26663675904273987, "jsd": 0.16391238570213318}, "epoch_38": {"ndcg": 0.2665848731994629, "jsd": 0.1637987196445465}, "epoch_39": {"ndcg": 0.26698407530784607, "jsd": 0.1629563719034195}, "epoch_40": {"ndcg": 0.266276091337204, "jsd": 0.1619633287191391}, "epoch_41": {"ndcg": 0.26754030585289, "jsd": 0.16106195747852325}, "epoch_42": {"ndcg": 0.26722294092178345, "jsd": 0.16054926812648773}, "epoch_43": {"ndcg": 0.2672951817512512, "jsd": 0.15984214842319489}, "epoch_44": {"ndcg": 0.26676779985427856, "jsd": 0.15893548727035522}, "epoch_45": {"ndcg": 0.2673635184764862, "jsd": 0.15858244895935059}, "epoch_46": {"ndcg": 0.26664024591445923, "jsd": 0.15785132348537445}, "epoch_47": {"ndcg": 0.26797595620155334, "jsd": 0.15708360075950623}, "epoch_49": {"ndcg": 0.2680301368236542, "jsd": 0.15632709860801697}, "epoch_50": {"ndcg": 0.26916465163230896, "jsd": 0.15583816170692444}, "epoch_51": {"ndcg": 0.26808905601501465, "jsd": 0.15460632741451263}, "epoch_53": {"ndcg": 0.26925012469291687, "jsd": 0.15338382124900818}, "epoch_54": {"ndcg": 0.2688992917537689, "jsd": 0.15212048590183258}, "epoch_57": {"ndcg": 0.2702938914299011, "jsd": 0.15059523284435272}, "epoch_58": {"ndcg": 0.27053511142730713, "jsd": 0.15030328929424286}, "epoch_59": {"ndcg": 0.2704669237136841, "jsd": 0.14970903098583221}, "epoch_60": {"ndcg": 0.2700681686401367, "jsd": 0.14918740093708038}, "epoch_61": {"ndcg": 0.27084532380104065, "jsd": 0.14900225400924683}, "epoch_62": {"ndcg": 0.2713705599308014, "jsd": 0.14859537780284882}, "epoch_63": {"ndcg": 0.27137455344200134, "jsd": 0.14777562022209167}, "epoch_64": {"ndcg": 0.2721148729324341, "jsd": 0.14761003851890564}, "epoch_65": {"ndcg": 0.27217647433280945, "jsd": 0.14713968336582184}, "epoch_67": {"ndcg": 0.2715332508087158, "jsd": 0.14647935330867767}, "epoch_68": {"ndcg": 0.27188238501548767, "jsd": 0.14558692276477814}, "epoch_69": {"ndcg": 0.27156490087509155, "jsd": 0.14545144140720367}, "epoch_70": {"ndcg": 0.27235034108161926, "jsd": 0.14490841329097748}, "epoch_71": {"ndcg": 0.2727510333061218, "jsd": 0.144156351685524}, "epoch_72": {"ndcg": 0.27205389738082886, "jsd": 0.14400844275951385}, "epoch_73": {"ndcg": 0.27301087975502014, "jsd": 0.14354710280895233}, "epoch_74": {"ndcg": 0.27264779806137085, "jsd": 0.14327329397201538}, "epoch_75": {"ndcg": 0.27347680926322937, "jsd": 0.14317160844802856}, "epoch_76": {"ndcg": 0.27273958921432495, "jsd": 0.1422252207994461}, "epoch_78": {"ndcg": 0.2729962170124054, "jsd": 0.14084364473819733}, "epoch_81": {"ndcg": 0.2728150486946106, "jsd": 0.14066869020462036}, "epoch_82": {"ndcg": 0.27370283007621765, "jsd": 0.139817014336586}, "epoch_83": {"ndcg": 0.2725602090358734, "jsd": 0.13919135928153992}, "epoch_84": {"ndcg": 0.27284082770347595, "jsd": 0.138870969414711}, "epoch_85": {"ndcg": 0.2720659077167511, "jsd": 0.13839206099510193}, "epoch_87": {"ndcg": 0.27332502603530884, "jsd": 0.13814622163772583}, "epoch_88": {"ndcg": 0.27326053380966187, "jsd": 0.1379537284374237}, "epoch_90": {"ndcg": 0.2728267014026642, "jsd": 0.13700367510318756}, "epoch_91": {"ndcg": 0.2728509306907654, "jsd": 0.13622955977916718}, "epoch_92": {"ndcg": 0.2722319960594177, "jsd": 0.1356801688671112}, "epoch_93": {"ndcg": 0.27309224009513855, "jsd": 0.13557346165180206}, "epoch_95": {"ndcg": 0.27295157313346863, "jsd": 0.13496717810630798}, "epoch_96": {"ndcg": 0.2725426256656647, "jsd": 0.13435202836990356}, "epoch_97": {"ndcg": 0.27220529317855835, "jsd": 0.1341649293899536}, "epoch_98": {"ndcg": 0.2720288634300232, "jsd": 0.13337446749210358}, "epoch_99": {"ndcg": 0.271739661693573, "jsd": 0.13252072036266327}, "epoch_102": {"ndcg": 0.26981356739997864, "jsd": 0.13215629756450653}, "epoch_104": {"ndcg": 0.26925039291381836, "jsd": 0.13182362914085388}, "epoch_105": {"ndcg": 0.26956525444984436, "jsd": 0.13144083321094513}, "epoch_108": {"ndcg": 0.2688521146774292, "jsd": 0.1304672658443451}, "epoch_111": {"ndcg": 0.26674869656562805, "jsd": 0.12964285910129547}, "epoch_115": {"ndcg": 0.2662999927997589, "jsd": 0.12892097234725952}, "epoch_118": {"ndcg": 0.26401612162590027, "jsd": 0.12882372736930847}, "epoch_120": {"ndcg": 0.2634753882884979, "jsd": 0.12810643017292023}, "epoch_122": {"ndcg": 0.2627444267272949, "jsd": 0.12718676030635834}, "epoch_130": {"ndcg": 0.2570771872997284, "jsd": 0.1271093785762787}, "epoch_132": {"ndcg": 0.25632330775260925, "jsd": 0.12705668807029724}, "epoch_133": {"ndcg": 0.25671157240867615, "jsd": 0.12620355188846588}, "epoch_135": {"ndcg": 0.2558041214942932, "jsd": 0.12601888179779053}, "epoch_140": {"ndcg": 0.25561314821243286, "jsd": 0.12586653232574463}, "epoch_143": {"ndcg": 0.25379031896591187, "jsd": 0.12475874274969101}, "epoch_146": {"ndcg": 0.25384145975112915, "jsd": 0.1246124878525734}, "epoch_148": {"ndcg": 0.25168630480766296, "jsd": 0.1236145943403244}, "epoch_150": {"ndcg": 0.25112244486808777, "jsd": 0.12308994680643082}, "epoch_152": {"ndcg": 0.25101226568222046, "jsd": 0.12254536151885986}, "epoch_153": {"ndcg": 0.2496090829372406, "jsd": 0.12203913927078247}, "epoch_155": {"ndcg": 0.24909591674804688, "jsd": 0.12124865502119064}, "epoch_160": {"ndcg": 0.24666358530521393, "jsd": 0.12090397626161575}, "epoch_161": {"ndcg": 0.2468053251504898, "jsd": 0.12045465409755707}, "epoch_162": {"ndcg": 0.24646462500095367, "jsd": 0.11990538984537125}, "epoch_163": {"ndcg": 0.2449064403772354, "jsd": 0.11950114369392395}, "epoch_168": {"ndcg": 0.2430892288684845, "jsd": 0.11948276311159134}, "epoch_169": {"ndcg": 0.2421478033065796, "jsd": 0.1192958876490593}, "epoch_171": {"ndcg": 0.24097882211208344,