{"base_recommendations": {"ndcg": 0.27637046575546265, "jsd": 0.2555331587791443}, "postprocessed": {}, "finetuned": {"epoch_1": {"ndcg": 0.27673253417015076, "jsd": 0.25353971123695374}, "epoch_2": {"ndcg": 0.2769894599914551, "jsd": 0.2498069405555725}, "epoch_3": {"ndcg": 0.27798283100128174, "jsd": 0.2437000274658203}, "epoch_4": {"ndcg": 0.27686306834220886, "jsd": 0.23756389319896698}, "epoch_5": {"ndcg": 0.2789330780506134, "jsd": 0.2332696169614792}, "epoch_6": {"ndcg": 0.2793774902820587, "jsd": 0.2276105135679245}, "epoch_7": {"ndcg": 0.2784475088119507, "jsd": 0.2223724126815796}, "epoch_8": {"ndcg": 0.27873268723487854, "jsd": 0.21537603437900543}, "epoch_9": {"ndcg": 0.2786082327365875, "jsd": 0.21069560945034027}, "epoch_10": {"ndcg": 0.27926161885261536, "jsd": 0.20423531532287598}, "epoch_11": {"ndcg": 0.28057175874710083, "jsd": 0.1991540938615799}, "epoch_12": {"ndcg": 0.28014156222343445, "jsd": 0.19479136168956757}, "epoch_13": {"ndcg": 0.280064195394516, "jsd": 0.18953877687454224}, "epoch_14": {"ndcg": 0.27920904755592346, "jsd": 0.18668976426124573}, "epoch_15": {"ndcg": 0.2795083522796631, "jsd": 0.18406730890274048}, "epoch_16": {"ndcg": 0.2790635824203491, "jsd": 0.18117405474185944}, "epoch_17": {"ndcg": 0.27587586641311646, "jsd": 0.17882201075553894}, "epoch_18": {"ndcg": 0.27437642216682434, "jsd": 0.17656634747982025}, "epoch_19": {"ndcg": 0.27392369508743286, "jsd": 0.1751338243484497}, "epoch_20": {"ndcg": 0.27188193798065186, "jsd": 0.17439916729927063}, "epoch_21": {"ndcg": 0.2716183066368103, "jsd": 0.173714280128479}, "epoch_22": {"ndcg": 0.2718474864959717, "jsd": 0.17228128015995026}, "epoch_23": {"ndcg": 0.2707252502441406, "jsd": 0.17136652767658234}, "epoch_24": {"ndcg": 0.270187646150589, "jsd": 0.17115560173988342}, "epoch_26": {"ndcg": 0.26934778690338135, "jsd": 0.16929113864898682}, "epoch_28": {"ndcg": 0.26967617869377136, "jsd": 0.16887998580932617}, "epoch_29": {"ndcg": 0.26884379982948303, "jsd": 0.16851991415023804}, "epoch_30": {"ndcg": 0.26932576298713684, "jsd": 0.16787464916706085}, "epoch_31": {"ndcg": 0.2691819965839386, "jsd": 0.16731002926826477}, "epoch_32": {"ndcg": 0.2692663371562958, "jsd": 0.16656255722045898}, "epoch_33": {"ndcg": 0.2694849967956543, "jsd": 0.1660667359828949}, "epoch_34": {"ndcg": 0.26873883605003357, "jsd": 0.1646553874015808}, "epoch_35": {"ndcg": 0.2686994671821594, "jsd": 0.16427768766880035}, "epoch_36": {"ndcg": 0.2692682147026062, "jsd": 0.1637672483921051}, "epoch_37": {"ndcg": 0.26905152201652527, "jsd": 0.16277599334716797}, "epoch_39": {"ndcg": 0.2698124647140503, "jsd": 0.16158106923103333}, "epoch_40": {"ndcg": 0.271441787481308, "jsd": 0.1613267958164215}, "epoch_41": {"ndcg": 0.27060842514038086, "jsd": 0.16096735000610352}, "epoch_42": {"ndcg": 0.27060937881469727, "jsd": 0.15984094142913818}, "epoch_43": {"ndcg": 0.270607590675354, "jsd": 0.1595306545495987}, "epoch_45": {"ndcg": 0.2711048424243927, "jsd": 0.1585172712802887}, "epoch_46": {"ndcg": 0.2705468535423279, "jsd": 0.15793229639530182}, "epoch_48": {"ndcg": 0.2722375988960266, "jsd": 0.15756666660308838}, "epoch_49": {"ndcg": 0.2724252939224243, "jsd": 0.15665163099765778}, "epoch_50": {"ndcg": 0.272102028131485, "jsd": 0.15658985078334808}, "epoch_51": {"ndcg": 0.2740062177181244, "jsd": 0.1555786281824112}, "epoch_53": {"ndcg": 0.2742714285850525, "jsd": 0.15487393736839294}, "epoch_54": {"ndcg": 0.2738896906375885, "jsd": 0.15457966923713684}, "epoch_55": {"ndcg": 0.2732292115688324, "jsd": 0.1535874456167221}, "epoch_56": {"ndcg": 0.2740672826766968, "jsd": 0.15312623977661133}, "epoch_58": {"ndcg": 0.2753904163837433, "jsd": 0.15174724161624908}, "epoch_59": {"ndcg": 0.27605438232421875, "jsd": 0.1515822410583496}, "epoch_60": {"ndcg": 0.2767004668712616, "jsd": 0.15064215660095215}, "epoch_61": {"ndcg": 0.27725231647491455, "jsd": 0.1501024216413498}, "epoch_62": {"ndcg": 0.27653196454048157, "jsd": 0.14921754598617554}, "epoch_64": {"ndcg": 0.2760539948940277, "jsd": 0.14886678755283356}, "epoch_65": {"ndcg": 0.27679386734962463, "jsd": 0.14828895032405853}, "epoch_66": {"ndcg": 0.27699947357177734, "jsd": 0.14795489609241486}, "epoch_67": {"ndcg": 0.27790194749832153, "jsd": 0.14754530787467957}, "epoch_68": {"ndcg": 0.27738654613494873, "jsd": 0.14718078076839447}, "epoch_69": {"ndcg": 0.2781119644641876, "jsd": 0.14703845977783203}, "epoch_70": {"ndcg": 0.27778783440589905, "jsd": 0.1458299160003662}, "epoch_72": {"ndcg": 0.2794690430164337, "jsd": 0.1451011449098587}, "epoch_73": {"ndcg": 0.2791350781917572, "jsd": 0.14468367397785187}, "epoch_75": {"ndcg": 0.2789927124977112, "jsd": 0.14343100786209106}, "epoch_76": {"ndcg": 0.27818912267684937, "jsd": 0.14336510002613068}, "epoch_77": {"ndcg": 0.27831244468688965, "jsd": 0.14299160242080688}, "epoch_78": {"ndcg": 0.27875256538391113, "jsd": 0.14230816066265106}, "epoch_79": {"ndcg": 0.27760255336761475, "jsd": 0.1421533077955246}, "epoch_80": {"ndcg": 0.27804726362228394, "jsd": 0.14122627675533295}, "epoch_82": {"ndcg": 0.2772216200828552, "jsd": 0.14093801379203796}, "epoch_83": {"ndcg": 0.2784222662448883, "jsd": 0.1406952291727066}, "epoch_85": {"ndcg": 0.2779200077056885, "jsd": 0.1397511214017868}, "epoch_87": {"ndcg": 0.2785821259021759, "jsd": 0.13964207470417023}, "epoch_91": {"ndcg": 0.2773474454879761, "jsd": 0.1389383226633072}, "epoch_93": {"ndcg": 0.2757859230041504, "jsd": 0.13767589628696442}, "epoch_96": {"ndcg": 0.275953471660614, "jsd": 0.13640199601650238}, "epoch_98": {"ndcg": 0.27532216906547546, "jsd": 0.1353328973054886}, "epoch_100": {"ndcg": 0.27464815974235535, "jsd": 0.13448692858219147}, "epoch_105": {"ndcg": 0.2743123173713684, "jsd": 0.1338590681552887}, "epoch_106": {"ndcg": 0.27249273657798767, "jsd": 0.13346154987812042}, "epoch_107": {"ndcg": 0.27230674028396606, "jsd": 0.13282915949821472}, "epoch_110": {"ndcg": 0.270222008228302, "jsd": 0.13175535202026367}, "epoch_114": {"ndcg": 0.269269198179245, "jsd": 0.13152319192886353}, "epoch_116": {"ndcg": 0.26824939250946045, "jsd": 0.1307203769683838}, "epoch_118": {"ndcg": 0.2673332989215851, "jsd": 0.1303287297487259}, "epoch_120": {"ndcg": 0.26542267203330994, "jsd": 0.12991246581077576}, "epoch_121": {"ndcg": 0.2650396525859833, "jsd": 0.12978333234786987}, "epoch_122": {"ndcg": 0.26598605513572693, "jsd": 0.12959416210651398}, "epoch_124": {"ndcg": 0.2636628746986389, "jsd": 0.1291901022195816}, "epoch_125": {"ndcg": 0.2638089954853058, "jsd": 0.1290958672761917}, "epoch_126": {"ndcg": 0.2628149092197418, "jsd": 0.12907209992408752}, "epoch_127": {"ndcg": 0.2640839219093323, "jsd": 0.12880519032478333}, "epoch_128": {"ndcg": 0.26153212785720825, "jsd": 0.12879107892513275}, "epoch_129": {"ndcg": 0.2603919506072998, "jsd": 0.12878142297267914}, "epoch_130": {"ndcg": 0.2602396309375763, "jsd": 0.12777356803417206}, "epoch_134": {"ndcg": 0.25836181640625, "jsd": 0.1277042180299759}, "epoch_135": {"ndcg": 0.2569265365600586, "jsd": 0.12747105956077576}, "epoch_138": {"ndcg": 0.2551102638244629, "jsd": 0.12702219188213348}, "epoch_142": {"ndcg": 0.25192248821258545, "jsd": 0.12683014571666718}, "epoch_145": {"ndcg": 0.24947497248649597, "jsd": 0.12589429318904877}, "epoch_147": {"ndcg": 0.2508307099342346, "jsd": 0.1258094310760498}, "epoch_148": {"ndcg": 0.2477014809846878, "jsd": 0.12517744302749634}, "epoch_154": {"ndcg": 0.24871231615543365, "jsd": 0.12475984543561935}, "epoch_155": {"ndcg": 0.24584048986434937, "jsd": 0.12477397173643112}, "epoch_157": {"ndcg": 0.24510444700717926, "jsd": 0.12453766167163849}, "epoch_158": {"ndcg": 0.24536795914173126, "jsd": 0.12398800253868103}, "epoch_161": {"ndcg": 0.2431536763906479, "jsd": 0.12363937497138977}, "epoch_162": {"ndcg": 0.2441941350698471, "jsd": 0.12260627001523972}, "epoch_164": {"ndcg": 0.2435922473669052, "jsd": 0.12208732217550278}, "epoch_165": {"ndcg": 0.24084244668483734, "jsd": 0.1218738928437233}, "epoch_169": {"ndcg": 0.23971562087535858, "jsd": 0.12181136012077332},