{"base_recommendations": {"ndcg": 0.27637046575546265, "jsd": 0.2555331587791443}, "postprocessed": {}, "finetuned": {"epoch_1": {"ndcg": 0.2763468027114868, "jsd": 0.2549278140068054}, "epoch_2": {"ndcg": 0.27640101313591003, "jsd": 0.25300154089927673}, "epoch_3": {"ndcg": 0.2764376103878021, "jsd": 0.2510160505771637}, "epoch_4": {"ndcg": 0.2772405743598938, "jsd": 0.24905918538570404}, "epoch_5": {"ndcg": 0.2768761217594147, "jsd": 0.24543218314647675}, "epoch_6": {"ndcg": 0.2762908339500427, "jsd": 0.24483950436115265}, "epoch_7": {"ndcg": 0.2774916887283325, "jsd": 0.2419595569372177}, "epoch_8": {"ndcg": 0.2784915566444397, "jsd": 0.23957522213459015}, "epoch_9": {"ndcg": 0.27768078446388245, "jsd": 0.2371632158756256}, "epoch_10": {"ndcg": 0.27775537967681885, "jsd": 0.23518437147140503}, "epoch_11": {"ndcg": 0.278682142496109, "jsd": 0.23245683312416077}, "epoch_12": {"ndcg": 0.2778519093990326, "jsd": 0.2289305031299591}, "epoch_13": {"ndcg": 0.2770076394081116, "jsd": 0.2257927507162094}, "epoch_14": {"ndcg": 0.2773556709289551, "jsd": 0.2227555513381958}, "epoch_15": {"ndcg": 0.2769119441509247, "jsd": 0.21943305432796478}, "epoch_16": {"ndcg": 0.27694055438041687, "jsd": 0.21611164510250092}, "epoch_17": {"ndcg": 0.2775074243545532, "jsd": 0.21245701611042023}, "epoch_18": {"ndcg": 0.2768680453300476, "jsd": 0.20900914072990417}, "epoch_19": {"ndcg": 0.27602091431617737, "jsd": 0.20569807291030884}, "epoch_20": {"ndcg": 0.2748304605484009, "jsd": 0.20232339203357697}, "epoch_21": {"ndcg": 0.2752588391304016, "jsd": 0.20033083856105804}, "epoch_22": {"ndcg": 0.2735055088996887, "jsd": 0.19839029014110565}, "epoch_23": {"ndcg": 0.2743326425552368, "jsd": 0.1957431584596634}, "epoch_24": {"ndcg": 0.2728736996650696, "jsd": 0.19448255002498627}, "epoch_25": {"ndcg": 0.27345412969589233, "jsd": 0.19213935732841492}, "epoch_26": {"ndcg": 0.2736271619796753, "jsd": 0.19119925796985626}, "epoch_27": {"ndcg": 0.2732928693294525, "jsd": 0.1891244500875473}, "epoch_28": {"ndcg": 0.2730788588523865, "jsd": 0.18768425285816193}, "epoch_29": {"ndcg": 0.27214500308036804, "jsd": 0.1870146095752716}, "epoch_30": {"ndcg": 0.27260321378707886, "jsd": 0.18539172410964966}, "epoch_31": {"ndcg": 0.2717019021511078, "jsd": 0.18396492302417755}, "epoch_32": {"ndcg": 0.27127203345298767, "jsd": 0.18306732177734375}, "epoch_33": {"ndcg": 0.27089789509773254, "jsd": 0.18280000984668732}, "epoch_34": {"ndcg": 0.27137839794158936, "jsd": 0.1823762208223343}, "epoch_35": {"ndcg": 0.27188947796821594, "jsd": 0.18142475187778473}, "epoch_36": {"ndcg": 0.27166616916656494, "jsd": 0.1804877072572708}, "epoch_37": {"ndcg": 0.27183085680007935, "jsd": 0.17967183887958527}, "epoch_38": {"ndcg": 0.27182477712631226, "jsd": 0.1794338822364807}, "epoch_39": {"ndcg": 0.27168038487434387, "jsd": 0.17871570587158203}, "epoch_41": {"ndcg": 0.27098140120506287, "jsd": 0.17829462885856628}, "epoch_42": {"ndcg": 0.27111682295799255, "jsd": 0.177508145570755}, "epoch_43": {"ndcg": 0.27052614092826843, "jsd": 0.17662249505519867}, "epoch_45": {"ndcg": 0.27133214473724365, "jsd": 0.1763700693845749}, "epoch_48": {"ndcg": 0.2711036205291748, "jsd": 0.17576920986175537}, "epoch_49": {"ndcg": 0.2710702121257782, "jsd": 0.17457379400730133}, "epoch_50": {"ndcg": 0.27051734924316406, "jsd": 0.17456640303134918}, "epoch_51": {"ndcg": 0.27014487981796265, "jsd": 0.17300748825073242}, "epoch_53": {"ndcg": 0.26993870735168457, "jsd": 0.17184565961360931}, "epoch_56": {"ndcg": 0.26960963010787964, "jsd": 0.17055396735668182}, "epoch_57": {"ndcg": 0.2698632776737213, "jsd": 0.16970591247081757}, "epoch_59": {"ndcg": 0.2692683935165405, "jsd": 0.16948696970939636}, "epoch_60": {"ndcg": 0.2705518901348114, "jsd": 0.16894613206386566}, "epoch_61": {"ndcg": 0.26917311549186707, "jsd": 0.16814367473125458}, "epoch_62": {"ndcg": 0.2700725495815277, "jsd": 0.1671706587076187}, "epoch_63": {"ndcg": 0.26882442831993103, "jsd": 0.16615509986877441}, "epoch_65": {"ndcg": 0.27086979150772095, "jsd": 0.1647004336118698}, "epoch_67": {"ndcg": 0.2710842490196228, "jsd": 0.16400030255317688}, "epoch_69": {"ndcg": 0.2689100503921509, "jsd": 0.1628296673297882}, "epoch_73": {"ndcg": 0.26830366253852844, "jsd": 0.16193458437919617}, "epoch_75": {"ndcg": 0.26855266094207764, "jsd": 0.16123799979686737}, "epoch_76": {"ndcg": 0.26564618945121765, "jsd": 0.16109737753868103}, "epoch_77": {"ndcg": 0.2679075598716736, "jsd": 0.16031943261623383}, "epoch_79": {"ndcg": 0.2643088102340698, "jsd": 0.1591673344373703}, "epoch_80": {"ndcg": 0.26489293575286865, "jsd": 0.1584266871213913}, "epoch_81": {"ndcg": 0.26434946060180664, "jsd": 0.15829528868198395}, "epoch_83": {"ndcg": 0.2626899480819702, "jsd": 0.15640400350093842}, "epoch_85": {"ndcg": 0.26230618357658386, "jsd": 0.15562638640403748}, "epoch_88": {"ndcg": 0.2652864456176758, "jsd": 0.15452371537685394}, "epoch_95": {"ndcg": 0.2620965540409088, "jsd": 0.15214362740516663}, "epoch_97": {"ndcg": 0.2631169259548187, "jsd": 0.1514940708875656}, "epoch_99": {"ndcg": 0.25969862937927246, "jsd": 0.15034954249858856}, "epoch_100": {"ndcg": 0.25848302245140076, "jsd": 0.1496283859014511}, "epoch_102": {"ndcg": 0.2562100887298584, "jsd": 0.14961214363574982}, "epoch_103": {"ndcg": 0.2575361132621765, "jsd": 0.1490994393825531}, "epoch_104": {"ndcg": 0.2575936019420624, "jsd": 0.14774315059185028}, "epoch_107": {"ndcg": 0.256318598985672, "jsd": 0.1471402645111084}, "epoch_109": {"ndcg": 0.25560519099235535, "jsd": 0.1468440145254135}, "epoch_113": {"ndcg": 0.2555062174797058, "jsd": 0.14623817801475525}, "epoch_116": {"ndcg": 0.2565515339374542, "jsd": 0.14458903670310974}, "epoch_118": {"ndcg": 0.2501000761985779, "jsd": 0.14123202860355377}, "epoch_129": {"ndcg": 0.24964947998523712, "jsd": 0.14080682396888733}, "epoch_132": {"ndcg": 0.24777810275554657, "jsd": 0.14024074375629425}, "epoch_136": {"ndcg": 0.2473960518836975, "jsd": 0.13956430554389954}, "epoch_138": {"ndcg": 0.24453656375408173, "jsd": 0.13759438693523407}, "epoch_146": {"ndcg": 0.2433975636959076, "jsd": 0.13623885810375214}, "epoch_152": {"ndcg": 0.23857925832271576, "jsd": 0.13540524244308472}, "epoch_155": {"ndcg": 0.23707079887390137, "jsd": 0.13506999611854553}, "epoch_157": {"ndcg": 0.23501001298427582, "jsd": 0.13406428694725037}, "epoch_159": {"ndcg": 0.23157307505607605, "jsd": 0.1325877606868744}, "epoch_170": {"ndcg": 0.22956149280071259, "jsd": 0.13229046761989594}, "epoch_174": {"ndcg": 0.2295374721288681, "jsd": 0.131610706448555}, "epoch_175": {"ndcg": 0.22610196471214294, "jsd": 0.12985524535179138}, "epoch_184": {"ndcg": 0.22739356756210327, "jsd": 0.1293836086988449}, "epoch_186": {"ndcg": 0.22937029600143433, "jsd": 0.1271553337574005}, "epoch_198": {"ndcg": 0.228292316198349, "jsd": 0.12631841003894806}, "epoch_201": {"ndcg": 0.22686290740966797, "jsd": 0.12624333798885345}, "epoch_210": {"ndcg": 0.2263142615556717, "jsd": 0.12491646409034729}, "epoch_232": {"ndcg": 0.21701189875602722, "jsd": 0.12416080385446548}, "epoch_235": {"ndcg": 0.21574676036834717, "jsd": 0.1237047091126442}}}