{"base_recommendations": {"ndcg": 0.27637046575546265, "jsd": 0.2555331587791443}, "postprocessed": {}, "finetuned": {"epoch_1": {"ndcg": 0.27641960978507996, "jsd": 0.252278596162796}, "epoch_2": {"ndcg": 0.27609193325042725, "jsd": 0.24524521827697754}, "epoch_3": {"ndcg": 0.2766445577144623, "jsd": 0.236465722322464}, "epoch_4": {"ndcg": 0.27721476554870605, "jsd": 0.22805167734622955}, "epoch_5": {"ndcg": 0.27790167927742004, "jsd": 0.22077789902687073}, "epoch_6": {"ndcg": 0.2788408696651459, "jsd": 0.21287959814071655}, "epoch_7": {"ndcg": 0.2793263792991638, "jsd": 0.20231299102306366}, "epoch_8": {"ndcg": 0.2783268392086029, "jsd": 0.19462665915489197}, "epoch_9": {"ndcg": 0.27774906158447266, "jsd": 0.18824881315231323}, "epoch_10": {"ndcg": 0.278157114982605, "jsd": 0.18172664940357208}, "epoch_11": {"ndcg": 0.277405709028244, "jsd": 0.176849827170372}, "epoch_12": {"ndcg": 0.27887511253356934, "jsd": 0.17006118595600128}, "epoch_13": {"ndcg": 0.2789407968521118, "jsd": 0.16558733582496643}, "epoch_14": {"ndcg": 0.27932271361351013, "jsd": 0.1614576131105423}, "epoch_15": {"ndcg": 0.28023988008499146, "jsd": 0.15753915905952454}, "epoch_16": {"ndcg": 0.27936097979545593, "jsd": 0.15541619062423706}, "epoch_17": {"ndcg": 0.27910834550857544, "jsd": 0.15152491629123688}, "epoch_18": {"ndcg": 0.2776421010494232, "jsd": 0.14970014989376068}, "epoch_19": {"ndcg": 0.2778288722038269, "jsd": 0.14725443720817566}, "epoch_20": {"ndcg": 0.2773873805999756, "jsd": 0.14523814618587494}, "epoch_21": {"ndcg": 0.27698707580566406, "jsd": 0.14423230290412903}, "epoch_22": {"ndcg": 0.27657148241996765, "jsd": 0.14303722977638245}, "epoch_23": {"ndcg": 0.27508631348609924, "jsd": 0.14186975359916687}, "epoch_24": {"ndcg": 0.2730819880962372, "jsd": 0.14110109210014343}, "epoch_25": {"ndcg": 0.274106502532959, "jsd": 0.13990801572799683}, "epoch_26": {"ndcg": 0.27292269468307495, "jsd": 0.13871212303638458}, "epoch_27": {"ndcg": 0.27249494194984436, "jsd": 0.13699401915073395}, "epoch_28": {"ndcg": 0.2718426585197449, "jsd": 0.13646672666072845}, "epoch_29": {"ndcg": 0.2720893621444702, "jsd": 0.1350310742855072}, "epoch_30": {"ndcg": 0.2711040675640106, "jsd": 0.1342526376247406}, "epoch_31": {"ndcg": 0.2719997763633728, "jsd": 0.13190922141075134}, "epoch_32": {"ndcg": 0.2715282142162323, "jsd": 0.13038110733032227}, "epoch_33": {"ndcg": 0.2714185416698456, "jsd": 0.1287670135498047}, "epoch_34": {"ndcg": 0.27114540338516235, "jsd": 0.12767833471298218}, "epoch_35": {"ndcg": 0.26971912384033203, "jsd": 0.1253584921360016}, "epoch_36": {"ndcg": 0.2701045274734497, "jsd": 0.1249644085764885}, "epoch_37": {"ndcg": 0.2701241970062256, "jsd": 0.12306340038776398}, "epoch_38": {"ndcg": 0.2707896828651428, "jsd": 0.12238912284374237}, "epoch_39": {"ndcg": 0.2697346806526184, "jsd": 0.12027937918901443}, "epoch_40": {"ndcg": 0.2682593762874603, "jsd": 0.11987444758415222}, "epoch_41": {"ndcg": 0.2681128680706024, "jsd": 0.11766012758016586}, "epoch_42": {"ndcg": 0.26807889342308044, "jsd": 0.11642614752054214}, "epoch_43": {"ndcg": 0.2675970196723938, "jsd": 0.11480172723531723}, "epoch_45": {"ndcg": 0.26596125960350037, "jsd": 0.11282088607549667}, "epoch_46": {"ndcg": 0.2648012340068817, "jsd": 0.1117754578590393}, "epoch_47": {"ndcg": 0.2644180953502655, "jsd": 0.1104431226849556}, "epoch_48": {"ndcg": 0.2628667950630188, "jsd": 0.10888103395700455}, "epoch_49": {"ndcg": 0.2634747624397278, "jsd": 0.10734143108129501}, "epoch_50": {"ndcg": 0.26307401061058044, "jsd": 0.10572857409715652}, "epoch_51": {"ndcg": 0.261989951133728, "jsd": 0.10383187234401703}, "epoch_52": {"ndcg": 0.2612953782081604, "jsd": 0.1028851792216301}, "epoch_53": {"ndcg": 0.2590884864330292, "jsd": 0.10119394958019257}, "epoch_54": {"ndcg": 0.25858354568481445, "jsd": 0.10082116723060608}, "epoch_55": {"ndcg": 0.2577865719795227, "jsd": 0.09865552932024002}, "epoch_56": {"ndcg": 0.2577916979789734, "jsd": 0.09853954613208771}, "epoch_57": {"ndcg": 0.25717324018478394, "jsd": 0.097506582736969}, "epoch_58": {"ndcg": 0.2558915615081787, "jsd": 0.09647897630929947}, "epoch_59": {"ndcg": 0.2560252249240875, "jsd": 0.09598836302757263}, "epoch_60": {"ndcg": 0.25596168637275696, "jsd": 0.09504450857639313}, "epoch_62": {"ndcg": 0.2539820373058319, "jsd": 0.09392078220844269}, "epoch_63": {"ndcg": 0.25324711203575134, "jsd": 0.09268604964017868}, "epoch_64": {"ndcg": 0.25329163670539856, "jsd": 0.09185082465410233}, "epoch_65": {"ndcg": 0.2518482506275177, "jsd": 0.09112318605184555}, "epoch_66": {"ndcg": 0.24950166046619415, "jsd": 0.09055915474891663}, "epoch_67": {"ndcg": 0.2494002878665924, "jsd": 0.08956924080848694}, "epoch_68": {"ndcg": 0.24843332171440125, "jsd": 0.08807533979415894}, "epoch_69": {"ndcg": 0.24789656698703766, "jsd": 0.08691525459289551}, "epoch_70": {"ndcg": 0.24809987843036652, "jsd": 0.08687476068735123}, "epoch_71": {"ndcg": 0.24766872823238373, "jsd": 0.08656086772680283}, "epoch_72": {"ndcg": 0.24796617031097412, "jsd": 0.08551140129566193}, "epoch_73": {"ndcg": 0.2475747913122177, "jsd": 0.08543410897254944}, "epoch_74": {"ndcg": 0.24749042093753815, "jsd": 0.08452244848012924}, "epoch_75": {"ndcg": 0.24735113978385925, "jsd": 0.08383947610855103}, "epoch_76": {"ndcg": 0.24606870114803314, "jsd": 0.0834532231092453}, "epoch_77": {"ndcg": 0.24550101161003113, "jsd": 0.082089863717556}, "epoch_78": {"ndcg": 0.2447630614042282, "jsd": 0.08158399909734726}, "epoch_79": {"ndcg": 0.2442237138748169, "jsd": 0.08076713979244232}, "epoch_80": {"ndcg": 0.24352137744426727, "jsd": 0.08004359155893326}, "epoch_81": {"ndcg": 0.24315761029720306, "jsd": 0.0787741094827652}, "epoch_82": {"ndcg": 0.24211250245571136, "jsd": 0.07787315547466278}, "epoch_83": {"ndcg": 0.24206723272800446, "jsd": 0.07751940935850143}, "epoch_86": {"ndcg": 0.23925995826721191, "jsd": 0.07676883786916733}, "epoch_87": {"ndcg": 0.23859228193759918, "jsd": 0.07623131573200226}, "epoch_88": {"ndcg": 0.2390013188123703, "jsd": 0.07536492496728897}, "epoch_89": {"ndcg": 0.2377547025680542, "jsd": 0.074117511510849}, "epoch_90": {"ndcg": 0.23815275728702545, "jsd": 0.0740995928645134}, "epoch_91": {"ndcg": 0.23727278411388397, "jsd": 0.07330045849084854}, "epoch_92": {"ndcg": 0.23710718750953674, "jsd": 0.07302851974964142}, "epoch_93": {"ndcg": 0.23696862161159515, "jsd": 0.07240721583366394}, "epoch_94": {"ndcg": 0.23547424376010895, "jsd": 0.07160408794879913}, "epoch_95": {"ndcg": 0.23497503995895386, "jsd": 0.0706012099981308}, "epoch_96": {"ndcg": 0.23387695848941803, "jsd": 0.07013346254825592}, "epoch_98": {"ndcg": 0.23342789709568024, "jsd": 0.07004391402006149}, "epoch_99": {"ndcg": 0.2325565069913864, "jsd": 0.06961814314126968}, "epoch_101": {"ndcg": 0.23095542192459106, "jsd": 0.06954257190227509}, "epoch_102": {"ndcg": 0.23115313053131104, "jsd": 0.06913135200738907}, "epoch_103": {"ndcg": 0.23054245114326477, "jsd": 0.06827839463949203}, "epoch_104": {"ndcg": 0.23031803965568542, "jsd": 0.06787427514791489}, "epoch_106": {"ndcg": 0.22942058742046356, "jsd": 0.06680869311094284}, "epoch_107": {"ndcg": 0.2275526076555252, "jsd": 0.06638405472040176}, "epoch_108": {"ndcg": 0.22725030779838562, "jsd": 0.06619548797607422}, "epoch_109": {"ndcg": 0.22727994620800018, "jsd": 0.06615333259105682}, "epoch_110": {"ndcg": 0.2257581502199173, "jsd": 0.06590555608272552}, "epoch_111": {"ndcg": 0.22541265189647675, "jsd": 0.06589076668024063}, "epoch_112": {"ndcg": 0.22494959831237793, "jsd": 0.06512917578220367}, "epoch_113": {"ndcg": 0.22534197568893433, "jsd": 0.06510762125253677}, "epoch_114": {"ndcg": 0.22582463920116425, "jsd": 0.06451547890901566}, "epoch_116": {"ndcg": 0.22555142641067505, "jsd": 0.06428631395101547}, "epoch_117": {"ndcg": 0.22428230941295624, "jsd": 0.06368362903594971}, "epoch_119": {"ndcg": 0.2236844003200531, "jsd": 0.06332571059465408}, "epoch_120": {"ndcg": 0.22396858036518097, "jsd": 0.06268572807312012}, "epoch_121": {"ndcg": 0.22441667318344116,