{"base_recommendations": {"ndcg": 0.27637046575546265, "jsd": 0.2555331587791443}, "postprocessed": {}, "finetuned": {"epoch_1": {"ndcg": 0.2764204740524292, "jsd": 0.2517821490764618}, "epoch_2": {"ndcg": 0.27590930461883545, "jsd": 0.24524302780628204}, "epoch_3": {"ndcg": 0.2763094902038574, "jsd": 0.2365681380033493}, "epoch_4": {"ndcg": 0.27618956565856934, "jsd": 0.22830727696418762}, "epoch_5": {"ndcg": 0.27639099955558777, "jsd": 0.21842807531356812}, "epoch_6": {"ndcg": 0.2753826677799225, "jsd": 0.20808996260166168}, "epoch_7": {"ndcg": 0.2756099998950958, "jsd": 0.19892506301403046}, "epoch_8": {"ndcg": 0.2756439447402954, "jsd": 0.1884353756904602}, "epoch_9": {"ndcg": 0.2752218246459961, "jsd": 0.17969360947608948}, "epoch_10": {"ndcg": 0.27438345551490784, "jsd": 0.17202942073345184}, "epoch_11": {"ndcg": 0.2736973762512207, "jsd": 0.1649453192949295}, "epoch_12": {"ndcg": 0.2722950577735901, "jsd": 0.15680436789989471}, "epoch_13": {"ndcg": 0.2719803750514984, "jsd": 0.15221020579338074}, "epoch_14": {"ndcg": 0.2719961404800415, "jsd": 0.14724324643611908}, "epoch_15": {"ndcg": 0.27227509021759033, "jsd": 0.14254596829414368}, "epoch_16": {"ndcg": 0.27109333872795105, "jsd": 0.1392587274312973}, "epoch_17": {"ndcg": 0.2714678943157196, "jsd": 0.1362830549478531}, "epoch_18": {"ndcg": 0.2701103091239929, "jsd": 0.1348637491464615}, "epoch_19": {"ndcg": 0.2675530016422272, "jsd": 0.13239769637584686}, "epoch_20": {"ndcg": 0.26564207673072815, "jsd": 0.1309739053249359}, "epoch_21": {"ndcg": 0.26461073756217957, "jsd": 0.12890684604644775}, "epoch_22": {"ndcg": 0.2630811035633087, "jsd": 0.1273384839296341}, "epoch_23": {"ndcg": 0.2635599672794342, "jsd": 0.1261470764875412}, "epoch_24": {"ndcg": 0.26203614473342896, "jsd": 0.1246919333934784}, "epoch_25": {"ndcg": 0.2621036469936371, "jsd": 0.12405355274677277}, "epoch_26": {"ndcg": 0.26159510016441345, "jsd": 0.12265468388795853}, "epoch_27": {"ndcg": 0.26190248131752014, "jsd": 0.12120433896780014}, "epoch_28": {"ndcg": 0.2610425353050232, "jsd": 0.12062819302082062}, "epoch_29": {"ndcg": 0.26087483763694763, "jsd": 0.11955393850803375}, "epoch_30": {"ndcg": 0.26135459542274475, "jsd": 0.11840235441923141}, "epoch_31": {"ndcg": 0.2608046233654022, "jsd": 0.11675354838371277}, "epoch_32": {"ndcg": 0.26046571135520935, "jsd": 0.11578285694122314}, "epoch_33": {"ndcg": 0.26114362478256226, "jsd": 0.11495348066091537}, "epoch_34": {"ndcg": 0.26167041063308716, "jsd": 0.11467406153678894}, "epoch_35": {"ndcg": 0.2598669230937958, "jsd": 0.11399192363023758}, "epoch_36": {"ndcg": 0.25977012515068054, "jsd": 0.11333035677671432}, "epoch_37": {"ndcg": 0.26023760437965393, "jsd": 0.11231647431850433}, "epoch_38": {"ndcg": 0.26011571288108826, "jsd": 0.11118832975625992}, "epoch_39": {"ndcg": 0.2590413987636566, "jsd": 0.11035922914743423}, "epoch_40": {"ndcg": 0.25970399379730225, "jsd": 0.10969521105289459}, "epoch_41": {"ndcg": 0.2588901221752167, "jsd": 0.109306201338768}, "epoch_42": {"ndcg": 0.25897639989852905, "jsd": 0.1082843691110611}, "epoch_43": {"ndcg": 0.25986558198928833, "jsd": 0.10809848457574844}, "epoch_44": {"ndcg": 0.25959616899490356, "jsd": 0.10766257345676422}, "epoch_45": {"ndcg": 0.25904935598373413, "jsd": 0.10693853348493576}, "epoch_46": {"ndcg": 0.2585012912750244, "jsd": 0.10675958544015884}, "epoch_47": {"ndcg": 0.2588224709033966, "jsd": 0.10571876913309097}, "epoch_48": {"ndcg": 0.25762689113616943, "jsd": 0.1054149717092514}, "epoch_49": {"ndcg": 0.2571669816970825, "jsd": 0.10507968813180923}, "epoch_50": {"ndcg": 0.25738099217414856, "jsd": 0.10376271605491638}, "epoch_53": {"ndcg": 0.25570249557495117, "jsd": 0.10327818989753723}, "epoch_54": {"ndcg": 0.2522282302379608, "jsd": 0.10310524702072144}, "epoch_55": {"ndcg": 0.25175774097442627, "jsd": 0.10244982689619064}, "epoch_58": {"ndcg": 0.25185906887054443, "jsd": 0.10198836028575897}, "epoch_59": {"ndcg": 0.2509523630142212, "jsd": 0.10193290561437607}, "epoch_60": {"ndcg": 0.25171205401420593, "jsd": 0.1016329675912857}, "epoch_61": {"ndcg": 0.25127512216567993, "jsd": 0.10126692801713943}, "epoch_62": {"ndcg": 0.2505705952644348, "jsd": 0.10073161870241165}, "epoch_63": {"ndcg": 0.25112202763557434, "jsd": 0.10049693286418915}, "epoch_64": {"ndcg": 0.2508273124694824, "jsd": 0.10032960772514343}, "epoch_65": {"ndcg": 0.25077685713768005, "jsd": 0.10017389059066772}, "epoch_66": {"ndcg": 0.24961955845355988, "jsd": 0.09951759874820709}, "epoch_67": {"ndcg": 0.25058063864707947, "jsd": 0.09946156293153763}, "epoch_68": {"ndcg": 0.24942439794540405, "jsd": 0.09932059794664383}, "epoch_70": {"ndcg": 0.24868646264076233, "jsd": 0.0991441085934639}, "epoch_71": {"ndcg": 0.248993381857872, "jsd": 0.09893617033958435}, "epoch_72": {"ndcg": 0.24887198209762573, "jsd": 0.0981622189283371}, "epoch_74": {"ndcg": 0.24730180203914642, "jsd": 0.09801661223173141}, "epoch_75": {"ndcg": 0.2482776939868927, "jsd": 0.09782402217388153}, "epoch_76": {"ndcg": 0.24714817106723785, "jsd": 0.09749429672956467}, "epoch_77": {"ndcg": 0.2483150064945221, "jsd": 0.09622124582529068}, "epoch_80": {"ndcg": 0.24642978608608246, "jsd": 0.09562455117702484}, "epoch_83": {"ndcg": 0.24723227322101593, "jsd": 0.0955052375793457}, "epoch_84": {"ndcg": 0.24664552509784698, "jsd": 0.09545668959617615}, "epoch_85": {"ndcg": 0.24569731950759888, "jsd": 0.09536922723054886}, "epoch_86": {"ndcg": 0.24756000936031342, "jsd": 0.09514510631561279}, "epoch_87": {"ndcg": 0.24650390446186066, "jsd": 0.09476666152477264}, "epoch_88": {"ndcg": 0.2459431141614914, "jsd": 0.09459920972585678}, "epoch_89": {"ndcg": 0.24615521728992462, "jsd": 0.09420467913150787}, "epoch_92": {"ndcg": 0.24587690830230713, "jsd": 0.0937880352139473}, "epoch_94": {"ndcg": 0.24583791196346283, "jsd": 0.0934242382645607}, "epoch_95": {"ndcg": 0.24503162503242493, "jsd": 0.09297903627157211}, "epoch_99": {"ndcg": 0.2439287006855011, "jsd": 0.09288100153207779}, "epoch_101": {"ndcg": 0.24412544071674347, "jsd": 0.09233418107032776}, "epoch_104": {"ndcg": 0.2431517243385315, "jsd": 0.09244904667139053}, "epoch_107": {"ndcg": 0.24298694729804993, "jsd": 0.09208959341049194}, "epoch_118": {"ndcg": 0.23709596693515778, "jsd": 0.09193576127290726}, "epoch_122": {"ndcg": 0.23362258076667786, "jsd": 0.09185377508401871}, "epoch_125": {"ndcg": 0.23200160264968872, "jsd": 0.09148789942264557}, "epoch_127": {"ndcg": 0.23283320665359497, "jsd": 0.0909663587808609}, "epoch_130": {"ndcg": 0.23131608963012695, "jsd": 0.09068214893341064}, "epoch_131": {"ndcg": 0.22982075810432434, "jsd": 0.08992666751146317}, "epoch_132": {"ndcg": 0.2283298522233963, "jsd": 0.08933782577514648}, "epoch_134": {"ndcg": 0.22692859172821045, "jsd": 0.08882652968168259}, "epoch_135": {"ndcg": 0.2271474003791809, "jsd": 0.08821925520896912}, "epoch_139": {"ndcg": 0.22348381578922272, "jsd": 0.08733300864696503}, "epoch_146": {"ndcg": 0.22142326831817627, "jsd": 0.08668619394302368}, "epoch_148": {"ndcg": 0.22240985929965973, "jsd": 0.08648423850536346}, "epoch_149": {"ndcg": 0.2200603038072586, "jsd": 0.0864478275179863}, "epoch_151": {"ndcg": 0.22081595659255981, "jsd": 0.08612217754125595}, "epoch_156": {"ndcg": 0.21767966449260712, "jsd": 0.08601169288158417}, "epoch_157": {"ndcg": 0.21704064309597015, "jsd": 0.08579908311367035}, "epoch_164": {"ndcg": 0.21479056775569916, "jsd": 0.08532848209142685}, "epoch_168": {"ndcg": 0.21383540332317352, "jsd": 0.08503402769565582}, "epoch_171": {"ndcg": 0.21085543930530548, "jsd": 0.08443403989076614}, "epoch_178": {"ndcg": 0.2090606689453125, "jsd": 0.08413653820753098}, "epoch_179": {"ndcg": 0.2080760896205902, "jsd": 0.08397304266691208}, "epoch_187": {"ndcg": 0.20774061977863312, "jsd": 0.08410089462995529}, "epoch_189": {"ndcg": 0.20818652212619781, "jsd": 0.08393096923828125}}}