{"base_recommendations": {"ndcg": 0.27637046575546265, "jsd": 0.2555331587791443}, "postprocessed": {}, "finetuned": {"epoch_1": {"ndcg": 0.2765788435935974, "jsd": 0.2541941702365875}, "epoch_2": {"ndcg": 0.27593231201171875, "jsd": 0.2501925528049469}, "epoch_3": {"ndcg": 0.27704912424087524, "jsd": 0.24425898492336273}, "epoch_4": {"ndcg": 0.2777373790740967, "jsd": 0.2389969825744629}, "epoch_5": {"ndcg": 0.2777220904827118, "jsd": 0.23256948590278625}, "epoch_6": {"ndcg": 0.2784937918186188, "jsd": 0.2266307920217514}, "epoch_7": {"ndcg": 0.2795039117336273, "jsd": 0.22159229218959808}, "epoch_8": {"ndcg": 0.28063973784446716, "jsd": 0.21566042304039001}, "epoch_9": {"ndcg": 0.28011658787727356, "jsd": 0.20989719033241272}, "epoch_10": {"ndcg": 0.2808830142021179, "jsd": 0.20399022102355957}, "epoch_11": {"ndcg": 0.2792432904243469, "jsd": 0.19935429096221924}, "epoch_12": {"ndcg": 0.2787732779979706, "jsd": 0.19455654919147491}, "epoch_13": {"ndcg": 0.2776411175727844, "jsd": 0.19021740555763245}, "epoch_14": {"ndcg": 0.27667832374572754, "jsd": 0.185853973031044}, "epoch_15": {"ndcg": 0.2763388156890869, "jsd": 0.18261872231960297}, "epoch_16": {"ndcg": 0.275065541267395, "jsd": 0.1787276715040207}, "epoch_17": {"ndcg": 0.2735337018966675, "jsd": 0.17683857679367065}, "epoch_18": {"ndcg": 0.2716798484325409, "jsd": 0.17529639601707458}, "epoch_19": {"ndcg": 0.27167850732803345, "jsd": 0.17184323072433472}, "epoch_20": {"ndcg": 0.26970282196998596, "jsd": 0.16920612752437592}, "epoch_21": {"ndcg": 0.26774439215660095, "jsd": 0.16599604487419128}, "epoch_22": {"ndcg": 0.26715099811553955, "jsd": 0.16368184983730316}, "epoch_23": {"ndcg": 0.26618248224258423, "jsd": 0.16267110407352448}, "epoch_24": {"ndcg": 0.2664940655231476, "jsd": 0.16023139655590057}, "epoch_25": {"ndcg": 0.26598602533340454, "jsd": 0.15882563591003418}, "epoch_26": {"ndcg": 0.263723224401474, "jsd": 0.15815484523773193}, "epoch_27": {"ndcg": 0.26254525780677795, "jsd": 0.15630555152893066}, "epoch_28": {"ndcg": 0.26100805401802063, "jsd": 0.15508610010147095}, "epoch_29": {"ndcg": 0.2599065899848938, "jsd": 0.15471087396144867}, "epoch_30": {"ndcg": 0.2583357095718384, "jsd": 0.15239237248897552}, "epoch_31": {"ndcg": 0.25771647691726685, "jsd": 0.15102723240852356}, "epoch_32": {"ndcg": 0.25637975335121155, "jsd": 0.14855921268463135}, "epoch_33": {"ndcg": 0.254666805267334, "jsd": 0.14775635302066803}, "epoch_34": {"ndcg": 0.2541061341762543, "jsd": 0.14562420547008514}, "epoch_35": {"ndcg": 0.2536507844924927, "jsd": 0.1448104828596115}, "epoch_36": {"ndcg": 0.2521011233329773, "jsd": 0.1431480348110199}, "epoch_37": {"ndcg": 0.25026658177375793, "jsd": 0.14150065183639526}, "epoch_38": {"ndcg": 0.2493763566017151, "jsd": 0.13911105692386627}, "epoch_39": {"ndcg": 0.24788840115070343, "jsd": 0.13801603019237518}, "epoch_40": {"ndcg": 0.24726851284503937, "jsd": 0.13751214742660522}, "epoch_41": {"ndcg": 0.2461491972208023, "jsd": 0.13553737103939056}, "epoch_42": {"ndcg": 0.244877427816391, "jsd": 0.13441067934036255}, "epoch_43": {"ndcg": 0.2437545508146286, "jsd": 0.13336510956287384}, "epoch_44": {"ndcg": 0.2425319254398346, "jsd": 0.13204489648342133}, "epoch_45": {"ndcg": 0.2408931404352188, "jsd": 0.13184265792369843}, "epoch_46": {"ndcg": 0.2391916811466217, "jsd": 0.1300801932811737}, "epoch_47": {"ndcg": 0.23848401010036469, "jsd": 0.1295425295829773}, "epoch_49": {"ndcg": 0.23693640530109406, "jsd": 0.12895046174526215}, "epoch_50": {"ndcg": 0.23616237938404083, "jsd": 0.12825477123260498}, "epoch_51": {"ndcg": 0.23589864373207092, "jsd": 0.12771716713905334}, "epoch_52": {"ndcg": 0.23724429309368134, "jsd": 0.12724840641021729}, "epoch_53": {"ndcg": 0.23555028438568115, "jsd": 0.12501417100429535}, "epoch_54": {"ndcg": 0.23573212325572968, "jsd": 0.12371707707643509}, "epoch_55": {"ndcg": 0.23644620180130005, "jsd": 0.12340237945318222}, "epoch_56": {"ndcg": 0.23642610013484955, "jsd": 0.1229163110256195}, "epoch_57": {"ndcg": 0.23660798370838165, "jsd": 0.12127843499183655}, "epoch_60": {"ndcg": 0.2360316514968872, "jsd": 0.1208658218383789}, "epoch_61": {"ndcg": 0.235244482755661, "jsd": 0.11941605806350708}, "epoch_62": {"ndcg": 0.23512722551822662, "jsd": 0.1180809810757637}, "epoch_63": {"ndcg": 0.23482747375965118, "jsd": 0.11760086566209793}, "epoch_64": {"ndcg": 0.23379260301589966, "jsd": 0.11666535586118698}, "epoch_65": {"ndcg": 0.2339070588350296, "jsd": 0.11586541682481766}, "epoch_66": {"ndcg": 0.2341882884502411, "jsd": 0.11514277756214142}, "epoch_67": {"ndcg": 0.23387427628040314, "jsd": 0.11461134999990463}, "epoch_68": {"ndcg": 0.2340872436761856, "jsd": 0.11420759558677673}, "epoch_69": {"ndcg": 0.23386965692043304, "jsd": 0.11270357668399811}, "epoch_70": {"ndcg": 0.2336125522851944, "jsd": 0.112384133040905}, "epoch_71": {"ndcg": 0.2338762730360031, "jsd": 0.11181557178497314}, "epoch_72": {"ndcg": 0.23410432040691376, "jsd": 0.11104319989681244}, "epoch_73": {"ndcg": 0.23466801643371582, "jsd": 0.11087745428085327}, "epoch_74": {"ndcg": 0.23433886468410492, "jsd": 0.10978052765130997}, "epoch_75": {"ndcg": 0.2343830019235611, "jsd": 0.10909348726272583}, "epoch_76": {"ndcg": 0.23394997417926788, "jsd": 0.10854998230934143}, "epoch_77": {"ndcg": 0.23566551506519318, "jsd": 0.1080346405506134}, "epoch_78": {"ndcg": 0.2352735549211502, "jsd": 0.1080208420753479}, "epoch_79": {"ndcg": 0.23573224246501923, "jsd": 0.10794530063867569}, "epoch_80": {"ndcg": 0.23658940196037292, "jsd": 0.10714875906705856}, "epoch_81": {"ndcg": 0.2372312992811203, "jsd": 0.10663243383169174}, "epoch_82": {"ndcg": 0.23810048401355743, "jsd": 0.10582098364830017}, "epoch_83": {"ndcg": 0.23826776444911957, "jsd": 0.10509752482175827}, "epoch_84": {"ndcg": 0.23910404741764069, "jsd": 0.10398977994918823}, "epoch_85": {"ndcg": 0.23968371748924255, "jsd": 0.10326661169528961}, "epoch_87": {"ndcg": 0.2401452362537384, "jsd": 0.1025150939822197}, "epoch_88": {"ndcg": 0.2407074272632599, "jsd": 0.10206379741430283}, "epoch_89": {"ndcg": 0.24099977314472198, "jsd": 0.10135775059461594}, "epoch_90": {"ndcg": 0.24225686490535736, "jsd": 0.10077492147684097}, "epoch_91": {"ndcg": 0.2426464706659317, "jsd": 0.10014229267835617}, "epoch_93": {"ndcg": 0.24330931901931763, "jsd": 0.09974540770053864}, "epoch_94": {"ndcg": 0.2436254620552063, "jsd": 0.0994739979505539}, "epoch_95": {"ndcg": 0.2439296692609787, "jsd": 0.09866400063037872}, "epoch_97": {"ndcg": 0.24396875500679016, "jsd": 0.09716647118330002}, "epoch_100": {"ndcg": 0.2455609291791916, "jsd": 0.09669853001832962}, "epoch_102": {"ndcg": 0.2471667230129242, "jsd": 0.09654048830270767}, "epoch_103": {"ndcg": 0.24735945463180542, "jsd": 0.09619468450546265}, "epoch_104": {"ndcg": 0.24643251299858093, "jsd": 0.09561671316623688}, "epoch_105": {"ndcg": 0.24699537456035614, "jsd": 0.09465105086565018}, "epoch_107": {"ndcg": 0.2477971464395523, "jsd": 0.0936594232916832}, "epoch_109": {"ndcg": 0.24941398203372955, "jsd": 0.0930732935667038}, "epoch_110": {"ndcg": 0.2501036822795868, "jsd": 0.09255804121494293}, "epoch_113": {"ndcg": 0.2510698437690735, "jsd": 0.09149163961410522}, "epoch_114": {"ndcg": 0.25039780139923096, "jsd": 0.09131483733654022}, "epoch_115": {"ndcg": 0.24911412596702576, "jsd": 0.09121565520763397}, "epoch_116": {"ndcg": 0.2502553164958954, "jsd": 0.09027706831693649}, "epoch_117": {"ndcg": 0.24965104460716248, "jsd": 0.08987804502248764}, "epoch_118": {"ndcg": 0.25097233057022095, "jsd": 0.08903256058692932}, "epoch_121": {"ndcg": 0.2502468526363373, "jsd": 0.0884983241558075}, "epoch_122": {"ndcg": 0.24974459409713745, "jsd": 0.08825761824846268}, "epoch_123": {"ndcg": 0.2501695156097412, "jsd": 0.0877884104847908}, "epoch_126": {"ndcg": 0.24942004680633545, "jsd": 0.08729841560125351}, "epoch_127": {"ndcg": 0.25022485852241516, "jsd": 0.08682648092508316}, "epoch_128": {"ndcg": 0.25020021200180054, "jsd": 0.08639458566904068}, "epoch_129": {"ndcg": 0.2492203563451767, "jsd": 0.08634195476770401},