{"base_recommendations": {"ndcg": 0.27637046575546265, "jsd": 0.2555331587791443}, "postprocessed": {}, "finetuned": {"epoch_1": {"ndcg": 0.27642008662223816, "jsd": 0.2519505023956299}, "epoch_2": {"ndcg": 0.2767500579357147, "jsd": 0.2449004054069519}, "epoch_3": {"ndcg": 0.27706682682037354, "jsd": 0.2347467839717865}, "epoch_4": {"ndcg": 0.2769109904766083, "jsd": 0.226608008146286}, "epoch_5": {"ndcg": 0.2761610150337219, "jsd": 0.2181345820426941}, "epoch_6": {"ndcg": 0.2770839333534241, "jsd": 0.20868749916553497}, "epoch_7": {"ndcg": 0.2776517868041992, "jsd": 0.19861122965812683}, "epoch_8": {"ndcg": 0.2779293656349182, "jsd": 0.19033034145832062}, "epoch_9": {"ndcg": 0.2770717144012451, "jsd": 0.18109801411628723}, "epoch_10": {"ndcg": 0.2765018939971924, "jsd": 0.17252688109874725}, "epoch_11": {"ndcg": 0.2758784890174866, "jsd": 0.16664747893810272}, "epoch_12": {"ndcg": 0.2762155532836914, "jsd": 0.16078396141529083}, "epoch_13": {"ndcg": 0.2750299274921417, "jsd": 0.1554287225008011}, "epoch_14": {"ndcg": 0.2748015820980072, "jsd": 0.15176528692245483}, "epoch_15": {"ndcg": 0.2726060748100281, "jsd": 0.1479020118713379}, "epoch_16": {"ndcg": 0.2735869884490967, "jsd": 0.14372754096984863}, "epoch_17": {"ndcg": 0.27236807346343994, "jsd": 0.14172227680683136}, "epoch_18": {"ndcg": 0.2718459963798523, "jsd": 0.13912589848041534}, "epoch_19": {"ndcg": 0.27127084136009216, "jsd": 0.13684183359146118}, "epoch_20": {"ndcg": 0.2702786326408386, "jsd": 0.1346530318260193}, "epoch_21": {"ndcg": 0.2685270607471466, "jsd": 0.13277992606163025}, "epoch_22": {"ndcg": 0.26781442761421204, "jsd": 0.1320711076259613}, "epoch_23": {"ndcg": 0.2675486207008362, "jsd": 0.13075599074363708}, "epoch_24": {"ndcg": 0.2663903832435608, "jsd": 0.12878410518169403}, "epoch_25": {"ndcg": 0.26662924885749817, "jsd": 0.12837454676628113}, "epoch_26": {"ndcg": 0.26467087864875793, "jsd": 0.12685507535934448}, "epoch_27": {"ndcg": 0.2639636993408203, "jsd": 0.1259741187095642}, "epoch_28": {"ndcg": 0.2649283707141876, "jsd": 0.12505823373794556}, "epoch_29": {"ndcg": 0.2647457718849182, "jsd": 0.12334710359573364}, "epoch_30": {"ndcg": 0.263715922832489, "jsd": 0.12333297729492188}, "epoch_31": {"ndcg": 0.26294076442718506, "jsd": 0.12287179380655289}, "epoch_32": {"ndcg": 0.2615712285041809, "jsd": 0.12171122431755066}, "epoch_34": {"ndcg": 0.2638839781284332, "jsd": 0.12061261385679245}, "epoch_35": {"ndcg": 0.2639364004135132, "jsd": 0.12024231255054474}, "epoch_36": {"ndcg": 0.2643601894378662, "jsd": 0.11847136169672012}, "epoch_37": {"ndcg": 0.26430627703666687, "jsd": 0.11769295483827591}, "epoch_38": {"ndcg": 0.2647863030433655, "jsd": 0.116951584815979}, "epoch_39": {"ndcg": 0.2641017436981201, "jsd": 0.11607138067483902}, "epoch_40": {"ndcg": 0.2636662721633911, "jsd": 0.1151457130908966}, "epoch_41": {"ndcg": 0.26458531618118286, "jsd": 0.11417733132839203}, "epoch_42": {"ndcg": 0.26463407278060913, "jsd": 0.11370173841714859}, "epoch_43": {"ndcg": 0.2657797634601593, "jsd": 0.11353807151317596}, "epoch_44": {"ndcg": 0.26583343744277954, "jsd": 0.11259203404188156}, "epoch_45": {"ndcg": 0.26537278294563293, "jsd": 0.11116768419742584}, "epoch_46": {"ndcg": 0.2655908167362213, "jsd": 0.11029650270938873}, "epoch_47": {"ndcg": 0.26466137170791626, "jsd": 0.10976970195770264}, "epoch_48": {"ndcg": 0.2648233473300934, "jsd": 0.10880427807569504}, "epoch_49": {"ndcg": 0.2645501494407654, "jsd": 0.10823051631450653}, "epoch_50": {"ndcg": 0.2656381130218506, "jsd": 0.10672782361507416}, "epoch_51": {"ndcg": 0.26427680253982544, "jsd": 0.10578735917806625}, "epoch_52": {"ndcg": 0.2645222842693329, "jsd": 0.10468412190675735}, "epoch_53": {"ndcg": 0.26308485865592957, "jsd": 0.10357068479061127}, "epoch_54": {"ndcg": 0.26328450441360474, "jsd": 0.10244005918502808}, "epoch_55": {"ndcg": 0.2634962201118469, "jsd": 0.10062165558338165}, "epoch_56": {"ndcg": 0.263832151889801, "jsd": 0.09991703182458878}, "epoch_57": {"ndcg": 0.26201459765434265, "jsd": 0.09832057356834412}, "epoch_58": {"ndcg": 0.2613716721534729, "jsd": 0.09624698013067245}, "epoch_59": {"ndcg": 0.2594071328639984, "jsd": 0.09468413144350052}, "epoch_60": {"ndcg": 0.2575741410255432, "jsd": 0.09386149793863297}, "epoch_61": {"ndcg": 0.25706735253334045, "jsd": 0.09265527129173279}, "epoch_62": {"ndcg": 0.2571946680545807, "jsd": 0.09203851968050003}, "epoch_63": {"ndcg": 0.25596317648887634, "jsd": 0.09077902138233185}, "epoch_64": {"ndcg": 0.2545279860496521, "jsd": 0.08923506736755371}, "epoch_65": {"ndcg": 0.25490495562553406, "jsd": 0.08932820707559586}, "epoch_66": {"ndcg": 0.2548336982727051, "jsd": 0.0879497081041336}, "epoch_67": {"ndcg": 0.2544967830181122, "jsd": 0.08654092997312546}, "epoch_68": {"ndcg": 0.2549693286418915, "jsd": 0.08666705340147018}, "epoch_69": {"ndcg": 0.2528618276119232, "jsd": 0.08533307164907455}, "epoch_70": {"ndcg": 0.2535218298435211, "jsd": 0.08440246433019638}, "epoch_71": {"ndcg": 0.25159952044487, "jsd": 0.08328629285097122}, "epoch_72": {"ndcg": 0.2515510618686676, "jsd": 0.08303890377283096}, "epoch_73": {"ndcg": 0.2507989704608917, "jsd": 0.08261687308549881}, "epoch_74": {"ndcg": 0.24986571073532104, "jsd": 0.08176673948764801}, "epoch_75": {"ndcg": 0.24982328712940216, "jsd": 0.0812738686800003}, "epoch_76": {"ndcg": 0.24859076738357544, "jsd": 0.08042623102664948}, "epoch_77": {"ndcg": 0.2474205493927002, "jsd": 0.07978295534849167}, "epoch_78": {"ndcg": 0.2460961639881134, "jsd": 0.07900942116975784}, "epoch_79": {"ndcg": 0.2459864765405655, "jsd": 0.07847843319177628}, "epoch_80": {"ndcg": 0.24496325850486755, "jsd": 0.07800845801830292}, "epoch_81": {"ndcg": 0.24439215660095215, "jsd": 0.07740072906017303}, "epoch_82": {"ndcg": 0.24361827969551086, "jsd": 0.07704927027225494}, "epoch_83": {"ndcg": 0.24369293451309204, "jsd": 0.07649563252925873}, "epoch_84": {"ndcg": 0.24292880296707153, "jsd": 0.07639499753713608}, "epoch_85": {"ndcg": 0.24318864941596985, "jsd": 0.07599612325429916}, "epoch_86": {"ndcg": 0.24233050644397736, "jsd": 0.07478627562522888}, "epoch_87": {"ndcg": 0.24240905046463013, "jsd": 0.07445820420980453}, "epoch_88": {"ndcg": 0.24228890240192413, "jsd": 0.07394574582576752}, "epoch_89": {"ndcg": 0.24171118438243866, "jsd": 0.07334009557962418}, "epoch_91": {"ndcg": 0.24090765416622162, "jsd": 0.07279392331838608}, "epoch_93": {"ndcg": 0.24001444876194, "jsd": 0.07267498224973679}, "epoch_94": {"ndcg": 0.2388264685869217, "jsd": 0.07244701683521271}, "epoch_95": {"ndcg": 0.23987437784671783, "jsd": 0.0720394179224968}, "epoch_96": {"ndcg": 0.239059180021286, "jsd": 0.07196369022130966}, "epoch_97": {"ndcg": 0.23830103874206543, "jsd": 0.07177992165088654}, "epoch_98": {"ndcg": 0.23879952728748322, "jsd": 0.07143693417310715}, "epoch_99": {"ndcg": 0.23818808794021606, "jsd": 0.07076577097177505}, "epoch_100": {"ndcg": 0.23686003684997559, "jsd": 0.07024979591369629}, "epoch_101": {"ndcg": 0.23640401661396027, "jsd": 0.06986959278583527}, "epoch_102": {"ndcg": 0.23612689971923828, "jsd": 0.06950636208057404}, "epoch_104": {"ndcg": 0.23486961424350739, "jsd": 0.0686798021197319}, "epoch_105": {"ndcg": 0.23340566456317902, "jsd": 0.06825795024633408}, "epoch_107": {"ndcg": 0.23393388092517853, "jsd": 0.06734632700681686}, "epoch_109": {"ndcg": 0.23315583169460297, "jsd": 0.06718144565820694}, "epoch_111": {"ndcg": 0.23265808820724487, "jsd": 0.06661646068096161}, "epoch_112": {"ndcg": 0.23165997862815857, "jsd": 0.06632249802350998}, "epoch_113": {"ndcg": 0.2321196049451828, "jsd": 0.06626739352941513}, "epoch_115": {"ndcg": 0.23080559074878693, "jsd": 0.06563194841146469}, "epoch_116": {"ndcg": 0.22882898151874542, "jsd": 0.0651603490114212}, "epoch_118": {"ndcg": 0.22902807593345642, "jsd": 0.06511135399341583}, "epoch_119": {"ndcg": 0.22818981111049652, "jsd": 0.06437211483716965}, "epoch_120": {"ndcg": 0.22723142802715302, "jsd": 0.06387738138437271}, "epoch_121": {"ndcg": 0.22792677581310272, "jsd": 0.06385722756385803},