{"base_recommendations": {"ndcg": 0.27637046575546265, "jsd": 0.2555331587791443}, "postprocessed": {}, "finetuned": {"epoch_1": {"ndcg": 0.27646997570991516, "jsd": 0.2525402903556824}, "epoch_2": {"ndcg": 0.2764018177986145, "jsd": 0.2488919347524643}, "epoch_3": {"ndcg": 0.2748885452747345, "jsd": 0.2435752898454666}, "epoch_4": {"ndcg": 0.274920254945755, "jsd": 0.23806524276733398}, "epoch_5": {"ndcg": 0.2744320034980774, "jsd": 0.23240764439105988}, "epoch_6": {"ndcg": 0.27456119656562805, "jsd": 0.22429023683071136}, "epoch_7": {"ndcg": 0.27344223856925964, "jsd": 0.21781675517559052}, "epoch_8": {"ndcg": 0.2725258469581604, "jsd": 0.2121092528104782}, "epoch_9": {"ndcg": 0.27329254150390625, "jsd": 0.20572826266288757}, "epoch_10": {"ndcg": 0.2724355161190033, "jsd": 0.19914595782756805}, "epoch_11": {"ndcg": 0.2725098729133606, "jsd": 0.19491907954216003}, "epoch_12": {"ndcg": 0.27191370725631714, "jsd": 0.1902334988117218}, "epoch_13": {"ndcg": 0.2715013027191162, "jsd": 0.18427175283432007}, "epoch_14": {"ndcg": 0.2703041732311249, "jsd": 0.17997242510318756}, "epoch_15": {"ndcg": 0.26920002698898315, "jsd": 0.17456993460655212}, "epoch_16": {"ndcg": 0.26691707968711853, "jsd": 0.16914358735084534}, "epoch_17": {"ndcg": 0.2652859091758728, "jsd": 0.16383428871631622}, "epoch_18": {"ndcg": 0.2639726400375366, "jsd": 0.16021348536014557}, "epoch_19": {"ndcg": 0.26377981901168823, "jsd": 0.15725143253803253}, "epoch_20": {"ndcg": 0.2631603181362152, "jsd": 0.15456749498844147}, "epoch_21": {"ndcg": 0.2614653706550598, "jsd": 0.15162336826324463}, "epoch_22": {"ndcg": 0.26107195019721985, "jsd": 0.1506776660680771}, "epoch_23": {"ndcg": 0.25919461250305176, "jsd": 0.1481722742319107}, "epoch_24": {"ndcg": 0.257556676864624, "jsd": 0.14685706794261932}, "epoch_25": {"ndcg": 0.2561289370059967, "jsd": 0.1446240097284317}, "epoch_26": {"ndcg": 0.2553786337375641, "jsd": 0.14259205758571625}, "epoch_27": {"ndcg": 0.25415703654289246, "jsd": 0.14088775217533112}, "epoch_28": {"ndcg": 0.2538405656814575, "jsd": 0.14026370644569397}, "epoch_29": {"ndcg": 0.25225499272346497, "jsd": 0.1386108249425888}, "epoch_30": {"ndcg": 0.2513749301433563, "jsd": 0.13743464648723602}, "epoch_31": {"ndcg": 0.25040456652641296, "jsd": 0.13696956634521484}, "epoch_32": {"ndcg": 0.25072479248046875, "jsd": 0.13568806648254395}, "epoch_33": {"ndcg": 0.25073835253715515, "jsd": 0.13454964756965637}, "epoch_34": {"ndcg": 0.25119367241859436, "jsd": 0.1340406835079193}, "epoch_35": {"ndcg": 0.2513057291507721, "jsd": 0.1327689290046692}, "epoch_36": {"ndcg": 0.25079482793807983, "jsd": 0.13120482861995697}, "epoch_37": {"ndcg": 0.2499876171350479, "jsd": 0.13032397627830505}, "epoch_38": {"ndcg": 0.2500104606151581, "jsd": 0.1295935958623886}, "epoch_39": {"ndcg": 0.24880480766296387, "jsd": 0.1289871335029602}, "epoch_40": {"ndcg": 0.24869422614574432, "jsd": 0.1286734938621521}, "epoch_41": {"ndcg": 0.2486463189125061, "jsd": 0.1279214322566986}, "epoch_42": {"ndcg": 0.2485496997833252, "jsd": 0.12729135155677795}, "epoch_43": {"ndcg": 0.24821041524410248, "jsd": 0.12715083360671997}, "epoch_44": {"ndcg": 0.2487439066171646, "jsd": 0.1264529973268509}, "epoch_45": {"ndcg": 0.24852553009986877, "jsd": 0.1255868524312973}, "epoch_46": {"ndcg": 0.24759359657764435, "jsd": 0.1247670128941536}, "epoch_47": {"ndcg": 0.24782679975032806, "jsd": 0.12424802035093307}, "epoch_48": {"ndcg": 0.24794091284275055, "jsd": 0.12373068183660507}, "epoch_49": {"ndcg": 0.2471092939376831, "jsd": 0.12333652377128601}, "epoch_51": {"ndcg": 0.24673615396022797, "jsd": 0.12235010415315628}, "epoch_52": {"ndcg": 0.2475661188364029, "jsd": 0.12218737602233887}, "epoch_54": {"ndcg": 0.24738195538520813, "jsd": 0.12209491431713104}, "epoch_55": {"ndcg": 0.2482234537601471, "jsd": 0.12184737622737885}, "epoch_56": {"ndcg": 0.2482302039861679, "jsd": 0.12138200551271439}, "epoch_57": {"ndcg": 0.24810899794101715, "jsd": 0.1209789514541626}, "epoch_58": {"ndcg": 0.24852192401885986, "jsd": 0.12054736912250519}, "epoch_59": {"ndcg": 0.2481534630060196, "jsd": 0.12021227180957794}, "epoch_61": {"ndcg": 0.2485216110944748, "jsd": 0.12008336186408997}, "epoch_62": {"ndcg": 0.2484404593706131, "jsd": 0.11932818591594696}, "epoch_64": {"ndcg": 0.24810513854026794, "jsd": 0.11853966116905212}, "epoch_65": {"ndcg": 0.24885310232639313, "jsd": 0.11754805594682693}, "epoch_70": {"ndcg": 0.24682587385177612, "jsd": 0.11741211265325546}, "epoch_72": {"ndcg": 0.2467179298400879, "jsd": 0.11683278530836105}, "epoch_76": {"ndcg": 0.2441299557685852, "jsd": 0.11678439378738403}, "epoch_79": {"ndcg": 0.24442903697490692, "jsd": 0.1163492426276207}, "epoch_80": {"ndcg": 0.24546626210212708, "jsd": 0.11617504060268402}, "epoch_85": {"ndcg": 0.24540318548679352, "jsd": 0.11602827161550522}, "epoch_86": {"ndcg": 0.2458069622516632, "jsd": 0.11569493263959885}, "epoch_88": {"ndcg": 0.2454575002193451, "jsd": 0.11529488116502762}, "epoch_89": {"ndcg": 0.24370995163917542, "jsd": 0.11494907736778259}, "epoch_90": {"ndcg": 0.24560369551181793, "jsd": 0.11456318944692612}, "epoch_91": {"ndcg": 0.24234157800674438, "jsd": 0.11442451924085617}, "epoch_94": {"ndcg": 0.2429029792547226, "jsd": 0.11303624510765076}, "epoch_96": {"ndcg": 0.24357406795024872, "jsd": 0.11287090182304382}, "epoch_97": {"ndcg": 0.24100349843502045, "jsd": 0.11247716844081879}, "epoch_106": {"ndcg": 0.24012944102287292, "jsd": 0.1114296019077301}, "epoch_108": {"ndcg": 0.23867934942245483, "jsd": 0.11119473725557327}, "epoch_109": {"ndcg": 0.23770348727703094, "jsd": 0.11082302778959274}, "epoch_110": {"ndcg": 0.23746998608112335, "jsd": 0.11057138442993164}, "epoch_111": {"ndcg": 0.2370315045118332, "jsd": 0.11050885170698166}, "epoch_112": {"ndcg": 0.2366798371076584, "jsd": 0.11019749939441681}, "epoch_116": {"ndcg": 0.23725181818008423, "jsd": 0.11015113443136215}, "epoch_118": {"ndcg": 0.23351150751113892, "jsd": 0.10977013409137726}, "epoch_123": {"ndcg": 0.23472248017787933, "jsd": 0.10969215631484985}, "epoch_125": {"ndcg": 0.23607972264289856, "jsd": 0.10941575467586517}, "epoch_126": {"ndcg": 0.2348821759223938, "jsd": 0.10907436162233353}, "epoch_139": {"ndcg": 0.23060676455497742, "jsd": 0.10868455469608307}, "epoch_147": {"ndcg": 0.22914756834506989, "jsd": 0.10822399705648422}, "epoch_158": {"ndcg": 0.22493332624435425, "jsd": 0.10821699351072311}}}