{"base_recommendations": {"ndcg": 0.27637046575546265, "jsd": 0.2555331587791443}, "postprocessed": {}, "finetuned": {"epoch_1": {"ndcg": 0.2761276066303253, "jsd": 0.2509661912918091}, "epoch_2": {"ndcg": 0.27656251192092896, "jsd": 0.2417488396167755}, "epoch_3": {"ndcg": 0.2758394181728363, "jsd": 0.23286984860897064}, "epoch_4": {"ndcg": 0.2758892774581909, "jsd": 0.2256159484386444}, "epoch_5": {"ndcg": 0.27626022696495056, "jsd": 0.21544034779071808}, "epoch_6": {"ndcg": 0.27660468220710754, "jsd": 0.2050205022096634}, "epoch_7": {"ndcg": 0.2759890854358673, "jsd": 0.19557218253612518}, "epoch_8": {"ndcg": 0.276986300945282, "jsd": 0.18701544404029846}, "epoch_9": {"ndcg": 0.2771698534488678, "jsd": 0.1779138594865799}, "epoch_10": {"ndcg": 0.27767330408096313, "jsd": 0.1706911325454712}, "epoch_11": {"ndcg": 0.2766988277435303, "jsd": 0.1642526388168335}, "epoch_12": {"ndcg": 0.2754747271537781, "jsd": 0.15775783360004425}, "epoch_13": {"ndcg": 0.2750467360019684, "jsd": 0.15312276780605316}, "epoch_14": {"ndcg": 0.2745581865310669, "jsd": 0.14816999435424805}, "epoch_15": {"ndcg": 0.27186301350593567, "jsd": 0.1452886313199997}, "epoch_16": {"ndcg": 0.2708797752857208, "jsd": 0.14190441370010376}, "epoch_17": {"ndcg": 0.26904281973838806, "jsd": 0.13916009664535522}, "epoch_18": {"ndcg": 0.26861196756362915, "jsd": 0.13653510808944702}, "epoch_19": {"ndcg": 0.2680272161960602, "jsd": 0.1336267739534378}, "epoch_20": {"ndcg": 0.2666681706905365, "jsd": 0.13111983239650726}, "epoch_21": {"ndcg": 0.26703235507011414, "jsd": 0.12857277691364288}, "epoch_22": {"ndcg": 0.26623398065567017, "jsd": 0.12774299085140228}, "epoch_23": {"ndcg": 0.2658662796020508, "jsd": 0.12577207386493683}, "epoch_24": {"ndcg": 0.26554855704307556, "jsd": 0.1243738979101181}, "epoch_25": {"ndcg": 0.2660670578479767, "jsd": 0.12286088615655899}, "epoch_26": {"ndcg": 0.2639288902282715, "jsd": 0.12188652902841568}, "epoch_27": {"ndcg": 0.26393458247184753, "jsd": 0.1197691336274147}, "epoch_28": {"ndcg": 0.2639671564102173, "jsd": 0.11838466674089432}, "epoch_29": {"ndcg": 0.2632603049278259, "jsd": 0.11751879006624222}, "epoch_30": {"ndcg": 0.2632462978363037, "jsd": 0.11613187938928604}, "epoch_31": {"ndcg": 0.2630174160003662, "jsd": 0.11466870456933975}, "epoch_32": {"ndcg": 0.2640823721885681, "jsd": 0.11362917721271515}, "epoch_33": {"ndcg": 0.26327505707740784, "jsd": 0.11212004721164703}, "epoch_34": {"ndcg": 0.2622276842594147, "jsd": 0.110500767827034}, "epoch_35": {"ndcg": 0.2619432806968689, "jsd": 0.10893969237804413}, "epoch_36": {"ndcg": 0.2611428201198578, "jsd": 0.10773055255413055}, "epoch_37": {"ndcg": 0.2607501745223999, "jsd": 0.10562106966972351}, "epoch_38": {"ndcg": 0.25928375124931335, "jsd": 0.10424601286649704}, "epoch_39": {"ndcg": 0.257961630821228, "jsd": 0.10296998918056488}, "epoch_40": {"ndcg": 0.2580559551715851, "jsd": 0.10182657837867737}, "epoch_41": {"ndcg": 0.25697410106658936, "jsd": 0.10049635171890259}, "epoch_42": {"ndcg": 0.25574952363967896, "jsd": 0.09976405650377274}, "epoch_43": {"ndcg": 0.253853976726532, "jsd": 0.09721177071332932}, "epoch_44": {"ndcg": 0.25325191020965576, "jsd": 0.0952063724398613}, "epoch_45": {"ndcg": 0.2516630291938782, "jsd": 0.09443734586238861}, "epoch_46": {"ndcg": 0.2506670653820038, "jsd": 0.09305130690336227}, "epoch_47": {"ndcg": 0.25022488832473755, "jsd": 0.09118900448083878}, "epoch_48": {"ndcg": 0.2490149438381195, "jsd": 0.09030535072088242}, "epoch_49": {"ndcg": 0.2481018453836441, "jsd": 0.08947550505399704}, "epoch_50": {"ndcg": 0.24659430980682373, "jsd": 0.08649921417236328}, "epoch_51": {"ndcg": 0.24483993649482727, "jsd": 0.08515697717666626}, "epoch_52": {"ndcg": 0.244948610663414, "jsd": 0.08460384607315063}, "epoch_53": {"ndcg": 0.2430984377861023, "jsd": 0.08341751992702484}, "epoch_54": {"ndcg": 0.24275469779968262, "jsd": 0.08196946233510971}, "epoch_55": {"ndcg": 0.2414255291223526, "jsd": 0.08082124590873718}, "epoch_56": {"ndcg": 0.23952332139015198, "jsd": 0.08043305575847626}, "epoch_57": {"ndcg": 0.2396577000617981, "jsd": 0.0794859379529953}, "epoch_58": {"ndcg": 0.2389586716890335, "jsd": 0.07855837047100067}, "epoch_59": {"ndcg": 0.23835067451000214, "jsd": 0.07711585611104965}, "epoch_60": {"ndcg": 0.23923859000205994, "jsd": 0.07675007730722427}, "epoch_61": {"ndcg": 0.23733624815940857, "jsd": 0.0747489258646965}, "epoch_63": {"ndcg": 0.2360946089029312, "jsd": 0.07411481440067291}, "epoch_64": {"ndcg": 0.2356521338224411, "jsd": 0.07316935062408447}, "epoch_65": {"ndcg": 0.2334810048341751, "jsd": 0.07285364717245102}, "epoch_66": {"ndcg": 0.23282499611377716, "jsd": 0.07146699726581573}, "epoch_67": {"ndcg": 0.2322937697172165, "jsd": 0.0713786631822586}, "epoch_68": {"ndcg": 0.23186354339122772, "jsd": 0.0709695890545845}, "epoch_69": {"ndcg": 0.2313419133424759, "jsd": 0.07007948309183121}, "epoch_70": {"ndcg": 0.2301330715417862, "jsd": 0.0699547827243805}, "epoch_71": {"ndcg": 0.2299003303050995, "jsd": 0.06864966452121735}, "epoch_74": {"ndcg": 0.22701606154441833, "jsd": 0.06837372481822968}, "epoch_75": {"ndcg": 0.22608144581317902, "jsd": 0.06806868314743042}, "epoch_76": {"ndcg": 0.22730626165866852, "jsd": 0.06727386265993118}, "epoch_78": {"ndcg": 0.22586187720298767, "jsd": 0.06698496639728546}, "epoch_81": {"ndcg": 0.22500377893447876, "jsd": 0.06683843582868576}, "epoch_82": {"ndcg": 0.22492046654224396, "jsd": 0.06664959341287613}, "epoch_83": {"ndcg": 0.22421713173389435, "jsd": 0.06605137884616852}, "epoch_84": {"ndcg": 0.22489266097545624, "jsd": 0.06572429835796356}, "epoch_85": {"ndcg": 0.2236787974834442, "jsd": 0.06538113951683044}, "epoch_86": {"ndcg": 0.2231990545988083, "jsd": 0.06454477459192276}, "epoch_88": {"ndcg": 0.22345320880413055, "jsd": 0.0641694962978363}, "epoch_90": {"ndcg": 0.22244784235954285, "jsd": 0.06405457109212875}, "epoch_91": {"ndcg": 0.22185708582401276, "jsd": 0.06326396018266678}, "epoch_92": {"ndcg": 0.22119803726673126, "jsd": 0.06300696730613708}, "epoch_95": {"ndcg": 0.22022920846939087, "jsd": 0.06258343160152435}, "epoch_96": {"ndcg": 0.2203444391489029, "jsd": 0.062353041023015976}, "epoch_98": {"ndcg": 0.21959556639194489, "jsd": 0.06209757924079895}, "epoch_99": {"ndcg": 0.21976323425769806, "jsd": 0.061745308339595795}, "epoch_100": {"ndcg": 0.21958020329475403, "jsd": 0.06117895245552063}, "epoch_103": {"ndcg": 0.21904431283473969, "jsd": 0.06115526705980301}, "epoch_104": {"ndcg": 0.2189147174358368, "jsd": 0.060803771018981934}, "epoch_106": {"ndcg": 0.2178659737110138, "jsd": 0.060566872358322144}, "epoch_107": {"ndcg": 0.2175641655921936, "jsd": 0.0602920837700367}, "epoch_108": {"ndcg": 0.2171652913093567, "jsd": 0.05978047475218773}, "epoch_128": {"ndcg": 0.20981410145759583, "jsd": 0.059729624539613724}}}