{"base_recommendations": {"ndcg": 0.27637046575546265, "jsd": 0.2555331587791443}, "postprocessed": {}, "finetuned": {"epoch_1": {"ndcg": 0.27647456526756287, "jsd": 0.25197353959083557}, "epoch_2": {"ndcg": 0.27567750215530396, "jsd": 0.2476051151752472}, "epoch_3": {"ndcg": 0.2751353681087494, "jsd": 0.24277031421661377}, "epoch_4": {"ndcg": 0.27379313111305237, "jsd": 0.23730379343032837}, "epoch_5": {"ndcg": 0.273990660905838, "jsd": 0.23129653930664062}, "epoch_6": {"ndcg": 0.2719637453556061, "jsd": 0.22390009462833405}, "epoch_7": {"ndcg": 0.2698347568511963, "jsd": 0.2173159420490265}, "epoch_8": {"ndcg": 0.27107325196266174, "jsd": 0.2091573029756546}, "epoch_9": {"ndcg": 0.2705071270465851, "jsd": 0.20116952061653137}, "epoch_10": {"ndcg": 0.269881010055542, "jsd": 0.19675789773464203}, "epoch_11": {"ndcg": 0.2703478932380676, "jsd": 0.1921117901802063}, "epoch_12": {"ndcg": 0.26875922083854675, "jsd": 0.18634484708309174}, "epoch_13": {"ndcg": 0.26851749420166016, "jsd": 0.18059241771697998}, "epoch_14": {"ndcg": 0.2681417167186737, "jsd": 0.173477903008461}, "epoch_15": {"ndcg": 0.265804260969162, "jsd": 0.16777461767196655}, "epoch_16": {"ndcg": 0.26465553045272827, "jsd": 0.1626025289297104}, "epoch_17": {"ndcg": 0.262501984834671, "jsd": 0.1587977111339569}, "epoch_18": {"ndcg": 0.2600571811199188, "jsd": 0.1552557647228241}, "epoch_19": {"ndcg": 0.2594498097896576, "jsd": 0.15204817056655884}, "epoch_20": {"ndcg": 0.2567591965198517, "jsd": 0.14899903535842896}, "epoch_21": {"ndcg": 0.25500258803367615, "jsd": 0.14602267742156982}, "epoch_22": {"ndcg": 0.2544921040534973, "jsd": 0.1438937932252884}, "epoch_23": {"ndcg": 0.25413259863853455, "jsd": 0.14090238511562347}, "epoch_24": {"ndcg": 0.2526821196079254, "jsd": 0.1393551081418991}, "epoch_25": {"ndcg": 0.2505609393119812, "jsd": 0.13676539063453674}, "epoch_26": {"ndcg": 0.24925284087657928, "jsd": 0.13496026396751404}, "epoch_27": {"ndcg": 0.24813160300254822, "jsd": 0.13288147747516632}, "epoch_28": {"ndcg": 0.24593107402324677, "jsd": 0.13100722432136536}, "epoch_29": {"ndcg": 0.24356721341609955, "jsd": 0.1300680786371231}, "epoch_30": {"ndcg": 0.2423623651266098, "jsd": 0.12979218363761902}, "epoch_31": {"ndcg": 0.24079690873622894, "jsd": 0.12877580523490906}, "epoch_32": {"ndcg": 0.24062180519104004, "jsd": 0.12752601504325867}, "epoch_33": {"ndcg": 0.23942790925502777, "jsd": 0.12700366973876953}, "epoch_34": {"ndcg": 0.23869705200195312, "jsd": 0.12595738470554352}, "epoch_35": {"ndcg": 0.2378661185503006, "jsd": 0.12531372904777527}, "epoch_36": {"ndcg": 0.23672175407409668, "jsd": 0.12493430823087692}, "epoch_37": {"ndcg": 0.2364952713251114, "jsd": 0.12449754774570465}, "epoch_38": {"ndcg": 0.23608499765396118, "jsd": 0.1243203654885292}, "epoch_39": {"ndcg": 0.23571303486824036, "jsd": 0.12382028251886368}, "epoch_40": {"ndcg": 0.23646320402622223, "jsd": 0.12318743020296097}, "epoch_41": {"ndcg": 0.23577147722244263, "jsd": 0.12252209335565567}, "epoch_42": {"ndcg": 0.23536552488803864, "jsd": 0.12184315174818039}, "epoch_43": {"ndcg": 0.23499691486358643, "jsd": 0.12106694281101227}, "epoch_44": {"ndcg": 0.2347538024187088, "jsd": 0.12054644525051117}, "epoch_45": {"ndcg": 0.23472031950950623, "jsd": 0.1197645515203476}, "epoch_46": {"ndcg": 0.23391376435756683, "jsd": 0.11963936686515808}, "epoch_47": {"ndcg": 0.23437507450580597, "jsd": 0.11923239380121231}, "epoch_48": {"ndcg": 0.23565377295017242, "jsd": 0.118853859603405}, "epoch_49": {"ndcg": 0.23486053943634033, "jsd": 0.11867637932300568}, "epoch_50": {"ndcg": 0.23527200520038605, "jsd": 0.11859628558158875}, "epoch_51": {"ndcg": 0.23559196293354034, "jsd": 0.11854667961597443}, "epoch_53": {"ndcg": 0.23646584153175354, "jsd": 0.118486687541008}, "epoch_54": {"ndcg": 0.2367297112941742, "jsd": 0.11805394291877747}, "epoch_55": {"ndcg": 0.23764760792255402, "jsd": 0.11790907382965088}, "epoch_56": {"ndcg": 0.23740819096565247, "jsd": 0.11767808347940445}, "epoch_57": {"ndcg": 0.2377968579530716, "jsd": 0.11749059706926346}, "epoch_59": {"ndcg": 0.23803138732910156, "jsd": 0.11723644286394119}, "epoch_60": {"ndcg": 0.23854026198387146, "jsd": 0.11721809953451157}, "epoch_61": {"ndcg": 0.2386934608221054, "jsd": 0.11699505895376205}, "epoch_62": {"ndcg": 0.2390751987695694, "jsd": 0.11681009829044342}, "epoch_64": {"ndcg": 0.2398025393486023, "jsd": 0.1163230612874031}, "epoch_65": {"ndcg": 0.24021326005458832, "jsd": 0.11579547822475433}, "epoch_69": {"ndcg": 0.24020598828792572, "jsd": 0.11570858955383301}, "epoch_74": {"ndcg": 0.23941273987293243, "jsd": 0.11534944176673889}, "epoch_78": {"ndcg": 0.23988333344459534, "jsd": 0.11507202684879303}, "epoch_89": {"ndcg": 0.23955479264259338, "jsd": 0.11503070592880249}, "epoch_96": {"ndcg": 0.23935361206531525, "jsd": 0.11488689482212067}, "epoch_107": {"ndcg": 0.23614509403705597, "jsd": 0.11465608328580856}, "epoch_108": {"ndcg": 0.23684000968933105, "jsd": 0.11463341116905212}, "epoch_109": {"ndcg": 0.23788462579250336, "jsd": 0.11425729840993881}, "epoch_112": {"ndcg": 0.23676463961601257, "jsd": 0.11422433704137802}, "epoch_113": {"ndcg": 0.2365514636039734, "jsd": 0.1135319173336029}, "epoch_114": {"ndcg": 0.23613230884075165, "jsd": 0.11329016834497452}, "epoch_116": {"ndcg": 0.23408184945583344, "jsd": 0.11303359270095825}, "epoch_117": {"ndcg": 0.2332933247089386, "jsd": 0.11276784539222717}, "epoch_118": {"ndcg": 0.23275457322597504, "jsd": 0.11151730269193649}, "epoch_130": {"ndcg": 0.23201590776443481, "jsd": 0.11142928898334503}, "epoch_132": {"ndcg": 0.23249346017837524, "jsd": 0.11114831268787384}, "epoch_133": {"ndcg": 0.23235076665878296, "jsd": 0.11027464270591736}, "epoch_137": {"ndcg": 0.2290336936712265, "jsd": 0.1094399243593216}, "epoch_139": {"ndcg": 0.22985143959522247, "jsd": 0.10894667357206345}, "epoch_141": {"ndcg": 0.22846218943595886, "jsd": 0.1088995561003685}, "epoch_142": {"ndcg": 0.23025847971439362, "jsd": 0.10883252322673798}, "epoch_143": {"ndcg": 0.22857467830181122, "jsd": 0.10857679694890976}, "epoch_144": {"ndcg": 0.22864390909671783, "jsd": 0.10852362960577011}, "epoch_168": {"ndcg": 0.22546681761741638, "jsd": 0.10850007832050323}, "epoch_170": {"ndcg": 0.22465135157108307, "jsd": 0.10843124985694885}, "epoch_183": {"ndcg": 0.2231139838695526, "jsd": 0.10796210169792175}, "epoch_190": {"ndcg": 0.22011592984199524, "jsd": 0.10756946355104446}, "epoch_193": {"ndcg": 0.21974511444568634, "jsd": 0.10748730599880219}, "epoch_194": {"ndcg": 0.22003692388534546, "jsd": 0.10744760185480118}, "epoch_195": {"ndcg": 0.2211233675479889, "jsd": 0.10718934237957001}, "epoch_198": {"ndcg": 0.21910075843334198, "jsd": 0.10709043592214584}, "epoch_216": {"ndcg": 0.21693921089172363, "jsd": 0.10698723793029785}}}