{"base_recommendations": {"ndcg": 0.27637046575546265, "jsd": 0.2555331587791443}, "postprocessed": {}, "finetuned": {"epoch_1": {"ndcg": 0.2763930559158325, "jsd": 0.25294503569602966}, "epoch_2": {"ndcg": 0.27609407901763916, "jsd": 0.24728019535541534}, "epoch_3": {"ndcg": 0.2769116759300232, "jsd": 0.23917889595031738}, "epoch_4": {"ndcg": 0.27657827734947205, "jsd": 0.2329489290714264}, "epoch_5": {"ndcg": 0.277070552110672, "jsd": 0.22653810679912567}, "epoch_6": {"ndcg": 0.277962863445282, "jsd": 0.21919406950473785}, "epoch_7": {"ndcg": 0.2786577045917511, "jsd": 0.21450936794281006}, "epoch_8": {"ndcg": 0.27794650197029114, "jsd": 0.20678271353244781}, "epoch_9": {"ndcg": 0.2790313959121704, "jsd": 0.19990207254886627}, "epoch_10": {"ndcg": 0.27741318941116333, "jsd": 0.19465331733226776}, "epoch_11": {"ndcg": 0.27792176604270935, "jsd": 0.18793320655822754}, "epoch_12": {"ndcg": 0.2788864076137543, "jsd": 0.18384790420532227}, "epoch_13": {"ndcg": 0.2795608341693878, "jsd": 0.18006083369255066}, "epoch_14": {"ndcg": 0.27963051199913025, "jsd": 0.1768915057182312}, "epoch_15": {"ndcg": 0.2778675854206085, "jsd": 0.17291632294654846}, "epoch_16": {"ndcg": 0.2768332064151764, "jsd": 0.17007409036159515}, "epoch_17": {"ndcg": 0.27679792046546936, "jsd": 0.1668323576450348}, "epoch_18": {"ndcg": 0.2769039571285248, "jsd": 0.1624792516231537}, "epoch_19": {"ndcg": 0.27596166729927063, "jsd": 0.15950314700603485}, "epoch_20": {"ndcg": 0.27638810873031616, "jsd": 0.156399205327034}, "epoch_21": {"ndcg": 0.27538374066352844, "jsd": 0.15323689579963684}, "epoch_22": {"ndcg": 0.2766333520412445, "jsd": 0.1502041071653366}, "epoch_23": {"ndcg": 0.2755334973335266, "jsd": 0.14938141405582428}, "epoch_24": {"ndcg": 0.2747074067592621, "jsd": 0.14731022715568542}, "epoch_25": {"ndcg": 0.2741188108921051, "jsd": 0.14484313130378723}, "epoch_26": {"ndcg": 0.273526132106781, "jsd": 0.14333318173885345}, "epoch_27": {"ndcg": 0.27192580699920654, "jsd": 0.14163535833358765}, "epoch_28": {"ndcg": 0.27119749784469604, "jsd": 0.13889962434768677}, "epoch_29": {"ndcg": 0.27064937353134155, "jsd": 0.13716661930084229}, "epoch_30": {"ndcg": 0.2704296112060547, "jsd": 0.135203018784523}, "epoch_31": {"ndcg": 0.2685691714286804, "jsd": 0.13403935730457306}, "epoch_32": {"ndcg": 0.2666955292224884, "jsd": 0.1315315216779709}, "epoch_33": {"ndcg": 0.26603084802627563, "jsd": 0.1298873871564865}, "epoch_34": {"ndcg": 0.26508811116218567, "jsd": 0.12742620706558228}, "epoch_35": {"ndcg": 0.263886958360672, "jsd": 0.1243775337934494}, "epoch_36": {"ndcg": 0.26258739829063416, "jsd": 0.12309286743402481}, "epoch_37": {"ndcg": 0.2624463140964508, "jsd": 0.12032382935285568}, "epoch_38": {"ndcg": 0.2604372501373291, "jsd": 0.11765414476394653}, "epoch_39": {"ndcg": 0.25759005546569824, "jsd": 0.11572261154651642}, "epoch_40": {"ndcg": 0.25585946440696716, "jsd": 0.11297693848609924}, "epoch_41": {"ndcg": 0.2550710141658783, "jsd": 0.11114729940891266}, "epoch_42": {"ndcg": 0.2539122402667999, "jsd": 0.11031687259674072}, "epoch_43": {"ndcg": 0.25269198417663574, "jsd": 0.1084594801068306}, "epoch_44": {"ndcg": 0.251053124666214, "jsd": 0.10766935348510742}, "epoch_45": {"ndcg": 0.2497280091047287, "jsd": 0.10601396858692169}, "epoch_46": {"ndcg": 0.2486531287431717, "jsd": 0.10507037490606308}, "epoch_47": {"ndcg": 0.24722672998905182, "jsd": 0.10379710048437119}, "epoch_48": {"ndcg": 0.24578846991062164, "jsd": 0.10233891010284424}, "epoch_49": {"ndcg": 0.24314165115356445, "jsd": 0.10140414535999298}, "epoch_50": {"ndcg": 0.2419811338186264, "jsd": 0.1004018485546112}, "epoch_51": {"ndcg": 0.24144822359085083, "jsd": 0.09996448457241058}, "epoch_53": {"ndcg": 0.23697718977928162, "jsd": 0.09922768175601959}, "epoch_54": {"ndcg": 0.23462937772274017, "jsd": 0.09767389297485352}, "epoch_55": {"ndcg": 0.23252691328525543, "jsd": 0.09672530740499496}, "epoch_57": {"ndcg": 0.22904402017593384, "jsd": 0.09587423503398895}, "epoch_58": {"ndcg": 0.22697031497955322, "jsd": 0.09563423693180084}, "epoch_59": {"ndcg": 0.2252635359764099, "jsd": 0.09429561346769333}, "epoch_60": {"ndcg": 0.22397904098033905, "jsd": 0.093836210668087}, "epoch_61": {"ndcg": 0.2229001820087433, "jsd": 0.09339230507612228}, "epoch_62": {"ndcg": 0.22149889171123505, "jsd": 0.09292712807655334}, "epoch_65": {"ndcg": 0.2177349030971527, "jsd": 0.09240904450416565}, "epoch_69": {"ndcg": 0.21518100798130035, "jsd": 0.09200511127710342}, "epoch_78": {"ndcg": 0.2109934687614441, "jsd": 0.09157779067754745}, "epoch_79": {"ndcg": 0.21111664175987244, "jsd": 0.09152697026729584}, "epoch_80": {"ndcg": 0.21080727875232697, "jsd": 0.09146612137556076}, "epoch_81": {"ndcg": 0.21044886112213135, "jsd": 0.09121473878622055}, "epoch_82": {"ndcg": 0.20944732427597046, "jsd": 0.09099221229553223}, "epoch_83": {"ndcg": 0.21022415161132812, "jsd": 0.09054242074489594}, "epoch_84": {"ndcg": 0.2103678435087204, "jsd": 0.0902695432305336}, "epoch_85": {"ndcg": 0.2101968675851822, "jsd": 0.09004954248666763}, "epoch_87": {"ndcg": 0.2103997766971588, "jsd": 0.089485764503479}}}