{"base_recommendations": {"ndcg": 0.27637046575546265, "jsd": 0.2555331587791443}, "postprocessed": {}, "finetuned": {"epoch_1": {"ndcg": 0.27597305178642273, "jsd": 0.25027963519096375}, "epoch_2": {"ndcg": 0.2767584025859833, "jsd": 0.24077929556369781}, "epoch_3": {"ndcg": 0.27607041597366333, "jsd": 0.2319665402173996}, "epoch_4": {"ndcg": 0.27630922198295593, "jsd": 0.22344516217708588}, "epoch_5": {"ndcg": 0.27572324872016907, "jsd": 0.21200944483280182}, "epoch_6": {"ndcg": 0.27554410696029663, "jsd": 0.20228737592697144}, "epoch_7": {"ndcg": 0.27544963359832764, "jsd": 0.19334790110588074}, "epoch_8": {"ndcg": 0.275537371635437, "jsd": 0.18474233150482178}, "epoch_9": {"ndcg": 0.2732836604118347, "jsd": 0.1761469841003418}, "epoch_10": {"ndcg": 0.27262187004089355, "jsd": 0.16748344898223877}, "epoch_11": {"ndcg": 0.2716367840766907, "jsd": 0.16034789383411407}, "epoch_12": {"ndcg": 0.2703390121459961, "jsd": 0.15539704263210297}, "epoch_13": {"ndcg": 0.2688123881816864, "jsd": 0.15001510083675385}, "epoch_14": {"ndcg": 0.26718389987945557, "jsd": 0.14572034776210785}, "epoch_15": {"ndcg": 0.2647889256477356, "jsd": 0.14160357415676117}, "epoch_16": {"ndcg": 0.2631782591342926, "jsd": 0.13798105716705322}, "epoch_17": {"ndcg": 0.2621256411075592, "jsd": 0.13526876270771027}, "epoch_18": {"ndcg": 0.2621067464351654, "jsd": 0.1327928602695465}, "epoch_19": {"ndcg": 0.2592291235923767, "jsd": 0.13079933822155}, "epoch_20": {"ndcg": 0.25784769654273987, "jsd": 0.12856027483940125}, "epoch_21": {"ndcg": 0.25774186849594116, "jsd": 0.12720583379268646}, "epoch_22": {"ndcg": 0.2566043436527252, "jsd": 0.12655751407146454}, "epoch_23": {"ndcg": 0.256122350692749, "jsd": 0.12442418187856674}, "epoch_24": {"ndcg": 0.25524091720581055, "jsd": 0.1226828396320343}, "epoch_25": {"ndcg": 0.25277143716812134, "jsd": 0.12146127223968506}, "epoch_26": {"ndcg": 0.25263285636901855, "jsd": 0.11889981478452682}, "epoch_27": {"ndcg": 0.2519191801548004, "jsd": 0.11745339632034302}, "epoch_28": {"ndcg": 0.25153258442878723, "jsd": 0.11610836535692215}, "epoch_29": {"ndcg": 0.24986165761947632, "jsd": 0.11357133835554123}, "epoch_30": {"ndcg": 0.24896341562271118, "jsd": 0.11235915869474411}, "epoch_31": {"ndcg": 0.24674078822135925, "jsd": 0.10978034883737564}, "epoch_32": {"ndcg": 0.24534419178962708, "jsd": 0.1078149750828743}, "epoch_33": {"ndcg": 0.24434086680412292, "jsd": 0.10611095279455185}, "epoch_34": {"ndcg": 0.24333640933036804, "jsd": 0.1042376458644867}, "epoch_35": {"ndcg": 0.24199539422988892, "jsd": 0.10129327327013016}, "epoch_36": {"ndcg": 0.2428666651248932, "jsd": 0.10043640434741974}, "epoch_37": {"ndcg": 0.2414771318435669, "jsd": 0.09897704422473907}, "epoch_38": {"ndcg": 0.24067111313343048, "jsd": 0.098884217441082}, "epoch_39": {"ndcg": 0.23994912207126617, "jsd": 0.09675242751836777}, "epoch_40": {"ndcg": 0.23969973623752594, "jsd": 0.09541662782430649}, "epoch_41": {"ndcg": 0.24017024040222168, "jsd": 0.09476543217897415}, "epoch_42": {"ndcg": 0.23931969702243805, "jsd": 0.09334762394428253}, "epoch_43": {"ndcg": 0.23899401724338531, "jsd": 0.09153241664171219}, "epoch_44": {"ndcg": 0.23895177245140076, "jsd": 0.0910254642367363}, "epoch_45": {"ndcg": 0.23786313831806183, "jsd": 0.0896354466676712}, "epoch_46": {"ndcg": 0.236466184258461, "jsd": 0.08799108117818832}, "epoch_47": {"ndcg": 0.23607754707336426, "jsd": 0.08654336631298065}, "epoch_48": {"ndcg": 0.23500491678714752, "jsd": 0.08514009416103363}, "epoch_49": {"ndcg": 0.23371277749538422, "jsd": 0.08394700288772583}, "epoch_50": {"ndcg": 0.2314276397228241, "jsd": 0.08255770802497864}, "epoch_51": {"ndcg": 0.23001877963542938, "jsd": 0.0810585767030716}, "epoch_52": {"ndcg": 0.22848446667194366, "jsd": 0.07994918525218964}, "epoch_53": {"ndcg": 0.22591204941272736, "jsd": 0.07837746292352676}, "epoch_54": {"ndcg": 0.2242089807987213, "jsd": 0.07730042934417725}, "epoch_55": {"ndcg": 0.2230331003665924, "jsd": 0.0749659538269043}, "epoch_56": {"ndcg": 0.22170278429985046, "jsd": 0.07434328645467758}, "epoch_57": {"ndcg": 0.2190817892551422, "jsd": 0.07311692088842392}, "epoch_58": {"ndcg": 0.2169502079486847, "jsd": 0.07290909439325333}, "epoch_59": {"ndcg": 0.21461619436740875, "jsd": 0.07112012058496475}, "epoch_60": {"ndcg": 0.21288056671619415, "jsd": 0.06995175033807755}, "epoch_61": {"ndcg": 0.21041594445705414, "jsd": 0.06936658918857574}, "epoch_62": {"ndcg": 0.20900394022464752, "jsd": 0.06806271523237228}, "epoch_63": {"ndcg": 0.2079140543937683, "jsd": 0.06734158843755722}, "epoch_64": {"ndcg": 0.20645944774150848, "jsd": 0.06712354719638824}, "epoch_66": {"ndcg": 0.20550037920475006, "jsd": 0.06703340262174606}, "epoch_67": {"ndcg": 0.20377954840660095, "jsd": 0.06653805077075958}, "epoch_69": {"ndcg": 0.2043241411447525, "jsd": 0.066032774746418}, "epoch_72": {"ndcg": 0.20252437889575958, "jsd": 0.06575873494148254}, "epoch_73": {"ndcg": 0.20151416957378387, "jsd": 0.06495082378387451}, "epoch_74": {"ndcg": 0.20108790695667267, "jsd": 0.0641673281788826}, "epoch_75": {"ndcg": 0.20169244706630707, "jsd": 0.06365657597780228}, "epoch_76": {"ndcg": 0.2009047418832779, "jsd": 0.0630953460931778}, "epoch_77": {"ndcg": 0.2000986635684967, "jsd": 0.06301577389240265}, "epoch_80": {"ndcg": 0.19855085015296936, "jsd": 0.06282465904951096}, "epoch_81": {"ndcg": 0.19767571985721588, "jsd": 0.06231977418065071}, "epoch_82": {"ndcg": 0.19789358973503113, "jsd": 0.062177687883377075}, "epoch_83": {"ndcg": 0.19760771095752716, "jsd": 0.06210726872086525}, "epoch_84": {"ndcg": 0.19556587934494019, "jsd": 0.06207180395722389}, "epoch_85": {"ndcg": 0.19563277065753937, "jsd": 0.06189243495464325}, "epoch_86": {"ndcg": 0.19430197775363922, "jsd": 0.06163869798183441}, "epoch_87": {"ndcg": 0.19433164596557617, "jsd": 0.06133972108364105}, "epoch_90": {"ndcg": 0.19342917203903198, "jsd": 0.06141787767410278}, "epoch_91": {"ndcg": 0.19315798580646515, "jsd": 0.06115727499127388}, "epoch_104": {"ndcg": 0.1888566017150879, "jsd": 0.060814615339040756}, "epoch_111": {"ndcg": 0.1875736564397812, "jsd": 0.06073334440588951}, "epoch_112": {"ndcg": 0.18709319829940796, "jsd": 0.060691021382808685}, "epoch_113": {"ndcg": 0.18727998435497284, "jsd": 0.060589540749788284}, "epoch_117": {"ndcg": 0.18647339940071106, "jsd": 0.060237374156713486}, "epoch_119": {"ndcg": 0.1869145780801773, "jsd": 0.06008065864443779}, "epoch_120": {"ndcg": 0.1858542114496231, "jsd": 0.059913258999586105}}}