{"base_recommendations": {"ndcg": 0.27637046575546265, "jsd": 0.2555331587791443}, "postprocessed": {}, "finetuned": {"epoch_1": {"ndcg": 0.2760811746120453, "jsd": 0.250590443611145}, "epoch_2": {"ndcg": 0.27656444907188416, "jsd": 0.24113887548446655}, "epoch_3": {"ndcg": 0.275630921125412, "jsd": 0.2320430874824524}, "epoch_4": {"ndcg": 0.2747994065284729, "jsd": 0.22405429184436798}, "epoch_5": {"ndcg": 0.27513381838798523, "jsd": 0.21290865540504456}, "epoch_6": {"ndcg": 0.27599334716796875, "jsd": 0.2039172351360321}, "epoch_7": {"ndcg": 0.27580803632736206, "jsd": 0.19535529613494873}, "epoch_8": {"ndcg": 0.27423208951950073, "jsd": 0.1845656931400299}, "epoch_9": {"ndcg": 0.2740243673324585, "jsd": 0.17585735023021698}, "epoch_10": {"ndcg": 0.27275967597961426, "jsd": 0.16706253588199615}, "epoch_11": {"ndcg": 0.2710272967815399, "jsd": 0.16069886088371277}, "epoch_12": {"ndcg": 0.2698051929473877, "jsd": 0.15420813858509064}, "epoch_13": {"ndcg": 0.2685760259628296, "jsd": 0.14665929973125458}, "epoch_14": {"ndcg": 0.2676986753940582, "jsd": 0.14161725342273712}, "epoch_15": {"ndcg": 0.2645067572593689, "jsd": 0.13659068942070007}, "epoch_16": {"ndcg": 0.26220205426216125, "jsd": 0.13305452466011047}, "epoch_17": {"ndcg": 0.2595165967941284, "jsd": 0.1311265379190445}, "epoch_18": {"ndcg": 0.25807076692581177, "jsd": 0.12825414538383484}, "epoch_19": {"ndcg": 0.25537824630737305, "jsd": 0.12542344629764557}, "epoch_20": {"ndcg": 0.2530059218406677, "jsd": 0.12406188249588013}, "epoch_21": {"ndcg": 0.2522601783275604, "jsd": 0.12284504622220993}, "epoch_22": {"ndcg": 0.25134700536727905, "jsd": 0.12141545861959457}, "epoch_23": {"ndcg": 0.2505805790424347, "jsd": 0.12027523666620255}, "epoch_24": {"ndcg": 0.25004494190216064, "jsd": 0.11898113042116165}, "epoch_25": {"ndcg": 0.24823996424674988, "jsd": 0.11790693551301956}, "epoch_26": {"ndcg": 0.24835051596164703, "jsd": 0.11667658388614655}, "epoch_27": {"ndcg": 0.24664463102817535, "jsd": 0.1154751405119896}, "epoch_28": {"ndcg": 0.245381161570549, "jsd": 0.11386306583881378}, "epoch_29": {"ndcg": 0.2447589933872223, "jsd": 0.11349508911371231}, "epoch_30": {"ndcg": 0.2435844987630844, "jsd": 0.11246543377637863}, "epoch_31": {"ndcg": 0.24228854477405548, "jsd": 0.11147007346153259}, "epoch_32": {"ndcg": 0.24182584881782532, "jsd": 0.11103618144989014}, "epoch_33": {"ndcg": 0.2404933124780655, "jsd": 0.1096305102109909}, "epoch_34": {"ndcg": 0.23954461514949799, "jsd": 0.10807288438081741}, "epoch_35": {"ndcg": 0.2387058287858963, "jsd": 0.10667779296636581}, "epoch_36": {"ndcg": 0.23746755719184875, "jsd": 0.10586097836494446}, "epoch_37": {"ndcg": 0.2365884780883789, "jsd": 0.10540203750133514}, "epoch_38": {"ndcg": 0.2362697273492813, "jsd": 0.1042189970612526}, "epoch_39": {"ndcg": 0.23655211925506592, "jsd": 0.10284960269927979}, "epoch_40": {"ndcg": 0.2351437509059906, "jsd": 0.10189200192689896}, "epoch_41": {"ndcg": 0.23416940867900848, "jsd": 0.10068817436695099}, "epoch_42": {"ndcg": 0.23434175550937653, "jsd": 0.09987929463386536}, "epoch_43": {"ndcg": 0.23325800895690918, "jsd": 0.09913203120231628}, "epoch_44": {"ndcg": 0.23251347243785858, "jsd": 0.09704785794019699}, "epoch_45": {"ndcg": 0.23087069392204285, "jsd": 0.09585469961166382}, "epoch_46": {"ndcg": 0.22895559668540955, "jsd": 0.09453936666250229}, "epoch_47": {"ndcg": 0.2280115932226181, "jsd": 0.09283586591482162}, "epoch_48": {"ndcg": 0.22692760825157166, "jsd": 0.09184906631708145}, "epoch_49": {"ndcg": 0.22491717338562012, "jsd": 0.0900251641869545}, "epoch_50": {"ndcg": 0.22383634746074677, "jsd": 0.08853613585233688}, "epoch_51": {"ndcg": 0.22212904691696167, "jsd": 0.08719205856323242}, "epoch_52": {"ndcg": 0.2208452820777893, "jsd": 0.08581023663282394}, "epoch_53": {"ndcg": 0.21990074217319489, "jsd": 0.08391385525465012}, "epoch_54": {"ndcg": 0.2181076556444168, "jsd": 0.08276503533124924}, "epoch_55": {"ndcg": 0.2174004763364792, "jsd": 0.08095480501651764}, "epoch_56": {"ndcg": 0.21628126502037048, "jsd": 0.07905261218547821}, "epoch_57": {"ndcg": 0.21501240134239197, "jsd": 0.07845186442136765}, "epoch_58": {"ndcg": 0.21390558779239655, "jsd": 0.07811828702688217}, "epoch_59": {"ndcg": 0.21243950724601746, "jsd": 0.07773557305335999}, "epoch_60": {"ndcg": 0.2116277515888214, "jsd": 0.07727141678333282}, "epoch_61": {"ndcg": 0.20966468751430511, "jsd": 0.07701408863067627}, "epoch_62": {"ndcg": 0.2091442346572876, "jsd": 0.0760883167386055}, "epoch_63": {"ndcg": 0.20826131105422974, "jsd": 0.07551442086696625}, "epoch_64": {"ndcg": 0.2074839323759079, "jsd": 0.0752621591091156}, "epoch_65": {"ndcg": 0.20649835467338562, "jsd": 0.07525873184204102}, "epoch_66": {"ndcg": 0.2057023048400879, "jsd": 0.07505207508802414}, "epoch_67": {"ndcg": 0.20505255460739136, "jsd": 0.07477404922246933}, "epoch_68": {"ndcg": 0.20313766598701477, "jsd": 0.07416170090436935}, "epoch_69": {"ndcg": 0.20266388356685638, "jsd": 0.07344692945480347}, "epoch_74": {"ndcg": 0.1951035112142563, "jsd": 0.07280133664608002}, "epoch_75": {"ndcg": 0.19315822422504425, "jsd": 0.07155962288379669}, "epoch_76": {"ndcg": 0.19226379692554474, "jsd": 0.07127255946397781}, "epoch_77": {"ndcg": 0.191851407289505, "jsd": 0.07059850543737411}, "epoch_78": {"ndcg": 0.19182266294956207, "jsd": 0.07055880129337311}, "epoch_79": {"ndcg": 0.18935205042362213, "jsd": 0.07010354846715927}, "epoch_80": {"ndcg": 0.1888282597064972, "jsd": 0.06988920271396637}, "epoch_81": {"ndcg": 0.18869805335998535, "jsd": 0.06968703866004944}, "epoch_82": {"ndcg": 0.18767566978931427, "jsd": 0.06955216079950333}, "epoch_87": {"ndcg": 0.18561673164367676, "jsd": 0.06946954131126404}}}