{"base_recommendations": {"ndcg": 0.27637046575546265, "jsd": 0.2555331587791443}, "postprocessed": {}, "finetuned": {"epoch_1": {"ndcg": 0.27618247270584106, "jsd": 0.2507481276988983}, "epoch_2": {"ndcg": 0.27582111954689026, "jsd": 0.24427688121795654}, "epoch_3": {"ndcg": 0.2763180732727051, "jsd": 0.238040491938591}, "epoch_4": {"ndcg": 0.2766018509864807, "jsd": 0.23226560652256012}, "epoch_5": {"ndcg": 0.276047945022583, "jsd": 0.22780285775661469}, "epoch_6": {"ndcg": 0.2761354148387909, "jsd": 0.2213601917028427}, "epoch_7": {"ndcg": 0.2751986086368561, "jsd": 0.21580754220485687}, "epoch_8": {"ndcg": 0.27463337779045105, "jsd": 0.20795218646526337}, "epoch_9": {"ndcg": 0.27530941367149353, "jsd": 0.20325109362602234}, "epoch_10": {"ndcg": 0.27496299147605896, "jsd": 0.19763155281543732}, "epoch_11": {"ndcg": 0.27489620447158813, "jsd": 0.1924142837524414}, "epoch_12": {"ndcg": 0.2753147780895233, "jsd": 0.18843993544578552}, "epoch_13": {"ndcg": 0.27452313899993896, "jsd": 0.18399126827716827}, "epoch_14": {"ndcg": 0.27359938621520996, "jsd": 0.1804610639810562}, "epoch_15": {"ndcg": 0.2737739384174347, "jsd": 0.17497216165065765}, "epoch_16": {"ndcg": 0.27275916934013367, "jsd": 0.17183436453342438}, "epoch_17": {"ndcg": 0.2729426324367523, "jsd": 0.16848231852054596}, "epoch_18": {"ndcg": 0.2724950313568115, "jsd": 0.1654435396194458}, "epoch_19": {"ndcg": 0.27218446135520935, "jsd": 0.16113974153995514}, "epoch_20": {"ndcg": 0.27142876386642456, "jsd": 0.15848711133003235}, "epoch_21": {"ndcg": 0.2708773612976074, "jsd": 0.15536509454250336}, "epoch_22": {"ndcg": 0.27033257484436035, "jsd": 0.1526249796152115}, "epoch_23": {"ndcg": 0.2687858045101166, "jsd": 0.1491323858499527}, "epoch_24": {"ndcg": 0.26787808537483215, "jsd": 0.14582432806491852}, "epoch_25": {"ndcg": 0.2674214541912079, "jsd": 0.1438027173280716}, "epoch_26": {"ndcg": 0.26674067974090576, "jsd": 0.14123180508613586}, "epoch_27": {"ndcg": 0.26589784026145935, "jsd": 0.13913241028785706}, "epoch_28": {"ndcg": 0.26555585861206055, "jsd": 0.13552045822143555}, "epoch_29": {"ndcg": 0.26411953568458557, "jsd": 0.13262079656124115}, "epoch_30": {"ndcg": 0.26208797097206116, "jsd": 0.12967908382415771}, "epoch_31": {"ndcg": 0.2606932818889618, "jsd": 0.12731365859508514}, "epoch_32": {"ndcg": 0.2594340145587921, "jsd": 0.1248035579919815}, "epoch_33": {"ndcg": 0.2572265565395355, "jsd": 0.12172584235668182}, "epoch_34": {"ndcg": 0.2554209232330322, "jsd": 0.11808885633945465}, "epoch_35": {"ndcg": 0.2540854811668396, "jsd": 0.11418803036212921}, "epoch_36": {"ndcg": 0.2516857981681824, "jsd": 0.11219142377376556}, "epoch_37": {"ndcg": 0.2494214028120041, "jsd": 0.10890624672174454}, "epoch_38": {"ndcg": 0.24677208065986633, "jsd": 0.10505764186382294}, "epoch_39": {"ndcg": 0.2440841645002365, "jsd": 0.10222531110048294}, "epoch_40": {"ndcg": 0.2431211918592453, "jsd": 0.09905566275119781}, "epoch_41": {"ndcg": 0.2408246248960495, "jsd": 0.09693006426095963}, "epoch_42": {"ndcg": 0.2378503978252411, "jsd": 0.0944656953215599}, "epoch_43": {"ndcg": 0.23500515520572662, "jsd": 0.09296087175607681}, "epoch_44": {"ndcg": 0.23262479901313782, "jsd": 0.09138968586921692}, "epoch_45": {"ndcg": 0.22920407354831696, "jsd": 0.09054218977689743}, "epoch_46": {"ndcg": 0.22475869953632355, "jsd": 0.08868710696697235}, "epoch_47": {"ndcg": 0.2232624739408493, "jsd": 0.08757616579532623}, "epoch_48": {"ndcg": 0.220326766371727, "jsd": 0.08717948943376541}}}