{"base_recommendations": {"ndcg": 0.27637046575546265, "jsd": 0.2555331587791443}, "postprocessed": {}, "finetuned": {"epoch_1": {"ndcg": 0.27622339129447937, "jsd": 0.2507219612598419}, "epoch_2": {"ndcg": 0.274827778339386, "jsd": 0.24322572350502014}, "epoch_3": {"ndcg": 0.27478310465812683, "jsd": 0.2340938150882721}, "epoch_4": {"ndcg": 0.2740430235862732, "jsd": 0.22531242668628693}, "epoch_5": {"ndcg": 0.27397459745407104, "jsd": 0.21427883207798004}, "epoch_6": {"ndcg": 0.27295252680778503, "jsd": 0.2030738741159439}, "epoch_7": {"ndcg": 0.2727196514606476, "jsd": 0.19222554564476013}, "epoch_8": {"ndcg": 0.2718427777290344, "jsd": 0.18230244517326355}, "epoch_9": {"ndcg": 0.2698577046394348, "jsd": 0.17223970592021942}, "epoch_10": {"ndcg": 0.2678842842578888, "jsd": 0.1633155196905136}, "epoch_11": {"ndcg": 0.2655887305736542, "jsd": 0.15476275980472565}, "epoch_12": {"ndcg": 0.2630713880062103, "jsd": 0.14753207564353943}, "epoch_13": {"ndcg": 0.2601543366909027, "jsd": 0.14076122641563416}, "epoch_14": {"ndcg": 0.25559201836586, "jsd": 0.13459111750125885}, "epoch_15": {"ndcg": 0.25320592522621155, "jsd": 0.12956371903419495}, "epoch_16": {"ndcg": 0.24992351233959198, "jsd": 0.12604805827140808}, "epoch_17": {"ndcg": 0.24784350395202637, "jsd": 0.12278299778699875}, "epoch_18": {"ndcg": 0.24382425844669342, "jsd": 0.1213904544711113}, "epoch_19": {"ndcg": 0.2415604591369629, "jsd": 0.11971075087785721}, "epoch_20": {"ndcg": 0.23896527290344238, "jsd": 0.11934947967529297}, "epoch_21": {"ndcg": 0.2371179759502411, "jsd": 0.11875934153795242}, "epoch_22": {"ndcg": 0.23519322276115417, "jsd": 0.11831969767808914}, "epoch_23": {"ndcg": 0.2328888475894928, "jsd": 0.11784253269433975}, "epoch_24": {"ndcg": 0.22997616231441498, "jsd": 0.11744771152734756}, "epoch_25": {"ndcg": 0.22769926488399506, "jsd": 0.1168794184923172}, "epoch_26": {"ndcg": 0.2264367789030075, "jsd": 0.11669157445430756}, "epoch_27": {"ndcg": 0.22506959736347198, "jsd": 0.11648056656122208}, "epoch_28": {"ndcg": 0.2243584245443344, "jsd": 0.11621271073818207}, "epoch_29": {"ndcg": 0.2229074239730835, "jsd": 0.11546993255615234}, "epoch_30": {"ndcg": 0.2212144285440445, "jsd": 0.11508914083242416}, "epoch_31": {"ndcg": 0.22027726471424103, "jsd": 0.11445742100477219}, "epoch_32": {"ndcg": 0.21905113756656647, "jsd": 0.11415788531303406}, "epoch_33": {"ndcg": 0.21774600446224213, "jsd": 0.11395390331745148}, "epoch_34": {"ndcg": 0.21708175539970398, "jsd": 0.11316543817520142}, "epoch_35": {"ndcg": 0.21609553694725037, "jsd": 0.11163797229528427}, "epoch_36": {"ndcg": 0.2153291404247284, "jsd": 0.11062737554311752}, "epoch_37": {"ndcg": 0.2139955759048462, "jsd": 0.10972751677036285}, "epoch_38": {"ndcg": 0.21305638551712036, "jsd": 0.10953319072723389}, "epoch_39": {"ndcg": 0.21283848583698273, "jsd": 0.10899806022644043}, "epoch_40": {"ndcg": 0.21137982606887817, "jsd": 0.10856237262487411}, "epoch_42": {"ndcg": 0.20993180572986603, "jsd": 0.10778040438890457}, "epoch_43": {"ndcg": 0.20950470864772797, "jsd": 0.10691952705383301}, "epoch_44": {"ndcg": 0.20885005593299866, "jsd": 0.10641810297966003}, "epoch_47": {"ndcg": 0.20730671286582947, "jsd": 0.10624324530363083}, "epoch_48": {"ndcg": 0.2062087059020996, "jsd": 0.10571811348199844}, "epoch_49": {"ndcg": 0.20672142505645752, "jsd": 0.10485086590051651}, "epoch_50": {"ndcg": 0.20630601048469543, "jsd": 0.10436219722032547}, "epoch_51": {"ndcg": 0.20541079342365265, "jsd": 0.1039845272898674}, "epoch_52": {"ndcg": 0.20418567955493927, "jsd": 0.10349033772945404}, "epoch_53": {"ndcg": 0.20378035306930542, "jsd": 0.10336202383041382}, "epoch_54": {"ndcg": 0.20334886014461517, "jsd": 0.10320068895816803}, "epoch_55": {"ndcg": 0.20215263962745667, "jsd": 0.10206117480993271}, "epoch_56": {"ndcg": 0.20236368477344513, "jsd": 0.10161950439214706}, "epoch_58": {"ndcg": 0.20228919386863708, "jsd": 0.10092364251613617}, "epoch_59": {"ndcg": 0.20174233615398407, "jsd": 0.10089875757694244}, "epoch_60": {"ndcg": 0.20194067060947418, "jsd": 0.10054599493741989}, "epoch_61": {"ndcg": 0.20229670405387878, "jsd": 0.09974225610494614}, "epoch_63": {"ndcg": 0.20119741559028625, "jsd": 0.09964299201965332}, "epoch_64": {"ndcg": 0.20110444724559784, "jsd": 0.09886350482702255}, "epoch_65": {"ndcg": 0.20121298730373383, "jsd": 0.09798178821802139}, "epoch_66": {"ndcg": 0.20106159150600433, "jsd": 0.09678482264280319}, "epoch_67": {"ndcg": 0.2009183019399643, "jsd": 0.09675081074237823}, "epoch_68": {"ndcg": 0.20085030794143677, "jsd": 0.09627968072891235}, "epoch_69": {"ndcg": 0.20039497315883636, "jsd": 0.09514695405960083}, "epoch_70": {"ndcg": 0.20039613544940948, "jsd": 0.09503186494112015}, "epoch_72": {"ndcg": 0.20015962421894073, "jsd": 0.09479034692049026}, "epoch_75": {"ndcg": 0.19983185827732086, "jsd": 0.09433059394359589}, "epoch_76": {"ndcg": 0.19939695298671722, "jsd": 0.09330528229475021}, "epoch_77": {"ndcg": 0.19911499321460724, "jsd": 0.09268122166395187}, "epoch_78": {"ndcg": 0.19783969223499298, "jsd": 0.09229577332735062}, "epoch_79": {"ndcg": 0.1981896162033081, "jsd": 0.09130604565143585}, "epoch_80": {"ndcg": 0.19766145944595337, "jsd": 0.09051278233528137}, "epoch_81": {"ndcg": 0.19767162203788757, "jsd": 0.08988218009471893}, "epoch_82": {"ndcg": 0.19764889776706696, "jsd": 0.08943689614534378}, "epoch_83": {"ndcg": 0.19737856090068817, "jsd": 0.08836507797241211}, "epoch_84": {"ndcg": 0.19734852015972137, "jsd": 0.08795194327831268}, "epoch_85": {"ndcg": 0.19696548581123352, "jsd": 0.08731391280889511}, "epoch_86": {"ndcg": 0.1974567025899887, "jsd": 0.087067611515522}, "epoch_87": {"ndcg": 0.19799162447452545, "jsd": 0.08628662675619125}, "epoch_88": {"ndcg": 0.1977432668209076, "jsd": 0.08541176468133926}, "epoch_89": {"ndcg": 0.19703306257724762, "jsd": 0.08501545339822769}, "epoch_90": {"ndcg": 0.19723305106163025, "jsd": 0.08472096920013428}, "epoch_91": {"ndcg": 0.1969185322523117, "jsd": 0.0844440907239914}, "epoch_92": {"ndcg": 0.19614966213703156, "jsd": 0.08369551599025726}, "epoch_94": {"ndcg": 0.1958165019750595, "jsd": 0.0825268030166626}, "epoch_95": {"ndcg": 0.19556371867656708, "jsd": 0.08227460831403732}, "epoch_96": {"ndcg": 0.19600625336170197, "jsd": 0.08182144910097122}, "epoch_97": {"ndcg": 0.1957876831293106, "jsd": 0.08057191222906113}, "epoch_98": {"ndcg": 0.19551873207092285, "jsd": 0.0801779106259346}, "epoch_99": {"ndcg": 0.1944783478975296, "jsd": 0.08003118634223938}, "epoch_100": {"ndcg": 0.19402076303958893, "jsd": 0.0792987197637558}, "epoch_101": {"ndcg": 0.1943112164735794, "jsd": 0.07881389558315277}, "epoch_103": {"ndcg": 0.1935110241174698, "jsd": 0.0788380354642868}, "epoch_104": {"ndcg": 0.19322146475315094, "jsd": 0.07753574103116989}, "epoch_105": {"ndcg": 0.19346895813941956, "jsd": 0.07739457488059998}, "epoch_107": {"ndcg": 0.1929873675107956, "jsd": 0.07665660232305527}, "epoch_108": {"ndcg": 0.19286230206489563, "jsd": 0.07653918862342834}, "epoch_109": {"ndcg": 0.19311611354351044, "jsd": 0.07628066837787628}, "epoch_110": {"ndcg": 0.1929791271686554, "jsd": 0.07601413130760193}, "epoch_111": {"ndcg": 0.1923545002937317, "jsd": 0.07544835656881332}, "epoch_113": {"ndcg": 0.1927974969148636, "jsd": 0.07542170584201813}, "epoch_114": {"ndcg": 0.19239962100982666, "jsd": 0.07516041398048401}, "epoch_115": {"ndcg": 0.19217157363891602, "jsd": 0.07496649771928787}, "epoch_116": {"ndcg": 0.19128316640853882, "jsd": 0.07446425408124924}, "epoch_117": {"ndcg": 0.1914014220237732, "jsd": 0.07392966002225876}, "epoch_118": {"ndcg": 0.19113758206367493, "jsd": 0.07334508746862411}, "epoch_119": {"ndcg": 0.19089651107788086, "jsd": 0.0732874795794487}, "epoch_120": {"ndcg": 0.19079607725143433, "jsd": 0.07306335121393204}, "epoch_121": {"ndcg": 0.1908174306154251, "jsd": 0.07271221280097961}, "epoch_122": {"ndcg": 0.19085228443145752, "jsd": 0.07204417139291763}, "epoch_123": {"ndcg": 0.19102585315704346, "jsd": 0.07168030738830566}, "epoch_124": {"ndcg": 0.19085893034934998,