{"base_recommendations": {"ndcg": 0.27637046575546265, "jsd": 0.2555331587791443}, "postprocessed": {}, "finetuned": {"epoch_1": {"ndcg": 0.27598920464515686, "jsd": 0.25046011805534363}, "epoch_2": {"ndcg": 0.276021808385849, "jsd": 0.24367524683475494}, "epoch_3": {"ndcg": 0.2754289507865906, "jsd": 0.23538969457149506}, "epoch_4": {"ndcg": 0.27428579330444336, "jsd": 0.22934404015541077}, "epoch_5": {"ndcg": 0.2736762762069702, "jsd": 0.22123540937900543}, "epoch_6": {"ndcg": 0.2728624939918518, "jsd": 0.21323417127132416}, "epoch_7": {"ndcg": 0.2728349268436432, "jsd": 0.20448684692382812}, "epoch_8": {"ndcg": 0.2709496021270752, "jsd": 0.19812007248401642}, "epoch_9": {"ndcg": 0.2706702649593353, "jsd": 0.19199281930923462}, "epoch_10": {"ndcg": 0.2710353136062622, "jsd": 0.18748266994953156}, "epoch_11": {"ndcg": 0.27065449953079224, "jsd": 0.18195228278636932}, "epoch_12": {"ndcg": 0.2697654366493225, "jsd": 0.1765785664319992}, "epoch_13": {"ndcg": 0.26822683215141296, "jsd": 0.17091728746891022}, "epoch_14": {"ndcg": 0.2677226960659027, "jsd": 0.16550160944461823}, "epoch_15": {"ndcg": 0.2662562429904938, "jsd": 0.16051363945007324}, "epoch_16": {"ndcg": 0.2660254240036011, "jsd": 0.15753702819347382}, "epoch_17": {"ndcg": 0.2651135325431824, "jsd": 0.15329279005527496}, "epoch_18": {"ndcg": 0.26397454738616943, "jsd": 0.1491345316171646}, "epoch_19": {"ndcg": 0.26306578516960144, "jsd": 0.14631934463977814}, "epoch_20": {"ndcg": 0.2630077004432678, "jsd": 0.14305002987384796}, "epoch_21": {"ndcg": 0.260913223028183, "jsd": 0.13945671916007996}, "epoch_22": {"ndcg": 0.26012516021728516, "jsd": 0.13710571825504303}, "epoch_23": {"ndcg": 0.2598264813423157, "jsd": 0.1345323771238327}, "epoch_24": {"ndcg": 0.259164959192276, "jsd": 0.13197240233421326}, "epoch_25": {"ndcg": 0.2575165033340454, "jsd": 0.12928257882595062}, "epoch_26": {"ndcg": 0.25582996010780334, "jsd": 0.12580813467502594}, "epoch_27": {"ndcg": 0.2547164261341095, "jsd": 0.12333092838525772}, "epoch_28": {"ndcg": 0.2534427344799042, "jsd": 0.1201159805059433}, "epoch_29": {"ndcg": 0.25234320759773254, "jsd": 0.11647488176822662}, "epoch_30": {"ndcg": 0.2503594756126404, "jsd": 0.11421676725149155}, "epoch_31": {"ndcg": 0.24957089126110077, "jsd": 0.11278504878282547}, "epoch_32": {"ndcg": 0.24793031811714172, "jsd": 0.10891982167959213}, "epoch_33": {"ndcg": 0.2470027208328247, "jsd": 0.10636647790670395}, "epoch_34": {"ndcg": 0.24649864435195923, "jsd": 0.10475616157054901}, "epoch_35": {"ndcg": 0.24421575665473938, "jsd": 0.10275933146476746}, "epoch_36": {"ndcg": 0.2440437525510788, "jsd": 0.10086328536272049}, "epoch_37": {"ndcg": 0.2421330362558365, "jsd": 0.09898024052381516}, "epoch_38": {"ndcg": 0.24037031829357147, "jsd": 0.0969618633389473}, "epoch_39": {"ndcg": 0.2399311363697052, "jsd": 0.09528642147779465}, "epoch_40": {"ndcg": 0.2392866611480713, "jsd": 0.093903087079525}, "epoch_41": {"ndcg": 0.23848329484462738, "jsd": 0.09142076969146729}, "epoch_42": {"ndcg": 0.23664039373397827, "jsd": 0.09020709991455078}, "epoch_43": {"ndcg": 0.2353665977716446, "jsd": 0.08877723664045334}, "epoch_44": {"ndcg": 0.2346256673336029, "jsd": 0.08790513128042221}, "epoch_45": {"ndcg": 0.2333231419324875, "jsd": 0.0871601477265358}, "epoch_46": {"ndcg": 0.2313401997089386, "jsd": 0.08649036288261414}, "epoch_47": {"ndcg": 0.23084594309329987, "jsd": 0.08441890776157379}, "epoch_48": {"ndcg": 0.2283785492181778, "jsd": 0.08178670704364777}, "epoch_49": {"ndcg": 0.2248721420764923, "jsd": 0.0794818103313446}, "epoch_50": {"ndcg": 0.22270290553569794, "jsd": 0.07806361466646194}, "epoch_51": {"ndcg": 0.21985705196857452, "jsd": 0.07603773474693298}, "epoch_52": {"ndcg": 0.2180543839931488, "jsd": 0.07477366924285889}, "epoch_53": {"ndcg": 0.21530139446258545, "jsd": 0.07412636280059814}, "epoch_54": {"ndcg": 0.21298280358314514, "jsd": 0.0729641541838646}, "epoch_55": {"ndcg": 0.20975767076015472, "jsd": 0.07251898944377899}, "epoch_56": {"ndcg": 0.20714731514453888, "jsd": 0.07178373634815216}, "epoch_57": {"ndcg": 0.20528975129127502, "jsd": 0.07060305029153824}, "epoch_58": {"ndcg": 0.20321567356586456, "jsd": 0.0703161209821701}, "epoch_59": {"ndcg": 0.2017374187707901, "jsd": 0.06998201459646225}, "epoch_60": {"ndcg": 0.19865494966506958, "jsd": 0.0694829598069191}, "epoch_61": {"ndcg": 0.19693151116371155, "jsd": 0.06939520686864853}, "epoch_63": {"ndcg": 0.19324170053005219, "jsd": 0.0693228542804718}, "epoch_64": {"ndcg": 0.19086596369743347, "jsd": 0.06894628703594208}, "epoch_65": {"ndcg": 0.18940842151641846, "jsd": 0.06882249563932419}}}