{"base_recommendations": {"ndcg": 0.27637046575546265, "jsd": 0.2555331587791443}, "postprocessed": {}, "finetuned": {"epoch_1": {"ndcg": 0.27629631757736206, "jsd": 0.25048449635505676}, "epoch_2": {"ndcg": 0.2755481004714966, "jsd": 0.24144497513771057}, "epoch_3": {"ndcg": 0.2750914692878723, "jsd": 0.23260684311389923}, "epoch_4": {"ndcg": 0.27422812581062317, "jsd": 0.22300399839878082}, "epoch_5": {"ndcg": 0.27507561445236206, "jsd": 0.2114114761352539}, "epoch_6": {"ndcg": 0.27585428953170776, "jsd": 0.19987852871418}, "epoch_7": {"ndcg": 0.2738586664199829, "jsd": 0.1904827356338501}, "epoch_8": {"ndcg": 0.27222833037376404, "jsd": 0.17834505438804626}, "epoch_9": {"ndcg": 0.27100974321365356, "jsd": 0.16855266690254211}, "epoch_10": {"ndcg": 0.26897352933883667, "jsd": 0.16016167402267456}, "epoch_11": {"ndcg": 0.2674006521701813, "jsd": 0.1530134528875351}, "epoch_12": {"ndcg": 0.263824999332428, "jsd": 0.14503595232963562}, "epoch_13": {"ndcg": 0.2607329785823822, "jsd": 0.13815882802009583}, "epoch_14": {"ndcg": 0.2573011815547943, "jsd": 0.1335652768611908}, "epoch_15": {"ndcg": 0.2553538382053375, "jsd": 0.13085375726222992}, "epoch_16": {"ndcg": 0.25164011120796204, "jsd": 0.12826916575431824}, "epoch_17": {"ndcg": 0.24862557649612427, "jsd": 0.12560823559761047}, "epoch_18": {"ndcg": 0.24614335596561432, "jsd": 0.12396988272666931}, "epoch_19": {"ndcg": 0.24491441249847412, "jsd": 0.12199203670024872}, "epoch_20": {"ndcg": 0.24346601963043213, "jsd": 0.1208052784204483}, "epoch_21": {"ndcg": 0.23979513347148895, "jsd": 0.119441457092762}, "epoch_22": {"ndcg": 0.23791582882404327, "jsd": 0.1192806288599968}, "epoch_23": {"ndcg": 0.23641923069953918, "jsd": 0.11903046071529388}, "epoch_24": {"ndcg": 0.23493318259716034, "jsd": 0.11736617982387543}, "epoch_25": {"ndcg": 0.23343130946159363, "jsd": 0.11680734902620316}, "epoch_26": {"ndcg": 0.2317032516002655, "jsd": 0.11620660126209259}, "epoch_27": {"ndcg": 0.23057939112186432, "jsd": 0.115806445479393}, "epoch_28": {"ndcg": 0.22944723069667816, "jsd": 0.11518179625272751}, "epoch_29": {"ndcg": 0.22741776704788208, "jsd": 0.11423797160387039}, "epoch_30": {"ndcg": 0.22602711617946625, "jsd": 0.1133907362818718}, "epoch_31": {"ndcg": 0.22387896478176117, "jsd": 0.11256280541419983}, "epoch_32": {"ndcg": 0.2226102501153946, "jsd": 0.11100680381059647}, "epoch_33": {"ndcg": 0.2211878001689911, "jsd": 0.10935738682746887}, "epoch_34": {"ndcg": 0.21965065598487854, "jsd": 0.1079123467206955}, "epoch_35": {"ndcg": 0.21773724257946014, "jsd": 0.10649274289608002}, "epoch_36": {"ndcg": 0.21645976603031158, "jsd": 0.10569097101688385}, "epoch_37": {"ndcg": 0.21483869850635529, "jsd": 0.10481715202331543}, "epoch_38": {"ndcg": 0.21456733345985413, "jsd": 0.10336820781230927}, "epoch_39": {"ndcg": 0.21310171484947205, "jsd": 0.10259265452623367}, "epoch_40": {"ndcg": 0.21214351058006287, "jsd": 0.10082565993070602}, "epoch_41": {"ndcg": 0.21107305586338043, "jsd": 0.10052574425935745}, "epoch_42": {"ndcg": 0.210475355386734, "jsd": 0.09942113608121872}, "epoch_43": {"ndcg": 0.20990784466266632, "jsd": 0.09833450615406036}, "epoch_44": {"ndcg": 0.20901311933994293, "jsd": 0.09690703451633453}, "epoch_45": {"ndcg": 0.20795464515686035, "jsd": 0.09628640860319138}, "epoch_46": {"ndcg": 0.20609456300735474, "jsd": 0.09598414599895477}, "epoch_47": {"ndcg": 0.2059091478586197, "jsd": 0.09400846064090729}, "epoch_48": {"ndcg": 0.20607346296310425, "jsd": 0.09216512739658356}, "epoch_49": {"ndcg": 0.20557120442390442, "jsd": 0.09162858128547668}, "epoch_50": {"ndcg": 0.20474471151828766, "jsd": 0.08967863023281097}, "epoch_51": {"ndcg": 0.20316989719867706, "jsd": 0.0890081524848938}, "epoch_52": {"ndcg": 0.20269031822681427, "jsd": 0.0874439999461174}, "epoch_53": {"ndcg": 0.20105677843093872, "jsd": 0.08631540834903717}, "epoch_54": {"ndcg": 0.1995234191417694, "jsd": 0.08473397046327591}, "epoch_55": {"ndcg": 0.19792363047599792, "jsd": 0.083365298807621}, "epoch_56": {"ndcg": 0.19680717587471008, "jsd": 0.08247341960668564}, "epoch_57": {"ndcg": 0.19621065258979797, "jsd": 0.08094311505556107}, "epoch_58": {"ndcg": 0.19569586217403412, "jsd": 0.08037002384662628}, "epoch_59": {"ndcg": 0.194003164768219, "jsd": 0.07771845906972885}, "epoch_60": {"ndcg": 0.1926189363002777, "jsd": 0.07704684138298035}, "epoch_61": {"ndcg": 0.19178733229637146, "jsd": 0.07464366406202316}, "epoch_62": {"ndcg": 0.19176065921783447, "jsd": 0.07320869714021683}, "epoch_63": {"ndcg": 0.19064205884933472, "jsd": 0.07220867276191711}, "epoch_64": {"ndcg": 0.1901097148656845, "jsd": 0.07143384963274002}, "epoch_65": {"ndcg": 0.18953478336334229, "jsd": 0.07011298835277557}, "epoch_66": {"ndcg": 0.18812285363674164, "jsd": 0.06917063146829605}, "epoch_67": {"ndcg": 0.18753594160079956, "jsd": 0.06833754479885101}, "epoch_68": {"ndcg": 0.18666648864746094, "jsd": 0.06730155646800995}, "epoch_69": {"ndcg": 0.18409094214439392, "jsd": 0.06644221395254135}, "epoch_70": {"ndcg": 0.18306821584701538, "jsd": 0.06542184948921204}, "epoch_71": {"ndcg": 0.18218179047107697, "jsd": 0.06412065029144287}, "epoch_72": {"ndcg": 0.18105947971343994, "jsd": 0.06246011704206467}, "epoch_73": {"ndcg": 0.17952972650527954, "jsd": 0.06072405353188515}, "epoch_74": {"ndcg": 0.1784312129020691, "jsd": 0.05994858220219612}, "epoch_75": {"ndcg": 0.17687664926052094, "jsd": 0.05989642068743706}, "epoch_76": {"ndcg": 0.17672526836395264, "jsd": 0.05910414084792137}, "epoch_77": {"ndcg": 0.17574387788772583, "jsd": 0.0587654747068882}, "epoch_78": {"ndcg": 0.17530374228954315, "jsd": 0.057725951075553894}, "epoch_79": {"ndcg": 0.17495064437389374, "jsd": 0.057396601885557175}, "epoch_80": {"ndcg": 0.17438027262687683, "jsd": 0.057183630764484406}, "epoch_83": {"ndcg": 0.17239339649677277, "jsd": 0.05682775005698204}, "epoch_84": {"ndcg": 0.17228679358959198, "jsd": 0.05648526921868324}, "epoch_86": {"ndcg": 0.17115452885627747, "jsd": 0.05628729611635208}, "epoch_87": {"ndcg": 0.17052322626113892, "jsd": 0.05610855668783188}, "epoch_89": {"ndcg": 0.16970841586589813, "jsd": 0.05586850643157959}, "epoch_92": {"ndcg": 0.1682480126619339, "jsd": 0.05582685396075249}, "epoch_95": {"ndcg": 0.16729460656642914, "jsd": 0.055760134011507034}}}