{
  "base_recommendations": {
    "ndcg": 0.14531244337558746,
    "jsd": 0.16742733120918274,
    "ndcg_usergroup_1": 0.19628708064556122,
    "jsd_usergroup_1": 0.146896630525589,
    "ndcg_usergroup_2": 0.13007476925849915,
    "jsd_usergroup_2": 0.1748340129852295,
    "ndcg_usergroup_3": 0.1400458961725235,
    "jsd_usergroup_3": 0.16574043035507202
  },
  "postprocessed": {
    "0.1": {
      "ndcg": 0.14328357577323914,
      "jsd": 0.1348860263824463,
      "ndcg_usergroup_1": 0.19295895099639893,
      "jsd_usergroup_1": 0.11159562319517136,
      "ndcg_usergroup_2": 0.127924382686615,
      "jsd_usergroup_2": 0.14590944349765778,
      "ndcg_usergroup_3": 0.13968078792095184,
      "jsd_usergroup_3": 0.12510979175567627
    },
    "0.2": {
      "ndcg": 0.140936478972435,
      "jsd": 0.10422369092702866,
      "ndcg_usergroup_1": 0.18836484849452972,
      "jsd_usergroup_1": 0.09018096327781677,
      "ndcg_usergroup_2": 0.12602773308753967,
      "jsd_usergroup_2": 0.11485925316810608,
      "ndcg_usergroup_3": 0.13822951912879944,
      "jsd_usergroup_3": 0.08636324852705002
    },
    "0.3": {
      "ndcg": 0.1390504390001297,
      "jsd": 0.07581537961959839,
      "ndcg_usergroup_1": 0.185077965259552,
      "jsd_usergroup_1": 0.0729244202375412,
      "ndcg_usergroup_2": 0.12449728697538376,
      "jsd_usergroup_2": 0.08210094273090363,
      "ndcg_usergroup_3": 0.1366775631904602,
      "jsd_usergroup_3": 0.05985173210501671
    },
    "0.4": {
      "ndcg": 0.13729071617126465,
      "jsd": 0.052495382726192474,
      "ndcg_usergroup_1": 0.1825295388698578,
      "jsd_usergroup_1": 0.05694872885942459,
      "ndcg_usergroup_2": 0.12266542762517929,
      "jsd_usergroup_2": 0.054749760776758194,
      "ndcg_usergroup_3": 0.13592299818992615,
      "jsd_usergroup_3": 0.04127965122461319
    },
    "0.5": {
      "ndcg": 0.1355137825012207,
      "jsd": 0.03487783297896385,
      "ndcg_usergroup_1": 0.18003258109092712,
      "jsd_usergroup_1": 0.04048985242843628,
      "ndcg_usergroup_2": 0.12084934860467911,
      "jsd_usergroup_2": 0.035310398787260056,
      "ndcg_usergroup_3": 0.13498352468013763,
      "jsd_usergroup_3": 0.027968283742666245
    },
    "0.6": {
      "ndcg": 0.13394904136657715,
      "jsd": 0.022558722645044327,
      "ndcg_usergroup_1": 0.17764805257320404,
      "jsd_usergroup_1": 0.026968488469719887,
      "ndcg_usergroup_2": 0.11933768540620804,
      "jsd_usergroup_2": 0.022430872544646263,
      "ndcg_usergroup_3": 0.13407930731773376,
      "jsd_usergroup_3": 0.01853247359395027
    },
    "0.7": {
      "ndcg": 0.1324247121810913,
      "jsd": 0.014297994785010815,
      "ndcg_usergroup_1": 0.1751636415719986,
      "jsd_usergroup_1": 0.017911553382873535,
      "ndcg_usergroup_2": 0.11801090836524963,
      "jsd_usergroup_2": 0.013598454184830189,
      "ndcg_usergroup_3": 0.13292253017425537,
      "jsd_usergroup_3": 0.01278283353894949
    },
    "0.8": {
      "ndcg": 0.13090337812900543,
      "jsd": 0.009089348837733269,
      "ndcg_usergroup_1": 0.17261970043182373,
      "jsd_usergroup_1": 0.012405010871589184,
      "ndcg_usergroup_2": 0.11661215871572495,
      "jsd_usergroup_2": 0.00797535665333271,
      "ndcg_usergroup_3": 0.13205599784851074,
      "jsd_usergroup_3": 0.009115302003920078
    },
    "0.9": {
      "ndcg": 0.12930139899253845,
      "jsd": 0.006214808207005262,
      "ndcg_usergroup_1": 0.17014773190021515,
      "jsd_usergroup_1": 0.009619804099202156,
      "ndcg_usergroup_2": 0.11505751311779022,
      "jsd_usergroup_2": 0.004841912537813187,
      "ndcg_usergroup_3": 0.13118202984333038,
      "jsd_usergroup_3": 0.006928051821887493
    }
  },
  "finetuned": {}
}