{"base_recommendations": {"ndcg": 0.14531244337558746, "jsd": 0.1674375683069229}, "postprocessed": {}, "finetuned": {"epoch_1": {"ndcg": 0.1159854531288147, "jsd": 0.12230951339006424}, "epoch_2": {"ndcg": 0.08481822907924652, "jsd": 0.12208308279514313}}}