{
  "base_recommendations": {
    "ndcg": 0.14531244337558746,
    "jsd": 0.1674375683069229,
    "ndcg_usergroup_1": 0.19628708064556122,
    "jsd_usergroup_1": 0.14693795144557953,
    "ndcg_usergroup_2": 0.13007476925849915,
    "jsd_usergroup_2": 0.1748277097940445,
    "ndcg_usergroup_3": 0.1400458961725235,
    "jsd_usergroup_3": 0.16576915979385376
  },
  "postprocessed": {},
  "finetuned": {
    "epoch_1": {
      "ndcg": 0.12601585686206818,
      "jsd": 0.13386958837509155,
      "ndcg_usergroup_1": 0.16645598411560059,
      "jsd_usergroup_1": 0.09829195588827133,
      "ndcg_usergroup_2": 0.1119946539402008,
      "jsd_usergroup_2": 0.14596322178840637,
      "ndcg_usergroup_3": 0.12763477861881256,
      "jsd_usergroup_3": 0.13317027688026428
    },
    "epoch_2": {
      "ndcg": 0.10590357333421707,
      "jsd": 0.12972904741764069,
      "ndcg_usergroup_1": 0.14296650886535645,
      "jsd_usergroup_1": 0.09369438141584396,
      "ndcg_usergroup_2": 0.09374045580625534,
      "jsd_usergroup_2": 0.14375276863574982,
      "ndcg_usergroup_3": 0.10532600432634354,
      "jsd_usergroup_3": 0.12369708716869354
    },
    "epoch_3": {
      "ndcg": 0.09282886981964111,
      "jsd": 0.129324808716774,
      "ndcg_usergroup_1": 0.13143041729927063,
      "jsd_usergroup_1": 0.09130793064832687,
      "ndcg_usergroup_2": 0.08170699328184128,
      "jsd_usergroup_2": 0.14415153861045837,
      "ndcg_usergroup_3": 0.08758938312530518,
      "jsd_usergroup_3": 0.12286637723445892
    },
    "epoch_41": {
      "ndcg": 0.04592030495405197,
      "jsd": 0.12618282437324524,
      "ndcg_usergroup_1": 0.09155383706092834,
      "jsd_usergroup_1": 0.10518495738506317,
      "ndcg_usergroup_2": 0.037664994597435,
      "jsd_usergroup_2": 0.13554643094539642,
      "ndcg_usergroup_3": 0.02505001239478588,
      "jsd_usergroup_3": 0.11909296363592148
    },
    "epoch_61": {
      "ndcg": 0.03430130332708359,
      "jsd": 0.12336886674165726,
      "ndcg_usergroup_1": 0.06003127619624138,
      "jsd_usergroup_1": 0.11264248937368393,
      "ndcg_usergroup_2": 0.0287031102925539,
      "jsd_usergroup_2": 0.12947824597358704,
      "ndcg_usergroup_3": 0.02536407858133316,
      "jsd_usergroup_3": 0.11576911807060242
    }
  }
}