{
  "base_recommendations": {
    "ndcg": 0.14531244337558746,
    "jsd": 0.16742733120918274,
    "ndcg_usergroup_1": 0.19628708064556122,
    "jsd_usergroup_1": 0.146896630525589,
    "ndcg_usergroup_2": 0.13007476925849915,
    "jsd_usergroup_2": 0.1748340129852295,
    "ndcg_usergroup_3": 0.1400458961725235,
    "jsd_usergroup_3": 0.16574043035507202
  },
  "postprocessed": {},
  "finetuned": {
    "epoch_1": {
      "ndcg": 0.14226210117340088,
      "jsd": 0.14641790091991425,
      "ndcg_usergroup_1": 0.19165736436843872,
      "jsd_usergroup_1": 0.12213030457496643,
      "ndcg_usergroup_2": 0.12702122330665588,
      "jsd_usergroup_2": 0.154744952917099,
      "ndcg_usergroup_3": 0.13858447968959808,
      "jsd_usergroup_3": 0.14572705328464508
    },
    "epoch_2": {
      "ndcg": 0.13891197741031647,
      "jsd": 0.14040865004062653,
      "ndcg_usergroup_1": 0.18873974680900574,
      "jsd_usergroup_1": 0.11201392114162445,
      "ndcg_usergroup_2": 0.12352155148983002,
      "jsd_usergroup_2": 0.15069155395030975,
      "ndcg_usergroup_3": 0.13525043427944183,
      "jsd_usergroup_3": 0.1379580795764923
    },
    "epoch_3": {
      "ndcg": 0.13793468475341797,
      "jsd": 0.13983125984668732,
      "ndcg_usergroup_1": 0.18900756537914276,
      "jsd_usergroup_1": 0.11233728379011154,
      "ndcg_usergroup_2": 0.1230059415102005,
      "jsd_usergroup_2": 0.1494314968585968,
      "ndcg_usergroup_3": 0.1316431760787964,
      "jsd_usergroup_3": 0.13852769136428833
    },
    "epoch_16": {
      "ndcg": 0.12435834854841232,
      "jsd": 0.13942766189575195,
      "ndcg_usergroup_1": 0.16759639978408813,
      "jsd_usergroup_1": 0.10962140560150146,
      "ndcg_usergroup_2": 0.1114024966955185,
      "jsd_usergroup_2": 0.14861607551574707,
      "ndcg_usergroup_3": 0.11998362839221954,
      "jsd_usergroup_3": 0.14167165756225586
    },
    "epoch_22": {
      "ndcg": 0.12257014214992523,
      "jsd": 0.13919326663017273,
      "ndcg_usergroup_1": 0.16283360123634338,
      "jsd_usergroup_1": 0.10748930275440216,
      "ndcg_usergroup_2": 0.11054746061563492,
      "jsd_usergroup_2": 0.14918574690818787,
      "ndcg_usergroup_3": 0.11837080121040344,
      "jsd_usergroup_3": 0.1409231275320053
    },
    "epoch_26": {
      "ndcg": 0.12138258665800095,
      "jsd": 0.13909576833248138,
      "ndcg_usergroup_1": 0.16033212840557098,
      "jsd_usergroup_1": 0.10701499879360199,
      "ndcg_usergroup_2": 0.10921604931354523,
      "jsd_usergroup_2": 0.1485862284898758,
      "ndcg_usergroup_3": 0.11892873048782349,
      "jsd_usergroup_3": 0.14270825684070587
    },
    "epoch_29": {
      "ndcg": 0.12043017894029617,
      "jsd": 0.13901355862617493,
      "ndcg_usergroup_1": 0.15731804072856903,
      "jsd_usergroup_1": 0.10573288053274155,
      "ndcg_usergroup_2": 0.10920936614274979,
      "jsd_usergroup_2": 0.14864805340766907,
      "ndcg_usergroup_3": 0.11720109730958939,
      "jsd_usergroup_3": 0.14339391887187958
    },
    "epoch_32": {
      "ndcg": 0.11993313580751419,
      "jsd": 0.13887113332748413,
      "ndcg_usergroup_1": 0.15915817022323608,
      "jsd_usergroup_1": 0.10639605671167374,
      "ndcg_usergroup_2": 0.108186274766922,
      "jsd_usergroup_2": 0.1484421342611313,
      "ndcg_usergroup_3": 0.11594486236572266,
      "jsd_usergroup_3": 0.14263641834259033
    },
    "epoch_35": {
      "ndcg": 0.12039511650800705,
      "jsd": 0.13883158564567566,
      "ndcg_usergroup_1": 0.1563582718372345,
      "jsd_usergroup_1": 0.10369685292243958,
      "ndcg_usergroup_2": 0.10925109684467316,
      "jsd_usergroup_2": 0.14889755845069885,
      "ndcg_usergroup_3": 0.11786037683486938,
      "jsd_usergroup_3": 0.1437716782093048
    },
    "epoch_38": {
      "ndcg": 0.11940917372703552,
      "jsd": 0.13873837888240814,
      "ndcg_usergroup_1": 0.1545904278755188,
      "jsd_usergroup_1": 0.10598352551460266,
      "ndcg_usergroup_2": 0.10771121084690094,
      "jsd_usergroup_2": 0.1481984257698059,
      "ndcg_usergroup_3": 0.11931798607110977,
      "jsd_usergroup_3": 0.14311620593070984
    },
    "epoch_43": {
      "ndcg": 0.11965728551149368,
      "jsd": 0.1386515498161316,
      "ndcg_usergroup_1": 0.15620586276054382,
      "jsd_usergroup_1": 0.1054045781493187,
      "ndcg_usergroup_2": 0.10791406780481339,
      "jsd_usergroup_2": 0.14834202826023102,
      "ndcg_usergroup_3": 0.11833453178405762,
      "jsd_usergroup_3": 0.14283032715320587
    },
    "epoch_46": {
      "ndcg": 0.11821217089891434,
      "jsd": 0.1383228749036789,
      "ndcg_usergroup_1": 0.15530213713645935,
      "jsd_usergroup_1": 0.1038028746843338,
      "ndcg_usergroup_2": 0.10659250617027283,
      "jsd_usergroup_2": 0.1481502801179886,
      "ndcg_usergroup_3": 0.11597741395235062,
      "jsd_usergroup_3": 0.14336390793323517
    },
    "epoch_48": {
      "ndcg": 0.11831481754779816,
      "jsd": 0.13819248974323273,
      "ndcg_usergroup_1": 0.15357205271720886,
      "jsd_usergroup_1": 0.10364755988121033,
      "ndcg_usergroup_2": 0.1071389839053154,
      "jsd_usergroup_2": 0.14819379150867462,
      "ndcg_usergroup_3": 0.11658146232366562,
      "jsd_usergroup_3": 0.1427367627620697
    },
    "epoch_54": {
      "ndcg": 0.11848553270101547,
      "jsd": 0.13767598569393158,
      "ndcg_usergroup_1": 0.1536158174276352,
      "jsd_usergroup_1": 0.1020888015627861,
      "ndcg_usergroup_2": 0.1070321798324585,
      "jsd_usergroup_2": 0.14745713770389557,
      "ndcg_usergroup_3": 0.11771155893802643,
      "jsd_usergroup_3": 0.1439228057861328
    },
    "epoch_65": {
      "ndcg": 0.11780700832605362,
      "jsd": 0.13747137784957886,
      "ndcg_usergroup_1": 0.15294088423252106,
      "jsd_usergroup_1": 0.1015743538737297,
      "ndcg_usergroup_2": 0.10661273449659348,
      "jsd_usergroup_2": 0.14753098785877228,
      "ndcg_usergroup_3": 0.11625231057405472,
      "jsd_usergroup_3": 0.14319287240505219
    },
    "epoch_81": {
      "ndcg": 0.11745758354663849,
      "jsd": 0.13734285533428192,
      "ndcg_usergroup_1": 0.1522672027349472,
      "jsd_usergroup_1": 0.10084757208824158,
      "ndcg_usergroup_2": 0.10623923689126968,
      "jsd_usergroup_2": 0.1473202258348465,
      "ndcg_usergroup_3": 0.1162993460893631,
      "jsd_usergroup_3": 0.1439092755317688
    },
    "epoch_89": {
      "ndcg": 0.11706830561161041,
      "jsd": 0.13728931546211243,
      "ndcg_usergroup_1": 0.15104015171527863,
      "jsd_usergroup_1": 0.09990342706441879,
      "ndcg_usergroup_2": 0.1059831902384758,
      "jsd_usergroup_2": 0.14749494194984436,
      "ndcg_usergroup_3": 0.11634821444749832,
      "jsd_usergroup_3": 0.14406168460845947
    },
    "epoch_95": {
      "ndcg": 0.116932213306427,
      "jsd": 0.13723531365394592,
      "ndcg_usergroup_1": 0.15146230161190033,
      "jsd_usergroup_1": 0.10039744526147842,
      "ndcg_usergroup_2": 0.10533604770898819,
      "jsd_usergroup_2": 0.14726538956165314,
      "ndcg_usergroup_3": 0.11718681454658508,
      "jsd_usergroup_3": 0.1439862996339798
    },
    "epoch_101": {
      "ndcg": 0.11661776900291443,
      "jsd": 0.1369290053844452,
      "ndcg_usergroup_1": 0.1496065855026245,
      "jsd_usergroup_1": 0.09889890253543854,
      "ndcg_usergroup_2": 0.10592824220657349,
      "jsd_usergroup_2": 0.14746810495853424,
      "ndcg_usergroup_3": 0.1156940758228302,
      "jsd_usergroup_3": 0.14334525167942047
    },
    "epoch_112": {
      "ndcg": 0.11608448624610901,
      "jsd": 0.13678017258644104,
      "ndcg_usergroup_1": 0.15016219019889832,
      "jsd_usergroup_1": 0.0993218645453453,
      "ndcg_usergroup_2": 0.10535594075918198,
      "jsd_usergroup_2": 0.1473265290260315,
      "ndcg_usergroup_3": 0.11418893188238144,
      "jsd_usergroup_3": 0.14260292053222656
    },
    "epoch_132": {
      "ndcg": 0.11509441584348679,
      "jsd": 0.1367017924785614,
      "ndcg_usergroup_1": 0.1482143998146057,
      "jsd_usergroup_1": 0.09860683232545853,