{
  "base_recommendations": {
    "ndcg": 0.14531244337558746,
    "jsd": 0.1674375683069229,
    "ndcg_usergroup_1": 0.19628708064556122,
    "jsd_usergroup_1": 0.14693795144557953,
    "ndcg_usergroup_2": 0.13007476925849915,
    "jsd_usergroup_2": 0.1748277097940445,
    "ndcg_usergroup_3": 0.1400458961725235,
    "jsd_usergroup_3": 0.16576915979385376
  },
  "postprocessed": {},
  "finetuned": {
    "epoch_1": {
      "ndcg": 0.1435198038816452,
      "jsd": 0.16765837371349335,
      "ndcg_usergroup_1": 0.19424468278884888,
      "jsd_usergroup_1": 0.14225202798843384,
      "ndcg_usergroup_2": 0.1283390074968338,
      "jsd_usergroup_2": 0.17574594914913177,
      "ndcg_usergroup_3": 0.13833236694335938,
      "jsd_usergroup_3": 0.16880467534065247
    },
    "epoch_9": {
      "ndcg": 0.09984088689088821,
      "jsd": 0.16758431494235992,
      "ndcg_usergroup_1": 0.13166534900665283,
      "jsd_usergroup_1": 0.09172419458627701,
      "ndcg_usergroup_2": 0.09004710614681244,
      "jsd_usergroup_2": 0.18024593591690063,
      "ndcg_usergroup_3": 0.09739452600479126,
      "jsd_usergroup_3": 0.205463707447052
    },
    "epoch_10": {
      "ndcg": 0.09256121516227722,
      "jsd": 0.16592389345169067,
      "ndcg_usergroup_1": 0.12030211091041565,
      "jsd_usergroup_1": 0.09025450050830841,
      "ndcg_usergroup_2": 0.0839962437748909,
      "jsd_usergroup_2": 0.17774493992328644,
      "ndcg_usergroup_3": 0.09051243960857391,
      "jsd_usergroup_3": 0.20613397657871246
    },
    "epoch_11": {
      "ndcg": 0.08531485497951508,
      "jsd": 0.16389070451259613,
      "ndcg_usergroup_1": 0.10955315083265305,
      "jsd_usergroup_1": 0.0901644229888916,
      "ndcg_usergroup_2": 0.07783979177474976,
      "jsd_usergroup_2": 0.17461618781089783,
      "ndcg_usergroup_3": 0.08349929749965668,
      "jsd_usergroup_3": 0.20544417202472687
    },
    "epoch_12": {
      "ndcg": 0.07787906378507614,
      "jsd": 0.161597341299057,
      "ndcg_usergroup_1": 0.0986487939953804,
      "jsd_usergroup_1": 0.09092108905315399,
      "ndcg_usergroup_2": 0.07154726982116699,
      "jsd_usergroup_2": 0.1710963100194931,
      "ndcg_usergroup_3": 0.07610263675451279,
      "jsd_usergroup_3": 0.20377983152866364
    },
    "epoch_13": {
      "ndcg": 0.0701310783624649,
      "jsd": 0.15864339470863342,
      "ndcg_usergroup_1": 0.08755485713481903,
      "jsd_usergroup_1": 0.09269645065069199,
      "ndcg_usergroup_2": 0.06479793041944504,
      "jsd_usergroup_2": 0.16674253344535828,
      "ndcg_usergroup_3": 0.0687049999833107,
      "jsd_usergroup_3": 0.20029567182064056
    },
    "epoch_14": {
      "ndcg": 0.06296141445636749,
      "jsd": 0.15589293837547302,
      "ndcg_usergroup_1": 0.07725436240434647,
      "jsd_usergroup_1": 0.09675436466932297,
      "ndcg_usergroup_2": 0.05851258710026741,
      "jsd_usergroup_2": 0.16215799748897552,
      "ndcg_usergroup_3": 0.06201353669166565,
      "jsd_usergroup_3": 0.19623830914497375
    },
    "epoch_15": {
      "ndcg": 0.055869556963443756,
      "jsd": 0.15296901762485504,
      "ndcg_usergroup_1": 0.0672924667596817,
      "jsd_usergroup_1": 0.1025245189666748,
      "ndcg_usergroup_2": 0.05226780101656914,
      "jsd_usergroup_2": 0.15703614056110382,
      "ndcg_usergroup_3": 0.05525073781609535,
      "jsd_usergroup_3": 0.1912134885787964
    },
    "epoch_16": {
      "ndcg": 0.04882272705435753,
      "jsd": 0.15008816123008728,
      "ndcg_usergroup_1": 0.05795476213097572,
      "jsd_usergroup_1": 0.10939788818359375,
      "ndcg_usergroup_2": 0.045954056084156036,
      "jsd_usergroup_2": 0.15215566754341125,
      "ndcg_usergroup_3": 0.0482957698404789,
      "jsd_usergroup_3": 0.1845766007900238
    },
    "epoch_17": {
      "ndcg": 0.04222196713089943,
      "jsd": 0.14752277731895447,
      "ndcg_usergroup_1": 0.049163687974214554,
      "jsd_usergroup_1": 0.11910028755664825,
      "ndcg_usergroup_2": 0.03981447592377663,
      "jsd_usergroup_2": 0.14692938327789307,
      "ndcg_usergroup_3": 0.04250192642211914,
      "jsd_usergroup_3": 0.17772524058818817
    },
    "epoch_18": {
      "ndcg": 0.036395300179719925,
      "jsd": 0.14487120509147644,
      "ndcg_usergroup_1": 0.04154028370976448,
      "jsd_usergroup_1": 0.12882840633392334,
      "ndcg_usergroup_2": 0.034446533769369125,
      "jsd_usergroup_2": 0.14199599623680115,
      "ndcg_usergroup_3": 0.03709598258137703,
      "jsd_usergroup_3": 0.169538676738739
    },
    "epoch_19": {
      "ndcg": 0.031196823343634605,
      "jsd": 0.14234767854213715,
      "ndcg_usergroup_1": 0.03525735065340996,
      "jsd_usergroup_1": 0.1390535831451416,
      "ndcg_usergroup_2": 0.02953502908349037,
      "jsd_usergroup_2": 0.13765515387058258,
      "ndcg_usergroup_3": 0.03212112933397293,
      "jsd_usergroup_3": 0.15971781313419342
    },
    "epoch_20": {
      "ndcg": 0.02659442275762558,
      "jsd": 0.13938792049884796,
      "ndcg_usergroup_1": 0.030375363305211067,
      "jsd_usergroup_1": 0.14875219762325287,
      "ndcg_usergroup_2": 0.02518875151872635,
      "jsd_usergroup_2": 0.13264328241348267,
      "ndcg_usergroup_3": 0.027030039578676224,
      "jsd_usergroup_3": 0.15025536715984344
    },
    "epoch_21": {
      "ndcg": 0.023214086890220642,
      "jsd": 0.1370335817337036,
      "ndcg_usergroup_1": 0.027036774903535843,
      "jsd_usergroup_1": 0.15651318430900574,
      "ndcg_usergroup_2": 0.021964380517601967,
      "jsd_usergroup_2": 0.12895850837230682,
      "ndcg_usergroup_3": 0.023140106350183487,
      "jsd_usergroup_3": 0.14177656173706055
    },
    "epoch_22": {
      "ndcg": 0.020563172176480293,
      "jsd": 0.13418084383010864,
      "ndcg_usergroup_1": 0.02446761168539524,
      "jsd_usergroup_1": 0.1618705838918686,
      "ndcg_usergroup_2": 0.01936011016368866,
      "jsd_usergroup_2": 0.12514294683933258,
      "ndcg_usergroup_3": 0.020267531275749207,
      "jsd_usergroup_3": 0.1336018294095993
    },
    "epoch_23": {
      "ndcg": 0.018490970134735107,
      "jsd": 0.1313096433877945,
      "ndcg_usergroup_1": 0.02271641232073307,
      "jsd_usergroup_1": 0.16556942462921143,
      "ndcg_usergroup_2": 0.01728508621454239,
      "jsd_usergroup_2": 0.12178897857666016,
      "ndcg_usergroup_3": 0.01788278855383396,
      "jsd_usergroup_3": 0.12560877203941345
    },
    "epoch_24": {
      "ndcg": 0.017146119847893715,
      "jsd": 0.12784120440483093,
      "ndcg_usergroup_1": 0.02250375784933567,
      "jsd_usergroup_1": 0.16657884418964386,
      "ndcg_usergroup_2": 0.015736142173409462,
      "jsd_usergroup_2": 0.1183120384812355,
      "ndcg_usergroup_3": 0.016017958521842957,
      "jsd_usergroup_3": 0.11768797785043716
    },
    "epoch_25": {
      "ndcg": 0.016416892409324646,
      "jsd": 0.12411412596702576,
      "ndcg_usergroup_1": 0.023263001814484596,
      "jsd_usergroup_1": 0.16481827199459076,
      "ndcg_usergroup_2": 0.014825350604951382,
      "jsd_usergroup_2": 0.11497578024864197,
      "ndcg_usergroup_3": 0.014344883151352406,
      "jsd_usergroup_3": 0.11082208156585693
    },
    "epoch_26": {
      "ndcg": 0.01608976162970066,
      "jsd": 0.11999303847551346,
      "ndcg_usergroup_1": 0.024589018896222115,
      "jsd_usergroup_1": 0.16241693496704102,
      "ndcg_usergroup_2": 0.014082909561693668,
      "jsd_usergroup_2": 0.11170842498540878,
      "ndcg_usergroup_3": 0.013610410504043102,
      "jsd_usergroup_3": 0.10242031514644623
    },
    "epoch_27": {
      "ndcg": 0.016618432477116585,
      "jsd": 0.11552785336971283,
      "ndcg_usergroup_1": 0.027398986741900444,
      "jsd_usergroup_1": 0.15761327743530273,
      "ndcg_usergroup_2": 0.014141908846795559,
      "jsd_usergroup_2": 0.10770789533853531,
      "ndcg_usergroup_3": 0.013266636058688164,
      "jsd_usergroup_3": 0.09689975529909134
    },
    "epoch_28": {
      "ndcg": 0.017360994592308998,
      "jsd": 0.11204241961240768,
      "ndcg_usergroup_1": 0.029861779883503914,