{
  "base_recommendations": {
    "ndcg": 0.14531244337558746,
    "jsd": 0.16742733120918274,
    "ndcg_usergroup_1": 0.19628708064556122,
    "jsd_usergroup_1": 0.146896630525589,
    "ndcg_usergroup_2": 0.13007476925849915,
    "jsd_usergroup_2": 0.1748340129852295,
    "ndcg_usergroup_3": 0.1400458961725235,
    "jsd_usergroup_3": 0.16574043035507202
  },
  "postprocessed": {},
  "finetuned": {
    "epoch_1": {
      "ndcg": 0.14432373642921448,
      "jsd": 0.15453514456748962,
      "ndcg_usergroup_1": 0.19338786602020264,
      "jsd_usergroup_1": 0.12842071056365967,
      "ndcg_usergroup_2": 0.12905706465244293,
      "jsd_usergroup_2": 0.1622651368379593,
      "ndcg_usergroup_3": 0.1410546600818634,
      "jsd_usergroup_3": 0.15746212005615234
    },
    "epoch_2": {
      "ndcg": 0.14020255208015442,
      "jsd": 0.14397117495536804,
      "ndcg_usergroup_1": 0.185254767537117,
      "jsd_usergroup_1": 0.11202391237020493,
      "ndcg_usergroup_2": 0.12556825578212738,
      "jsd_usergroup_2": 0.15336625277996063,
      "ndcg_usergroup_3": 0.1390484869480133,
      "jsd_usergroup_3": 0.14773626625537872
    },
    "epoch_3": {
      "ndcg": 0.1360825002193451,
      "jsd": 0.1381833553314209,
      "ndcg_usergroup_1": 0.17922145128250122,
      "jsd_usergroup_1": 0.10302792489528656,
      "ndcg_usergroup_2": 0.12131806463003159,
      "jsd_usergroup_2": 0.14934948086738586,
      "ndcg_usergroup_3": 0.13723206520080566,
      "jsd_usergroup_3": 0.1398441046476364
    },
    "epoch_4": {
      "ndcg": 0.13315193355083466,
      "jsd": 0.1350138932466507,
      "ndcg_usergroup_1": 0.17621737718582153,
      "jsd_usergroup_1": 0.0997374877333641,
      "ndcg_usergroup_2": 0.11824256926774979,
      "jsd_usergroup_2": 0.14685918390750885,
      "ndcg_usergroup_3": 0.13480976223945618,
      "jsd_usergroup_3": 0.13475826382637024
    },
    "epoch_5": {
      "ndcg": 0.1310594081878662,
      "jsd": 0.1332402229309082,
      "ndcg_usergroup_1": 0.17401748895645142,
      "jsd_usergroup_1": 0.0977073460817337,
      "ndcg_usergroup_2": 0.11633709073066711,
      "jsd_usergroup_2": 0.14586922526359558,
      "ndcg_usergroup_3": 0.13226352632045746,
      "jsd_usergroup_3": 0.13089022040367126
    },
    "epoch_6": {
      "ndcg": 0.13013340532779694,
      "jsd": 0.13195548951625824,
      "ndcg_usergroup_1": 0.1740039438009262,
      "jsd_usergroup_1": 0.0964837595820427,
      "ndcg_usergroup_2": 0.11527608335018158,
      "jsd_usergroup_2": 0.1449296623468399,
      "ndcg_usergroup_3": 0.13082997500896454,
      "jsd_usergroup_3": 0.12850889563560486
    },
    "epoch_7": {
      "ndcg": 0.12924207746982574,
      "jsd": 0.13131435215473175,
      "ndcg_usergroup_1": 0.17389892041683197,
      "jsd_usergroup_1": 0.09640645980834961,
      "ndcg_usergroup_2": 0.11452314257621765,
      "jsd_usergroup_2": 0.14449553191661835,
      "ndcg_usergroup_3": 0.12873725593090057,
      "jsd_usergroup_3": 0.12668302655220032
    },
    "epoch_8": {
      "ndcg": 0.12861768901348114,
      "jsd": 0.13077841699123383,
      "ndcg_usergroup_1": 0.1736936867237091,
      "jsd_usergroup_1": 0.09542986005544662,
      "ndcg_usergroup_2": 0.11405204236507416,
      "jsd_usergroup_2": 0.1442463994026184,
      "ndcg_usergroup_3": 0.12723392248153687,
      "jsd_usergroup_3": 0.12572742998600006
    },
    "epoch_9": {
      "ndcg": 0.1284290999174118,
      "jsd": 0.1303146630525589,
      "ndcg_usergroup_1": 0.17503811419010162,
      "jsd_usergroup_1": 0.09506663680076599,
      "ndcg_usergroup_2": 0.11374324560165405,
      "jsd_usergroup_2": 0.14384476840496063,
      "ndcg_usergroup_3": 0.12587285041809082,
      "jsd_usergroup_3": 0.12497689574956894
    },
    "epoch_10": {
      "ndcg": 0.12816143035888672,
      "jsd": 0.13003920018672943,
      "ndcg_usergroup_1": 0.17612038552761078,
      "jsd_usergroup_1": 0.09474709630012512,
      "ndcg_usergroup_2": 0.11331543326377869,
      "jsd_usergroup_2": 0.14374953508377075,
      "ndcg_usergroup_3": 0.12473566830158234,
      "jsd_usergroup_3": 0.12420482188463211
    },
    "epoch_11": {
      "ndcg": 0.1278197169303894,
      "jsd": 0.12996186316013336,
      "ndcg_usergroup_1": 0.1759779453277588,
      "jsd_usergroup_1": 0.09479781985282898,
      "ndcg_usergroup_2": 0.11349642276763916,
      "jsd_usergroup_2": 0.1436680257320404,
      "ndcg_usergroup_3": 0.12262669950723648,
      "jsd_usergroup_3": 0.12401191890239716
    },
    "epoch_12": {
      "ndcg": 0.1277521848678589,
      "jsd": 0.1298314332962036,
      "ndcg_usergroup_1": 0.17732900381088257,
      "jsd_usergroup_1": 0.09456929564476013,
      "ndcg_usergroup_2": 0.11321426928043365,
      "jsd_usergroup_2": 0.1435338258743286,
      "ndcg_usergroup_3": 0.12178437411785126,
      "jsd_usergroup_3": 0.12399090081453323
    },
    "epoch_48": {
      "ndcg": 0.1095677986741066,
      "jsd": 0.12948471307754517,
      "ndcg_usergroup_1": 0.17115141451358795,
      "jsd_usergroup_1": 0.10415562242269516,
      "ndcg_usergroup_2": 0.09536299109458923,
      "jsd_usergroup_2": 0.13946332037448883,
      "ndcg_usergroup_3": 0.09059397131204605,
      "jsd_usergroup_3": 0.12488122284412384
    },
    "epoch_50": {
      "ndcg": 0.10823195427656174,
      "jsd": 0.12940120697021484,
      "ndcg_usergroup_1": 0.1684189885854721,
      "jsd_usergroup_1": 0.10391823202371597,
      "ndcg_usergroup_2": 0.09430459141731262,
      "jsd_usergroup_2": 0.13978001475334167,
      "ndcg_usergroup_3": 0.08982245624065399,
      "jsd_usergroup_3": 0.12375117838382721
    },
    "epoch_51": {
      "ndcg": 0.10783854871988297,
      "jsd": 0.1291944980621338,
      "ndcg_usergroup_1": 0.16785255074501038,
      "jsd_usergroup_1": 0.10356973111629486,
      "ndcg_usergroup_2": 0.09416382014751434,
      "jsd_usergroup_2": 0.13929571211338043,
      "ndcg_usergroup_3": 0.08884423971176147,
      "jsd_usergroup_3": 0.1245189905166626
    },
    "epoch_52": {
      "ndcg": 0.10750184953212738,
      "jsd": 0.12909391522407532,
      "ndcg_usergroup_1": 0.1652456820011139,
      "jsd_usergroup_1": 0.10153426975011826,
      "ndcg_usergroup_2": 0.09340452402830124,
      "jsd_usergroup_2": 0.1396002173423767,
      "ndcg_usergroup_3": 0.092045359313488,
      "jsd_usergroup_3": 0.12513813376426697
    },
    "epoch_53": {
      "ndcg": 0.10574311017990112,
      "jsd": 0.1282881647348404,
      "ndcg_usergroup_1": 0.16365574300289154,
      "jsd_usergroup_1": 0.10027369856834412,
      "ndcg_usergroup_2": 0.09185267984867096,
      "jsd_usergroup_2": 0.13883715867996216,
      "ndcg_usergroup_3": 0.08949723839759827,
      "jsd_usergroup_3": 0.12465913593769073
    },
    "epoch_55": {
      "ndcg": 0.10458682477474213,
      "jsd": 0.12760038673877716,
      "ndcg_usergroup_1": 0.16143111884593964,
      "jsd_usergroup_1": 0.09955210983753204,
      "ndcg_usergroup_2": 0.0901145190000534,
      "jsd_usergroup_2": 0.13868245482444763,
      "ndcg_usergroup_3": 0.09115474671125412,
      "jsd_usergroup_3": 0.12240604311227798
    },
    "epoch_58": {
      "ndcg": 0.1033955067396164,
      "jsd": 0.12731225788593292,
      "ndcg_usergroup_1": 0.15779784321784973,
      "jsd_usergroup_1": 0.09611666947603226,
      "ndcg_usergroup_2": 0.09006518125534058,
      "jsd_usergroup_2": 0.1391095519065857,
      "ndcg_usergroup_3": 0.0889798253774643,
      "jsd_usergroup_3": 0.12311982363462448
    },
    "epoch_61": {
      "ndcg": 0.10105098783969879,
      "jsd": 0.12700872123241425,
      "ndcg_usergroup_1": 0.15515606105327606,
      "jsd_usergroup_1": 0.09538927674293518,
      "ndcg_usergroup_2": 0.08761880546808243,
      "jsd_usergroup_2": 0.1383930891752243,
      "ndcg_usergroup_3": 0.08723808825016022,
      "jsd_usergroup_3": 0.1244787871837616
    },
    "epoch_62": {
      "ndcg": 0.10201279819011688,
      "jsd": 0.1269759088754654,
      "ndcg_usergroup_1": 0.15169067680835724,
      "jsd_usergroup_1": 0.09455911070108414,