{
  "base_recommendations": {
    "ndcg": 0.14531244337558746,
    "jsd": 0.1674375683069229,
    "ndcg_usergroup_1": 0.19628708064556122,
    "jsd_usergroup_1": 0.14693795144557953,
    "ndcg_usergroup_2": 0.13007476925849915,
    "jsd_usergroup_2": 0.1748277097940445,
    "ndcg_usergroup_3": 0.1400458961725235,
    "jsd_usergroup_3": 0.16576915979385376
  },
  "postprocessed": {},
  "finetuned": {
    "epoch_1": {
      "ndcg": 0.1399906426668167,
      "jsd": 0.1337183266878128,
      "ndcg_usergroup_1": 0.18211330473423004,
      "jsd_usergroup_1": 0.09657560288906097,
      "ndcg_usergroup_2": 0.1257447749376297,
      "jsd_usergroup_2": 0.14450892806053162,
      "ndcg_usergroup_3": 0.14060093462467194,
      "jsd_usergroup_3": 0.13849279284477234
    },
    "epoch_2": {
      "ndcg": 0.1239621564745903,
      "jsd": 0.12225425243377686,
      "ndcg_usergroup_1": 0.14670172333717346,
      "jsd_usergroup_1": 0.10191246122121811,
      "ndcg_usergroup_2": 0.11215940117835999,
      "jsd_usergroup_2": 0.13253872096538544,
      "ndcg_usergroup_3": 0.1366269886493683,
      "jsd_usergroup_3": 0.11174599826335907
    },
    "epoch_3": {
      "ndcg": 0.10795648396015167,
      "jsd": 0.12077118456363678,
      "ndcg_usergroup_1": 0.11587607860565186,
      "jsd_usergroup_1": 0.12657873332500458,
      "ndcg_usergroup_2": 0.09837508201599121,
      "jsd_usergroup_2": 0.12793877720832825,
      "ndcg_usergroup_3": 0.12877798080444336,
      "jsd_usergroup_3": 0.09346319735050201
    },
    "epoch_6": {
      "ndcg": 0.07864653319120407,
      "jsd": 0.12036975473165512,
      "ndcg_usergroup_1": 0.07626226544380188,
      "jsd_usergroup_1": 0.15685562789440155,
      "ndcg_usergroup_2": 0.07070642709732056,
      "jsd_usergroup_2": 0.12320710718631744,
      "ndcg_usergroup_3": 0.10484848916530609,
      "jsd_usergroup_3": 0.07537272572517395
    },
    "epoch_7": {
      "ndcg": 0.07215229421854019,
      "jsd": 0.11977273970842361,
      "ndcg_usergroup_1": 0.07113190740346909,
      "jsd_usergroup_1": 0.15749876201152802,
      "ndcg_usergroup_2": 0.06409585475921631,
      "jsd_usergroup_2": 0.12225458770990372,
      "ndcg_usergroup_3": 0.09733936935663223,
      "jsd_usergroup_3": 0.07460202276706696
    },
    "epoch_8": {
      "ndcg": 0.06626065820455551,
      "jsd": 0.11958909779787064,
      "ndcg_usergroup_1": 0.06628014892339706,
      "jsd_usergroup_1": 0.15733061730861664,
      "ndcg_usergroup_2": 0.05854441970586777,
      "jsd_usergroup_2": 0.12205442041158676,
      "ndcg_usergroup_3": 0.08938737958669662,
      "jsd_usergroup_3": 0.07445238530635834
    }
  }
}