{"base_recommendations": {"ndcg": 0.14531244337558746, "jsd": 0.1674375683069229}, "postprocessed": {}, "finetuned": {"epoch_1": {"ndcg": 0.13982810080051422, "jsd": 0.13750429451465607}, "epoch_2": {"ndcg": 0.12440632283687592, "jsd": 0.12731501460075378}, "epoch_3": {"ndcg": 0.10896147787570953, "jsd": 0.12516902387142181}, "epoch_4": {"ndcg": 0.09806054085493088, "jsd": 0.12356596440076828}, "epoch_5": {"ndcg": 0.08964032679796219, "jsd": 0.12228447198867798}, "epoch_6": {"ndcg": 0.08276224881410599, "jsd": 0.12069804966449738}, "epoch_7": {"ndcg": 0.07686597108840942, "jsd": 0.11951326578855515}, "epoch_8": {"ndcg": 0.07151222974061966, "jsd": 0.11818385124206543}, "epoch_9": {"ndcg": 0.06703073531389236, "jsd": 0.11749152839183807}, "epoch_10": {"ndcg": 0.06272828578948975, "jsd": 0.11731923371553421}, "epoch_11": {"ndcg": 0.05911288782954216, "jsd": 0.11683395504951477}}}