{
  "base_recommendations": {
    "ndcg": 0.14531244337558746,
    "jsd": 0.1674375683069229,
    "ndcg_usergroup_1": 0.19628708064556122,
    "jsd_usergroup_1": 0.14693795144557953,
    "ndcg_usergroup_2": 0.13007476925849915,
    "jsd_usergroup_2": 0.1748277097940445,
    "ndcg_usergroup_3": 0.1400458961725235,
    "jsd_usergroup_3": 0.16576915979385376
  },
  "postprocessed": {},
  "finetuned": {
    "epoch_1": {
      "ndcg": 0.14316219091415405,
      "jsd": 0.16912704706192017,
      "ndcg_usergroup_1": 0.19442179799079895,
      "jsd_usergroup_1": 0.1426110565662384,
      "ndcg_usergroup_2": 0.12789197266101837,
      "jsd_usergroup_2": 0.1774326115846634,
      "ndcg_usergroup_3": 0.13770824670791626,
      "jsd_usergroup_3": 0.17072908580303192
    },
    "epoch_18": {
      "ndcg": 0.07597537338733673,
      "jsd": 0.16647736728191376,
      "ndcg_usergroup_1": 0.11736524105072021,
      "jsd_usergroup_1": 0.09407979995012283,
      "ndcg_usergroup_2": 0.07022201269865036,
      "jsd_usergroup_2": 0.1756763756275177,
      "ndcg_usergroup_3": 0.05184370279312134,
      "jsd_usergroup_3": 0.2112809121608734
    },
    "epoch_19": {
      "ndcg": 0.07519852370023727,
      "jsd": 0.16474387049674988,
      "ndcg_usergroup_1": 0.11915678530931473,
      "jsd_usergroup_1": 0.09358032792806625,
      "ndcg_usergroup_2": 0.06886795163154602,
      "jsd_usergroup_2": 0.17474518716335297,
      "ndcg_usergroup_3": 0.05022989958524704,
      "jsd_usergroup_3": 0.2059066742658615
    },
    "epoch_20": {
      "ndcg": 0.07471964508295059,
      "jsd": 0.16210535168647766,
      "ndcg_usergroup_1": 0.1164705827832222,
      "jsd_usergroup_1": 0.09401046484708786,
      "ndcg_usergroup_2": 0.06907970458269119,
      "jsd_usergroup_2": 0.1718192845582962,
      "ndcg_usergroup_3": 0.04988669976592064,
      "jsd_usergroup_3": 0.20106163620948792
    },
    "epoch_21": {
      "ndcg": 0.07472901791334152,
      "jsd": 0.1589484065771103,
      "ndcg_usergroup_1": 0.11870143562555313,
      "jsd_usergroup_1": 0.09084751456975937,
      "ndcg_usergroup_2": 0.06859266012907028,
      "jsd_usergroup_2": 0.1692674160003662,
      "ndcg_usergroup_3": 0.049163710325956345,
      "jsd_usergroup_3": 0.1960957795381546
    },
    "epoch_22": {
      "ndcg": 0.07476945221424103,
      "jsd": 0.15799222886562347,
      "ndcg_usergroup_1": 0.11795736849308014,
      "jsd_usergroup_1": 0.09085893630981445,
      "ndcg_usergroup_2": 0.06864438205957413,
      "jsd_usergroup_2": 0.16808360815048218,
      "ndcg_usergroup_3": 0.049954742193222046,
      "jsd_usergroup_3": 0.19485478103160858
    },
    "epoch_23": {
      "ndcg": 0.0748581662774086,
      "jsd": 0.1574927121400833,
      "ndcg_usergroup_1": 0.1192903146147728,
      "jsd_usergroup_1": 0.09206817299127579,
      "ndcg_usergroup_2": 0.06851762533187866,
      "jsd_usergroup_2": 0.16825799643993378,
      "ndcg_usergroup_3": 0.04944559931755066,
      "jsd_usergroup_3": 0.1906249076128006
    },
    "epoch_24": {
      "ndcg": 0.07426270842552185,
      "jsd": 0.1555069535970688,
      "ndcg_usergroup_1": 0.11675900965929031,
      "jsd_usergroup_1": 0.0917024090886116,
      "ndcg_usergroup_2": 0.06791644543409348,
      "jsd_usergroup_2": 0.16594327986240387,
      "ndcg_usergroup_3": 0.050803110003471375,
      "jsd_usergroup_3": 0.1880059540271759
    },
    "epoch_25": {
      "ndcg": 0.07532734423875809,
      "jsd": 0.1551138311624527,
      "ndcg_usergroup_1": 0.12018013000488281,
      "jsd_usergroup_1": 0.09237056225538254,
      "ndcg_usergroup_2": 0.06851153820753098,
      "jsd_usergroup_2": 0.1660553365945816,
      "ndcg_usergroup_3": 0.05091973394155502,
      "jsd_usergroup_3": 0.18503618240356445
    },
    "epoch_26": {
      "ndcg": 0.07437294721603394,
      "jsd": 0.15359307825565338,
      "ndcg_usergroup_1": 0.11697385460138321,
      "jsd_usergroup_1": 0.0927143320441246,
      "ndcg_usergroup_2": 0.06780043989419937,
      "jsd_usergroup_2": 0.16411374509334564,
      "ndcg_usergroup_3": 0.05148739367723465,
      "jsd_usergroup_3": 0.18291333317756653
    },
    "epoch_28": {
      "ndcg": 0.07443024218082428,
      "jsd": 0.15212669968605042,
      "ndcg_usergroup_1": 0.11697448790073395,
      "jsd_usergroup_1": 0.093044213950634,
      "ndcg_usergroup_2": 0.06752214580774307,
      "jsd_usergroup_2": 0.16275794804096222,
      "ndcg_usergroup_3": 0.05260801687836647,
      "jsd_usergroup_3": 0.1793188452720642
    },
    "epoch_30": {
      "ndcg": 0.0747535228729248,
      "jsd": 0.15129268169403076,
      "ndcg_usergroup_1": 0.11664056777954102,
      "jsd_usergroup_1": 0.0941697359085083,
      "ndcg_usergroup_2": 0.06751222908496857,
      "jsd_usergroup_2": 0.16183683276176453,
      "ndcg_usergroup_3": 0.054588012397289276,
      "jsd_usergroup_3": 0.17678658664226532
    },
    "epoch_32": {
      "ndcg": 0.07509102672338486,
      "jsd": 0.15043769776821136,
      "ndcg_usergroup_1": 0.11689914017915726,
      "jsd_usergroup_1": 0.09487015008926392,
      "ndcg_usergroup_2": 0.0677703320980072,
      "jsd_usergroup_2": 0.16085387766361237,
      "ndcg_usergroup_3": 0.055242668837308884,
      "jsd_usergroup_3": 0.17476019263267517
    },
    "epoch_34": {
      "ndcg": 0.07507941871881485,
      "jsd": 0.15016189217567444,
      "ndcg_usergroup_1": 0.11691983044147491,
      "jsd_usergroup_1": 0.09552880376577377,
      "ndcg_usergroup_2": 0.06739424169063568,
      "jsd_usergroup_2": 0.16057850420475006,
      "ndcg_usergroup_3": 0.05629205331206322,
      "jsd_usergroup_3": 0.17354853451251984
    },
    "epoch_36": {
      "ndcg": 0.07508211582899094,
      "jsd": 0.1498195230960846,
      "ndcg_usergroup_1": 0.11665076017379761,
      "jsd_usergroup_1": 0.09723302721977234,
      "ndcg_usergroup_2": 0.06719572842121124,
      "jsd_usergroup_2": 0.1602984070777893,
      "ndcg_usergroup_3": 0.057170066982507706,
      "jsd_usergroup_3": 0.1709728240966797
    },
    "epoch_40": {
      "ndcg": 0.0750027447938919,
      "jsd": 0.14944608509540558,
      "ndcg_usergroup_1": 0.11601462960243225,
      "jsd_usergroup_1": 0.09821303933858871,
      "ndcg_usergroup_2": 0.0670141875743866,
      "jsd_usergroup_2": 0.16004087030887604,
      "ndcg_usergroup_3": 0.057953935116529465,
      "jsd_usergroup_3": 0.16889826953411102
    },
    "epoch_41": {
      "ndcg": 0.07696660608053207,
      "jsd": 0.1439620852470398,
      "ndcg_usergroup_1": 0.12037786841392517,
      "jsd_usergroup_1": 0.09195912629365921,
      "ndcg_usergroup_2": 0.06847145408391953,
      "jsd_usergroup_2": 0.15425100922584534,
      "ndcg_usergroup_3": 0.059038057923316956,
      "jsd_usergroup_3": 0.16510166227817535
    },
    "epoch_61": {
      "ndcg": 0.07761827856302261,
      "jsd": 0.1421794593334198,
      "ndcg_usergroup_1": 0.1200690045952797,
      "jsd_usergroup_1": 0.09327349811792374,
      "ndcg_usergroup_2": 0.06891464442014694,
      "jsd_usergroup_2": 0.15226122736930847,
      "ndcg_usergroup_3": 0.06127564609050751,
      "jsd_usergroup_3": 0.16084355115890503
    },
    "epoch_81": {
      "ndcg": 0.07769989222288132,
      "jsd": 0.14147454500198364,
      "ndcg_usergroup_1": 0.11896949261426926,
      "jsd_usergroup_1": 0.09333581477403641,
      "ndcg_usergroup_2": 0.06903256475925446,
      "jsd_usergroup_2": 0.15117937326431274,
      "ndcg_usergroup_3": 0.06242944300174713,
      "jsd_usergroup_3": 0.1605018973350525
    },
    "epoch_101": {
      "ndcg": 0.07771395146846771,
      "jsd": 0.14064186811447144,
      "ndcg_usergroup_1": 0.11848699301481247,
      "jsd_usergroup_1": 0.09279633313417435,
      "ndcg_usergroup_2": 0.06909074634313583,
      "jsd_usergroup_2": 0.15055818855762482,
      "ndcg_usergroup_3": 0.06280773133039474,
      "jsd_usergroup_3": 0.15874171257019043
    },
    "epoch_121": {
      "ndcg": 0.07756698876619339,
      "jsd": 0.1401178389787674,
      "ndcg_usergroup_1": 0.11809245496988297,
      "jsd_usergroup_1": 0.09236930310726166,