{"base_recommendations": {"ndcg": 0.14531244337558746, "jsd": 0.1674375683069229}, "postprocessed": {}, "finetuned": {"epoch_1": {"ndcg": 0.1433468908071518, "jsd": 0.16841638088226318}, "epoch_15": {"ndcg": 0.055521756410598755, "jsd": 0.16447779536247253}, "epoch_16": {"ndcg": 0.05011514574289322, "jsd": 0.16034768521785736}, "epoch_17": {"ndcg": 0.04494856670498848, "jsd": 0.1557493656873703}, "epoch_18": {"ndcg": 0.04055529832839966, "jsd": 0.15131787955760956}, "epoch_19": {"ndcg": 0.03689365088939667, "jsd": 0.1462818682193756}, "epoch_20": {"ndcg": 0.03417341038584709, "jsd": 0.14147548377513885}, "epoch_21": {"ndcg": 0.03229553997516632, "jsd": 0.13709573447704315}, "epoch_22": {"ndcg": 0.030973682180047035, "jsd": 0.13246066868305206}, "epoch_23": {"ndcg": 0.030458277091383934, "jsd": 0.12858135998249054}, "epoch_24": {"ndcg": 0.03034886159002781, "jsd": 0.12456271797418594}, "epoch_25": {"ndcg": 0.03132274001836777, "jsd": 0.12107554823160172}, "epoch_26": {"ndcg": 0.031769681721925735, "jsd": 0.11769794672727585}, "epoch_27": {"ndcg": 0.03362158313393593, "jsd": 0.11500916630029678}, "epoch_28": {"ndcg": 0.034800682216882706, "jsd": 0.11237475275993347}, "epoch_29": {"ndcg": 0.03710852563381195, "jsd": 0.11046000570058823}, "epoch_30": {"ndcg": 0.03853600472211838, "jsd": 0.10856808722019196}, "epoch_31": {"ndcg": 0.041094932705163956, "jsd": 0.10769497603178024}, "epoch_32": {"ndcg": 0.04257155954837799, "jsd": 0.10629171133041382}, "epoch_33": {"ndcg": 0.04496639221906662, "jsd": 0.10610699653625488}, "epoch_34": {"ndcg": 0.047044798731803894, "jsd": 0.1056237444281578}, "epoch_35": {"ndcg": 0.048877038061618805, "jsd": 0.10548512637615204}, "epoch_36": {"ndcg": 0.0507584847509861, "jsd": 0.10503219068050385}, "epoch_38": {"ndcg": 0.054322898387908936, "jsd": 0.10489610582590103}, "epoch_41": {"ndcg": 0.05895986780524254, "jsd": 0.09835390746593475}, "epoch_81": {"ndcg": 0.08292742073535919, "jsd": 0.09858780354261398}, "epoch_101": {"ndcg": 0.08660289645195007, "jsd": 0.09728200733661652}, "epoch_121": {"ndcg": 0.09006208926439285, "jsd": 0.0950518399477005}, "epoch_141": {"ndcg": 0.09192884713411331, "jsd": 0.09203075617551804}, "epoch_161": {"ndcg": 0.09325181692838669, "jsd": 0.08955927938222885}, "epoch_181": {"ndcg": 0.0946875587105751, "jsd": 0.08722992986440659}, "epoch_201": {"ndcg": 0.09556964039802551, "jsd": 0.08496998250484467}, "epoch_221": {"ndcg": 0.09623971581459045, "jsd": 0.08296864479780197}, "epoch_241": {"ndcg": 0.09638354182243347, "jsd": 0.08145750313997269}, "epoch_261": {"ndcg": 0.09667255729436874, "jsd": 0.07965108752250671}, "epoch_281": {"ndcg": 0.09680134803056717, "jsd": 0.0780988410115242}, "epoch_301": {"ndcg": 0.09678153693675995, "jsd": 0.07676693052053452}, "epoch_321": {"ndcg": 0.09715508669614792, "jsd": 0.07546103745698929}, "epoch_341": {"ndcg": 0.09683699160814285, "jsd": 0.07449480146169662}, "epoch_361": {"ndcg": 0.0967981144785881, "jsd": 0.07330100238323212}, "epoch_381": {"ndcg": 0.09664829820394516, "jsd": 0.07269544154405594}, "epoch_401": {"ndcg": 0.09642358124256134, "jsd": 0.07199478894472122}, "epoch_421": {"ndcg": 0.09648840874433517, "jsd": 0.0714634358882904}, "epoch_441": {"ndcg": 0.09606204926967621, "jsd": 0.07081679254770279}, "epoch_461": {"ndcg": 0.09591648727655411, "jsd": 0.07051634043455124}, "epoch_481": {"ndcg": 0.09569130092859268, "jsd": 0.07019899040460587}}}