{
  "base_recommendations": {
    "ndcg": 0.14531244337558746,
    "jsd": 0.1674375683069229,
    "ndcg_usergroup_1": 0.19628708064556122,
    "jsd_usergroup_1": 0.14693795144557953,
    "ndcg_usergroup_2": 0.13007476925849915,
    "jsd_usergroup_2": 0.1748277097940445,
    "ndcg_usergroup_3": 0.1400458961725235,
    "jsd_usergroup_3": 0.16576915979385376
  },
  "postprocessed": {
    "0.1": {
      "ndcg": 0.14328357577323914,
      "jsd": 0.1348860263824463,
      "ndcg_usergroup_1": 0.19295895099639893,
      "jsd_usergroup_1": 0.11159562319517136,
      "ndcg_usergroup_2": 0.127924382686615,
      "jsd_usergroup_2": 0.14590944349765778,
      "ndcg_usergroup_3": 0.13968078792095184,
      "jsd_usergroup_3": 0.12510979175567627
    },
    "0.2": {
      "ndcg": 0.1409338116645813,
      "jsd": 0.10445137321949005,
      "ndcg_usergroup_1": 0.18836484849452972,
      "jsd_usergroup_1": 0.09024131298065186,
      "ndcg_usergroup_2": 0.12602324783802032,
      "jsd_usergroup_2": 0.11509285122156143,
      "ndcg_usergroup_3": 0.13822951912879944,
      "jsd_usergroup_3": 0.08674050122499466
    },
    "0.3": {
      "ndcg": 0.1390848606824875,
      "jsd": 0.07828319817781448,
      "ndcg_usergroup_1": 0.18516020476818085,
      "jsd_usergroup_1": 0.07343824952840805,
      "ndcg_usergroup_2": 0.12449733912944794,
      "jsd_usergroup_2": 0.08556398004293442,
      "ndcg_usergroup_3": 0.13676731288433075,
      "jsd_usergroup_3": 0.06128814071416855
    },
    "0.4": {
      "ndcg": 0.1374131292104721,
      "jsd": 0.06016737222671509,
      "ndcg_usergroup_1": 0.18267139792442322,
      "jsd_usergroup_1": 0.060140226036310196,
      "ndcg_usergroup_2": 0.12280898541212082,
      "jsd_usergroup_2": 0.06561208516359329,
      "ndcg_usergroup_3": 0.13596254587173462,
      "jsd_usergroup_3": 0.04386216029524803
    },
    "0.5": {
      "ndcg": 0.13589808344841003,
      "jsd": 0.047847189009189606,
      "ndcg_usergroup_1": 0.1805323362350464,
      "jsd_usergroup_1": 0.04972396045923233,
      "ndcg_usergroup_2": 0.12130788713693619,
      "jsd_usergroup_2": 0.05278613045811653,
      "ndcg_usergroup_3": 0.13502968847751617,
      "jsd_usergroup_3": 0.03115520440042019
    },
    "0.6": {
      "ndcg": 0.13464100658893585,
      "jsd": 0.0395326092839241,
      "ndcg_usergroup_1": 0.17872673273086548,
      "jsd_usergroup_1": 0.04268869757652283,
      "ndcg_usergroup_2": 0.12011002749204636,
      "jsd_usergroup_2": 0.04418486729264259,
      "ndcg_usergroup_3": 0.13414347171783447,
      "jsd_usergroup_3": 0.02242126688361168
    },
    "0.7": {
      "ndcg": 0.1334715634584427,
      "jsd": 0.034149426966905594,
      "ndcg_usergroup_1": 0.1771366000175476,
      "jsd_usergroup_1": 0.0382586233317852,
      "ndcg_usergroup_2": 0.11905983835458755,
      "jsd_usergroup_2": 0.0384443961083889,
      "ndcg_usergroup_3": 0.13303706049919128,
      "jsd_usergroup_3": 0.01715674251317978
    },
    "0.8": {
      "ndcg": 0.13229556381702423,
      "jsd": 0.030955607071518898,
      "ndcg_usergroup_1": 0.17528648674488068,
      "jsd_usergroup_1": 0.035463109612464905,
      "ndcg_usergroup_2": 0.1179671585559845,
      "jsd_usergroup_2": 0.03511452674865723,
      "ndcg_usergroup_3": 0.13228517770767212,
      "jsd_usergroup_3": 0.013972705230116844
    },
    "0.9": {
      "ndcg": 0.13102081418037415,
      "jsd": 0.02927372418344021,
      "ndcg_usergroup_1": 0.1733584702014923,
      "jsd_usergroup_1": 0.03408952057361603,
      "ndcg_usergroup_2": 0.11677170544862747,
      "jsd_usergroup_2": 0.033376939594745636,
      "ndcg_usergroup_3": 0.13142579793930054,
      "jsd_usergroup_3": 0.012149627320468426
    }
  },
  "finetuned": {
    "epoch_1": {
      "ndcg": 0.14306917786598206,
      "jsd": 0.1508907973766327,
      "ndcg_usergroup_1": 0.1903357356786728,
      "jsd_usergroup_1": 0.11934564262628555,
      "ndcg_usergroup_2": 0.12807047367095947,
      "jsd_usergroup_2": 0.15952415764331818,
      "ndcg_usergroup_3": 0.14079374074935913,
      "jsd_usergroup_3": 0.1565387099981308
    },
    "epoch_2": {
      "ndcg": 0.13605591654777527,
      "jsd": 0.13981416821479797,
      "ndcg_usergroup_1": 0.177280455827713,
      "jsd_usergroup_1": 0.10184021294116974,
      "ndcg_usergroup_2": 0.12173566967248917,
      "jsd_usergroup_2": 0.1502874493598938,
      "ndcg_usergroup_3": 0.13778744637966156,
      "jsd_usergroup_3": 0.14637169241905212
    },
    "epoch_3": {
      "ndcg": 0.12943755090236664,
      "jsd": 0.13512791693210602,
      "ndcg_usergroup_1": 0.1671592742204666,
      "jsd_usergroup_1": 0.09681613743305206,
      "ndcg_usergroup_2": 0.11562489718198776,
      "jsd_usergroup_2": 0.14693821966648102,
      "ndcg_usergroup_3": 0.13314929604530334,
      "jsd_usergroup_3": 0.13801270723342896
    },
    "epoch_4": {
      "ndcg": 0.12428183853626251,
      "jsd": 0.132523775100708,
      "ndcg_usergroup_1": 0.16083116829395294,
      "jsd_usergroup_1": 0.09467630833387375,
      "ndcg_usergroup_2": 0.11060591042041779,
      "jsd_usergroup_2": 0.14511942863464355,
      "ndcg_usergroup_3": 0.12875580787658691,
      "jsd_usergroup_3": 0.13258840143680573
    },
    "epoch_5": {
      "ndcg": 0.120635025203228,
      "jsd": 0.13097546994686127,
      "ndcg_usergroup_1": 0.15676897764205933,
      "jsd_usergroup_1": 0.09413082897663116,
      "ndcg_usergroup_2": 0.10757133364677429,
      "jsd_usergroup_2": 0.14400151371955872,
      "ndcg_usergroup_3": 0.12368788570165634,
      "jsd_usergroup_3": 0.12874625623226166
    },
    "epoch_6": {
      "ndcg": 0.11816055327653885,
      "jsd": 0.12970644235610962,
      "ndcg_usergroup_1": 0.15595947206020355,
      "jsd_usergroup_1": 0.09346146136522293,
      "ndcg_usergroup_2": 0.10476324707269669,
      "jsd_usergroup_2": 0.14310787618160248,
      "ndcg_usergroup_3": 0.12054916471242905,
      "jsd_usergroup_3": 0.1257515698671341
    },
    "epoch_7": {
      "ndcg": 0.11630917340517044,
      "jsd": 0.12919898331165314,
      "ndcg_usergroup_1": 0.15535324811935425,
      "jsd_usergroup_1": 0.09318570792675018,
      "ndcg_usergroup_2": 0.10292364656925201,
      "jsd_usergroup_2": 0.14287927746772766,
      "ndcg_usergroup_3": 0.11741732060909271,
      "jsd_usergroup_3": 0.12417586147785187
    },
    "epoch_8": {
      "ndcg": 0.11463843286037445,
      "jsd": 0.128889262676239,
      "ndcg_usergroup_1": 0.1547347754240036,
      "jsd_usergroup_1": 0.09230499714612961,
      "ndcg_usergroup_2": 0.10130546987056732,
      "jsd_usergroup_2": 0.14298510551452637,
      "ndcg_usergroup_3": 0.11453661322593689,
      "jsd_usergroup_3": 0.12319061905145645
    }
  }
}