{
  "base_recommendations": {
    "ndcg": 0.14531244337558746,
    "jsd": 0.16742733120918274,
    "ndcg_usergroup_1": 0.19628708064556122,
    "jsd_usergroup_1": 0.146896630525589,
    "ndcg_usergroup_2": 0.13007476925849915,
    "jsd_usergroup_2": 0.1748340129852295,
    "ndcg_usergroup_3": 0.1400458961725235,
    "jsd_usergroup_3": 0.16574043035507202
  },
  "postprocessed": {},
  "finetuned": {
    "epoch_1": {
      "ndcg": 0.13760988414287567,
      "jsd": 0.14040179550647736,
      "ndcg_usergroup_1": 0.18469864130020142,
      "jsd_usergroup_1": 0.11104349792003632,
      "ndcg_usergroup_2": 0.12222698330879211,
      "jsd_usergroup_2": 0.15074624121189117,
      "ndcg_usergroup_3": 0.13666480779647827,
      "jsd_usergroup_3": 0.13873013854026794
    },
    "epoch_2": {
      "ndcg": 0.1299334019422531,
      "jsd": 0.13367398083209991,
      "ndcg_usergroup_1": 0.17732521891593933,
      "jsd_usergroup_1": 0.10098385810852051,
      "ndcg_usergroup_2": 0.11510248482227325,
      "jsd_usergroup_2": 0.14598259329795837,
      "ndcg_usergroup_3": 0.1270294487476349,
      "jsd_usergroup_3": 0.12944231927394867
    },
    "epoch_3": {
      "ndcg": 0.12646935880184174,
      "jsd": 0.1309499740600586,
      "ndcg_usergroup_1": 0.1760844886302948,
      "jsd_usergroup_1": 0.09608615189790726,
      "ndcg_usergroup_2": 0.11210265010595322,
      "jsd_usergroup_2": 0.1442767232656479,
      "ndcg_usergroup_3": 0.11994970589876175,
      "jsd_usergroup_3": 0.12583793699741364
    },
    "epoch_14": {
      "ndcg": 0.10294034332036972,
      "jsd": 0.13057862222194672,
      "ndcg_usergroup_1": 0.15386971831321716,
      "jsd_usergroup_1": 0.10385555773973465,
      "ndcg_usergroup_2": 0.09052080661058426,
      "jsd_usergroup_2": 0.14167112112045288,
      "ndcg_usergroup_3": 0.08926552534103394,
      "jsd_usergroup_3": 0.1240277960896492
    },
    "epoch_18": {
      "ndcg": 0.0968126580119133,
      "jsd": 0.130477175116539,
      "ndcg_usergroup_1": 0.14468739926815033,
      "jsd_usergroup_1": 0.1036878451704979,
      "ndcg_usergroup_2": 0.08476605266332626,
      "jsd_usergroup_2": 0.14141665399074554,
      "ndcg_usergroup_3": 0.08507383614778519,
      "jsd_usergroup_3": 0.1244516521692276
    },
    "epoch_19": {
      "ndcg": 0.09521917998790741,
      "jsd": 0.1301046460866928,
      "ndcg_usergroup_1": 0.138920396566391,
      "jsd_usergroup_1": 0.10168156772851944,
      "ndcg_usergroup_2": 0.0843728557229042,
      "jsd_usergroup_2": 0.14182910323143005,
      "ndcg_usergroup_3": 0.0840533897280693,
      "jsd_usergroup_3": 0.12335816770792007
    },
    "epoch_20": {
      "ndcg": 0.09458843618631363,
      "jsd": 0.1293802410364151,
      "ndcg_usergroup_1": 0.13794736564159393,
      "jsd_usergroup_1": 0.09893640875816345,
      "ndcg_usergroup_2": 0.08386304974555969,
      "jsd_usergroup_2": 0.14104236662387848,
      "ndcg_usergroup_3": 0.08340217918157578,
      "jsd_usergroup_3": 0.12484151870012283
    },
    "epoch_21": {
      "ndcg": 0.09453665465116501,
      "jsd": 0.12937188148498535,
      "ndcg_usergroup_1": 0.1404440551996231,
      "jsd_usergroup_1": 0.10044961422681808,
      "ndcg_usergroup_2": 0.08283878862857819,
      "jsd_usergroup_2": 0.14082087576389313,
      "ndcg_usergroup_3": 0.08371905982494354,
      "jsd_usergroup_3": 0.12395096570253372
    },
    "epoch_25": {
      "ndcg": 0.09099121391773224,
      "jsd": 0.1291646808385849,
      "ndcg_usergroup_1": 0.12917155027389526,
      "jsd_usergroup_1": 0.09929977357387543,
      "ndcg_usergroup_2": 0.08092579990625381,
      "jsd_usergroup_2": 0.1410342901945114,
      "ndcg_usergroup_3": 0.08300384134054184,
      "jsd_usergroup_3": 0.12342464178800583
    },
    "epoch_30": {
      "ndcg": 0.0879911407828331,
      "jsd": 0.12898357212543488,
      "ndcg_usergroup_1": 0.12343668192625046,
      "jsd_usergroup_1": 0.09841882437467575,
      "ndcg_usergroup_2": 0.07868041843175888,
      "jsd_usergroup_2": 0.14069102704524994,
      "ndcg_usergroup_3": 0.08047475665807724,
      "jsd_usergroup_3": 0.12442972511053085
    },
    "epoch_38": {
      "ndcg": 0.08369578421115875,
      "jsd": 0.12892869114875793,
      "ndcg_usergroup_1": 0.11088131368160248,
      "jsd_usergroup_1": 0.09702183306217194,
      "ndcg_usergroup_2": 0.07603500038385391,
      "jsd_usergroup_2": 0.14066623151302338,
      "ndcg_usergroup_3": 0.07949014753103256,
      "jsd_usergroup_3": 0.12562672793865204
    },
    "epoch_40": {
      "ndcg": 0.08264347165822983,
      "jsd": 0.1287577599287033,
      "ndcg_usergroup_1": 0.10864397883415222,
      "jsd_usergroup_1": 0.09918215125799179,
      "ndcg_usergroup_2": 0.07470175623893738,
      "jsd_usergroup_2": 0.1402137726545334,
      "ndcg_usergroup_3": 0.08046550303697586,
      "jsd_usergroup_3": 0.12396908551454544
    },
    "epoch_41": {
      "ndcg": 0.08266530930995941,
      "jsd": 0.127717524766922,
      "ndcg_usergroup_1": 0.10853426903486252,
      "jsd_usergroup_1": 0.09543351829051971,
      "ndcg_usergroup_2": 0.07425283640623093,
      "jsd_usergroup_2": 0.13990996778011322,
      "ndcg_usergroup_3": 0.08203104138374329,
      "jsd_usergroup_3": 0.12342815101146698
    }
  }
}