{
  "base_recommendations": {
    "ndcg": 0.14531244337558746,
    "jsd": 0.1674375683069229,
    "ndcg_usergroup_1": 0.19628708064556122,
    "jsd_usergroup_1": 0.14693795144557953,
    "ndcg_usergroup_2": 0.13007476925849915,
    "jsd_usergroup_2": 0.1748277097940445,
    "ndcg_usergroup_3": 0.1400458961725235,
    "jsd_usergroup_3": 0.16576915979385376
  },
  "postprocessed": {},
  "finetuned": {
    "epoch_1": {
      "ndcg": 0.14336752891540527,
      "jsd": 0.16853772103786469,
      "ndcg_usergroup_1": 0.1947902888059616,
      "jsd_usergroup_1": 0.14242365956306458,
      "ndcg_usergroup_2": 0.12807102501392365,
      "jsd_usergroup_2": 0.17659980058670044,
      "ndcg_usergroup_3": 0.13782930374145508,
      "jsd_usergroup_3": 0.17046819627285004
    },
    "epoch_14": {
      "ndcg": 0.10023972392082214,
      "jsd": 0.16829778254032135,
      "ndcg_usergroup_1": 0.1480085402727127,
      "jsd_usergroup_1": 0.0956452265381813,
      "ndcg_usergroup_2": 0.09201705455780029,
      "jsd_usergroup_2": 0.17658735811710358,
      "ndcg_usergroup_3": 0.07713622599840164,
      "jsd_usergroup_3": 0.2160843014717102
    },
    "epoch_15": {
      "ndcg": 0.09937044978141785,
      "jsd": 0.16754816472530365,
      "ndcg_usergroup_1": 0.14644184708595276,
      "jsd_usergroup_1": 0.09583563357591629,
      "ndcg_usergroup_2": 0.09137941151857376,
      "jsd_usergroup_2": 0.17563192546367645,
      "ndcg_usergroup_3": 0.07626957446336746,
      "jsd_usergroup_3": 0.2150121033191681
    },
    "epoch_16": {
      "ndcg": 0.09788043051958084,
      "jsd": 0.1654464453458786,
      "ndcg_usergroup_1": 0.14518332481384277,
      "jsd_usergroup_1": 0.09453090280294418,
      "ndcg_usergroup_2": 0.09025345742702484,
      "jsd_usergroup_2": 0.17397648096084595,
      "ndcg_usergroup_3": 0.07345595955848694,
      "jsd_usergroup_3": 0.21077464520931244
    },
    "epoch_17": {
      "ndcg": 0.09782956540584564,
      "jsd": 0.16510838270187378,
      "ndcg_usergroup_1": 0.14420346915721893,
      "jsd_usergroup_1": 0.09580110013484955,
      "ndcg_usergroup_2": 0.09027045220136642,
      "jsd_usergroup_2": 0.17309768497943878,
      "ndcg_usergroup_3": 0.07413055002689362,
      "jsd_usergroup_3": 0.21045036613941193
    },
    "epoch_18": {
      "ndcg": 0.09651186317205429,
      "jsd": 0.16319650411605835,
      "ndcg_usergroup_1": 0.1435631662607193,
      "jsd_usergroup_1": 0.09436093270778656,
      "ndcg_usergroup_2": 0.08906639367341995,
      "jsd_usergroup_2": 0.17183567583560944,
      "ndcg_usergroup_3": 0.07179450988769531,
      "jsd_usergroup_3": 0.20611734688282013
    },
    "epoch_19": {
      "ndcg": 0.09662904590368271,
      "jsd": 0.16319245100021362,
      "ndcg_usergroup_1": 0.14408724009990692,
      "jsd_usergroup_1": 0.09602002054452896,
      "ndcg_usergroup_2": 0.08866038173437119,
      "jsd_usergroup_2": 0.17135904729366302,
      "ndcg_usergroup_3": 0.07307424396276474,
      "jsd_usergroup_3": 0.20586775243282318
    },
    "epoch_20": {
      "ndcg": 0.09523031860589981,
      "jsd": 0.16147345304489136,
      "ndcg_usergroup_1": 0.14172518253326416,
      "jsd_usergroup_1": 0.09467627108097076,
      "ndcg_usergroup_2": 0.08779748529195786,
      "jsd_usergroup_2": 0.1703309863805771,
      "ndcg_usergroup_3": 0.07103155553340912,
      "jsd_usergroup_3": 0.2017008662223816
    },
    "epoch_21": {
      "ndcg": 0.09612279385328293,
      "jsd": 0.15987426042556763,
      "ndcg_usergroup_1": 0.14378622174263,
      "jsd_usergroup_1": 0.09384846687316895,
      "ndcg_usergroup_2": 0.08807045966386795,
      "jsd_usergroup_2": 0.16801638901233673,
      "ndcg_usergroup_3": 0.07261374592781067,
      "jsd_usergroup_3": 0.20147626101970673
    },
    "epoch_22": {
      "ndcg": 0.09522534906864166,
      "jsd": 0.1593228429555893,
      "ndcg_usergroup_1": 0.1425589770078659,
      "jsd_usergroup_1": 0.092814140021801,
      "ndcg_usergroup_2": 0.0875551849603653,
      "jsd_usergroup_2": 0.1684492975473404,
      "ndcg_usergroup_3": 0.07089972496032715,
      "jsd_usergroup_3": 0.19845519959926605
    },
    "epoch_24": {
      "ndcg": 0.09409035742282867,
      "jsd": 0.15826106071472168,
      "ndcg_usergroup_1": 0.14029701054096222,
      "jsd_usergroup_1": 0.0937148928642273,
      "ndcg_usergroup_2": 0.0867394357919693,
      "jsd_usergroup_2": 0.16740374267101288,
      "ndcg_usergroup_3": 0.06993408501148224,
      "jsd_usergroup_3": 0.19538217782974243
    },
    "epoch_26": {
      "ndcg": 0.09365429729223251,
      "jsd": 0.15753842890262604,
      "ndcg_usergroup_1": 0.13864347338676453,
      "jsd_usergroup_1": 0.09418774396181107,
      "ndcg_usergroup_2": 0.08645658940076828,
      "jsd_usergroup_2": 0.16674895584583282,
      "ndcg_usergroup_3": 0.07025592774152756,
      "jsd_usergroup_3": 0.1932605355978012
    },
    "epoch_28": {
      "ndcg": 0.09276611357927322,
      "jsd": 0.15710969269275665,
      "ndcg_usergroup_1": 0.1380542814731598,
      "jsd_usergroup_1": 0.09504742920398712,
      "ndcg_usergroup_2": 0.0854148417711258,
      "jsd_usergroup_2": 0.1662287563085556,
      "ndcg_usergroup_3": 0.06952939182519913,
      "jsd_usergroup_3": 0.1918177604675293
    },
    "epoch_30": {
      "ndcg": 0.09227503091096878,
      "jsd": 0.15703722834587097,
      "ndcg_usergroup_1": 0.1370590776205063,
      "jsd_usergroup_1": 0.0960620865225792,
      "ndcg_usergroup_2": 0.08501941710710526,
      "jsd_usergroup_2": 0.166261687874794,
      "ndcg_usergroup_3": 0.06925544887781143,
      "jsd_usergroup_3": 0.1903420388698578
    },
    "epoch_41": {
      "ndcg": 0.09031829982995987,
      "jsd": 0.15433530509471893,
      "ndcg_usergroup_1": 0.13420604169368744,
      "jsd_usergroup_1": 0.09707681834697723,
      "ndcg_usergroup_2": 0.0824810042977333,
      "jsd_usergroup_2": 0.16292473673820496,
      "ndcg_usergroup_3": 0.06993993371725082,
      "jsd_usergroup_3": 0.18582835793495178
    }
  }
}