{
  "base_recommendations": {
    "ndcg": 0.14531244337558746,
    "jsd": 0.1674375683069229,
    "ndcg_usergroup_1": 0.19628708064556122,
    "jsd_usergroup_1": 0.14693795144557953,
    "ndcg_usergroup_2": 0.13007476925849915,
    "jsd_usergroup_2": 0.1748277097940445,
    "ndcg_usergroup_3": 0.1400458961725235,
    "jsd_usergroup_3": 0.16576915979385376
  },
  "postprocessed": {},
  "finetuned": {
    "epoch_1": {
      "ndcg": 0.14045853912830353,
      "jsd": 0.141597718000412,
      "ndcg_usergroup_1": 0.18467997014522552,
      "jsd_usergroup_1": 0.10397199541330338,
      "ndcg_usergroup_2": 0.12569162249565125,
      "jsd_usergroup_2": 0.1516626626253128,
      "ndcg_usergroup_3": 0.14053301513195038,
      "jsd_usergroup_3": 0.14903192222118378
    },
    "epoch_2": {
      "ndcg": 0.1271435171365738,
      "jsd": 0.13020101189613342,
      "ndcg_usergroup_1": 0.1591506004333496,
      "jsd_usergroup_1": 0.09228401631116867,
      "ndcg_usergroup_2": 0.11405165493488312,
      "jsd_usergroup_2": 0.1422595977783203,
      "ndcg_usergroup_3": 0.13440769910812378,
      "jsd_usergroup_3": 0.13194620609283447
    },
    "epoch_3": {
      "ndcg": 0.11440425366163254,
      "jsd": 0.12542563676834106,
      "ndcg_usergroup_1": 0.13826318085193634,
      "jsd_usergroup_1": 0.09586410224437714,
      "ndcg_usergroup_2": 0.10271496325731277,
      "jsd_usergroup_2": 0.13781744241714478,
      "ndcg_usergroup_3": 0.12560944259166718,
      "jsd_usergroup_3": 0.11781583726406097
    },
    "epoch_4": {
      "ndcg": 0.10553830862045288,
      "jsd": 0.12181174010038376,
      "ndcg_usergroup_1": 0.1262349933385849,
      "jsd_usergroup_1": 0.09883749485015869,
      "ndcg_usergroup_2": 0.09430578351020813,
      "jsd_usergroup_2": 0.13396191596984863,
      "ndcg_usergroup_3": 0.11853551864624023,
      "jsd_usergroup_3": 0.10833945125341415
    },
    "epoch_5": {
      "ndcg": 0.09869717806577682,
      "jsd": 0.11851967871189117,
      "ndcg_usergroup_1": 0.11898846179246902,
      "jsd_usergroup_1": 0.09911991655826569,
      "ndcg_usergroup_2": 0.08783008903265,
      "jsd_usergroup_2": 0.13062767684459686,
      "ndcg_usergroup_3": 0.11100365221500397,
      "jsd_usergroup_3": 0.10159945487976074
    },
    "epoch_6": {
      "ndcg": 0.09311743825674057,
      "jsd": 0.11576764285564423,
      "ndcg_usergroup_1": 0.11481337994337082,
      "jsd_usergroup_1": 0.09826505184173584,
      "ndcg_usergroup_2": 0.08257365226745605,
      "jsd_usergroup_2": 0.12801134586334229,
      "ndcg_usergroup_3": 0.1030493825674057,
      "jsd_usergroup_3": 0.09654314815998077
    },
    "epoch_7": {
      "ndcg": 0.08882047235965729,
      "jsd": 0.11380741745233536,
      "ndcg_usergroup_1": 0.1119312271475792,
      "jsd_usergroup_1": 0.09761278331279755,
      "ndcg_usergroup_2": 0.07843378186225891,
      "jsd_usergroup_2": 0.12600086629390717,
      "ndcg_usergroup_3": 0.0968664139509201,
      "jsd_usergroup_3": 0.0934257060289383
    },
    "epoch_8": {
      "ndcg": 0.08455093950033188,
      "jsd": 0.11202824860811234,
      "ndcg_usergroup_1": 0.10888129472732544,
      "jsd_usergroup_1": 0.09645069390535355,
      "ndcg_usergroup_2": 0.07457603514194489,
      "jsd_usergroup_2": 0.12428242713212967,
      "ndcg_usergroup_3": 0.09014201164245605,
      "jsd_usergroup_3": 0.09084727615118027
    },
    "epoch_9": {
      "ndcg": 0.08107147365808487,
      "jsd": 0.11065734177827835,
      "ndcg_usergroup_1": 0.10639549791812897,
      "jsd_usergroup_1": 0.0957375019788742,
      "ndcg_usergroup_2": 0.07118270546197891,
      "jsd_usergroup_2": 0.12291599810123444,
      "ndcg_usergroup_3": 0.08541052788496017,
      "jsd_usergroup_3": 0.0888051688671112
    },
    "epoch_10": {
      "ndcg": 0.07771454006433487,
      "jsd": 0.10990656167268753,
      "ndcg_usergroup_1": 0.10450518131256104,
      "jsd_usergroup_1": 0.09479846060276031,
      "ndcg_usergroup_2": 0.06809575110673904,
      "jsd_usergroup_2": 0.12230303883552551,
      "ndcg_usergroup_3": 0.07977711409330368,
      "jsd_usergroup_3": 0.08782930672168732
    },
    "epoch_11": {
      "ndcg": 0.0747663676738739,
      "jsd": 0.10867935419082642,
      "ndcg_usergroup_1": 0.1028943657875061,
      "jsd_usergroup_1": 0.0928395688533783,
      "ndcg_usergroup_2": 0.06519728153944016,
      "jsd_usergroup_2": 0.12111222743988037,
      "ndcg_usergroup_3": 0.07534251362085342,
      "jsd_usergroup_3": 0.087224580347538
    },
    "epoch_12": {
      "ndcg": 0.07225428521633148,
      "jsd": 0.1077028438448906,
      "ndcg_usergroup_1": 0.1019376739859581,
      "jsd_usergroup_1": 0.09181544929742813,
      "ndcg_usergroup_2": 0.06280851364135742,
      "jsd_usergroup_2": 0.12010889500379562,
      "ndcg_usergroup_3": 0.0709051564335823,
      "jsd_usergroup_3": 0.08637617528438568
    },
    "epoch_13": {
      "ndcg": 0.06986789405345917,
      "jsd": 0.10681119561195374,
      "ndcg_usergroup_1": 0.10031753778457642,
      "jsd_usergroup_1": 0.0914776399731636,
      "ndcg_usergroup_2": 0.06068792566657066,
      "jsd_usergroup_2": 0.11904972046613693,
      "ndcg_usergroup_3": 0.06695517152547836,
      "jsd_usergroup_3": 0.08543317019939423
    },
    "epoch_14": {
      "ndcg": 0.06779899448156357,
      "jsd": 0.10594309121370316,
      "ndcg_usergroup_1": 0.09992273151874542,
      "jsd_usergroup_1": 0.08983712643384933,
      "ndcg_usergroup_2": 0.05855289101600647,
      "jsd_usergroup_2": 0.1183486133813858,
      "ndcg_usergroup_3": 0.06341054290533066,
      "jsd_usergroup_3": 0.08483657240867615
    },
    "epoch_15": {
      "ndcg": 0.06573040038347244,
      "jsd": 0.10515696555376053,
      "ndcg_usergroup_1": 0.09856874495744705,
      "jsd_usergroup_1": 0.08844706416130066,
      "ndcg_usergroup_2": 0.056694332510232925,
      "jsd_usergroup_2": 0.11760837584733963,
      "ndcg_usergroup_3": 0.059997331351041794,
      "jsd_usergroup_3": 0.0845167264342308
    },
    "epoch_16": {
      "ndcg": 0.06401164829730988,
      "jsd": 0.1042424663901329,
      "ndcg_usergroup_1": 0.09688173234462738,
      "jsd_usergroup_1": 0.08731216192245483,
      "ndcg_usergroup_2": 0.05533434823155403,
      "jsd_usergroup_2": 0.11672487109899521,
      "ndcg_usergroup_3": 0.05717064440250397,
      "jsd_usergroup_3": 0.08372962474822998
    },
    "epoch_17": {
      "ndcg": 0.0629504844546318,
      "jsd": 0.1037529706954956,
      "ndcg_usergroup_1": 0.09703557938337326,
      "jsd_usergroup_1": 0.08610954880714417,
      "ndcg_usergroup_2": 0.05452597141265869,
      "jsd_usergroup_2": 0.11620352417230606,
      "ndcg_usergroup_3": 0.054136183112859726,
      "jsd_usergroup_3": 0.08404877781867981
    },
    "epoch_18": {
      "ndcg": 0.061623912304639816,
      "jsd": 0.10293575376272202,
      "ndcg_usergroup_1": 0.09652970731258392,
      "jsd_usergroup_1": 0.08460907638072968,
      "ndcg_usergroup_2": 0.053403954952955246,
      "jsd_usergroup_2": 0.11563406884670258,
      "ndcg_usergroup_3": 0.05137530341744423,
      "jsd_usergroup_3": 0.08317163586616516
    },
    "epoch_19": {
      "ndcg": 0.060637082904577255,
      "jsd": 0.1020902544260025,
      "ndcg_usergroup_1": 0.09728973358869553,
      "jsd_usergroup_1": 0.08283822983503342,
      "ndcg_usergroup_2": 0.05237802863121033,
      "jsd_usergroup_2": 0.11482425779104233,
      "ndcg_usergroup_3": 0.04875890165567398,
      "jsd_usergroup_3": 0.08314446359872818
    },
    "epoch_20": {
      "ndcg": 0.06001174822449684,
      "jsd": 0.10075613856315613,
      "ndcg_usergroup_1": 0.09779450297355652,
      "jsd_usergroup_1": 0.08055508136749268,
      "ndcg_usergroup_2": 0.051637038588523865,
      "jsd_usergroup_2": 0.11358334124088287,
      "ndcg_usergroup_3": 0.047350358217954636,
      "jsd_usergroup_3": 0.08247978240251541
    },
    "epoch_21": {
      "ndcg": 0.05917307734489441,
      "jsd": 0.09989583492279053,
      "ndcg_usergroup_1": 0.09729283303022385,
      "jsd_usergroup_1": 0.08005057275295258,