{
  "base_recommendations": {
    "ndcg": 0.14531244337558746,
    "jsd": 0.1674375683069229,
    "ndcg_usergroup_1": 0.19628708064556122,
    "jsd_usergroup_1": 0.14693795144557953,
    "ndcg_usergroup_2": 0.13007476925849915,
    "jsd_usergroup_2": 0.1748277097940445,
    "ndcg_usergroup_3": 0.1400458961725235,
    "jsd_usergroup_3": 0.16576915979385376
  },
  "postprocessed": {},
  "finetuned": {
    "epoch_1": {
      "ndcg": 0.12604418396949768,
      "jsd": 0.1326347142457962,
      "ndcg_usergroup_1": 0.1664978563785553,
      "jsd_usergroup_1": 0.0979611799120903,
      "ndcg_usergroup_2": 0.11204268783330917,
      "jsd_usergroup_2": 0.1447974443435669,
      "ndcg_usergroup_3": 0.12759041786193848,
      "jsd_usergroup_3": 0.1308240294456482
    },
    "epoch_2": {
      "ndcg": 0.10647159069776535,
      "jsd": 0.12657733261585236,
      "ndcg_usergroup_1": 0.1440698653459549,
      "jsd_usergroup_1": 0.09242229163646698,
      "ndcg_usergroup_2": 0.09414804726839066,
      "jsd_usergroup_2": 0.14067628979682922,
      "ndcg_usergroup_3": 0.10583990812301636,
      "jsd_usergroup_3": 0.11844012886285782
    },
    "epoch_3": {
      "ndcg": 0.09361135214567184,
      "jsd": 0.12372850626707077,
      "ndcg_usergroup_1": 0.13323278725147247,
      "jsd_usergroup_1": 0.08852469176054001,
      "ndcg_usergroup_2": 0.08247576653957367,
      "jsd_usergroup_2": 0.13883094489574432,
      "ndcg_usergroup_3": 0.08739305287599564,
      "jsd_usergroup_3": 0.11362993717193604
    },
    "epoch_4": {
      "ndcg": 0.08479151129722595,
      "jsd": 0.12308768928050995,
      "ndcg_usergroup_1": 0.12686391174793243,
      "jsd_usergroup_1": 0.08467862010002136,
      "ndcg_usergroup_2": 0.07503259181976318,
      "jsd_usergroup_2": 0.1381778120994568,
      "ndcg_usergroup_3": 0.07199268043041229,
      "jsd_usergroup_3": 0.11623135209083557
    },
    "epoch_5": {
      "ndcg": 0.08056178689002991,
      "jsd": 0.12102653086185455,
      "ndcg_usergroup_1": 0.12624803185462952,
      "jsd_usergroup_1": 0.0812675803899765,
      "ndcg_usergroup_2": 0.07176006585359573,
      "jsd_usergroup_2": 0.13641592860221863,
      "ndcg_usergroup_3": 0.061277858912944794,
      "jsd_usergroup_3": 0.1146223172545433
    },
    "epoch_6": {
      "ndcg": 0.07809776067733765,
      "jsd": 0.11882033199071884,
      "ndcg_usergroup_1": 0.13013941049575806,
      "jsd_usergroup_1": 0.08158498257398605,
      "ndcg_usergroup_2": 0.06825975328683853,
      "jsd_usergroup_2": 0.1339334398508072,
      "ndcg_usergroup_3": 0.055566947907209396,
      "jsd_usergroup_3": 0.11072129756212234
    },
    "epoch_7": {
      "ndcg": 0.07764606177806854,
      "jsd": 0.11314266175031662,
      "ndcg_usergroup_1": 0.12921616435050964,
      "jsd_usergroup_1": 0.08205968886613846,
      "ndcg_usergroup_2": 0.06894233077764511,
      "jsd_usergroup_2": 0.12702494859695435,
      "ndcg_usergroup_3": 0.0521843396127224,
      "jsd_usergroup_3": 0.1025833860039711
    },
    "epoch_8": {
      "ndcg": 0.0776631236076355,
      "jsd": 0.11037960648536682,
      "ndcg_usergroup_1": 0.1315622478723526,
      "jsd_usergroup_1": 0.08534321188926697,
      "ndcg_usergroup_2": 0.06824417412281036,
      "jsd_usergroup_2": 0.12352123111486435,
      "ndcg_usergroup_3": 0.05201777443289757,
      "jsd_usergroup_3": 0.09599541127681732
    },
    "epoch_9": {
      "ndcg": 0.07727016508579254,
      "jsd": 0.10786224901676178,
      "ndcg_usergroup_1": 0.13404366374015808,
      "jsd_usergroup_1": 0.08596909046173096,
      "ndcg_usergroup_2": 0.06754378229379654,
      "jsd_usergroup_2": 0.1198732927441597,
      "ndcg_usergroup_3": 0.049672648310661316,
      "jsd_usergroup_3": 0.0937262549996376
    }
  }
}