{
  "base_recommendations": {
    "ndcg": 0.14531244337558746,
    "jsd": 0.1674375683069229,
    "ndcg_usergroup_1": 0.19628708064556122,
    "jsd_usergroup_1": 0.14693795144557953,
    "ndcg_usergroup_2": 0.13007476925849915,
    "jsd_usergroup_2": 0.1748277097940445,
    "ndcg_usergroup_3": 0.1400458961725235,
    "jsd_usergroup_3": 0.16576915979385376
  },
  "postprocessed": {},
  "finetuned": {
    "epoch_1": {
      "ndcg": 0.12069032341241837,
      "jsd": 0.12660543620586395,
      "ndcg_usergroup_1": 0.15472330152988434,
      "jsd_usergroup_1": 0.09286434948444366,
      "ndcg_usergroup_2": 0.10766914486885071,
      "jsd_usergroup_2": 0.13993696868419647,
      "ndcg_usergroup_3": 0.1257166564464569,
      "jsd_usergroup_3": 0.12035626173019409
    },
    "epoch_2": {
      "ndcg": 0.09459032118320465,
      "jsd": 0.12234046310186386,
      "ndcg_usergroup_1": 0.12278355658054352,
      "jsd_usergroup_1": 0.09506121277809143,
      "ndcg_usergroup_2": 0.08384044468402863,
      "jsd_usergroup_2": 0.13633845746517181,
      "ndcg_usergroup_3": 0.09864317625761032,
      "jsd_usergroup_3": 0.10763031244277954
    },
    "epoch_3": {
      "ndcg": 0.07640887796878815,
      "jsd": 0.11896039545536041,
      "ndcg_usergroup_1": 0.1058974340558052,
      "jsd_usergroup_1": 0.09412302076816559,
      "ndcg_usergroup_2": 0.06696826219558716,
      "jsd_usergroup_2": 0.13310693204402924,
      "ndcg_usergroup_3": 0.07523908466100693,
      "jsd_usergroup_3": 0.10136278718709946
    },
    "epoch_4": {
      "ndcg": 0.06484431028366089,
      "jsd": 0.11603182554244995,
      "ndcg_usergroup_1": 0.09569277614355087,
      "jsd_usergroup_1": 0.09091181308031082,
      "ndcg_usergroup_2": 0.05653783306479454,
      "jsd_usergroup_2": 0.12972481548786163,
      "ndcg_usergroup_3": 0.05891255661845207,
      "jsd_usergroup_3": 0.10007738322019577
    },
    "epoch_5": {
      "ndcg": 0.05882259085774422,
      "jsd": 0.11245712637901306,
      "ndcg_usergroup_1": 0.09258998930454254,
      "jsd_usergroup_1": 0.08482322841882706,
      "ndcg_usergroup_2": 0.05193999409675598,
      "jsd_usergroup_2": 0.12592917680740356,
      "ndcg_usergroup_3": 0.04570075869560242,
      "jsd_usergroup_3": 0.0996793657541275
    },
    "epoch_6": {
      "ndcg": 0.057404495775699615,
      "jsd": 0.10889414697885513,
      "ndcg_usergroup_1": 0.0985746830701828,
      "jsd_usergroup_1": 0.07898802310228348,
      "ndcg_usergroup_2": 0.04943966865539551,
      "jsd_usergroup_2": 0.12234412133693695,
      "ndcg_usergroup_3": 0.04012618958950043,
      "jsd_usergroup_3": 0.0984547883272171
    },
    "epoch_7": {
      "ndcg": 0.058345645666122437,
      "jsd": 0.10398858040571213,
      "ndcg_usergroup_1": 0.1017889529466629,
      "jsd_usergroup_1": 0.07601211965084076,
      "ndcg_usergroup_2": 0.050721198320388794,
      "jsd_usergroup_2": 0.11642192304134369,
      "ndcg_usergroup_3": 0.03777322173118591,
      "jsd_usergroup_3": 0.09466907382011414
    },
    "epoch_8": {
      "ndcg": 0.06103949993848801,
      "jsd": 0.10141927003860474,
      "ndcg_usergroup_1": 0.11137225478887558,
      "jsd_usergroup_1": 0.07782018184661865,
      "ndcg_usergroup_2": 0.05239219591021538,
      "jsd_usergroup_2": 0.11241127550601959,
      "ndcg_usergroup_3": 0.03664584830403328,
      "jsd_usergroup_3": 0.09204595535993576
    },
    "epoch_9": {
      "ndcg": 0.0635509118437767,
      "jsd": 0.1011432483792305,
      "ndcg_usergroup_1": 0.1155894473195076,
      "jsd_usergroup_1": 0.07990517467260361,
      "ndcg_usergroup_2": 0.05452435836195946,
      "jsd_usergroup_2": 0.11138242483139038,
      "ndcg_usergroup_3": 0.03858907148241997,
      "jsd_usergroup_3": 0.09166712313890457
    }
  }
}