{
  "base_recommendations": {
    "ndcg": 0.14531244337558746,
    "jsd": 0.16742733120918274,
    "ndcg_usergroup_1": 0.19628708064556122,
    "jsd_usergroup_1": 0.146896630525589,
    "ndcg_usergroup_2": 0.13007476925849915,
    "jsd_usergroup_2": 0.1748340129852295,
    "ndcg_usergroup_3": 0.1400458961725235,
    "jsd_usergroup_3": 0.16574043035507202
  },
  "postprocessed": {},
  "finetuned": {
    "epoch_1": {
      "ndcg": 0.14418886601924896,
      "jsd": 0.1520700305700302,
      "ndcg_usergroup_1": 0.1925598829984665,
      "jsd_usergroup_1": 0.12353319674730301,
      "ndcg_usergroup_2": 0.12914162874221802,
      "jsd_usergroup_2": 0.16023407876491547,
      "ndcg_usergroup_3": 0.14095467329025269,
      "jsd_usergroup_3": 0.15611737966537476
    },
    "epoch_2": {
      "ndcg": 0.13976219296455383,
      "jsd": 0.14062346518039703,
      "ndcg_usergroup_1": 0.18365322053432465,
      "jsd_usergroup_1": 0.10487283766269684,
      "ndcg_usergroup_2": 0.12542329728603363,
      "jsd_usergroup_2": 0.15091678500175476,
      "ndcg_usergroup_3": 0.13888314366340637,
      "jsd_usergroup_3": 0.14549748599529266
    },
    "epoch_3": {
      "ndcg": 0.13552215695381165,
      "jsd": 0.13478118181228638,
      "ndcg_usergroup_1": 0.17719964683055878,
      "jsd_usergroup_1": 0.09709987044334412,
      "ndcg_usergroup_2": 0.12109686434268951,
      "jsd_usergroup_2": 0.146577849984169,
      "ndcg_usergroup_3": 0.13711585104465485,
      "jsd_usergroup_3": 0.13707633316516876
    },
    "epoch_4": {
      "ndcg": 0.1327461302280426,
      "jsd": 0.13125304877758026,
      "ndcg_usergroup_1": 0.1734926700592041,
      "jsd_usergroup_1": 0.09371136873960495,
      "ndcg_usergroup_2": 0.11847690492868423,
      "jsd_usergroup_2": 0.14376436173915863,
      "ndcg_usergroup_3": 0.13480256497859955,
      "jsd_usergroup_3": 0.13126486539840698
    },
    "epoch_5": {
      "ndcg": 0.13088230788707733,
      "jsd": 0.12904001772403717,
      "ndcg_usergroup_1": 0.1720467209815979,
      "jsd_usergroup_1": 0.09179549664258957,
      "ndcg_usergroup_2": 0.11671686917543411,
      "jsd_usergroup_2": 0.14222051203250885,
      "ndcg_usergroup_3": 0.1322096437215805,
      "jsd_usergroup_3": 0.12674735486507416
    },
    "epoch_6": {
      "ndcg": 0.1297401785850525,
      "jsd": 0.12719976902008057,
      "ndcg_usergroup_1": 0.1717335730791092,
      "jsd_usergroup_1": 0.08992590755224228,
      "ndcg_usergroup_2": 0.11545509099960327,
      "jsd_usergroup_2": 0.14071553945541382,
      "ndcg_usergroup_3": 0.13059741258621216,
      "jsd_usergroup_3": 0.12393080443143845
    },
    "epoch_7": {
      "ndcg": 0.12913131713867188,
      "jsd": 0.12585760653018951,
      "ndcg_usergroup_1": 0.17159321904182434,
      "jsd_usergroup_1": 0.08910436928272247,
      "ndcg_usergroup_2": 0.11506397277116776,
      "jsd_usergroup_2": 0.13960503041744232,
      "ndcg_usergroup_3": 0.12886689603328705,
      "jsd_usergroup_3": 0.12137309461832047
    },
    "epoch_8": {
      "ndcg": 0.12857262790203094,
      "jsd": 0.12485408782958984,
      "ndcg_usergroup_1": 0.1718122810125351,
      "jsd_usergroup_1": 0.08804582059383392,
      "ndcg_usergroup_2": 0.11460799723863602,
      "jsd_usergroup_2": 0.1388300210237503,
      "ndcg_usergroup_3": 0.12722231447696686,
      "jsd_usergroup_3": 0.11973913013935089
    },
    "epoch_9": {
      "ndcg": 0.12809419631958008,
      "jsd": 0.12374776601791382,
      "ndcg_usergroup_1": 0.1723993569612503,
      "jsd_usergroup_1": 0.08687786012887955,
      "ndcg_usergroup_2": 0.11409158259630203,
      "jsd_usergroup_2": 0.13799932599067688,
      "ndcg_usergroup_3": 0.12579235434532166,
      "jsd_usergroup_3": 0.117867611348629
    },
    "epoch_10": {
      "ndcg": 0.1279171109199524,
      "jsd": 0.12287741154432297,
      "ndcg_usergroup_1": 0.1738460212945938,
      "jsd_usergroup_1": 0.08612599223852158,
      "ndcg_usergroup_2": 0.1136435940861702,
      "jsd_usergroup_2": 0.13747638463974,
      "ndcg_usergroup_3": 0.12480407953262329,
      "jsd_usergroup_3": 0.1158367395401001
    },
    "epoch_11": {
      "ndcg": 0.12767355144023895,
      "jsd": 0.12209689617156982,
      "ndcg_usergroup_1": 0.1738700121641159,
      "jsd_usergroup_1": 0.08525166660547256,
      "ndcg_usergroup_2": 0.1140051856637001,
      "jsd_usergroup_2": 0.13705459237098694,
      "ndcg_usergroup_3": 0.12247771769762039,
      "jsd_usergroup_3": 0.11407394707202911
    },
    "epoch_12": {
      "ndcg": 0.12771745026111603,
      "jsd": 0.12147187441587448,
      "ndcg_usergroup_1": 0.17503856122493744,
      "jsd_usergroup_1": 0.08532118797302246,
      "ndcg_usergroup_2": 0.11376053839921951,
      "jsd_usergroup_2": 0.1363355666399002,
      "ndcg_usergroup_3": 0.12226253002882004,
      "jsd_usergroup_3": 0.11303635686635971
    },
    "epoch_13": {
      "ndcg": 0.12766031920909882,
      "jsd": 0.12090008705854416,
      "ndcg_usergroup_1": 0.17631341516971588,
      "jsd_usergroup_1": 0.08476969599723816,
      "ndcg_usergroup_2": 0.11388441175222397,
      "jsd_usergroup_2": 0.13609498739242554,
      "ndcg_usergroup_3": 0.12033046782016754,
      "jsd_usergroup_3": 0.11145076155662537
    },
    "epoch_14": {
      "ndcg": 0.12718403339385986,
      "jsd": 0.11994589120149612,
      "ndcg_usergroup_1": 0.1766187846660614,
      "jsd_usergroup_1": 0.08402835577726364,
      "ndcg_usergroup_2": 0.11372311413288116,
      "jsd_usergroup_2": 0.13545238971710205,
      "ndcg_usergroup_3": 0.11812762916088104,
      "jsd_usergroup_3": 0.10934900492429733
    },
    "epoch_15": {
      "ndcg": 0.12707053124904633,
      "jsd": 0.11931628733873367,
      "ndcg_usergroup_1": 0.17835400998592377,
      "jsd_usergroup_1": 0.08394962549209595,
      "ndcg_usergroup_2": 0.11351151764392853,
      "jsd_usergroup_2": 0.13506671786308289,
      "ndcg_usergroup_3": 0.1164596751332283,
      "jsd_usergroup_3": 0.10743682831525803
    },
    "epoch_16": {
      "ndcg": 0.12643082439899445,
      "jsd": 0.11872995644807816,
      "ndcg_usergroup_1": 0.17814192175865173,
      "jsd_usergroup_1": 0.0834871158003807,
      "ndcg_usergroup_2": 0.1131071001291275,
      "jsd_usergroup_2": 0.13482773303985596,
      "ndcg_usergroup_3": 0.11468655616044998,
      "jsd_usergroup_3": 0.10568471252918243
    },
    "epoch_17": {
      "ndcg": 0.12655261158943176,
      "jsd": 0.11809617280960083,
      "ndcg_usergroup_1": 0.1791141778230667,
      "jsd_usergroup_1": 0.08404979854822159,
      "ndcg_usergroup_2": 0.11328531801700592,
      "jsd_usergroup_2": 0.13433444499969482,
      "ndcg_usergroup_3": 0.11378864198923111,
      "jsd_usergroup_3": 0.1034330353140831
    },
    "epoch_18": {
      "ndcg": 0.126235693693161,
      "jsd": 0.11793259531259537,
      "ndcg_usergroup_1": 0.17933276295661926,
      "jsd_usergroup_1": 0.0843571126461029,
      "ndcg_usergroup_2": 0.11320327967405319,
      "jsd_usergroup_2": 0.13427972793579102,
      "ndcg_usergroup_3": 0.11223164945840836,
      "jsd_usergroup_3": 0.10247208178043365
    },
    "epoch_19": {
      "ndcg": 0.12638603150844574,
      "jsd": 0.11753503978252411,
      "ndcg_usergroup_1": 0.18034373223781586,
      "jsd_usergroup_1": 0.0848141461610794,
      "ndcg_usergroup_2": 0.11350566893815994,
      "jsd_usergroup_2": 0.1338718980550766,
      "ndcg_usergroup_3": 0.11106522381305695,
      "jsd_usergroup_3": 0.10125074535608292
    },
    "epoch_21": {
      "ndcg": 0.12622638046741486,
      "jsd": 0.11745169758796692,
      "ndcg_usergroup_1": 0.18142545223236084,
      "jsd_usergroup_1": 0.08596392720937729,
      "ndcg_usergroup_2": 0.11354530602693558,
      "jsd_usergroup_2": 0.13387982547283173,
      "ndcg_usergroup_3": 0.10906638950109482,
      "jsd_usergroup_3": 0.09966044872999191
    }
  }
}