{
  "base_recommendations": {
    "ndcg": 0.14531244337558746,
    "jsd": 0.1674375683069229,
    "ndcg_usergroup_1": 0.19628708064556122,
    "jsd_usergroup_1": 0.14693795144557953,
    "ndcg_usergroup_2": 0.13007476925849915,
    "jsd_usergroup_2": 0.1748277097940445,
    "ndcg_usergroup_3": 0.1400458961725235,
    "jsd_usergroup_3": 0.16576915979385376
  },
  "postprocessed": {},
  "finetuned": {
    "epoch_1": {
      "ndcg": 0.14164970815181732,
      "jsd": 0.14619247615337372,
      "ndcg_usergroup_1": 0.187381312251091,
      "jsd_usergroup_1": 0.11059406399726868,
      "ndcg_usergroup_2": 0.1268107146024704,
      "jsd_usergroup_2": 0.15558898448944092,
      "ndcg_usergroup_3": 0.14043022692203522,
      "jsd_usergroup_3": 0.15360437333583832
    },
    "epoch_2": {
      "ndcg": 0.1315208375453949,
      "jsd": 0.13455694913864136,
      "ndcg_usergroup_1": 0.1685168296098709,
      "jsd_usergroup_1": 0.09445950388908386,
      "ndcg_usergroup_2": 0.11776728928089142,
      "jsd_usergroup_2": 0.14611560106277466,
      "ndcg_usergroup_3": 0.13578101992607117,
      "jsd_usergroup_3": 0.13998226821422577
    },
    "epoch_3": {
      "ndcg": 0.12185918539762497,
      "jsd": 0.1299971640110016,
      "ndcg_usergroup_1": 0.15335263311862946,
      "jsd_usergroup_1": 0.09270874410867691,
      "ndcg_usergroup_2": 0.10901132971048355,
      "jsd_usergroup_2": 0.14264683425426483,
      "ndcg_usergroup_3": 0.12890510261058807,
      "jsd_usergroup_3": 0.12934072315692902
    },
    "epoch_4": {
      "ndcg": 0.11480110883712769,
      "jsd": 0.1265796273946762,
      "ndcg_usergroup_1": 0.1447901576757431,
      "jsd_usergroup_1": 0.09284979850053787,
      "ndcg_usergroup_2": 0.10236024856567383,
      "jsd_usergroup_2": 0.1396586000919342,
      "ndcg_usergroup_3": 0.12213060259819031,
      "jsd_usergroup_3": 0.12107687443494797
    },
    "epoch_5": {
      "ndcg": 0.10981880873441696,
      "jsd": 0.12389349192380905,
      "ndcg_usergroup_1": 0.13939444720745087,
      "jsd_usergroup_1": 0.09291645139455795,
      "ndcg_usergroup_2": 0.09804855287075043,
      "jsd_usergroup_2": 0.13696230947971344,
      "ndcg_usergroup_3": 0.11555010825395584,
      "jsd_usergroup_3": 0.1156683936715126
    },
    "epoch_6": {
      "ndcg": 0.10599309951066971,
      "jsd": 0.12175312638282776,
      "ndcg_usergroup_1": 0.1373991221189499,
      "jsd_usergroup_1": 0.09169792383909225,
      "ndcg_usergroup_2": 0.0942879393696785,
      "jsd_usergroup_2": 0.13515327870845795,
      "ndcg_usergroup_3": 0.10969872772693634,
      "jsd_usergroup_3": 0.11161230504512787
    },
    "epoch_7": {
      "ndcg": 0.102932408452034,
      "jsd": 0.12044592201709747,
      "ndcg_usergroup_1": 0.13597697019577026,
      "jsd_usergroup_1": 0.09142802655696869,
      "ndcg_usergroup_2": 0.09113408625125885,
      "jsd_usergroup_2": 0.13417258858680725,
      "ndcg_usergroup_3": 0.10527896136045456,
      "jsd_usergroup_3": 0.10828828066587448
    },
    "epoch_8": {
      "ndcg": 0.10041353851556778,
      "jsd": 0.1191263496875763,
      "ndcg_usergroup_1": 0.134832501411438,
      "jsd_usergroup_1": 0.08998999744653702,
      "ndcg_usergroup_2": 0.0887974202632904,
      "jsd_usergroup_2": 0.13318561017513275,
      "ndcg_usergroup_3": 0.10083914548158646,
      "jsd_usergroup_3": 0.10608955472707748
    },
    "epoch_9": {
      "ndcg": 0.09776105731725693,
      "jsd": 0.11811449378728867,
      "ndcg_usergroup_1": 0.13332612812519073,
      "jsd_usergroup_1": 0.08846943080425262,
      "ndcg_usergroup_2": 0.0864366888999939,
      "jsd_usergroup_2": 0.13250164687633514,
      "ndcg_usergroup_3": 0.09616538882255554,
      "jsd_usergroup_3": 0.10460285097360611
    },
    "epoch_10": {
      "ndcg": 0.09554446488618851,
      "jsd": 0.1178380474448204,
      "ndcg_usergroup_1": 0.13299672305583954,
      "jsd_usergroup_1": 0.08761508762836456,
      "ndcg_usergroup_2": 0.08434459567070007,
      "jsd_usergroup_2": 0.13241232931613922,
      "ndcg_usergroup_3": 0.09168815612792969,
      "jsd_usergroup_3": 0.10434291511774063
    },
    "epoch_11": {
      "ndcg": 0.09366247802972794,
      "jsd": 0.11748965829610825,
      "ndcg_usergroup_1": 0.132246196269989,
      "jsd_usergroup_1": 0.08666519075632095,
      "ndcg_usergroup_2": 0.08273609727621078,
      "jsd_usergroup_2": 0.13227182626724243,
      "ndcg_usergroup_3": 0.08785434067249298,
      "jsd_usergroup_3": 0.10397244989871979
    },
    "epoch_12": {
      "ndcg": 0.09189584851264954,
      "jsd": 0.11702356487512589,
      "ndcg_usergroup_1": 0.13184261322021484,
      "jsd_usergroup_1": 0.08549201488494873,
      "ndcg_usergroup_2": 0.08103890717029572,
      "jsd_usergroup_2": 0.13179424405097961,
      "ndcg_usergroup_3": 0.08451639860868454,
      "jsd_usergroup_3": 0.10424796491861343
    },
    "epoch_14": {
      "ndcg": 0.08875148743391037,
      "jsd": 0.11694636940956116,
      "ndcg_usergroup_1": 0.13099275529384613,
      "jsd_usergroup_1": 0.08466225862503052,
      "ndcg_usergroup_2": 0.07819487899541855,
      "jsd_usergroup_2": 0.13191214203834534,
      "ndcg_usergroup_3": 0.0781765952706337,
      "jsd_usergroup_3": 0.10433804988861084
    },
    "epoch_15": {
      "ndcg": 0.08743061870336533,
      "jsd": 0.11682537943124771,
      "ndcg_usergroup_1": 0.1314883530139923,
      "jsd_usergroup_1": 0.08335214108228683,
      "ndcg_usergroup_2": 0.07688391208648682,
      "jsd_usergroup_2": 0.13215312361717224,
      "ndcg_usergroup_3": 0.07500956952571869,
      "jsd_usergroup_3": 0.10432036221027374
    },
    "epoch_16": {
      "ndcg": 0.08588726073503494,
      "jsd": 0.11666553467512131,
      "ndcg_usergroup_1": 0.13033916056156158,
      "jsd_usergroup_1": 0.08252090960741043,
      "ndcg_usergroup_2": 0.07558085024356842,
      "jsd_usergroup_2": 0.13187475502490997,
      "ndcg_usergroup_3": 0.07235124707221985,
      "jsd_usergroup_3": 0.10518749058246613
    },
    "epoch_17": {
      "ndcg": 0.0849502682685852,
      "jsd": 0.11663453280925751,
      "ndcg_usergroup_1": 0.13054808974266052,
      "jsd_usergroup_1": 0.08228632807731628,
      "ndcg_usergroup_2": 0.07493112236261368,
      "jsd_usergroup_2": 0.13185852766036987,
      "ndcg_usergroup_3": 0.06940659135580063,
      "jsd_usergroup_3": 0.105315662920475
    },
    "epoch_18": {
      "ndcg": 0.08412095904350281,
      "jsd": 0.11650979518890381,
      "ndcg_usergroup_1": 0.13152150809764862,
      "jsd_usergroup_1": 0.0809006541967392,
      "ndcg_usergroup_2": 0.07404453307390213,
      "jsd_usergroup_2": 0.13190606236457825,
      "ndcg_usergroup_3": 0.06694638729095459,
      "jsd_usergroup_3": 0.10593514889478683
    },
    "epoch_19": {
      "ndcg": 0.08313126862049103,
      "jsd": 0.1161961629986763,
      "ndcg_usergroup_1": 0.13127800822257996,
      "jsd_usergroup_1": 0.08007471263408661,
      "ndcg_usergroup_2": 0.0732855275273323,
      "jsd_usergroup_2": 0.13162529468536377,
      "ndcg_usergroup_3": 0.0645185187458992,
      "jsd_usergroup_3": 0.10603528469800949
    },
    "epoch_20": {
      "ndcg": 0.08285029977560043,
      "jsd": 0.11619379371404648,
      "ndcg_usergroup_1": 0.13287408649921417,
      "jsd_usergroup_1": 0.07962743192911148,
      "ndcg_usergroup_2": 0.07281413674354553,
      "jsd_usergroup_2": 0.1316979080438614,
      "ndcg_usergroup_3": 0.06293166428804398,
      "jsd_usergroup_3": 0.10625290125608444
    },
    "epoch_21": {
      "ndcg": 0.08245544135570526,
      "jsd": 0.11566398292779922,
      "ndcg_usergroup_1": 0.13255885243415833,
      "jsd_usergroup_1": 0.07851346582174301,
      "ndcg_usergroup_2": 0.07284191250801086,
      "jsd_usergroup_2": 0.13117390871047974,
      "ndcg_usergroup_3": 0.06118949130177498,
      "jsd_usergroup_3": 0.10628979653120041
    }
  }
}