{
  "base_recommendations": {
    "ndcg": 0.14531244337558746,
    "jsd": 0.1674375683069229,
    "ndcg_usergroup_1": 0.19628708064556122,
    "jsd_usergroup_1": 0.14693795144557953,
    "ndcg_usergroup_2": 0.13007476925849915,
    "jsd_usergroup_2": 0.1748277097940445,
    "ndcg_usergroup_3": 0.1400458961725235,
    "jsd_usergroup_3": 0.16576915979385376
  },
  "postprocessed": {},
  "finetuned": {
    "epoch_1": {
      "ndcg": 0.14349427819252014,
      "jsd": 0.16756418347358704,
      "ndcg_usergroup_1": 0.19422084093093872,
      "jsd_usergroup_1": 0.14224576950073242,
      "ndcg_usergroup_2": 0.128299742937088,
      "jsd_usergroup_2": 0.17561039328575134,
      "ndcg_usergroup_3": 0.13834647834300995,
      "jsd_usergroup_3": 0.16874665021896362
    },
    "epoch_4": {
      "ndcg": 0.13129575550556183,
      "jsd": 0.1675378680229187,
      "ndcg_usergroup_1": 0.17901131510734558,
      "jsd_usergroup_1": 0.11717131733894348,
      "ndcg_usergroup_2": 0.11687452346086502,
      "jsd_usergroup_2": 0.1787749081850052,
      "ndcg_usergroup_3": 0.12683919072151184,
      "jsd_usergroup_3": 0.18419690430164337
    },
    "epoch_5": {
      "ndcg": 0.12565435469150543,
      "jsd": 0.16746297478675842,
      "ndcg_usergroup_1": 0.17103971540927887,
      "jsd_usergroup_1": 0.10980040580034256,
      "ndcg_usergroup_2": 0.1119881197810173,
      "jsd_usergroup_2": 0.17942461371421814,
      "ndcg_usergroup_3": 0.12126324325799942,
      "jsd_usergroup_3": 0.18924453854560852
    },
    "epoch_7": {
      "ndcg": 0.11365064978599548,
      "jsd": 0.16681577265262604,
      "ndcg_usergroup_1": 0.1527857631444931,
      "jsd_usergroup_1": 0.09863641858100891,
      "ndcg_usergroup_2": 0.10170072317123413,
      "jsd_usergroup_2": 0.17972694337368011,
      "ndcg_usergroup_3": 0.11036144196987152,
      "jsd_usergroup_3": 0.19626589119434357
    },
    "epoch_8": {
      "ndcg": 0.10679677873849869,
      "jsd": 0.1658797562122345,
      "ndcg_usergroup_1": 0.1427854299545288,
      "jsd_usergroup_1": 0.09457971155643463,
      "ndcg_usergroup_2": 0.09577568620443344,
      "jsd_usergroup_2": 0.17886075377464294,
      "ndcg_usergroup_3": 0.10386783629655838,
      "jsd_usergroup_3": 0.19824101030826569
    },
    "epoch_9": {
      "ndcg": 0.10010169446468353,
      "jsd": 0.16443394124507904,
      "ndcg_usergroup_1": 0.1319238543510437,
      "jsd_usergroup_1": 0.09134271740913391,
      "ndcg_usergroup_2": 0.09034818410873413,
      "jsd_usergroup_2": 0.17722204327583313,
      "ndcg_usergroup_3": 0.09753690659999847,
      "jsd_usergroup_3": 0.19916512072086334
    },
    "epoch_10": {
      "ndcg": 0.09299696981906891,
      "jsd": 0.16221529245376587,
      "ndcg_usergroup_1": 0.12085705250501633,
      "jsd_usergroup_1": 0.08941229432821274,
      "ndcg_usergroup_2": 0.08441592007875443,
      "jsd_usergroup_2": 0.17417848110198975,
      "ndcg_usergroup_3": 0.0908772349357605,
      "jsd_usergroup_3": 0.19913259148597717
    },
    "epoch_11": {
      "ndcg": 0.08576744794845581,
      "jsd": 0.15925075113773346,
      "ndcg_usergroup_1": 0.11042455583810806,
      "jsd_usergroup_1": 0.08873584121465683,
      "ndcg_usergroup_2": 0.07822635024785995,
      "jsd_usergroup_2": 0.17026004195213318,
      "ndcg_usergroup_3": 0.08373120427131653,
      "jsd_usergroup_3": 0.19674146175384521
    },
    "epoch_12": {
      "ndcg": 0.07851000130176544,
      "jsd": 0.1560152769088745,
      "ndcg_usergroup_1": 0.10017954558134079,
      "jsd_usergroup_1": 0.08874624967575073,
      "ndcg_usergroup_2": 0.07204551249742508,
      "jsd_usergroup_2": 0.16601884365081787,
      "ndcg_usergroup_3": 0.07623186707496643,
      "jsd_usergroup_3": 0.19327683746814728
    },
    "epoch_13": {
      "ndcg": 0.0707823857665062,
      "jsd": 0.1522154062986374,
      "ndcg_usergroup_1": 0.0892391949892044,
      "jsd_usergroup_1": 0.08960052579641342,
      "ndcg_usergroup_2": 0.06523218750953674,
      "jsd_usergroup_2": 0.1610882729291916,
      "ndcg_usergroup_3": 0.06897436082363129,
      "jsd_usergroup_3": 0.18821465969085693
    },
    "epoch_14": {
      "ndcg": 0.06374210119247437,
      "jsd": 0.1480543166399002,
      "ndcg_usergroup_1": 0.07934712618589401,
      "jsd_usergroup_1": 0.09117405861616135,
      "ndcg_usergroup_2": 0.059013403952121735,
      "jsd_usergroup_2": 0.15569786727428436,
      "ndcg_usergroup_3": 0.06232162192463875,
      "jsd_usergroup_3": 0.1820063292980194
    },
    "epoch_15": {
      "ndcg": 0.05678967386484146,
      "jsd": 0.14336641132831573,
      "ndcg_usergroup_1": 0.07023172080516815,
      "jsd_usergroup_1": 0.09364007413387299,
      "ndcg_usergroup_2": 0.05278191342949867,
      "jsd_usergroup_2": 0.14950120449066162,
      "ndcg_usergroup_3": 0.055369626730680466,
      "jsd_usergroup_3": 0.1746903657913208
    },
    "epoch_16": {
      "ndcg": 0.05013742297887802,
      "jsd": 0.13857989013195038,
      "ndcg_usergroup_1": 0.06163404509425163,
      "jsd_usergroup_1": 0.09663224220275879,
      "ndcg_usergroup_2": 0.04666287824511528,
      "jsd_usergroup_2": 0.14356158673763275,
      "ndcg_usergroup_3": 0.04906332492828369,
      "jsd_usergroup_3": 0.1655840277671814
    },
    "epoch_17": {
      "ndcg": 0.04381773620843887,
      "jsd": 0.1337541937828064,
      "ndcg_usergroup_1": 0.05384187400341034,
      "jsd_usergroup_1": 0.09903448820114136,
      "ndcg_usergroup_2": 0.040795620530843735,
      "jsd_usergroup_2": 0.13781705498695374,
      "ndcg_usergroup_3": 0.04285896196961403,
      "jsd_usergroup_3": 0.15628665685653687
    },
    "epoch_18": {
      "ndcg": 0.0382552370429039,
      "jsd": 0.12774351239204407,
      "ndcg_usergroup_1": 0.047162413597106934,
      "jsd_usergroup_1": 0.1006382554769516,
      "ndcg_usergroup_2": 0.03546175733208656,
      "jsd_usergroup_2": 0.13114884495735168,
      "ndcg_usergroup_3": 0.03772759437561035,
      "jsd_usergroup_3": 0.14463390409946442
    },
    "epoch_19": {
      "ndcg": 0.03344868868589401,
      "jsd": 0.12199310958385468,
      "ndcg_usergroup_1": 0.042828239500522614,
      "jsd_usergroup_1": 0.10242518037557602,
      "ndcg_usergroup_2": 0.030618777498602867,
      "jsd_usergroup_2": 0.12486995756626129,
      "ndcg_usergroup_3": 0.032557953149080276,
      "jsd_usergroup_3": 0.1329314410686493
    },
    "epoch_20": {
      "ndcg": 0.029370712116360664,
      "jsd": 0.11525711417198181,
      "ndcg_usergroup_1": 0.03877240791916847,
      "jsd_usergroup_1": 0.1016315370798111,
      "ndcg_usergroup_2": 0.026805927976965904,
      "jsd_usergroup_2": 0.11786043643951416,
      "ndcg_usergroup_3": 0.02766253426671028,
      "jsd_usergroup_3": 0.12107359617948532
    },
    "epoch_21": {
      "ndcg": 0.02641608938574791,
      "jsd": 0.10923488438129425,
      "ndcg_usergroup_1": 0.03681643679738045,
      "jsd_usergroup_1": 0.09928221255540848,
      "ndcg_usergroup_2": 0.02375936694443226,
      "jsd_usergroup_2": 0.1120062991976738,
      "ndcg_usergroup_3": 0.023985041305422783,
      "jsd_usergroup_3": 0.11087421327829361
    },
    "epoch_22": {
      "ndcg": 0.023929309099912643,
      "jsd": 0.10287022590637207,
      "ndcg_usergroup_1": 0.03539850935339928,
      "jsd_usergroup_1": 0.09634317457675934,
      "ndcg_usergroup_2": 0.021060815081000328,
      "jsd_usergroup_2": 0.10576439648866653,
      "ndcg_usergroup_3": 0.021064648404717445,
      "jsd_usergroup_3": 0.100715771317482
    },
    "epoch_23": {
      "ndcg": 0.02250790223479271,
      "jsd": 0.09633693844079971,
      "ndcg_usergroup_1": 0.03542559593915939,
      "jsd_usergroup_1": 0.09135665744543076,
      "ndcg_usergroup_2": 0.01962834969162941,
      "jsd_usergroup_2": 0.09994399547576904,
      "ndcg_usergroup_3": 0.018227925524115562,
      "jsd_usergroup_3": 0.09049726277589798
    },
    "epoch_24": {
      "ndcg": 0.021439343690872192,
      "jsd": 0.08998174965381622,
      "ndcg_usergroup_1": 0.03547215461730957,