{
  "base_recommendations": {
    "ndcg": 0.14531244337558746,
    "jsd": 0.1674375683069229,
    "ndcg_usergroup_1": 0.19628708064556122,
    "jsd_usergroup_1": 0.14693795144557953,
    "ndcg_usergroup_2": 0.13007476925849915,
    "jsd_usergroup_2": 0.1748277097940445,
    "ndcg_usergroup_3": 0.1400458961725235,
    "jsd_usergroup_3": 0.16576915979385376
  },
  "postprocessed": {},
  "finetuned": {
    "epoch_1": {
      "ndcg": 0.11331351846456528,
      "jsd": 0.11666799336671829,
      "ndcg_usergroup_1": 0.13304246962070465,
      "jsd_usergroup_1": 0.10393998771905899,
      "ndcg_usergroup_2": 0.10199515521526337,
      "jsd_usergroup_2": 0.12838208675384521,
      "ndcg_usergroup_3": 0.12753598392009735,
      "jsd_usergroup_3": 0.09425754100084305
    },
    "epoch_2": {
      "ndcg": 0.08078519254922867,
      "jsd": 0.11507073789834976,
      "ndcg_usergroup_1": 0.08930850028991699,
      "jsd_usergroup_1": 0.1288275569677353,
      "ndcg_usergroup_2": 0.07187949120998383,
      "jsd_usergroup_2": 0.1227261871099472,
      "ndcg_usergroup_3": 0.09897607564926147,
      "jsd_usergroup_3": 0.07835007458925247
    },
    "epoch_3": {
      "ndcg": 0.05738081410527229,
      "jsd": 0.1145770475268364,
      "ndcg_usergroup_1": 0.06613482534885406,
      "jsd_usergroup_1": 0.13497331738471985,
      "ndcg_usergroup_2": 0.05011248216032982,
      "jsd_usergroup_2": 0.1195412203669548,
      "ndcg_usergroup_3": 0.07042938470840454,
      "jsd_usergroup_3": 0.07928987592458725
    },
    "epoch_4": {
      "ndcg": 0.04217461869120598,
      "jsd": 0.11211199313402176,
      "ndcg_usergroup_1": 0.053382329642772675,
      "jsd_usergroup_1": 0.13203398883342743,
      "ndcg_usergroup_2": 0.035359740257263184,
      "jsd_usergroup_2": 0.11599314212799072,
      "ndcg_usergroup_3": 0.051409319043159485,
      "jsd_usergroup_3": 0.08054783195257187
    },
    "epoch_5": {
      "ndcg": 0.03348853811621666,
      "jsd": 0.10386830568313599,
      "ndcg_usergroup_1": 0.048064205795526505,
      "jsd_usergroup_1": 0.11967829614877701,
      "ndcg_usergroup_2": 0.027704084292054176,
      "jsd_usergroup_2": 0.10659733414649963,
      "ndcg_usergroup_3": 0.03626434504985809,
      "jsd_usergroup_3": 0.07987213879823685
    },
    "epoch_6": {
      "ndcg": 0.033049341291189194,
      "jsd": 0.08974316716194153,
      "ndcg_usergroup_1": 0.05441509187221527,
      "jsd_usergroup_1": 0.10254334658384323,
      "ndcg_usergroup_2": 0.02649623155593872,
      "jsd_usergroup_2": 0.09221643209457397,
      "ndcg_usergroup_3": 0.031340792775154114,
      "jsd_usergroup_3": 0.06952399015426636
    },
    "epoch_7": {
      "ndcg": 0.03505534678697586,
      "jsd": 0.08333956450223923,
      "ndcg_usergroup_1": 0.05988185480237007,
      "jsd_usergroup_1": 0.10498756170272827,
      "ndcg_usergroup_2": 0.029033208265900612,
      "jsd_usergroup_2": 0.08392446488142014,
      "ndcg_usergroup_3": 0.028293291106820107,
      "jsd_usergroup_3": 0.05993704870343208
    }
  }
}