{
  "base_recommendations": {
    "ndcg": 0.14531244337558746,
    "jsd": 0.1674375683069229,
    "ndcg_usergroup_1": 0.19628708064556122,
    "jsd_usergroup_1": 0.14693795144557953,
    "ndcg_usergroup_2": 0.13007476925849915,
    "jsd_usergroup_2": 0.1748277097940445,
    "ndcg_usergroup_3": 0.1400458961725235,
    "jsd_usergroup_3": 0.16576915979385376
  },
  "postprocessed": {},
  "finetuned": {
    "epoch_1": {
      "ndcg": 0.14339831471443176,
      "jsd": 0.16808390617370605,
      "ndcg_usergroup_1": 0.19486869871616364,
      "jsd_usergroup_1": 0.14179730415344238,
      "ndcg_usergroup_2": 0.1280854195356369,
      "jsd_usergroup_2": 0.17613539099693298,
      "ndcg_usergroup_3": 0.13786162436008453,
      "jsd_usergroup_3": 0.17021875083446503
    },
    "epoch_9": {
      "ndcg": 0.11010541021823883,
      "jsd": 0.1666909009218216,
      "ndcg_usergroup_1": 0.15725751221179962,
      "jsd_usergroup_1": 0.09569168090820312,
      "ndcg_usergroup_2": 0.09984393417835236,
      "jsd_usergroup_2": 0.17569920420646667,
      "ndcg_usergroup_3": 0.09373439103364944,
      "jsd_usergroup_3": 0.21066811680793762
    },
    "epoch_10": {
      "ndcg": 0.10728316754102707,
      "jsd": 0.16403548419475555,
      "ndcg_usergroup_1": 0.15416714549064636,
      "jsd_usergroup_1": 0.0927758663892746,
      "ndcg_usergroup_2": 0.0975031703710556,
      "jsd_usergroup_2": 0.1731816828250885,
      "ndcg_usergroup_3": 0.08973600715398788,
      "jsd_usergroup_3": 0.20785944163799286
    },
    "epoch_11": {
      "ndcg": 0.10503446310758591,
      "jsd": 0.1616603583097458,
      "ndcg_usergroup_1": 0.15089869499206543,
      "jsd_usergroup_1": 0.09064147621393204,
      "ndcg_usergroup_2": 0.09606236219406128,
      "jsd_usergroup_2": 0.17110003530979156,
      "ndcg_usergroup_3": 0.08608364313840866,
      "jsd_usergroup_3": 0.20436325669288635
    },
    "epoch_12": {
      "ndcg": 0.10333412140607834,
      "jsd": 0.15870293974876404,
      "ndcg_usergroup_1": 0.1499987095594406,
      "jsd_usergroup_1": 0.08911029994487762,
      "ndcg_usergroup_2": 0.09469452500343323,
      "jsd_usergroup_2": 0.1682273894548416,
      "ndcg_usergroup_3": 0.08258549869060516,
      "jsd_usergroup_3": 0.19972534477710724
    },
    "epoch_13": {
      "ndcg": 0.1016370877623558,
      "jsd": 0.15646864473819733,
      "ndcg_usergroup_1": 0.14779436588287354,
      "jsd_usergroup_1": 0.08833487331867218,
      "ndcg_usergroup_2": 0.09319256246089935,
      "jsd_usergroup_2": 0.16651391983032227,
      "ndcg_usergroup_3": 0.08081059157848358,
      "jsd_usergroup_3": 0.19446983933448792
    },
    "epoch_14": {
      "ndcg": 0.10048072785139084,
      "jsd": 0.15347881615161896,
      "ndcg_usergroup_1": 0.14714212715625763,
      "jsd_usergroup_1": 0.0873989537358284,
      "ndcg_usergroup_2": 0.09221747517585754,
      "jsd_usergroup_2": 0.16364742815494537,
      "ndcg_usergroup_3": 0.07860641181468964,
      "jsd_usergroup_3": 0.1890561878681183
    },
    "epoch_15": {
      "ndcg": 0.099404476583004,
      "jsd": 0.15133996307849884,
      "ndcg_usergroup_1": 0.14531570672988892,
      "jsd_usergroup_1": 0.08734702318906784,
      "ndcg_usergroup_2": 0.09158265590667725,
      "jsd_usergroup_2": 0.1618974357843399,
      "ndcg_usergroup_3": 0.07695616036653519,
      "jsd_usergroup_3": 0.18366388976573944
    },
    "epoch_16": {
      "ndcg": 0.09840796887874603,
      "jsd": 0.1487560272216797,
      "ndcg_usergroup_1": 0.14523743093013763,
      "jsd_usergroup_1": 0.08671283721923828,
      "ndcg_usergroup_2": 0.0907258465886116,
      "jsd_usergroup_2": 0.1596987247467041,
      "ndcg_usergroup_3": 0.07462239265441895,
      "jsd_usergroup_3": 0.17797471582889557
    },
    "epoch_17": {
      "ndcg": 0.09780124574899673,
      "jsd": 0.14679796993732452,
      "ndcg_usergroup_1": 0.14334380626678467,
      "jsd_usergroup_1": 0.08715292066335678,
      "ndcg_usergroup_2": 0.09051964432001114,
      "jsd_usergroup_2": 0.15823617577552795,
      "ndcg_usergroup_3": 0.07410115003585815,
      "jsd_usergroup_3": 0.17213208973407745
    },
    "epoch_18": {
      "ndcg": 0.09692490845918655,
      "jsd": 0.14480268955230713,
      "ndcg_usergroup_1": 0.1435173600912094,
      "jsd_usergroup_1": 0.08630272001028061,
      "ndcg_usergroup_2": 0.08935217559337616,
      "jsd_usergroup_2": 0.15669116377830505,
      "ndcg_usergroup_3": 0.0730481892824173,
      "jsd_usergroup_3": 0.16764110326766968
    },
    "epoch_19": {
      "ndcg": 0.09668628126382828,
      "jsd": 0.14340579509735107,
      "ndcg_usergroup_1": 0.14195598661899567,
      "jsd_usergroup_1": 0.0871889665722847,
      "ndcg_usergroup_2": 0.08917852491140366,
      "jsd_usergroup_2": 0.15550939738750458,
      "ndcg_usergroup_3": 0.07393736392259598,
      "jsd_usergroup_3": 0.1633158028125763
    },
    "epoch_20": {
      "ndcg": 0.09548277407884598,
      "jsd": 0.14152836799621582,
      "ndcg_usergroup_1": 0.14125587046146393,
      "jsd_usergroup_1": 0.08704392611980438,
      "ndcg_usergroup_2": 0.08790174871683121,
      "jsd_usergroup_2": 0.15374907851219177,
      "ndcg_usergroup_3": 0.07245027273893356,
      "jsd_usergroup_3": 0.15935468673706055
    },
    "epoch_21": {
      "ndcg": 0.0962047427892685,
      "jsd": 0.13828076422214508,
      "ndcg_usergroup_1": 0.1422419250011444,
      "jsd_usergroup_1": 0.08420456945896149,
      "ndcg_usergroup_2": 0.08876267820596695,
      "jsd_usergroup_2": 0.1508365422487259,
      "ndcg_usergroup_3": 0.072491355240345,
      "jsd_usergroup_3": 0.15469375252723694
    },
    "epoch_22": {
      "ndcg": 0.09562680125236511,
      "jsd": 0.13752715289592743,
      "ndcg_usergroup_1": 0.1425032764673233,
      "jsd_usergroup_1": 0.08524643629789352,
      "ndcg_usergroup_2": 0.08815999329090118,
      "jsd_usergroup_2": 0.15032313764095306,
      "ndcg_usergroup_3": 0.07114832103252411,
      "jsd_usergroup_3": 0.1514241248369217
    },
    "epoch_23": {
      "ndcg": 0.09498237073421478,
      "jsd": 0.13747632503509521,
      "ndcg_usergroup_1": 0.13964520394802094,
      "jsd_usergroup_1": 0.08707728981971741,
      "ndcg_usergroup_2": 0.08756771683692932,
      "jsd_usergroup_2": 0.15020498633384705,
      "ndcg_usergroup_3": 0.0725611075758934,
      "jsd_usergroup_3": 0.1496935337781906
    },
    "epoch_24": {
      "ndcg": 0.09453018009662628,
      "jsd": 0.13533912599086761,
      "ndcg_usergroup_1": 0.1405864804983139,
      "jsd_usergroup_1": 0.08611760288476944,
      "ndcg_usergroup_2": 0.08723105490207672,
      "jsd_usergroup_2": 0.14853009581565857,
      "ndcg_usergroup_3": 0.07036890089511871,
      "jsd_usergroup_3": 0.1449921429157257
    },
    "epoch_25": {
      "ndcg": 0.09430526942014694,
      "jsd": 0.13494262099266052,
      "ndcg_usergroup_1": 0.13827279210090637,
      "jsd_usergroup_1": 0.0873284861445427,
      "ndcg_usergroup_2": 0.08728933334350586,
      "jsd_usergroup_2": 0.14801621437072754,
      "ndcg_usergroup_3": 0.07138325273990631,
      "jsd_usergroup_3": 0.14334024488925934
    },
    "epoch_26": {
      "ndcg": 0.0938824787735939,
      "jsd": 0.13385839760303497,
      "ndcg_usergroup_1": 0.13949048519134521,
      "jsd_usergroup_1": 0.0859883576631546,
      "ndcg_usergroup_2": 0.0864257737994194,
      "jsd_usergroup_2": 0.14728203415870667,
      "ndcg_usergroup_3": 0.07064218074083328,
      "jsd_usergroup_3": 0.14146196842193604
    },
    "epoch_27": {
      "ndcg": 0.09380942583084106,
      "jsd": 0.13368037343025208,
      "ndcg_usergroup_1": 0.1375533789396286,
      "jsd_usergroup_1": 0.08828840404748917,
      "ndcg_usergroup_2": 0.08644890040159225,
      "jsd_usergroup_2": 0.1469307690858841,
      "ndcg_usergroup_3": 0.07214464247226715,
      "jsd_usergroup_3": 0.1393255740404129
    },
    "epoch_28": {
      "ndcg": 0.09304426610469818,
      "jsd": 0.13235528767108917,
      "ndcg_usergroup_1": 0.13831737637519836,
      "jsd_usergroup_1": 0.08704233169555664,