{"base_recommendations": {"ndcg": 0.14531244337558746, "jsd": 0.1674375683069229}, "postprocessed": {}, "finetuned": {"epoch_1": {"ndcg": 0.14337177574634552, "jsd": 0.1682955026626587}, "epoch_12": {"ndcg": 0.07513993978500366, "jsd": 0.16674289107322693}, "epoch_13": {"ndcg": 0.06870467215776443, "jsd": 0.1624632179737091}, "epoch_14": {"ndcg": 0.062436334788799286, "jsd": 0.1573091447353363}, "epoch_15": {"ndcg": 0.0564100481569767, "jsd": 0.15191787481307983}, "epoch_16": {"ndcg": 0.05090511217713356, "jsd": 0.1460040658712387}, "epoch_17": {"ndcg": 0.046184051781892776, "jsd": 0.14000551402568817}, "epoch_18": {"ndcg": 0.041839148849248886, "jsd": 0.13293759524822235}, "epoch_19": {"ndcg": 0.038616400212049484, "jsd": 0.1259576827287674}, "epoch_20": {"ndcg": 0.036035891622304916, "jsd": 0.11883712559938431}, "epoch_21": {"ndcg": 0.03430803492665291, "jsd": 0.11255402863025665}, "epoch_22": {"ndcg": 0.03329592943191528, "jsd": 0.1067410409450531}, "epoch_23": {"ndcg": 0.032698921859264374, "jsd": 0.101585753262043}, "epoch_24": {"ndcg": 0.03274248167872429, "jsd": 0.09645535796880722}, "epoch_25": {"ndcg": 0.03277871757745743, "jsd": 0.09207116812467575}, "epoch_26": {"ndcg": 0.033803150057792664, "jsd": 0.0885811522603035}, "epoch_27": {"ndcg": 0.03474588319659233, "jsd": 0.08548072725534439}, "epoch_28": {"ndcg": 0.03638092800974846, "jsd": 0.0835171714425087}, "epoch_29": {"ndcg": 0.03706587851047516, "jsd": 0.08149102330207825}, "epoch_30": {"ndcg": 0.039624907076358795, "jsd": 0.08091650903224945}, "epoch_31": {"ndcg": 0.04053827375173569, "jsd": 0.08011723309755325}, "epoch_41": {"ndcg": 0.05506303906440735, "jsd": 0.07947003096342087}}}