{
  "base_recommendations": {
    "ndcg": 0.14531244337558746,
    "jsd": 0.1674375683069229,
    "ndcg_usergroup_1": 0.19628708064556122,
    "jsd_usergroup_1": 0.14693795144557953,
    "ndcg_usergroup_2": 0.13007476925849915,
    "jsd_usergroup_2": 0.1748277097940445,
    "ndcg_usergroup_3": 0.1400458961725235,
    "jsd_usergroup_3": 0.16576915979385376
  },
  "postprocessed": {},
  "finetuned": {
    "epoch_1": {
      "ndcg": 0.14302627742290497,
      "jsd": 0.1496002972126007,
      "ndcg_usergroup_1": 0.18989834189414978,
      "jsd_usergroup_1": 0.11718582361936569,
      "ndcg_usergroup_2": 0.12811781466007233,
      "jsd_usergroup_2": 0.15849702060222626,
      "ndcg_usergroup_3": 0.1408746987581253,
      "jsd_usergroup_3": 0.1553274691104889
    },
    "epoch_2": {
      "ndcg": 0.1360306441783905,
      "jsd": 0.13808709383010864,
      "ndcg_usergroup_1": 0.17699648439884186,
      "jsd_usergroup_1": 0.09997610002756119,
      "ndcg_usergroup_2": 0.12169202417135239,
      "jsd_usergroup_2": 0.14886318147182465,
      "ndcg_usergroup_3": 0.13807596266269684,
      "jsd_usergroup_3": 0.14387337863445282
    },
    "epoch_3": {
      "ndcg": 0.12947547435760498,
      "jsd": 0.13312450051307678,
      "ndcg_usergroup_1": 0.16694222390651703,
      "jsd_usergroup_1": 0.09523527324199677,
      "ndcg_usergroup_2": 0.11571431159973145,
      "jsd_usergroup_2": 0.1452314853668213,
      "ndcg_usergroup_3": 0.133287712931633,
      "jsd_usergroup_3": 0.13469673693180084
    },
    "epoch_4": {
      "ndcg": 0.12451829016208649,
      "jsd": 0.12977100908756256,
      "ndcg_usergroup_1": 0.1610010862350464,
      "jsd_usergroup_1": 0.09297332912683487,
      "ndcg_usergroup_2": 0.11097674071788788,
      "jsd_usergroup_2": 0.14264512062072754,
      "ndcg_usergroup_3": 0.12865570187568665,
      "jsd_usergroup_3": 0.12795057892799377
    },
    "epoch_5": {
      "ndcg": 0.12102307379245758,
      "jsd": 0.12757033109664917,
      "ndcg_usergroup_1": 0.1571207046508789,
      "jsd_usergroup_1": 0.0920998826622963,
      "ndcg_usergroup_2": 0.10806168615818024,
      "jsd_usergroup_2": 0.14080668985843658,
      "ndcg_usergroup_3": 0.12380538135766983,
      "jsd_usergroup_3": 0.12333601713180542
    },
    "epoch_6": {
      "ndcg": 0.11864441633224487,
      "jsd": 0.12568995356559753,
      "ndcg_usergroup_1": 0.15633456408977509,
      "jsd_usergroup_1": 0.09073656052350998,
      "ndcg_usergroup_2": 0.10546008497476578,
      "jsd_usergroup_2": 0.13939020037651062,
      "ndcg_usergroup_3": 0.12050295621156693,
      "jsd_usergroup_3": 0.11954711377620697
    },
    "epoch_7": {
      "ndcg": 0.11708345264196396,
      "jsd": 0.12434740364551544,
      "ndcg_usergroup_1": 0.15615712106227875,
      "jsd_usergroup_1": 0.09006550163030624,
      "ndcg_usergroup_2": 0.1037495955824852,
      "jsd_usergroup_2": 0.13829156756401062,
      "ndcg_usergroup_3": 0.11800702661275864,
      "jsd_usergroup_3": 0.11680137366056442
    },
    "epoch_8": {
      "ndcg": 0.11542244255542755,
      "jsd": 0.12348512560129166,
      "ndcg_usergroup_1": 0.1554454267024994,
      "jsd_usergroup_1": 0.08888767659664154,
      "ndcg_usergroup_2": 0.10229439288377762,
      "jsd_usergroup_2": 0.1378728300333023,
      "ndcg_usergroup_3": 0.11477931588888168,
      "jsd_usergroup_3": 0.11492421478033066
    },
    "epoch_9": {
      "ndcg": 0.1142670288681984,
      "jsd": 0.12296213209629059,
      "ndcg_usergroup_1": 0.15609033405780792,
      "jsd_usergroup_1": 0.08793136477470398,
      "ndcg_usergroup_2": 0.10098985582590103,
      "jsd_usergroup_2": 0.1375167965888977,
      "ndcg_usergroup_3": 0.11227093636989594,
      "jsd_usergroup_3": 0.1143336296081543
    },
    "epoch_10": {
      "ndcg": 0.11323688179254532,
      "jsd": 0.12275941669940948,
      "ndcg_usergroup_1": 0.15695123374462128,
      "jsd_usergroup_1": 0.08709967881441116,
      "ndcg_usergroup_2": 0.09975716471672058,
      "jsd_usergroup_2": 0.13759329915046692,
      "ndcg_usergroup_3": 0.1099572628736496,
      "jsd_usergroup_3": 0.11392241716384888
    },
    "epoch_11": {
      "ndcg": 0.1122739240527153,
      "jsd": 0.12264249473810196,
      "ndcg_usergroup_1": 0.15678580105304718,
      "jsd_usergroup_1": 0.08633162081241608,
      "ndcg_usergroup_2": 0.09920527786016464,
      "jsd_usergroup_2": 0.13756681978702545,
      "ndcg_usergroup_3": 0.10696373134851456,
      "jsd_usergroup_3": 0.11418525129556656
    },
    "epoch_35": {
      "ndcg": 0.10426643490791321,
      "jsd": 0.1226397454738617,
      "ndcg_usergroup_1": 0.1752510368824005,
      "jsd_usergroup_1": 0.09812996536493301,
      "ndcg_usergroup_2": 0.09113480150699615,
      "jsd_usergroup_2": 0.14027541875839233,
      "ndcg_usergroup_3": 0.07267244160175323,
      "jsd_usergroup_3": 0.09424824267625809
    },
    "epoch_36": {
      "ndcg": 0.10327950865030289,
      "jsd": 0.1224500834941864,
      "ndcg_usergroup_1": 0.17391186952590942,
      "jsd_usergroup_1": 0.09980358928442001,
      "ndcg_usergroup_2": 0.09047164022922516,
      "jsd_usergroup_2": 0.14049866795539856,
      "ndcg_usergroup_3": 0.07106658071279526,
      "jsd_usergroup_3": 0.09095674753189087
    },
    "epoch_38": {
      "ndcg": 0.10290556401014328,
      "jsd": 0.12179353833198547,
      "ndcg_usergroup_1": 0.1735546886920929,
      "jsd_usergroup_1": 0.10259532928466797,
      "ndcg_usergroup_2": 0.09034300595521927,
      "jsd_usergroup_2": 0.1391143649816513,
      "ndcg_usergroup_3": 0.06994003802537918,
      "jsd_usergroup_3": 0.08903495967388153
    }
  }
}