{
  "base_recommendations": {
    "ndcg": 0.14531244337558746,
    "jsd": 0.16742733120918274,
    "ndcg_usergroup_1": 0.19628708064556122,
    "jsd_usergroup_1": 0.146896630525589,
    "ndcg_usergroup_2": 0.13007476925849915,
    "jsd_usergroup_2": 0.1748340129852295,
    "ndcg_usergroup_3": 0.1400458961725235,
    "jsd_usergroup_3": 0.16574043035507202
  },
  "postprocessed": {},
  "finetuned": {
    "epoch_1": {
      "ndcg": 0.1375541239976883,
      "jsd": 0.13756151497364044,
      "ndcg_usergroup_1": 0.18415892124176025,
      "jsd_usergroup_1": 0.1056104302406311,
      "ndcg_usergroup_2": 0.12228263914585114,
      "jsd_usergroup_2": 0.1486097127199173,
      "ndcg_usergroup_3": 0.13675881922245026,
      "jsd_usergroup_3": 0.13637158274650574
    },
    "epoch_2": {
      "ndcg": 0.12953311204910278,
      "jsd": 0.12881223857402802,
      "ndcg_usergroup_1": 0.1752629280090332,
      "jsd_usergroup_1": 0.09307505935430527,
      "ndcg_usergroup_2": 0.11510643362998962,
      "jsd_usergroup_2": 0.14220480620861053,
      "ndcg_usergroup_3": 0.12707862257957458,
      "jsd_usergroup_3": 0.12437603622674942
    },
    "epoch_3": {
      "ndcg": 0.12574294209480286,
      "jsd": 0.12412068992853165,
      "ndcg_usergroup_1": 0.17300228774547577,
      "jsd_usergroup_1": 0.08611173182725906,
      "ndcg_usergroup_2": 0.11199268698692322,
      "jsd_usergroup_2": 0.1385759711265564,
      "ndcg_usergroup_3": 0.11972988396883011,
      "jsd_usergroup_3": 0.11876852065324783
    },
    "epoch_4": {
      "ndcg": 0.12361529469490051,
      "jsd": 0.1228317841887474,
      "ndcg_usergroup_1": 0.17330658435821533,
      "jsd_usergroup_1": 0.08590159565210342,
      "ndcg_usergroup_2": 0.11018150299787521,
      "jsd_usergroup_2": 0.1379498541355133,
      "ndcg_usergroup_3": 0.11422099173069,
      "jsd_usergroup_3": 0.11441272497177124
    },
    "epoch_5": {
      "ndcg": 0.12178292125463486,
      "jsd": 0.12043047696352005,
      "ndcg_usergroup_1": 0.1725403070449829,
      "jsd_usergroup_1": 0.08524224162101746,
      "ndcg_usergroup_2": 0.10968124866485596,
      "jsd_usergroup_2": 0.1352771520614624,
      "ndcg_usergroup_3": 0.10732662677764893,
      "jsd_usergroup_3": 0.11108354479074478
    },
    "epoch_6": {
      "ndcg": 0.11886285990476608,
      "jsd": 0.12011978775262833,
      "ndcg_usergroup_1": 0.17180801928043365,
      "jsd_usergroup_1": 0.08643825352191925,
      "ndcg_usergroup_2": 0.1061251312494278,
      "jsd_usergroup_2": 0.13555456697940826,
      "ndcg_usergroup_3": 0.10412672907114029,
      "jsd_usergroup_3": 0.1075020506978035
    },
    "epoch_7": {
      "ndcg": 0.11696352809667587,
      "jsd": 0.11925986409187317,
      "ndcg_usergroup_1": 0.16931040585041046,
      "jsd_usergroup_1": 0.08698299527168274,
      "ndcg_usergroup_2": 0.10546316206455231,
      "jsd_usergroup_2": 0.13416217267513275,
      "ndcg_usergroup_3": 0.09911401569843292,
      "jsd_usergroup_3": 0.10683466494083405
    },
    "epoch_12": {
      "ndcg": 0.10640124976634979,
      "jsd": 0.11916986852884293,
      "ndcg_usergroup_1": 0.15593184530735016,
      "jsd_usergroup_1": 0.09052004665136337,
      "ndcg_usergroup_2": 0.09546925127506256,
      "jsd_usergroup_2": 0.13372012972831726,
      "ndcg_usergroup_3": 0.08966313302516937,
      "jsd_usergroup_3": 0.10417371988296509
    },
    "epoch_14": {
      "ndcg": 0.1025271862745285,
      "jsd": 0.11854448169469833,
      "ndcg_usergroup_1": 0.14943109452724457,
      "jsd_usergroup_1": 0.09212461113929749,
      "ndcg_usergroup_2": 0.09268619120121002,
      "jsd_usergroup_2": 0.13257357478141785,
      "ndcg_usergroup_3": 0.085143081843853,
      "jsd_usergroup_3": 0.10288169980049133
    },
    "epoch_18": {
      "ndcg": 0.0968869999051094,
      "jsd": 0.11788807064294815,
      "ndcg_usergroup_1": 0.13893206417560577,
      "jsd_usergroup_1": 0.09062691777944565,
      "ndcg_usergroup_2": 0.08748109638690948,
      "jsd_usergroup_2": 0.13211198151111603,
      "ndcg_usergroup_3": 0.08305662870407104,
      "jsd_usergroup_3": 0.1024821475148201
    },
    "epoch_21": {
      "ndcg": 0.09627584367990494,
      "jsd": 0.11735185235738754,
      "ndcg_usergroup_1": 0.13676752150058746,
      "jsd_usergroup_1": 0.0896032527089119,
      "ndcg_usergroup_2": 0.08655352890491486,
      "jsd_usergroup_2": 0.1318954974412918,
      "ndcg_usergroup_3": 0.08494795113801956,
      "jsd_usergroup_3": 0.10147425532341003
    }
  }
}