{
  "base_recommendations": {
    "ndcg": 0.14531244337558746,
    "jsd": 0.16742733120918274,
    "ndcg_usergroup_1": 0.19628708064556122,
    "jsd_usergroup_1": 0.146896630525589,
    "ndcg_usergroup_2": 0.13007476925849915,
    "jsd_usergroup_2": 0.1748340129852295,
    "ndcg_usergroup_3": 0.1400458961725235,
    "jsd_usergroup_3": 0.16574043035507202
  },
  "postprocessed": {},
  "finetuned": {
    "epoch_1": {
      "ndcg": 0.1446623057126999,
      "jsd": 0.1647748351097107,
      "ndcg_usergroup_1": 0.19603531062602997,
      "jsd_usergroup_1": 0.13934430480003357,
      "ndcg_usergroup_2": 0.12951359152793884,
      "jsd_usergroup_2": 0.17254701256752014,
      "ndcg_usergroup_3": 0.13873045146465302,
      "jsd_usergroup_3": 0.16689139604568481
    },
    "epoch_2": {
      "ndcg": 0.1432802528142929,
      "jsd": 0.16101813316345215,
      "ndcg_usergroup_1": 0.19516395032405853,
      "jsd_usergroup_1": 0.12976308166980743,
      "ndcg_usergroup_2": 0.12819041311740875,
      "jsd_usergroup_2": 0.16890768706798553,
      "ndcg_usergroup_3": 0.13666120171546936,
      "jsd_usergroup_3": 0.16860708594322205
    },
    "epoch_3": {
      "ndcg": 0.14135931432247162,
      "jsd": 0.15802811086177826,
      "ndcg_usergroup_1": 0.19310830533504486,
      "jsd_usergroup_1": 0.12074393779039383,
      "ndcg_usergroup_2": 0.12650646269321442,
      "jsd_usergroup_2": 0.16647981107234955,
      "ndcg_usergroup_3": 0.13416403532028198,
      "jsd_usergroup_3": 0.16995997726917267
    },
    "epoch_4": {
      "ndcg": 0.13918860256671906,
      "jsd": 0.155427485704422,
      "ndcg_usergroup_1": 0.19051147997379303,
      "jsd_usergroup_1": 0.11355028301477432,
      "ndcg_usergroup_2": 0.12462266534566879,
      "jsd_usergroup_2": 0.16421201825141907,
      "ndcg_usergroup_3": 0.13155882060527802,
      "jsd_usergroup_3": 0.17095401883125305
    },
    "epoch_5": {
      "ndcg": 0.1375822126865387,
      "jsd": 0.15372319519519806,
      "ndcg_usergroup_1": 0.18805405497550964,
      "jsd_usergroup_1": 0.10870274901390076,
      "ndcg_usergroup_2": 0.12372250854969025,
      "jsd_usergroup_2": 0.16280578076839447,
      "ndcg_usergroup_3": 0.12868496775627136,
      "jsd_usergroup_3": 0.17149876058101654
    },
    "epoch_6": {
      "ndcg": 0.1357700526714325,
      "jsd": 0.1520892232656479,
      "ndcg_usergroup_1": 0.18611282110214233,
      "jsd_usergroup_1": 0.10500029474496841,
      "ndcg_usergroup_2": 0.12199059128761292,
      "jsd_usergroup_2": 0.16145484149456024,
      "ndcg_usergroup_3": 0.12676116824150085,
      "jsd_usergroup_3": 0.17108432948589325
    },
    "epoch_7": {
      "ndcg": 0.13459210097789764,
      "jsd": 0.15054814517498016,
      "ndcg_usergroup_1": 0.18373702466487885,
      "jsd_usergroup_1": 0.10222115367650986,
      "ndcg_usergroup_2": 0.12136062234640121,
      "jsd_usergroup_2": 0.16008929908275604,
      "ndcg_usergroup_3": 0.1251373291015625,
      "jsd_usergroup_3": 0.17025475203990936
    },
    "epoch_8": {
      "ndcg": 0.13298799097537994,
      "jsd": 0.14966565370559692,
      "ndcg_usergroup_1": 0.18125207722187042,
      "jsd_usergroup_1": 0.10052148997783661,
      "ndcg_usergroup_2": 0.12030431628227234,
      "jsd_usergroup_2": 0.1595998853445053,
      "ndcg_usergroup_3": 0.1227707490324974,
      "jsd_usergroup_3": 0.16901032626628876
    },
    "epoch_9": {
      "ndcg": 0.13223834335803986,
      "jsd": 0.14876879751682281,
      "ndcg_usergroup_1": 0.18006815016269684,
      "jsd_usergroup_1": 0.09907789528369904,
      "ndcg_usergroup_2": 0.11962525546550751,
      "jsd_usergroup_2": 0.1588813215494156,
      "ndcg_usergroup_3": 0.12224366515874863,
      "jsd_usergroup_3": 0.16812542080879211
    },
    "epoch_10": {
      "ndcg": 0.13122224807739258,
      "jsd": 0.1481274664402008,
      "ndcg_usergroup_1": 0.17828169465065002,
      "jsd_usergroup_1": 0.09861714392900467,
      "ndcg_usergroup_2": 0.1188594326376915,
      "jsd_usergroup_2": 0.15851111710071564,
      "ndcg_usergroup_3": 0.12124721705913544,
      "jsd_usergroup_3": 0.16649015247821808
    },
    "epoch_11": {
      "ndcg": 0.13052906095981598,
      "jsd": 0.14751583337783813,
      "ndcg_usergroup_1": 0.17645637691020966,
      "jsd_usergroup_1": 0.09737971425056458,
      "ndcg_usergroup_2": 0.11838274449110031,
      "jsd_usergroup_2": 0.15830864012241364,
      "ndcg_usergroup_3": 0.12103672325611115,
      "jsd_usergroup_3": 0.16527709364891052
    },
    "epoch_12": {
      "ndcg": 0.12987259030342102,
      "jsd": 0.1470717489719391,
      "ndcg_usergroup_1": 0.17486758530139923,
      "jsd_usergroup_1": 0.09761711955070496,
      "ndcg_usergroup_2": 0.11792784929275513,
      "jsd_usergroup_2": 0.15772943198680878,
      "ndcg_usergroup_3": 0.12070789933204651,
      "jsd_usergroup_3": 0.16455689072608948
    },
    "epoch_13": {
      "ndcg": 0.12904001772403717,
      "jsd": 0.14662152528762817,
      "ndcg_usergroup_1": 0.17360490560531616,
      "jsd_usergroup_1": 0.09638429433107376,
      "ndcg_usergroup_2": 0.11727931350469589,
      "jsd_usergroup_2": 0.15768341720104218,
      "ndcg_usergroup_3": 0.11975345015525818,
      "jsd_usergroup_3": 0.16367672383785248
    },
    "epoch_14": {
      "ndcg": 0.1282970905303955,
      "jsd": 0.14627481997013092,
      "ndcg_usergroup_1": 0.17251144349575043,
      "jsd_usergroup_1": 0.0966065376996994,
      "ndcg_usergroup_2": 0.11646345257759094,
      "jsd_usergroup_2": 0.1573488414287567,
      "ndcg_usergroup_3": 0.1195797547698021,
      "jsd_usergroup_3": 0.16272474825382233
    },
    "epoch_15": {
      "ndcg": 0.12792164087295532,
      "jsd": 0.1461402177810669,
      "ndcg_usergroup_1": 0.17160047590732574,
      "jsd_usergroup_1": 0.09605693072080612,
      "ndcg_usergroup_2": 0.11626846343278885,
      "jsd_usergroup_2": 0.157250314950943,
      "ndcg_usergroup_3": 0.11919854581356049,
      "jsd_usergroup_3": 0.16289687156677246
    },
    "epoch_16": {
      "ndcg": 0.12702468037605286,
      "jsd": 0.14584586024284363,
      "ndcg_usergroup_1": 0.17027173936367035,
      "jsd_usergroup_1": 0.0963435098528862,
      "ndcg_usergroup_2": 0.11575773358345032,
      "jsd_usergroup_2": 0.15696312487125397,
      "ndcg_usergroup_3": 0.1175747960805893,
      "jsd_usergroup_3": 0.16200008988380432
    },
    "epoch_17": {
      "ndcg": 0.12666648626327515,
      "jsd": 0.14566907286643982,
      "ndcg_usergroup_1": 0.16952723264694214,
      "jsd_usergroup_1": 0.09564187377691269,
      "ndcg_usergroup_2": 0.1149512454867363,
      "jsd_usergroup_2": 0.15693901479244232,
      "ndcg_usergroup_3": 0.11894755810499191,
      "jsd_usergroup_3": 0.16189010441303253
    },
    "epoch_18": {
      "ndcg": 0.1260300874710083,
      "jsd": 0.14535576105117798,
      "ndcg_usergroup_1": 0.16751636564731598,
      "jsd_usergroup_1": 0.0959540605545044,
      "ndcg_usergroup_2": 0.11546501517295837,
      "jsd_usergroup_2": 0.15665273368358612,
      "ndcg_usergroup_3": 0.11623560637235641,
      "jsd_usergroup_3": 0.16087035834789276
    },
    "epoch_19": {
      "ndcg": 0.12566423416137695,
      "jsd": 0.14519089460372925,
      "ndcg_usergroup_1": 0.16789981722831726,
      "jsd_usergroup_1": 0.09542129933834076,
      "ndcg_usergroup_2": 0.11416757851839066,
      "jsd_usergroup_2": 0.15652373433113098,
      "ndcg_usergroup_3": 0.11791485548019409,
      "jsd_usergroup_3": 0.1609656810760498
    },
    "epoch_20": {
      "ndcg": 0.12476645410060883,
      "jsd": 0.14506302773952484,
      "ndcg_usergroup_1": 0.1666891723871231,
      "jsd_usergroup_1": 0.09557034820318222,
      "ndcg_usergroup_2": 0.11373396962881088,
      "jsd_usergroup_2": 0.15646344423294067,
      "ndcg_usergroup_3": 0.11593756824731827,
      "jsd_usergroup_3": 0.16035819053649902
    },
    "epoch_21": {
      "ndcg": 0.12513713538646698,
      "jsd": 0.1445307731628418,
      "ndcg_usergroup_1": 0.16616196930408478,
      "jsd_usergroup_1": 0.09467054903507233,