{
  "base_recommendations": {
    "ndcg": 0.14531244337558746,
    "jsd": 0.16742733120918274,
    "ndcg_usergroup_1": 0.19628708064556122,
    "jsd_usergroup_1": 0.146896630525589,
    "ndcg_usergroup_2": 0.13007476925849915,
    "jsd_usergroup_2": 0.1748340129852295,
    "ndcg_usergroup_3": 0.1400458961725235,
    "jsd_usergroup_3": 0.16574043035507202
  },
  "postprocessed": {},
  "finetuned": {
    "epoch_1": {
      "ndcg": 0.14347265660762787,
      "jsd": 0.16736210882663727,
      "ndcg_usergroup_1": 0.19422373175621033,
      "jsd_usergroup_1": 0.1420515477657318,
      "ndcg_usergroup_2": 0.12827779352664948,
      "jsd_usergroup_2": 0.17539440095424652,
      "ndcg_usergroup_3": 0.13830120861530304,
      "jsd_usergroup_3": 0.1685783714056015
    },
    "epoch_2": {
      "ndcg": 0.1404525190591812,
      "jsd": 0.16714425384998322,
      "ndcg_usergroup_1": 0.19065943360328674,
      "jsd_usergroup_1": 0.13433605432510376,
      "ndcg_usergroup_2": 0.12533189356327057,
      "jsd_usergroup_2": 0.17600958049297333,
      "ndcg_usergroup_3": 0.13560260832309723,
      "jsd_usergroup_3": 0.17335940897464752
    },
    "epoch_3": {
      "ndcg": 0.13634227216243744,
      "jsd": 0.166556715965271,
      "ndcg_usergroup_1": 0.18522603809833527,
      "jsd_usergroup_1": 0.12567809224128723,
      "ndcg_usergroup_2": 0.12162182480096817,
      "jsd_usergroup_2": 0.17641302943229675,
      "ndcg_usergroup_3": 0.13161501288414001,
      "jsd_usergroup_3": 0.17786958813667297
    },
    "epoch_4": {
      "ndcg": 0.1313859075307846,
      "jsd": 0.1658918708562851,
      "ndcg_usergroup_1": 0.1791626214981079,
      "jsd_usergroup_1": 0.11680633574724197,
      "ndcg_usergroup_2": 0.11699583381414413,
      "jsd_usergroup_2": 0.17698563635349274,
      "ndcg_usergroup_3": 0.12677475810050964,
      "jsd_usergroup_3": 0.1816996932029724
    },
    "epoch_5": {
      "ndcg": 0.12587633728981018,
      "jsd": 0.1653527021408081,
      "ndcg_usergroup_1": 0.17176049947738647,
      "jsd_usergroup_1": 0.1096828356385231,
      "ndcg_usergroup_2": 0.11203952878713608,
      "jsd_usergroup_2": 0.17717239260673523,
      "ndcg_usergroup_3": 0.12149810045957565,
      "jsd_usergroup_3": 0.18556736409664154
    },
    "epoch_6": {
      "ndcg": 0.12010540068149567,
      "jsd": 0.16447986662387848,
      "ndcg_usergroup_1": 0.163004070520401,
      "jsd_usergroup_1": 0.10311988741159439,
      "ndcg_usergroup_2": 0.10699980705976486,
      "jsd_usergroup_2": 0.17671331763267517,
      "ndcg_usergroup_3": 0.11651923507452011,
      "jsd_usergroup_3": 0.18914347887039185
    },
    "epoch_7": {
      "ndcg": 0.11402870714664459,
      "jsd": 0.16325969994068146,
      "ndcg_usergroup_1": 0.15365269780158997,
      "jsd_usergroup_1": 0.09830353409051895,
      "ndcg_usergroup_2": 0.1019139438867569,
      "jsd_usergroup_2": 0.1756696105003357,
      "ndcg_usergroup_3": 0.11074505746364594,
      "jsd_usergroup_3": 0.1909901648759842
    },
    "epoch_8": {
      "ndcg": 0.1072271540760994,
      "jsd": 0.16154658794403076,
      "ndcg_usergroup_1": 0.1436043679714203,
      "jsd_usergroup_1": 0.09379065781831741,
      "ndcg_usergroup_2": 0.09604812413454056,
      "jsd_usergroup_2": 0.17426113784313202,
      "ndcg_usergroup_3": 0.10438334941864014,
      "jsd_usergroup_3": 0.1911630630493164
    },
    "epoch_9": {
      "ndcg": 0.10087352991104126,
      "jsd": 0.15892574191093445,
      "ndcg_usergroup_1": 0.13432469964027405,
      "jsd_usergroup_1": 0.09039966017007828,
      "ndcg_usergroup_2": 0.09076710790395737,
      "jsd_usergroup_2": 0.17163601517677307,
      "ndcg_usergroup_3": 0.09773831814527512,
      "jsd_usergroup_3": 0.18932518362998962
    },
    "epoch_10": {
      "ndcg": 0.09393700212240219,
      "jsd": 0.1557537466287613,
      "ndcg_usergroup_1": 0.12344317883253098,
      "jsd_usergroup_1": 0.08787017315626144,
      "ndcg_usergroup_2": 0.08496400713920593,
      "jsd_usergroup_2": 0.16778042912483215,
      "ndcg_usergroup_3": 0.09134688228368759,
      "jsd_usergroup_3": 0.18756115436553955
    },
    "epoch_11": {
      "ndcg": 0.08681169897317886,
      "jsd": 0.1518591344356537,
      "ndcg_usergroup_1": 0.11316346377134323,
      "jsd_usergroup_1": 0.08602204918861389,
      "ndcg_usergroup_2": 0.07876794040203094,
      "jsd_usergroup_2": 0.1634994000196457,
      "ndcg_usergroup_3": 0.08458860218524933,
      "jsd_usergroup_3": 0.1827792376279831
    },
    "epoch_12": {
      "ndcg": 0.07992860674858093,
      "jsd": 0.14744843542575836,
      "ndcg_usergroup_1": 0.10386074334383011,
      "jsd_usergroup_1": 0.085003562271595,
      "ndcg_usergroup_2": 0.07273511588573456,
      "jsd_usergroup_2": 0.15821777284145355,
      "ndcg_usergroup_3": 0.07757459580898285,
      "jsd_usergroup_3": 0.17758877575397491
    },
    "epoch_13": {
      "ndcg": 0.0725679099559784,
      "jsd": 0.14256708323955536,
      "ndcg_usergroup_1": 0.09348957240581512,
      "jsd_usergroup_1": 0.08386614918708801,
      "ndcg_usergroup_2": 0.06628420948982239,
      "jsd_usergroup_2": 0.1524343341588974,
      "ndcg_usergroup_3": 0.07049529254436493,
      "jsd_usergroup_3": 0.171669602394104
    },
    "epoch_14": {
      "ndcg": 0.06561692804098129,
      "jsd": 0.13672113418579102,
      "ndcg_usergroup_1": 0.08462223410606384,
      "jsd_usergroup_1": 0.08287886530160904,
      "ndcg_usergroup_2": 0.06006212905049324,
      "jsd_usergroup_2": 0.14585134387016296,
      "ndcg_usergroup_3": 0.06327418237924576,
      "jsd_usergroup_3": 0.16317583620548248
    },
    "epoch_15": {
      "ndcg": 0.058839213103055954,
      "jsd": 0.1310085952281952,
      "ndcg_usergroup_1": 0.07598639279603958,
      "jsd_usergroup_1": 0.08211866766214371,
      "ndcg_usergroup_2": 0.05393800884485245,
      "jsd_usergroup_2": 0.13960571587085724,
      "ndcg_usergroup_3": 0.05639404058456421,
      "jsd_usergroup_3": 0.15410995483398438
    },
    "epoch_16": {
      "ndcg": 0.05272166430950165,
      "jsd": 0.12489704042673111,
      "ndcg_usergroup_1": 0.06906788796186447,
      "jsd_usergroup_1": 0.08156727254390717,
      "ndcg_usergroup_2": 0.04821809381246567,
      "jsd_usergroup_2": 0.13326139748096466,
      "ndcg_usergroup_3": 0.049884695559740067,
      "jsd_usergroup_3": 0.14313644170761108
    },
    "epoch_17": {
      "ndcg": 0.047023970633745193,
      "jsd": 0.11852726340293884,
      "ndcg_usergroup_1": 0.06332582235336304,
      "jsd_usergroup_1": 0.08041944354772568,
      "ndcg_usergroup_2": 0.04250071197748184,
      "jsd_usergroup_2": 0.1266760677099228,
      "ndcg_usergroup_3": 0.04429042339324951,
      "jsd_usergroup_3": 0.13219135999679565
    },
    "epoch_18": {
      "ndcg": 0.04169871285557747,
      "jsd": 0.11191640049219131,
      "ndcg_usergroup_1": 0.058005452156066895,
      "jsd_usergroup_1": 0.07883791625499725,
      "ndcg_usergroup_2": 0.03727085143327713,
      "jsd_usergroup_2": 0.11997562646865845,
      "ndcg_usergroup_3": 0.03867410123348236,
      "jsd_usergroup_3": 0.12081987410783768
    },
    "epoch_19": {
      "ndcg": 0.03700300306081772,
      "jsd": 0.10503674298524857,
      "ndcg_usergroup_1": 0.05373691767454147,
      "jsd_usergroup_1": 0.07686921209096909,
      "ndcg_usergroup_2": 0.032576266676187515,
      "jsd_usergroup_2": 0.1128830686211586,
      "ndcg_usergroup_3": 0.033547837287187576,
      "jsd_usergroup_3": 0.10966794192790985
    },
    "epoch_20": {
      "ndcg": 0.03333704546093941,
      "jsd": 0.09795041382312775,
      "ndcg_usergroup_1": 0.050587501376867294,
      "jsd_usergroup_1": 0.07432430237531662,
      "ndcg_usergroup_2": 0.02901706099510193,
      "jsd_usergroup_2": 0.106096550822258,
      "ndcg_usergroup_3": 0.02904512546956539,
      "jsd_usergroup_3": 0.09714080393314362
    },
    "epoch_21": {
      "ndcg": 0.03051503375172615,
      "jsd": 0.09232215583324432,
      "ndcg_usergroup_1": 0.04841277748346329,
      "jsd_usergroup_1": 0.07301857322454453,