{
  "base_recommendations": {
    "ndcg": 0.14531244337558746,
    "jsd": 0.16742733120918274,
    "ndcg_usergroup_1": 0.19628708064556122,
    "jsd_usergroup_1": 0.146896630525589,
    "ndcg_usergroup_2": 0.13007476925849915,
    "jsd_usergroup_2": 0.1748340129852295,
    "ndcg_usergroup_3": 0.1400458961725235,
    "jsd_usergroup_3": 0.16574043035507202
  },
  "postprocessed": {},
  "finetuned": {
    "epoch_1": {
      "ndcg": 0.11408933997154236,
      "jsd": 0.11406412720680237,
      "ndcg_usergroup_1": 0.1354360282421112,
      "jsd_usergroup_1": 0.09951474517583847,
      "ndcg_usergroup_2": 0.10245446115732193,
      "jsd_usergroup_2": 0.125922292470932,
      "ndcg_usergroup_3": 0.12764349579811096,
      "jsd_usergroup_3": 0.09304291009902954
    },
    "epoch_2": {
      "ndcg": 0.0827915146946907,
      "jsd": 0.1069273129105568,
      "ndcg_usergroup_1": 0.09519220888614655,
      "jsd_usergroup_1": 0.11164022982120514,
      "ndcg_usergroup_2": 0.07314892113208771,
      "jsd_usergroup_2": 0.11600816249847412,
      "ndcg_usergroup_3": 0.09931545704603195,
      "jsd_usergroup_3": 0.07497488707304001
    },
    "epoch_3": {
      "ndcg": 0.059769488871097565,
      "jsd": 0.10013318806886673,
      "ndcg_usergroup_1": 0.07317662239074707,
      "jsd_usergroup_1": 0.10713820159435272,
      "ndcg_usergroup_2": 0.05148608237504959,
      "jsd_usergroup_2": 0.10725412517786026,
      "ndcg_usergroup_3": 0.0712098628282547,
      "jsd_usergroup_3": 0.07176771759986877
    },
    "epoch_4": {
      "ndcg": 0.04462902620434761,
      "jsd": 0.09139268100261688,
      "ndcg_usergroup_1": 0.06052902340888977,
      "jsd_usergroup_1": 0.09834589809179306,
      "ndcg_usergroup_2": 0.03700213506817818,
      "jsd_usergroup_2": 0.09667986631393433,
      "ndcg_usergroup_3": 0.051607225090265274,
      "jsd_usergroup_3": 0.06857967376708984
    },
    "epoch_5": {
      "ndcg": 0.03575315326452255,
      "jsd": 0.08025843650102615,
      "ndcg_usergroup_1": 0.05514245107769966,
      "jsd_usergroup_1": 0.09006547927856445,
      "ndcg_usergroup_2": 0.028805384412407875,
      "jsd_usergroup_2": 0.08280076831579208,
      "ndcg_usergroup_3": 0.037204887717962265,
      "jsd_usergroup_3": 0.06282521784305573
    }
  }
}