{
  "base_recommendations": {
    "ndcg": 0.14531244337558746,
    "jsd": 0.16742733120918274,
    "ndcg_usergroup_1": 0.19628708064556122,
    "jsd_usergroup_1": 0.146896630525589,
    "ndcg_usergroup_2": 0.13007476925849915,
    "jsd_usergroup_2": 0.1748340129852295,
    "ndcg_usergroup_3": 0.1400458961725235,
    "jsd_usergroup_3": 0.16574043035507202
  },
  "postprocessed": {},
  "finetuned": {
    "epoch_1": {
      "ndcg": 0.12111330032348633,
      "jsd": 0.12436012178659439,
      "ndcg_usergroup_1": 0.15598617494106293,
      "jsd_usergroup_1": 0.0925116315484047,
      "ndcg_usergroup_2": 0.10794906318187714,
      "jsd_usergroup_2": 0.1376313716173172,
      "ndcg_usergroup_3": 0.12572883069515228,
      "jsd_usergroup_3": 0.11639919877052307
    },
    "epoch_2": {
      "ndcg": 0.09575290977954865,
      "jsd": 0.11617191135883331,
      "ndcg_usergroup_1": 0.12549376487731934,
      "jsd_usergroup_1": 0.09060092270374298,
      "ndcg_usergroup_2": 0.08480648696422577,
      "jsd_usergroup_2": 0.13034246861934662,
      "ndcg_usergroup_3": 0.09884772449731827,
      "jsd_usergroup_3": 0.09923584759235382
    },
    "epoch_3": {
      "ndcg": 0.0783534049987793,
      "jsd": 0.10737422108650208,
      "ndcg_usergroup_1": 0.11069897562265396,
      "jsd_usergroup_1": 0.08571787178516388,
      "ndcg_usergroup_2": 0.06843714416027069,
      "jsd_usergroup_2": 0.1213126927614212,
      "ndcg_usergroup_3": 0.07575339823961258,
      "jsd_usergroup_3": 0.08721975237131119
    },
    "epoch_4": {
      "ndcg": 0.06740090250968933,
      "jsd": 0.09860933572053909,
      "ndcg_usergroup_1": 0.10168693959712982,
      "jsd_usergroup_1": 0.07986094802618027,
      "ndcg_usergroup_2": 0.05847952887415886,
      "jsd_usergroup_2": 0.1114492118358612,
      "ndcg_usergroup_3": 0.059876080602407455,
      "jsd_usergroup_3": 0.07884231209754944
    },
    "epoch_5": {
      "ndcg": 0.06127375364303589,
      "jsd": 0.08831266313791275,
      "ndcg_usergroup_1": 0.09944337606430054,
      "jsd_usergroup_1": 0.07287346571683884,
      "ndcg_usergroup_2": 0.053452178835868835,
      "jsd_usergroup_2": 0.09974507242441177,
      "ndcg_usergroup_3": 0.04656631499528885,
      "jsd_usergroup_3": 0.06945841014385223
    },
    "epoch_6": {
      "ndcg": 0.059165164828300476,
      "jsd": 0.0795077458024025,
      "ndcg_usergroup_1": 0.10333459079265594,
      "jsd_usergroup_1": 0.06845518201589584,
      "ndcg_usergroup_2": 0.050690215080976486,
      "jsd_usergroup_2": 0.08926559239625931,
      "ndcg_usergroup_3": 0.040417835116386414,
      "jsd_usergroup_3": 0.0612899586558342
    },
    "epoch_7": {
      "ndcg": 0.0586639903485775,
      "jsd": 0.07516941428184509,
      "ndcg_usergroup_1": 0.10414395481348038,
      "jsd_usergroup_1": 0.06853613257408142,
      "ndcg_usergroup_2": 0.05042875558137894,
      "jsd_usergroup_2": 0.08281034976243973,
      "ndcg_usergroup_3": 0.037887029349803925,
      "jsd_usergroup_3": 0.058882370591163635
    }
  }
}