{
  "base_recommendations": {
    "ndcg": 0.14531244337558746,
    "jsd": 0.16742733120918274,
    "ndcg_usergroup_1": 0.19628708064556122,
    "jsd_usergroup_1": 0.146896630525589,
    "ndcg_usergroup_2": 0.13007476925849915,
    "jsd_usergroup_2": 0.1748340129852295,
    "ndcg_usergroup_3": 0.1400458961725235,
    "jsd_usergroup_3": 0.16574043035507202
  },
  "postprocessed": {},
  "finetuned": {
    "epoch_1": {
      "ndcg": 0.1371615082025528,
      "jsd": 0.13358373939990997,
      "ndcg_usergroup_1": 0.18208536505699158,
      "jsd_usergroup_1": 0.09869811683893204,
      "ndcg_usergroup_2": 0.1222706288099289,
      "jsd_usergroup_2": 0.14550600945949554,
      "ndcg_usergroup_3": 0.1369055211544037,
      "jsd_usergroup_3": 0.1327064484357834
    },
    "epoch_2": {
      "ndcg": 0.12872575223445892,
      "jsd": 0.12284696847200394,
      "ndcg_usergroup_1": 0.17162857949733734,
      "jsd_usergroup_1": 0.0854317769408226,
      "ndcg_usergroup_2": 0.11509452760219574,
      "jsd_usergroup_2": 0.13678611814975739,
      "ndcg_usergroup_3": 0.1267121285200119,
      "jsd_usergroup_3": 0.11844933032989502
    },
    "epoch_3": {
      "ndcg": 0.12502549588680267,
      "jsd": 0.11712612956762314,
      "ndcg_usergroup_1": 0.16887207329273224,
      "jsd_usergroup_1": 0.07898823171854019,
      "ndcg_usergroup_2": 0.11206886917352676,
      "jsd_usergroup_2": 0.13205572962760925,
      "ndcg_usergroup_3": 0.12004456669092178,
      "jsd_usergroup_3": 0.11048007756471634
    },
    "epoch_4": {
      "ndcg": 0.12296024709939957,
      "jsd": 0.11474990099668503,
      "ndcg_usergroup_1": 0.16950462758541107,
      "jsd_usergroup_1": 0.07904061675071716,
      "ndcg_usergroup_2": 0.11040237545967102,
      "jsd_usergroup_2": 0.13077126443386078,
      "ndcg_usergroup_3": 0.1140853762626648,
      "jsd_usergroup_3": 0.10240034013986588
    },
    "epoch_5": {
      "ndcg": 0.12052174657583237,
      "jsd": 0.11258577555418015,
      "ndcg_usergroup_1": 0.16781748831272125,
      "jsd_usergroup_1": 0.07961972802877426,
      "ndcg_usergroup_2": 0.10904689878225327,
      "jsd_usergroup_2": 0.12847962975502014,
      "ndcg_usergroup_3": 0.10764681547880173,
      "jsd_usergroup_3": 0.09787546843290329
    },
    "epoch_6": {
      "ndcg": 0.11760284006595612,
      "jsd": 0.1119864359498024,
      "ndcg_usergroup_1": 0.16826416552066803,
      "jsd_usergroup_1": 0.0812399685382843,
      "ndcg_usergroup_2": 0.10541798174381256,
      "jsd_usergroup_2": 0.1279878169298172,
      "ndcg_usergroup_3": 0.1034921407699585,
      "jsd_usergroup_3": 0.09473397582769394
    },
    "epoch_7": {
      "ndcg": 0.1149825006723404,
      "jsd": 0.11193250864744186,
      "ndcg_usergroup_1": 0.1636309176683426,
      "jsd_usergroup_1": 0.08186789602041245,
      "ndcg_usergroup_2": 0.10413116961717606,
      "jsd_usergroup_2": 0.1271142065525055,
      "ndcg_usergroup_3": 0.09888453036546707,
      "jsd_usergroup_3": 0.09645701199769974
    }
  }
}