{
  "base_recommendations": {
    "ndcg": 0.14531244337558746,
    "jsd": 0.16742733120918274,
    "ndcg_usergroup_1": 0.19628708064556122,
    "jsd_usergroup_1": 0.146896630525589,
    "ndcg_usergroup_2": 0.13007476925849915,
    "jsd_usergroup_2": 0.1748340129852295,
    "ndcg_usergroup_3": 0.1400458961725235,
    "jsd_usergroup_3": 0.16574043035507202
  },
  "postprocessed": {},
  "finetuned": {
    "epoch_1": {
      "ndcg": 0.1432134509086609,
      "jsd": 0.16848595440387726,
      "ndcg_usergroup_1": 0.19424116611480713,
      "jsd_usergroup_1": 0.14220941066741943,
      "ndcg_usergroup_2": 0.12797383964061737,
      "jsd_usergroup_2": 0.17682208120822906,
      "ndcg_usergroup_3": 0.13789960741996765,
      "jsd_usergroup_3": 0.16975684463977814
    },
    "epoch_10": {
      "ndcg": 0.09039957821369171,
      "jsd": 0.16719159483909607,
      "ndcg_usergroup_1": 0.12636025249958038,
      "jsd_usergroup_1": 0.09490755945444107,
      "ndcg_usergroup_2": 0.08132275938987732,
      "jsd_usergroup_2": 0.18017427623271942,
      "ndcg_usergroup_3": 0.08166640251874924,
      "jsd_usergroup_3": 0.20053181052207947
    },
    "epoch_11": {
      "ndcg": 0.08442506939172745,
      "jsd": 0.16311950981616974,
      "ndcg_usergroup_1": 0.11894997209310532,
      "jsd_usergroup_1": 0.09211011230945587,
      "ndcg_usergroup_2": 0.07632870227098465,
      "jsd_usergroup_2": 0.1761218160390854,
      "ndcg_usergroup_3": 0.07418663054704666,
      "jsd_usergroup_3": 0.19512628018856049
    },
    "epoch_12": {
      "ndcg": 0.07900805026292801,
      "jsd": 0.15792278945446014,
      "ndcg_usergroup_1": 0.11225924640893936,
      "jsd_usergroup_1": 0.08926233649253845,
      "ndcg_usergroup_2": 0.07171647995710373,
      "jsd_usergroup_2": 0.17059510946273804,
      "ndcg_usergroup_3": 0.06762919574975967,
      "jsd_usergroup_3": 0.1885705143213272
    },
    "epoch_13": {
      "ndcg": 0.07422010600566864,
      "jsd": 0.15188385546207428,
      "ndcg_usergroup_1": 0.10670720785856247,
      "jsd_usergroup_1": 0.08635800331830978,
      "ndcg_usergroup_2": 0.06756410002708435,
      "jsd_usergroup_2": 0.1644919365644455,
      "ndcg_usergroup_3": 0.06169881671667099,
      "jsd_usergroup_3": 0.17958953976631165
    },
    "epoch_14": {
      "ndcg": 0.06971621513366699,
      "jsd": 0.1457361876964569,
      "ndcg_usergroup_1": 0.10201440751552582,
      "jsd_usergroup_1": 0.08384478092193604,
      "ndcg_usergroup_2": 0.06357959657907486,
      "jsd_usergroup_2": 0.1581679880619049,
      "ndcg_usergroup_3": 0.055825863033533096,
      "jsd_usergroup_3": 0.17033633589744568
    },
    "epoch_15": {
      "ndcg": 0.06575840711593628,
      "jsd": 0.13927267491817474,
      "ndcg_usergroup_1": 0.09830453991889954,
      "jsd_usergroup_1": 0.08135336637496948,
      "ndcg_usergroup_2": 0.05979772284626961,
      "jsd_usergroup_2": 0.15169033408164978,
      "ndcg_usergroup_3": 0.051092397421598434,
      "jsd_usergroup_3": 0.1599431037902832
    },
    "epoch_16": {
      "ndcg": 0.06263871490955353,
      "jsd": 0.13327188789844513,
      "ndcg_usergroup_1": 0.09519889205694199,
      "jsd_usergroup_1": 0.08021334558725357,
      "ndcg_usergroup_2": 0.0570068322122097,
      "jsd_usergroup_2": 0.14557835459709167,
      "ndcg_usergroup_3": 0.0469723604619503,
      "jsd_usergroup_3": 0.1494150161743164
    },
    "epoch_17": {
      "ndcg": 0.059546928852796555,
      "jsd": 0.12695911526679993,
      "ndcg_usergroup_1": 0.09283440560102463,
      "jsd_usergroup_1": 0.07859038561582565,
      "ndcg_usergroup_2": 0.05396800488233566,
      "jsd_usergroup_2": 0.13950115442276,
      "ndcg_usergroup_3": 0.04299440234899521,
      "jsd_usergroup_3": 0.13770587742328644
    },
    "epoch_18": {
      "ndcg": 0.05738008767366409,
      "jsd": 0.12093035876750946,
      "ndcg_usergroup_1": 0.09166044741868973,
      "jsd_usergroup_1": 0.07813994586467743,
      "ndcg_usergroup_2": 0.05192039906978607,
      "jsd_usergroup_2": 0.13300609588623047,
      "ndcg_usergroup_3": 0.03947701305150986,
      "jsd_usergroup_3": 0.12749747931957245
    },
    "epoch_19": {
      "ndcg": 0.05527232214808464,
      "jsd": 0.11558007448911667,
      "ndcg_usergroup_1": 0.09037147462368011,
      "jsd_usergroup_1": 0.07663948088884354,
      "ndcg_usergroup_2": 0.049634721130132675,
      "jsd_usergroup_2": 0.12793096899986267,
      "ndcg_usergroup_3": 0.03708413243293762,
      "jsd_usergroup_3": 0.11747203022241592
    },
    "epoch_20": {
      "ndcg": 0.05375998839735985,
      "jsd": 0.11034511029720306,
      "ndcg_usergroup_1": 0.08955517411231995,
      "jsd_usergroup_1": 0.07751812040805817,
      "ndcg_usergroup_2": 0.04824570566415787,
      "jsd_usergroup_2": 0.12228177487850189,
      "ndcg_usergroup_3": 0.03450588136911392,
      "jsd_usergroup_3": 0.10736599564552307
    },
    "epoch_21": {
      "ndcg": 0.053199443966150284,
      "jsd": 0.10530073940753937,
      "ndcg_usergroup_1": 0.09003805369138718,
      "jsd_usergroup_1": 0.07474944740533829,
      "ndcg_usergroup_2": 0.04752535745501518,
      "jsd_usergroup_2": 0.11756111681461334,
      "ndcg_usergroup_3": 0.03338123485445976,
      "jsd_usergroup_3": 0.09907488524913788
    },
    "epoch_22": {
      "ndcg": 0.05283138528466225,
      "jsd": 0.10144392400979996,
      "ndcg_usergroup_1": 0.08984261006116867,
      "jsd_usergroup_1": 0.07529528439044952,
      "ndcg_usergroup_2": 0.047200772911310196,
      "jsd_usergroup_2": 0.11329292505979538,
      "ndcg_usergroup_3": 0.032710179686546326,
      "jsd_usergroup_3": 0.09204946458339691
    },
    "epoch_23": {
      "ndcg": 0.052620548754930496,
      "jsd": 0.09854339063167572,
      "ndcg_usergroup_1": 0.0910230502486229,
      "jsd_usergroup_1": 0.0761621743440628,
      "ndcg_usergroup_2": 0.04676198214292526,
      "jsd_usergroup_2": 0.11025237292051315,
      "ndcg_usergroup_3": 0.03179183602333069,
      "jsd_usergroup_3": 0.08580153435468674
    },
    "epoch_24": {
      "ndcg": 0.052358005195856094,
      "jsd": 0.0953771248459816,
      "ndcg_usergroup_1": 0.09159178286790848,
      "jsd_usergroup_1": 0.07628408819437027,
      "ndcg_usergroup_2": 0.04614423215389252,
      "jsd_usergroup_2": 0.10684895515441895,
      "ndcg_usergroup_3": 0.03176354616880417,
      "jsd_usergroup_3": 0.08005844056606293
    },
    "epoch_25": {
      "ndcg": 0.052956949919462204,
      "jsd": 0.09263529628515244,
      "ndcg_usergroup_1": 0.09293518960475922,
      "jsd_usergroup_1": 0.07594699412584305,
      "ndcg_usergroup_2": 0.04673510044813156,
      "jsd_usergroup_2": 0.10407213866710663,
      "ndcg_usergroup_3": 0.03164222836494446,
      "jsd_usergroup_3": 0.07501682639122009
    },
    "epoch_26": {
      "ndcg": 0.053237661719322205,
      "jsd": 0.0906568169593811,
      "ndcg_usergroup_1": 0.09331288188695908,
      "jsd_usergroup_1": 0.07714933902025223,
      "ndcg_usergroup_2": 0.04662188142538071,
      "jsd_usergroup_2": 0.1015104204416275,
      "ndcg_usergroup_3": 0.03300761058926582,
      "jsd_usergroup_3": 0.0716070756316185
    },
    "epoch_27": {
      "ndcg": 0.05371103063225746,
      "jsd": 0.08895966410636902,
      "ndcg_usergroup_1": 0.09451929479837418,
      "jsd_usergroup_1": 0.07750619202852249,
      "ndcg_usergroup_2": 0.04687592014670372,
      "jsd_usergroup_2": 0.09986037760972977,
      "ndcg_usergroup_3": 0.03340588137507439,
      "jsd_usergroup_3": 0.06771460920572281
    },
    "epoch_28": {
      "ndcg": 0.054640885442495346,
      "jsd": 0.0874188169836998,
      "ndcg_usergroup_1": 0.09598608314990997,
      "jsd_usergroup_1": 0.07893829047679901,
      "ndcg_usergroup_2": 0.04772363230586052,
      "jsd_usergroup_2": 0.09726692736148834,
      "ndcg_usergroup_3": 0.034045200794935226,
      "jsd_usergroup_3": 0.06635823100805283
    },
    "epoch_29": {
      "ndcg": 0.054870445281267166,
      "jsd": 0.08693905174732208,
      "ndcg_usergroup_1": 0.09706518799066544,