{
  "base_recommendations": {
    "ndcg": 0.14531244337558746,
    "jsd": 0.16742733120918274,
    "ndcg_usergroup_1": 0.19628708064556122,
    "jsd_usergroup_1": 0.146896630525589,
    "ndcg_usergroup_2": 0.13007476925849915,
    "jsd_usergroup_2": 0.1748340129852295,
    "ndcg_usergroup_3": 0.1400458961725235,
    "jsd_usergroup_3": 0.16574043035507202
  },
  "postprocessed": {},
  "finetuned": {
    "epoch_1": {
      "ndcg": 0.14396972954273224,
      "jsd": 0.14845415949821472,
      "ndcg_usergroup_1": 0.19186650216579437,
      "jsd_usergroup_1": 0.11608821153640747,
      "ndcg_usergroup_2": 0.1289898008108139,
      "jsd_usergroup_2": 0.15736570954322815,
      "ndcg_usergroup_3": 0.14100797474384308,
      "jsd_usergroup_3": 0.15408846735954285
    },
    "epoch_2": {
      "ndcg": 0.13925321400165558,
      "jsd": 0.1364816427230835,
      "ndcg_usergroup_1": 0.18109233677387238,
      "jsd_usergroup_1": 0.09722936153411865,
      "ndcg_usergroup_2": 0.1253121942281723,
      "jsd_usergroup_2": 0.14766556024551392,
      "ndcg_usergroup_3": 0.1392325758934021,
      "jsd_usergroup_3": 0.14218579232692719
    },
    "epoch_3": {
      "ndcg": 0.13501960039138794,
      "jsd": 0.1306266486644745,
      "ndcg_usergroup_1": 0.17426899075508118,
      "jsd_usergroup_1": 0.09086623787879944,
      "ndcg_usergroup_2": 0.12126076966524124,
      "jsd_usergroup_2": 0.14293932914733887,
      "ndcg_usergroup_3": 0.13704216480255127,
      "jsd_usergroup_3": 0.13345305621623993
    },
    "epoch_4": {
      "ndcg": 0.13233372569084167,
      "jsd": 0.12688739597797394,
      "ndcg_usergroup_1": 0.17073723673820496,
      "jsd_usergroup_1": 0.08786212652921677,
      "ndcg_usergroup_2": 0.11881162971258163,
      "jsd_usergroup_2": 0.13995130360126495,
      "ndcg_usergroup_3": 0.13449208438396454,
      "jsd_usergroup_3": 0.1267252266407013
    },
    "epoch_5": {
      "ndcg": 0.13053745031356812,
      "jsd": 0.1243763193488121,
      "ndcg_usergroup_1": 0.1690453141927719,
      "jsd_usergroup_1": 0.08579457551240921,
      "ndcg_usergroup_2": 0.11719843000173569,
      "jsd_usergroup_2": 0.13811355829238892,
      "ndcg_usergroup_3": 0.13204237818717957,
      "jsd_usergroup_3": 0.12175086885690689
    },
    "epoch_6": {
      "ndcg": 0.12956643104553223,
      "jsd": 0.12215125560760498,
      "ndcg_usergroup_1": 0.16887988150119781,
      "jsd_usergroup_1": 0.08435659855604172,
      "ndcg_usergroup_2": 0.11613152176141739,
      "jsd_usergroup_2": 0.13607364892959595,
      "ndcg_usergroup_3": 0.13055332005023956,
      "jsd_usergroup_3": 0.11818325519561768
    },
    "epoch_7": {
      "ndcg": 0.12898197770118713,
      "jsd": 0.12056656926870346,
      "ndcg_usergroup_1": 0.1687418669462204,
      "jsd_usergroup_1": 0.08311955630779266,
      "ndcg_usergroup_2": 0.11564572155475616,
      "jsd_usergroup_2": 0.13483327627182007,
      "ndcg_usergroup_3": 0.12922653555870056,
      "jsd_usergroup_3": 0.11521818488836288
    },
    "epoch_8": {
      "ndcg": 0.12827537953853607,
      "jsd": 0.1191282793879509,
      "ndcg_usergroup_1": 0.16892516613006592,
      "jsd_usergroup_1": 0.08160725235939026,
      "ndcg_usergroup_2": 0.11497362703084946,
      "jsd_usergroup_2": 0.13380274176597595,
      "ndcg_usergroup_3": 0.12752652168273926,
      "jsd_usergroup_3": 0.11263071000576019
    },
    "epoch_9": {
      "ndcg": 0.1277213990688324,
      "jsd": 0.11798645555973053,
      "ndcg_usergroup_1": 0.16915163397789001,
      "jsd_usergroup_1": 0.08095870912075043,
      "ndcg_usergroup_2": 0.1144988164305687,
      "jsd_usergroup_2": 0.13297273218631744,
      "ndcg_usergroup_3": 0.12595462799072266,
      "jsd_usergroup_3": 0.11006027460098267
    },
    "epoch_10": {
      "ndcg": 0.1275104433298111,
      "jsd": 0.11675083637237549,
      "ndcg_usergroup_1": 0.17018364369869232,
      "jsd_usergroup_1": 0.08001300692558289,
      "ndcg_usergroup_2": 0.11416980624198914,
      "jsd_usergroup_2": 0.13199539482593536,
      "ndcg_usergroup_3": 0.12485475093126297,
      "jsd_usergroup_3": 0.1077599823474884
    },
    "epoch_11": {
      "ndcg": 0.12724466621875763,
      "jsd": 0.11560855805873871,
      "ndcg_usergroup_1": 0.17069603502750397,
      "jsd_usergroup_1": 0.07941608130931854,
      "ndcg_usergroup_2": 0.11417121440172195,
      "jsd_usergroup_2": 0.13124175369739532,
      "ndcg_usergroup_3": 0.12300935387611389,
      "jsd_usergroup_3": 0.10490655153989792
    },
    "epoch_12": {
      "ndcg": 0.1268700212240219,
      "jsd": 0.11475636065006256,
      "ndcg_usergroup_1": 0.1715834140777588,
      "jsd_usergroup_1": 0.0790732204914093,
      "ndcg_usergroup_2": 0.11368116736412048,
      "jsd_usergroup_2": 0.13059687614440918,
      "ndcg_usergroup_3": 0.1217188686132431,
      "jsd_usergroup_3": 0.10292311757802963
    },
    "epoch_13": {
      "ndcg": 0.12662620842456818,
      "jsd": 0.11353202164173126,
      "ndcg_usergroup_1": 0.1717803180217743,
      "jsd_usergroup_1": 0.07865682244300842,
      "ndcg_usergroup_2": 0.11377064883708954,
      "jsd_usergroup_2": 0.12974993884563446,
      "ndcg_usergroup_3": 0.12003464996814728,
      "jsd_usergroup_3": 0.09975878894329071
    },
    "epoch_14": {
      "ndcg": 0.12602627277374268,
      "jsd": 0.11277658492326736,
      "ndcg_usergroup_1": 0.1721295416355133,
      "jsd_usergroup_1": 0.07836498320102692,
      "ndcg_usergroup_2": 0.11345664411783218,
      "jsd_usergroup_2": 0.1294124722480774,
      "ndcg_usergroup_3": 0.11762777715921402,
      "jsd_usergroup_3": 0.09728598594665527
    },
    "epoch_15": {
      "ndcg": 0.12550722062587738,
      "jsd": 0.11236900836229324,
      "ndcg_usergroup_1": 0.17282934486865997,
      "jsd_usergroup_1": 0.07904098182916641,
      "ndcg_usergroup_2": 0.11280610412359238,
      "jsd_usergroup_2": 0.12910348176956177,
      "ndcg_usergroup_3": 0.11628424376249313,
      "jsd_usergroup_3": 0.09549913555383682
    },
    "epoch_16": {
      "ndcg": 0.12489209324121475,
      "jsd": 0.1117045134305954,
      "ndcg_usergroup_1": 0.17227907478809357,
      "jsd_usergroup_1": 0.07857286185026169,
      "ndcg_usergroup_2": 0.11255866289138794,
      "jsd_usergroup_2": 0.12865741550922394,
      "ndcg_usergroup_3": 0.11450137197971344,
      "jsd_usergroup_3": 0.09398302435874939
    },
    "epoch_17": {
      "ndcg": 0.1252131313085556,
      "jsd": 0.11152876168489456,
      "ndcg_usergroup_1": 0.1739264279603958,
      "jsd_usergroup_1": 0.07952723652124405,
      "ndcg_usergroup_2": 0.11277139186859131,
      "jsd_usergroup_2": 0.12833666801452637,
      "ndcg_usergroup_3": 0.11382103711366653,
      "jsd_usergroup_3": 0.09311209619045258
    }
  }
}