{
  "base_recommendations": {
    "ndcg": 0.14531244337558746,
    "jsd": 0.16742733120918274,
    "ndcg_usergroup_1": 0.19628708064556122,
    "jsd_usergroup_1": 0.146896630525589,
    "ndcg_usergroup_2": 0.13007476925849915,
    "jsd_usergroup_2": 0.1748340129852295,
    "ndcg_usergroup_3": 0.1400458961725235,
    "jsd_usergroup_3": 0.16574043035507202
  },
  "postprocessed": {},
  "finetuned": {
    "epoch_1": {
      "ndcg": 0.14391496777534485,
      "jsd": 0.16559843719005585,
      "ndcg_usergroup_1": 0.1954604685306549,
      "jsd_usergroup_1": 0.13938331604003906,
      "ndcg_usergroup_2": 0.12862689793109894,
      "jsd_usergroup_2": 0.17345845699310303,
      "ndcg_usergroup_3": 0.13822872936725616,
      "jsd_usergroup_3": 0.16823609173297882
    },
    "epoch_2": {
      "ndcg": 0.14162936806678772,
      "jsd": 0.16257427632808685,
      "ndcg_usergroup_1": 0.19344712793827057,
      "jsd_usergroup_1": 0.1280663013458252,
      "ndcg_usergroup_2": 0.12667326629161835,
      "jsd_usergroup_2": 0.17058566212654114,
      "ndcg_usergroup_3": 0.1346750259399414,
      "jsd_usergroup_3": 0.17305074632167816
    },
    "epoch_3": {
      "ndcg": 0.13847585022449493,
      "jsd": 0.15966930985450745,
      "ndcg_usergroup_1": 0.1905468851327896,
      "jsd_usergroup_1": 0.11667948216199875,
      "ndcg_usergroup_2": 0.12389808893203735,
      "jsd_usergroup_2": 0.16836018860340118,
      "ndcg_usergroup_3": 0.13013321161270142,
      "jsd_usergroup_3": 0.17658929526805878
    },
    "epoch_4": {
      "ndcg": 0.13499261438846588,
      "jsd": 0.15672779083251953,
      "ndcg_usergroup_1": 0.18697355687618256,
      "jsd_usergroup_1": 0.10663126409053802,
      "ndcg_usergroup_2": 0.12082695215940475,
      "jsd_usergroup_2": 0.16586452722549438,
      "ndcg_usergroup_3": 0.12550407648086548,
      "jsd_usergroup_3": 0.17941710352897644
    },
    "epoch_5": {
      "ndcg": 0.13165786862373352,
      "jsd": 0.1541748344898224,
      "ndcg_usergroup_1": 0.1832684576511383,
      "jsd_usergroup_1": 0.0991285964846611,
      "ndcg_usergroup_2": 0.11812294274568558,
      "jsd_usergroup_2": 0.16354025900363922,
      "ndcg_usergroup_3": 0.1206476241350174,
      "jsd_usergroup_3": 0.18112796545028687
    },
    "epoch_6": {
      "ndcg": 0.12891019880771637,
      "jsd": 0.15108060836791992,
      "ndcg_usergroup_1": 0.18026161193847656,
      "jsd_usergroup_1": 0.09289181977510452,
      "ndcg_usergroup_2": 0.11589876562356949,
      "jsd_usergroup_2": 0.16057667136192322,
      "ndcg_usergroup_3": 0.11658885329961777,
      "jsd_usergroup_3": 0.18078437447547913
    },
    "epoch_7": {
      "ndcg": 0.1264701634645462,
      "jsd": 0.14860522747039795,
      "ndcg_usergroup_1": 0.17647744715213776,
      "jsd_usergroup_1": 0.0890980213880539,
      "ndcg_usergroup_2": 0.11413402855396271,
      "jsd_usergroup_2": 0.15836268663406372,
      "ndcg_usergroup_3": 0.1134672537446022,
      "jsd_usergroup_3": 0.17884328961372375
    },
    "epoch_8": {
      "ndcg": 0.12429789453744888,
      "jsd": 0.14579397439956665,
      "ndcg_usergroup_1": 0.17426596581935883,
      "jsd_usergroup_1": 0.0856567770242691,
      "ndcg_usergroup_2": 0.11242079734802246,
      "jsd_usergroup_2": 0.15587304532527924,
      "ndcg_usergroup_3": 0.1099572405219078,
      "jsd_usergroup_3": 0.17569726705551147
    },
    "epoch_9": {
      "ndcg": 0.12291624397039413,
      "jsd": 0.14374539256095886,
      "ndcg_usergroup_1": 0.17136414349079132,
      "jsd_usergroup_1": 0.0839528739452362,
      "ndcg_usergroup_2": 0.11170923709869385,
      "jsd_usergroup_2": 0.15426835417747498,
      "ndcg_usergroup_3": 0.10808572173118591,
      "jsd_usergroup_3": 0.17197230458259583
    },
    "epoch_10": {
      "ndcg": 0.12151657789945602,
      "jsd": 0.14162512123584747,
      "ndcg_usergroup_1": 0.16989301145076752,
      "jsd_usergroup_1": 0.08229103684425354,
      "ndcg_usergroup_2": 0.11060546338558197,
      "jsd_usergroup_2": 0.1524672657251358,
      "ndcg_usergroup_3": 0.10586997121572495,
      "jsd_usergroup_3": 0.16843625903129578
    },
    "epoch_11": {
      "ndcg": 0.12028421461582184,
      "jsd": 0.14055275917053223,
      "ndcg_usergroup_1": 0.16821667551994324,
      "jsd_usergroup_1": 0.08188477158546448,
      "ndcg_usergroup_2": 0.10974187403917313,
      "jsd_usergroup_2": 0.1517983227968216,
      "ndcg_usergroup_3": 0.1039753258228302,
      "jsd_usergroup_3": 0.16548778116703033
    },
    "epoch_12": {
      "ndcg": 0.11901463568210602,
      "jsd": 0.13850028812885284,
      "ndcg_usergroup_1": 0.16537325084209442,
      "jsd_usergroup_1": 0.0807030126452446,
      "ndcg_usergroup_2": 0.10912381857633591,
      "jsd_usergroup_2": 0.15019568800926208,
      "ndcg_usergroup_3": 0.10232525318861008,
      "jsd_usergroup_3": 0.16121523082256317
    },
    "epoch_13": {
      "ndcg": 0.11830172687768936,
      "jsd": 0.1379152536392212,
      "ndcg_usergroup_1": 0.16460104286670685,
      "jsd_usergroup_1": 0.0815325453877449,
      "ndcg_usergroup_2": 0.1084078997373581,
      "jsd_usergroup_2": 0.14987817406654358,
      "ndcg_usergroup_3": 0.1016806960105896,
      "jsd_usergroup_3": 0.1584130972623825
    },
    "epoch_14": {
      "ndcg": 0.11692283302545547,
      "jsd": 0.13622067868709564,
      "ndcg_usergroup_1": 0.16117677092552185,
      "jsd_usergroup_1": 0.08103560656309128,
      "ndcg_usergroup_2": 0.10784303396940231,
      "jsd_usergroup_2": 0.14851824939250946,
      "ndcg_usergroup_3": 0.09990528970956802,
      "jsd_usergroup_3": 0.15451708436012268
    },
    "epoch_15": {
      "ndcg": 0.11658793687820435,
      "jsd": 0.1359519064426422,
      "ndcg_usergroup_1": 0.16224819421768188,
      "jsd_usergroup_1": 0.08208774030208588,
      "ndcg_usergroup_2": 0.10697474330663681,
      "jsd_usergroup_2": 0.14842955768108368,
      "ndcg_usergroup_3": 0.09976409375667572,
      "jsd_usergroup_3": 0.15238729119300842
    },
    "epoch_16": {
      "ndcg": 0.11549516767263412,
      "jsd": 0.13478460907936096,
      "ndcg_usergroup_1": 0.15905383229255676,
      "jsd_usergroup_1": 0.08147543668746948,
      "ndcg_usergroup_2": 0.10675767809152603,
      "jsd_usergroup_2": 0.14777418971061707,
      "ndcg_usergroup_3": 0.09814615547657013,
      "jsd_usergroup_3": 0.14912931621074677
    },
    "epoch_18": {
      "ndcg": 0.11395331472158432,
      "jsd": 0.13366687297821045,
      "ndcg_usergroup_1": 0.1563035100698471,
      "jsd_usergroup_1": 0.0828426405787468,
      "ndcg_usergroup_2": 0.10572880506515503,
      "jsd_usergroup_2": 0.14710023999214172,
      "ndcg_usergroup_3": 0.09627402573823929,
      "jsd_usergroup_3": 0.1441953331232071
    },
    "epoch_20": {
      "ndcg": 0.11237962543964386,
      "jsd": 0.13338728249073029,
      "ndcg_usergroup_1": 0.1536152958869934,
      "jsd_usergroup_1": 0.084602952003479,
      "ndcg_usergroup_2": 0.1045614704489708,
      "jsd_usergroup_2": 0.14691320061683655,
      "ndcg_usergroup_3": 0.09459584951400757,
      "jsd_usergroup_3": 0.14159831404685974
    },
    "epoch_21": {
      "ndcg": 0.11344507336616516,
      "jsd": 0.1316438615322113,
      "ndcg_usergroup_1": 0.1568162590265274,
      "jsd_usergroup_1": 0.08276401460170746,
      "ndcg_usergroup_2": 0.10464493185281754,
      "jsd_usergroup_2": 0.1456737518310547,
      "ndcg_usergroup_3": 0.09647147357463837,
      "jsd_usergroup_3": 0.1384386122226715
    }
  }
}