{
  "base_recommendations": {
    "ndcg": 0.14531244337558746,
    "jsd": 0.16742733120918274,
    "ndcg_usergroup_1": 0.19628708064556122,
    "jsd_usergroup_1": 0.146896630525589,
    "ndcg_usergroup_2": 0.13007476925849915,
    "jsd_usergroup_2": 0.1748340129852295,
    "ndcg_usergroup_3": 0.1400458961725235,
    "jsd_usergroup_3": 0.16574043035507202
  },
  "postprocessed": {},
  "finetuned": {
    "epoch_1": {
      "ndcg": 0.141673281788826,
      "jsd": 0.14506901800632477,
      "ndcg_usergroup_1": 0.18717293441295624,
      "jsd_usergroup_1": 0.1094125285744667,
      "ndcg_usergroup_2": 0.12683343887329102,
      "jsd_usergroup_2": 0.15471358597278595,
      "ndcg_usergroup_3": 0.14068835973739624,
      "jsd_usergroup_3": 0.15179501473903656
    },
    "epoch_2": {
      "ndcg": 0.13185171782970428,
      "jsd": 0.13267265260219574,
      "ndcg_usergroup_1": 0.16934317350387573,
      "jsd_usergroup_1": 0.09367042034864426,
      "ndcg_usergroup_2": 0.11803535372018814,
      "jsd_usergroup_2": 0.14463284611701965,
      "ndcg_usergroup_3": 0.13580481708049774,
      "jsd_usergroup_3": 0.1357981264591217
    },
    "epoch_3": {
      "ndcg": 0.1227455735206604,
      "jsd": 0.1265118271112442,
      "ndcg_usergroup_1": 0.15515963733196259,
      "jsd_usergroup_1": 0.09126996994018555,
      "ndcg_usergroup_2": 0.10979855060577393,
      "jsd_usergroup_2": 0.1393413245677948,
      "ndcg_usergroup_3": 0.12916836142539978,
      "jsd_usergroup_3": 0.12326940149068832
    },
    "epoch_4": {
      "ndcg": 0.11576281487941742,
      "jsd": 0.12157777696847916,
      "ndcg_usergroup_1": 0.14741556346416473,
      "jsd_usergroup_1": 0.0905432403087616,
      "ndcg_usergroup_2": 0.10322218388319016,
      "jsd_usergroup_2": 0.13460788130760193,
      "ndcg_usergroup_3": 0.12172790616750717,
      "jsd_usergroup_3": 0.11352626979351044
    },
    "epoch_5": {
      "ndcg": 0.11097388714551926,
      "jsd": 0.117577463388443,
      "ndcg_usergroup_1": 0.14210569858551025,
      "jsd_usergroup_1": 0.08924879133701324,
      "ndcg_usergroup_2": 0.09904950112104416,
      "jsd_usergroup_2": 0.13086165487766266,
      "ndcg_usergroup_3": 0.11561137437820435,
      "jsd_usergroup_3": 0.10605791956186295
    },
    "epoch_6": {
      "ndcg": 0.10737878084182739,
      "jsd": 0.11458375304937363,
      "ndcg_usergroup_1": 0.14058271050453186,
      "jsd_usergroup_1": 0.08763714134693146,
      "ndcg_usergroup_2": 0.09541075676679611,
      "jsd_usergroup_2": 0.12816771864891052,
      "ndcg_usergroup_3": 0.11007508635520935,
      "jsd_usergroup_3": 0.10078294575214386
    },
    "epoch_7": {
      "ndcg": 0.1041397899389267,
      "jsd": 0.11228598654270172,
      "ndcg_usergroup_1": 0.13891276717185974,
      "jsd_usergroup_1": 0.08648195117712021,
      "ndcg_usergroup_2": 0.09218902885913849,
      "jsd_usergroup_2": 0.12592491507530212,
      "ndcg_usergroup_3": 0.10521525889635086,
      "jsd_usergroup_3": 0.09717771410942078
    },
    "epoch_8": {
      "ndcg": 0.1017458438873291,
      "jsd": 0.11024598777294159,
      "ndcg_usergroup_1": 0.1382775902748108,
      "jsd_usergroup_1": 0.0846407487988472,
      "ndcg_usergroup_2": 0.0898958072066307,
      "jsd_usergroup_2": 0.1241428405046463,
      "ndcg_usergroup_3": 0.10076035559177399,
      "jsd_usergroup_3": 0.09416524320840836
    },
    "epoch_9": {
      "ndcg": 0.09928195923566818,
      "jsd": 0.10840385407209396,
      "ndcg_usergroup_1": 0.13698148727416992,
      "jsd_usergroup_1": 0.08327218145132065,
      "ndcg_usergroup_2": 0.08762116730213165,
      "jsd_usergroup_2": 0.12246843427419662,
      "ndcg_usergroup_3": 0.096560999751091,
      "jsd_usergroup_3": 0.09134641289710999
    },
    "epoch_10": {
      "ndcg": 0.0969693586230278,
      "jsd": 0.10718058794736862,
      "ndcg_usergroup_1": 0.13618776202201843,
      "jsd_usergroup_1": 0.08234468102455139,
      "ndcg_usergroup_2": 0.08548431843519211,
      "jsd_usergroup_2": 0.12132444232702255,
      "ndcg_usergroup_3": 0.09220225363969803,
      "jsd_usergroup_3": 0.08958955109119415
    },
    "epoch_11": {
      "ndcg": 0.09543287009000778,
      "jsd": 0.10528310388326645,
      "ndcg_usergroup_1": 0.13612233102321625,
      "jsd_usergroup_1": 0.08075617253780365,
      "ndcg_usergroup_2": 0.08411155641078949,
      "jsd_usergroup_2": 0.1193581372499466,
      "ndcg_usergroup_3": 0.0887036845088005,
      "jsd_usergroup_3": 0.08758950978517532
    },
    "epoch_12": {
      "ndcg": 0.09389481693506241,
      "jsd": 0.10401947051286697,
      "ndcg_usergroup_1": 0.1358328014612198,
      "jsd_usergroup_1": 0.07954978197813034,
      "ndcg_usergroup_2": 0.08267845958471298,
      "jsd_usergroup_2": 0.11820618063211441,
      "ndcg_usergroup_3": 0.08560222387313843,
      "jsd_usergroup_3": 0.08593367785215378
    },
    "epoch_13": {
      "ndcg": 0.09205663949251175,
      "jsd": 0.1025630310177803,
      "ndcg_usergroup_1": 0.13490252196788788,
      "jsd_usergroup_1": 0.07895369827747345,
      "ndcg_usergroup_2": 0.08112867921590805,
      "jsd_usergroup_2": 0.11667487770318985,
      "ndcg_usergroup_3": 0.08199112117290497,
      "jsd_usergroup_3": 0.08384145796298981
    },
    "epoch_14": {
      "ndcg": 0.09056129306554794,
      "jsd": 0.10129478573799133,
      "ndcg_usergroup_1": 0.13497798144817352,
      "jsd_usergroup_1": 0.07753793895244598,
      "ndcg_usergroup_2": 0.07954245060682297,
      "jsd_usergroup_2": 0.11551220715045929,
      "ndcg_usergroup_3": 0.07919751852750778,
      "jsd_usergroup_3": 0.08240403234958649
    },
    "epoch_15": {
      "ndcg": 0.08909829705953598,
      "jsd": 0.1000903844833374,
      "ndcg_usergroup_1": 0.1350082904100418,
      "jsd_usergroup_1": 0.07653561979532242,
      "ndcg_usergroup_2": 0.07824009656906128,
      "jsd_usergroup_2": 0.11444170027971268,
      "ndcg_usergroup_3": 0.0757593959569931,
      "jsd_usergroup_3": 0.08059590309858322
    },
    "epoch_16": {
      "ndcg": 0.08784947544336319,
      "jsd": 0.0988665446639061,
      "ndcg_usergroup_1": 0.1344975233078003,
      "jsd_usergroup_1": 0.07550972700119019,
      "ndcg_usergroup_2": 0.07722901552915573,
      "jsd_usergroup_2": 0.11319873481988907,
      "ndcg_usergroup_3": 0.07305938005447388,
      "jsd_usergroup_3": 0.07923149317502975
    },
    "epoch_17": {
      "ndcg": 0.08668285608291626,
      "jsd": 0.09760845452547073,
      "ndcg_usergroup_1": 0.1350836455821991,
      "jsd_usergroup_1": 0.07463444024324417,
      "ndcg_usergroup_2": 0.07611870020627975,
      "jsd_usergroup_2": 0.11175506561994553,
      "ndcg_usergroup_3": 0.06997108459472656,
      "jsd_usergroup_3": 0.0781472772359848
    },
    "epoch_18": {
      "ndcg": 0.08556132763624191,
      "jsd": 0.09618314355611801,
      "ndcg_usergroup_1": 0.13475511968135834,
      "jsd_usergroup_1": 0.07347618788480759,
      "ndcg_usergroup_2": 0.07527842372655869,
      "jsd_usergroup_2": 0.11040990799665451,
      "ndcg_usergroup_3": 0.06721288710832596,
      "jsd_usergroup_3": 0.076214499771595
    },
    "epoch_19": {
      "ndcg": 0.08479265868663788,
      "jsd": 0.09479717910289764,
      "ndcg_usergroup_1": 0.1352560967206955,
      "jsd_usergroup_1": 0.0723499283194542,
      "ndcg_usergroup_2": 0.07449593394994736,
      "jsd_usergroup_2": 0.10901379585266113,
      "ndcg_usergroup_3": 0.06521603465080261,
      "jsd_usergroup_3": 0.0745992362499237
    },
    "epoch_20": {
      "ndcg": 0.08433330804109573,
      "jsd": 0.0938640832901001,
      "ndcg_usergroup_1": 0.1366344839334488,
      "jsd_usergroup_1": 0.07218438386917114,
      "ndcg_usergroup_2": 0.07384560257196426,
      "jsd_usergroup_2": 0.10800628364086151,
      "ndcg_usergroup_3": 0.0634918361902237,
      "jsd_usergroup_3": 0.07312183082103729
    },
    "epoch_21": {
      "ndcg": 0.08362483978271484,
      "jsd": 0.09280770272016525,
      "ndcg_usergroup_1": 0.13587015867233276,
      "jsd_usergroup_1": 0.07184354215860367,