{
  "base_recommendations": {
    "ndcg": 0.14531244337558746,
    "jsd": 0.1674375683069229,
    "ndcg_usergroup_1": 0.19628708064556122,
    "jsd_usergroup_1": 0.14693795144557953,
    "ndcg_usergroup_2": 0.13007476925849915,
    "jsd_usergroup_2": 0.1748277097940445,
    "ndcg_usergroup_3": 0.1400458961725235,
    "jsd_usergroup_3": 0.16576915979385376
  },
  "postprocessed": {},
  "finetuned": {
    "epoch_1": {
      "ndcg": 0.14328207075595856,
      "jsd": 0.16737516224384308,
      "ndcg_usergroup_1": 0.19436854124069214,
      "jsd_usergroup_1": 0.14164453744888306,
      "ndcg_usergroup_2": 0.1280561089515686,
      "jsd_usergroup_2": 0.17563530802726746,
      "ndcg_usergroup_3": 0.13786853849887848,
      "jsd_usergroup_3": 0.16832806169986725
    },
    "epoch_2": {
      "ndcg": 0.13961243629455566,
      "jsd": 0.16706454753875732,
      "ndcg_usergroup_1": 0.19035187363624573,
      "jsd_usergroup_1": 0.13409879803657532,
      "ndcg_usergroup_2": 0.12443439662456512,
      "jsd_usergroup_2": 0.176126167178154,
      "ndcg_usergroup_3": 0.13440224528312683,
      "jsd_usergroup_3": 0.17284844815731049
    },
    "epoch_3": {
      "ndcg": 0.13497252762317657,
      "jsd": 0.16634611785411835,
      "ndcg_usergroup_1": 0.18479546904563904,
      "jsd_usergroup_1": 0.12600690126419067,
      "ndcg_usergroup_2": 0.12020210176706314,
      "jsd_usergroup_2": 0.17644023895263672,
      "ndcg_usergroup_3": 0.12945610284805298,
      "jsd_usergroup_3": 0.17640630900859833
    },
    "epoch_4": {
      "ndcg": 0.12910521030426025,
      "jsd": 0.16506671905517578,
      "ndcg_usergroup_1": 0.17739368975162506,
      "jsd_usergroup_1": 0.1174272894859314,
      "ndcg_usergroup_2": 0.11500342190265656,
      "jsd_usergroup_2": 0.17646238207817078,
      "ndcg_usergroup_3": 0.12311747670173645,
      "jsd_usergroup_3": 0.17852285504341125
    },
    "epoch_5": {
      "ndcg": 0.12313926964998245,
      "jsd": 0.16376134753227234,
      "ndcg_usergroup_1": 0.1696050465106964,
      "jsd_usergroup_1": 0.11094341427087784,
      "ndcg_usergroup_2": 0.10980328917503357,
      "jsd_usergroup_2": 0.1760295033454895,
      "ndcg_usergroup_3": 0.11667706072330475,
      "jsd_usergroup_3": 0.17977885901927948
    },
    "epoch_6": {
      "ndcg": 0.1167905181646347,
      "jsd": 0.16143153607845306,
      "ndcg_usergroup_1": 0.16123880445957184,
      "jsd_usergroup_1": 0.10509876906871796,
      "ndcg_usergroup_2": 0.1040530651807785,
      "jsd_usergroup_2": 0.1740439385175705,
      "ndcg_usergroup_3": 0.11055038869380951,
      "jsd_usergroup_3": 0.17993126809597015
    },
    "epoch_7": {
      "ndcg": 0.11039938777685165,
      "jsd": 0.158351331949234,
      "ndcg_usergroup_1": 0.15232931077480316,
      "jsd_usergroup_1": 0.09983361512422562,
      "ndcg_usergroup_2": 0.09860334545373917,
      "jsd_usergroup_2": 0.17136767506599426,
      "ndcg_usergroup_3": 0.10385370254516602,
      "jsd_usergroup_3": 0.17782430350780487
    },
    "epoch_8": {
      "ndcg": 0.1043384000658989,
      "jsd": 0.1544223576784134,
      "ndcg_usergroup_1": 0.14444778859615326,
      "jsd_usergroup_1": 0.0956127941608429,
      "ndcg_usergroup_2": 0.0933397114276886,
      "jsd_usergroup_2": 0.16770943999290466,
      "ndcg_usergroup_3": 0.0972215086221695,
      "jsd_usergroup_3": 0.17337504029273987
    },
    "epoch_9": {
      "ndcg": 0.09846389293670654,
      "jsd": 0.15030211210250854,
      "ndcg_usergroup_1": 0.13687527179718018,
      "jsd_usergroup_1": 0.09264784306287766,
      "ndcg_usergroup_2": 0.0882732942700386,
      "jsd_usergroup_2": 0.16353924572467804,
      "ndcg_usergroup_3": 0.09062100946903229,
      "jsd_usergroup_3": 0.16824927926063538
    },
    "epoch_10": {
      "ndcg": 0.0928899496793747,
      "jsd": 0.14544756710529327,
      "ndcg_usergroup_1": 0.12954211235046387,
      "jsd_usergroup_1": 0.08986568450927734,
      "ndcg_usergroup_2": 0.08355866372585297,
      "jsd_usergroup_2": 0.15872788429260254,
      "ndcg_usergroup_3": 0.08422861248254776,
      "jsd_usergroup_3": 0.16119275987148285
    },
    "epoch_11": {
      "ndcg": 0.08722473680973053,
      "jsd": 0.14005717635154724,
      "ndcg_usergroup_1": 0.12311724573373795,
      "jsd_usergroup_1": 0.0875227153301239,
      "ndcg_usergroup_2": 0.07861704379320145,
      "jsd_usergroup_2": 0.1532064974308014,
      "ndcg_usergroup_3": 0.07715251296758652,
      "jsd_usergroup_3": 0.15314795076847076
    },
    "epoch_12": {
      "ndcg": 0.08225760608911514,
      "jsd": 0.13445639610290527,
      "ndcg_usergroup_1": 0.11754649132490158,
      "jsd_usergroup_1": 0.08498521149158478,
      "ndcg_usergroup_2": 0.07437059283256531,
      "jsd_usergroup_2": 0.14767801761627197,
      "ndcg_usergroup_3": 0.07062721997499466,
      "jsd_usergroup_3": 0.14426709711551666
    },
    "epoch_13": {
      "ndcg": 0.07743208855390549,
      "jsd": 0.12859168648719788,
      "ndcg_usergroup_1": 0.11263936012983322,
      "jsd_usergroup_1": 0.08309955894947052,
      "ndcg_usergroup_2": 0.07009097933769226,
      "jsd_usergroup_2": 0.1415768265724182,
      "ndcg_usergroup_3": 0.06424573063850403,
      "jsd_usergroup_3": 0.13513268530368805
    },
    "epoch_14": {
      "ndcg": 0.07316216081380844,
      "jsd": 0.12232265621423721,
      "ndcg_usergroup_1": 0.1080644503235817,
      "jsd_usergroup_1": 0.08136994391679764,
      "ndcg_usergroup_2": 0.0663864016532898,
      "jsd_usergroup_2": 0.13524377346038818,
      "ndcg_usergroup_3": 0.05858491733670235,
      "jsd_usergroup_3": 0.12451627105474472
    },
    "epoch_15": {
      "ndcg": 0.06897184997797012,
      "jsd": 0.1166982427239418,
      "ndcg_usergroup_1": 0.10455457121133804,
      "jsd_usergroup_1": 0.07982897013425827,
      "ndcg_usergroup_2": 0.062368374317884445,
      "jsd_usergroup_2": 0.12953118979930878,
      "ndcg_usergroup_3": 0.05319741740822792,
      "jsd_usergroup_3": 0.11507289111614227
    },
    "epoch_16": {
      "ndcg": 0.06546996533870697,
      "jsd": 0.11137958616018295,
      "ndcg_usergroup_1": 0.10144072771072388,
      "jsd_usergroup_1": 0.07926131039857864,
      "ndcg_usergroup_2": 0.05894501134753227,
      "jsd_usergroup_2": 0.12431566417217255,
      "ndcg_usergroup_3": 0.04907193034887314,
      "jsd_usergroup_3": 0.10469384491443634
    },
    "epoch_17": {
      "ndcg": 0.06242300570011139,
      "jsd": 0.10601811856031418,
      "ndcg_usergroup_1": 0.10007381439208984,
      "jsd_usergroup_1": 0.07791829854249954,
      "ndcg_usergroup_2": 0.05588174983859062,
      "jsd_usergroup_2": 0.11887772381305695,
      "ndcg_usergroup_3": 0.04439382627606392,
      "jsd_usergroup_3": 0.09554335474967957
    },
    "epoch_18": {
      "ndcg": 0.059491489082574844,
      "jsd": 0.10167395323514938,
      "ndcg_usergroup_1": 0.09738742560148239,
      "jsd_usergroup_1": 0.07896420359611511,
      "ndcg_usergroup_2": 0.052952516824007034,
      "jsd_usergroup_2": 0.11411359161138535,
      "ndcg_usergroup_3": 0.0412103608250618,
      "jsd_usergroup_3": 0.08706885576248169
    },
    "epoch_19": {
      "ndcg": 0.05761079117655754,
      "jsd": 0.09791132807731628,
      "ndcg_usergroup_1": 0.09706207364797592,
      "jsd_usergroup_1": 0.07824745774269104,
      "ndcg_usergroup_2": 0.051108695566654205,
      "jsd_usergroup_2": 0.1104089692234993,
      "ndcg_usergroup_3": 0.03766368702054024,
      "jsd_usergroup_3": 0.08008639514446259
    },
    "epoch_20": {
      "ndcg": 0.055682599544525146,
      "jsd": 0.09455714374780655,
      "ndcg_usergroup_1": 0.09484442323446274,
      "jsd_usergroup_1": 0.07933591306209564,
      "ndcg_usergroup_2": 0.04927276074886322,
      "jsd_usergroup_2": 0.10637843608856201,
      "ndcg_usergroup_3": 0.03574822098016739,
      "jsd_usergroup_3": 0.07431834936141968
    },
    "epoch_21": {
      "ndcg": 0.05458875373005867,
      "jsd": 0.08991938829421997,
      "ndcg_usergroup_1": 0.09498782455921173,
      "jsd_usergroup_1": 0.07756631821393967,