{"base_recommendations": {"ndcg": 0.14531244337558746, "jsd": 0.1674375683069229}, "postprocessed": {}, "finetuned": {"epoch_1": {"ndcg": 0.1433999389410019, "jsd": 0.16715839505195618}, "epoch_2": {"ndcg": 0.14000409841537476, "jsd": 0.16652964055538177}, "epoch_3": {"ndcg": 0.13542674481868744, "jsd": 0.16554899513721466}, "epoch_4": {"ndcg": 0.13014733791351318, "jsd": 0.1638403981924057}, "epoch_5": {"ndcg": 0.12431962788105011, "jsd": 0.16234168410301208}, "epoch_6": {"ndcg": 0.11842727661132812, "jsd": 0.1602105051279068}, "epoch_7": {"ndcg": 0.11187335848808289, "jsd": 0.15737459063529968}, "epoch_8": {"ndcg": 0.10551204532384872, "jsd": 0.15400676429271698}, "epoch_9": {"ndcg": 0.09918878972530365, "jsd": 0.14972089231014252}, "epoch_10": {"ndcg": 0.09299125522375107, "jsd": 0.14447395503520966}, "epoch_11": {"ndcg": 0.08631647378206253, "jsd": 0.13906745612621307}, "epoch_12": {"ndcg": 0.08021700382232666, "jsd": 0.13257724046707153}, "epoch_13": {"ndcg": 0.07400621473789215, "jsd": 0.12621887028217316}, "epoch_14": {"ndcg": 0.0680522695183754, "jsd": 0.11990134418010712}, "epoch_15": {"ndcg": 0.06261887401342392, "jsd": 0.11334631592035294}, "epoch_16": {"ndcg": 0.05745536834001541, "jsd": 0.10705321282148361}, "epoch_17": {"ndcg": 0.05293595790863037, "jsd": 0.10063459724187851}, "epoch_18": {"ndcg": 0.04861708730459213, "jsd": 0.0950632095336914}, "epoch_19": {"ndcg": 0.04514889419078827, "jsd": 0.08952844887971878}, "epoch_20": {"ndcg": 0.04191111773252487, "jsd": 0.08514973521232605}, "epoch_21": {"ndcg": 0.03982389345765114, "jsd": 0.08133962750434875}, "epoch_22": {"ndcg": 0.03746577724814415, "jsd": 0.07872340828180313}, "epoch_23": {"ndcg": 0.03668305650353432, "jsd": 0.0769316777586937}, "epoch_24": {"ndcg": 0.03542077913880348, "jsd": 0.07571522891521454}, "epoch_25": {"ndcg": 0.03518090397119522, "jsd": 0.07454521209001541}, "epoch_27": {"ndcg": 0.03477998077869415, "jsd": 0.07445881515741348}}}