{
  "base_recommendations": {
    "ndcg": 0.14531244337558746,
    "jsd": 0.16742733120918274,
    "ndcg_usergroup_1": 0.19628708064556122,
    "jsd_usergroup_1": 0.146896630525589,
    "ndcg_usergroup_2": 0.13007476925849915,
    "jsd_usergroup_2": 0.1748340129852295,
    "ndcg_usergroup_3": 0.1400458961725235,
    "jsd_usergroup_3": 0.16574043035507202
  },
  "postprocessed": {},
  "finetuned": {
    "epoch_1": {
      "ndcg": 0.1451830118894577,
      "jsd": 0.16666217148303986,
      "ndcg_usergroup_1": 0.19622762501239777,
      "jsd_usergroup_1": 0.14497160911560059,
      "ndcg_usergroup_2": 0.12994389235973358,
      "jsd_usergroup_2": 0.17422422766685486,
      "ndcg_usergroup_3": 0.13985075056552887,
      "jsd_usergroup_3": 0.1656690239906311
    },
    "epoch_2": {
      "ndcg": 0.14486084878444672,
      "jsd": 0.16541239619255066,
      "ndcg_usergroup_1": 0.19584344327449799,
      "jsd_usergroup_1": 0.14182762801647186,
      "ndcg_usergroup_2": 0.12973923981189728,
      "jsd_usergroup_2": 0.17313338816165924,
      "ndcg_usergroup_3": 0.13923808932304382,
      "jsd_usergroup_3": 0.1658366620540619
    },
    "epoch_3": {
      "ndcg": 0.14470092952251434,
      "jsd": 0.16408410668373108,
      "ndcg_usergroup_1": 0.19618725776672363,
      "jsd_usergroup_1": 0.1386752873659134,
      "ndcg_usergroup_2": 0.1294880211353302,
      "jsd_usergroup_2": 0.17195089161396027,
      "ndcg_usergroup_3": 0.13884834945201874,
      "jsd_usergroup_3": 0.16589508950710297
    },
    "epoch_4": {
      "ndcg": 0.1444493979215622,
      "jsd": 0.16283757984638214,
      "ndcg_usergroup_1": 0.1958499699831009,
      "jsd_usergroup_1": 0.1358983814716339,
      "ndcg_usergroup_2": 0.12923528254032135,
      "jsd_usergroup_2": 0.17080625891685486,
      "ndcg_usergroup_3": 0.13868625462055206,
      "jsd_usergroup_3": 0.16587334871292114
    },
    "epoch_5": {
      "ndcg": 0.14407885074615479,
      "jsd": 0.16166207194328308,
      "ndcg_usergroup_1": 0.19582520425319672,
      "jsd_usergroup_1": 0.13327236473560333,
      "ndcg_usergroup_2": 0.1288689374923706,
      "jsd_usergroup_2": 0.16970035433769226,
      "ndcg_usergroup_3": 0.13795727491378784,
      "jsd_usergroup_3": 0.16593962907791138
    },
    "epoch_6": {
      "ndcg": 0.14378200471401215,
      "jsd": 0.16064982116222382,
      "ndcg_usergroup_1": 0.19548331201076508,
      "jsd_usergroup_1": 0.1305047869682312,
      "ndcg_usergroup_2": 0.128665030002594,
      "jsd_usergroup_2": 0.16886311769485474,
      "ndcg_usergroup_3": 0.13742661476135254,
      "jsd_usergroup_3": 0.16615767776966095
    },
    "epoch_7": {
      "ndcg": 0.14323817193508148,
      "jsd": 0.159545436501503,
      "ndcg_usergroup_1": 0.19466638565063477,
      "jsd_usergroup_1": 0.12772099673748016,
      "ndcg_usergroup_2": 0.12819607555866241,
      "jsd_usergroup_2": 0.16800136864185333,
      "ndcg_usergroup_3": 0.13693128526210785,
      "jsd_usergroup_3": 0.16600488126277924
    },
    "epoch_8": {
      "ndcg": 0.1429390162229538,
      "jsd": 0.15865382552146912,
      "ndcg_usergroup_1": 0.19437667727470398,
      "jsd_usergroup_1": 0.1256086528301239,
      "ndcg_usergroup_2": 0.1279088258743286,
      "jsd_usergroup_2": 0.1671750843524933,
      "ndcg_usergroup_3": 0.13658711314201355,
      "jsd_usergroup_3": 0.16613803803920746
    },
    "epoch_9": {
      "ndcg": 0.14259746670722961,
      "jsd": 0.15768671035766602,
      "ndcg_usergroup_1": 0.1941167265176773,
      "jsd_usergroup_1": 0.12337223440408707,
      "ndcg_usergroup_2": 0.12763366103172302,
      "jsd_usergroup_2": 0.16634109616279602,
      "ndcg_usergroup_3": 0.1359647810459137,
      "jsd_usergroup_3": 0.16604089736938477
    },
    "epoch_10": {
      "ndcg": 0.14217668771743774,
      "jsd": 0.15682359039783478,
      "ndcg_usergroup_1": 0.19381357729434967,
      "jsd_usergroup_1": 0.12124816328287125,
      "ndcg_usergroup_2": 0.1271924376487732,
      "jsd_usergroup_2": 0.16570572555065155,
      "ndcg_usergroup_3": 0.13548777997493744,
      "jsd_usergroup_3": 0.16575555503368378
    },
    "epoch_11": {
      "ndcg": 0.14168962836265564,
      "jsd": 0.1562226265668869,
      "ndcg_usergroup_1": 0.19298295676708221,
      "jsd_usergroup_1": 0.11942581087350845,
      "ndcg_usergroup_2": 0.1267300695180893,
      "jsd_usergroup_2": 0.16525687277317047,
      "ndcg_usergroup_3": 0.13527002930641174,
      "jsd_usergroup_3": 0.1659197360277176
    },
    "epoch_12": {
      "ndcg": 0.1413806527853012,
      "jsd": 0.1554473638534546,
      "ndcg_usergroup_1": 0.19249270856380463,
      "jsd_usergroup_1": 0.11750723421573639,
      "ndcg_usergroup_2": 0.12644951045513153,
      "jsd_usergroup_2": 0.16461127996444702,
      "ndcg_usergroup_3": 0.13505716621875763,
      "jsd_usergroup_3": 0.1658986657857895
    },
    "epoch_13": {
      "ndcg": 0.14102967083454132,
      "jsd": 0.154759019613266,
      "ndcg_usergroup_1": 0.19191409647464752,
      "jsd_usergroup_1": 0.11601229012012482,
      "ndcg_usergroup_2": 0.126152902841568,
      "jsd_usergroup_2": 0.16406194865703583,
      "ndcg_usergroup_3": 0.13477067649364471,
      "jsd_usergroup_3": 0.1656000316143036
    },
    "epoch_14": {
      "ndcg": 0.14074893295764923,
      "jsd": 0.15416578948497772,
      "ndcg_usergroup_1": 0.19169561564922333,
      "jsd_usergroup_1": 0.11404196918010712,
      "ndcg_usergroup_2": 0.12580600380897522,
      "jsd_usergroup_2": 0.1637304127216339,
      "ndcg_usergroup_3": 0.13462616503238678,
      "jsd_usergroup_3": 0.16559888422489166
    },
    "epoch_15": {
      "ndcg": 0.14016300439834595,
      "jsd": 0.15369220077991486,
      "ndcg_usergroup_1": 0.1907326877117157,
      "jsd_usergroup_1": 0.1125873550772667,
      "ndcg_usergroup_2": 0.1253911852836609,
      "jsd_usergroup_2": 0.1632685512304306,
      "ndcg_usergroup_3": 0.13390395045280457,
      "jsd_usergroup_3": 0.16607116162776947
    },
    "epoch_16": {
      "ndcg": 0.1397542655467987,
      "jsd": 0.15322861075401306,
      "ndcg_usergroup_1": 0.1902557760477066,
      "jsd_usergroup_1": 0.11127607524394989,
      "ndcg_usergroup_2": 0.1251177042722702,
      "jsd_usergroup_2": 0.16291554272174835,
      "ndcg_usergroup_3": 0.1331576257944107,
      "jsd_usergroup_3": 0.16612356901168823
    },
    "epoch_17": {
      "ndcg": 0.1392582356929779,
      "jsd": 0.15273992717266083,
      "ndcg_usergroup_1": 0.18923628330230713,
      "jsd_usergroup_1": 0.11000160872936249,
      "ndcg_usergroup_2": 0.12474267929792404,
      "jsd_usergroup_2": 0.16266275942325592,
      "ndcg_usergroup_3": 0.13282214105129242,
      "jsd_usergroup_3": 0.16571299731731415
    },
    "epoch_18": {
      "ndcg": 0.1388983279466629,
      "jsd": 0.15240485966205597,
      "ndcg_usergroup_1": 0.1888037621974945,
      "jsd_usergroup_1": 0.10866491496562958,
      "ndcg_usergroup_2": 0.12445175647735596,
      "jsd_usergroup_2": 0.16247357428073883,
      "ndcg_usergroup_3": 0.1323278844356537,
      "jsd_usergroup_3": 0.1659419685602188
    },
    "epoch_19": {
      "ndcg": 0.1384676694869995,
      "jsd": 0.1519869863986969,
      "ndcg_usergroup_1": 0.18852806091308594,
      "jsd_usergroup_1": 0.10757182538509369,
      "ndcg_usergroup_2": 0.12406692653894424,
      "jsd_usergroup_2": 0.16215237975120544,
      "ndcg_usergroup_3": 0.13160476088523865,
      "jsd_usergroup_3": 0.1659092754125595
    },
    "epoch_20": {
      "ndcg": 0.1379908174276352,
      "jsd": 0.15188120305538177,
      "ndcg_usergroup_1": 0.187880277633667,
      "jsd_usergroup_1": 0.10680438578128815,
      "ndcg_usergroup_2": 0.12367216497659683,
      "jsd_usergroup_2": 0.16211730241775513,
      "ndcg_usergroup_3": 0.13105259835720062,
      "jsd_usergroup_3": 0.16625310480594635
    },
    "epoch_21": {
      "ndcg": 0.13759581744670868,
      "jsd": 0.15157729387283325,
      "ndcg_usergroup_1": 0.18746450543403625,
      "jsd_usergroup_1": 0.10599754750728607,