{
  "base_recommendations": {
    "ndcg": 0.14531244337558746,
    "jsd": 0.1674375683069229,
    "ndcg_usergroup_1": 0.19628708064556122,
    "jsd_usergroup_1": 0.14693795144557953,
    "ndcg_usergroup_2": 0.13007476925849915,
    "jsd_usergroup_2": 0.1748277097940445,
    "ndcg_usergroup_3": 0.1400458961725235,
    "jsd_usergroup_3": 0.16576915979385376
  },
  "postprocessed": {},
  "finetuned": {
    "epoch_1": {
      "ndcg": 0.14361611008644104,
      "jsd": 0.16563361883163452,
      "ndcg_usergroup_1": 0.19526664912700653,
      "jsd_usergroup_1": 0.1393042951822281,
      "ndcg_usergroup_2": 0.128249853849411,
      "jsd_usergroup_2": 0.17355601489543915,
      "ndcg_usergroup_3": 0.1380593478679657,
      "jsd_usergroup_3": 0.16819840669631958
    },
    "epoch_2": {
      "ndcg": 0.14034497737884521,
      "jsd": 0.16250889003276825,
      "ndcg_usergroup_1": 0.1917704939842224,
      "jsd_usergroup_1": 0.12737175822257996,
      "ndcg_usergroup_2": 0.12526723742485046,
      "jsd_usergroup_2": 0.17107562720775604,
      "ndcg_usergroup_3": 0.1341477334499359,
      "jsd_usergroup_3": 0.1719486266374588
    },
    "epoch_3": {
      "ndcg": 0.13638339936733246,
      "jsd": 0.15927062928676605,
      "ndcg_usergroup_1": 0.18811765313148499,
      "jsd_usergroup_1": 0.11617296189069748,
      "ndcg_usergroup_2": 0.12170490622520447,
      "jsd_usergroup_2": 0.16840113699436188,
      "ndcg_usergroup_3": 0.12867993116378784,
      "jsd_usergroup_3": 0.1749797761440277
    },
    "epoch_4": {
      "ndcg": 0.13128603994846344,
      "jsd": 0.1554788053035736,
      "ndcg_usergroup_1": 0.1818840652704239,
      "jsd_usergroup_1": 0.10550878942012787,
      "ndcg_usergroup_2": 0.11726748198270798,
      "jsd_usergroup_2": 0.165412038564682,
      "ndcg_usergroup_3": 0.12273912131786346,
      "jsd_usergroup_3": 0.175652414560318
    },
    "epoch_5": {
      "ndcg": 0.12653979659080505,
      "jsd": 0.15191727876663208,
      "ndcg_usergroup_1": 0.17618191242218018,
      "jsd_usergroup_1": 0.09691940248012543,
      "ndcg_usergroup_2": 0.11322089284658432,
      "jsd_usergroup_2": 0.16240140795707703,
      "ndcg_usergroup_3": 0.11685004830360413,
      "jsd_usergroup_3": 0.17546617984771729
    },
    "epoch_6": {
      "ndcg": 0.12224962562322617,
      "jsd": 0.14802488684654236,
      "ndcg_usergroup_1": 0.17038485407829285,
      "jsd_usergroup_1": 0.08970144391059875,
      "ndcg_usergroup_2": 0.10959066450595856,
      "jsd_usergroup_2": 0.15888002514839172,
      "ndcg_usergroup_3": 0.11208721250295639,
      "jsd_usergroup_3": 0.17378641664981842
    },
    "epoch_7": {
      "ndcg": 0.11800625920295715,
      "jsd": 0.14431941509246826,
      "ndcg_usergroup_1": 0.1652591973543167,
      "jsd_usergroup_1": 0.08476929366588593,
      "ndcg_usergroup_2": 0.10618042200803757,
      "jsd_usergroup_2": 0.15541593730449677,
      "ndcg_usergroup_3": 0.10622698068618774,
      "jsd_usergroup_3": 0.1705836057662964
    },
    "epoch_8": {
      "ndcg": 0.11438588798046112,
      "jsd": 0.1406431794166565,
      "ndcg_usergroup_1": 0.16044148802757263,
      "jsd_usergroup_1": 0.08119227737188339,
      "ndcg_usergroup_2": 0.10337220877408981,
      "jsd_usergroup_2": 0.15171875059604645,
      "ndcg_usergroup_3": 0.1013677716255188,
      "jsd_usergroup_3": 0.1668710559606552
    },
    "epoch_9": {
      "ndcg": 0.11182589083909988,
      "jsd": 0.13723093271255493,
      "ndcg_usergroup_1": 0.15743473172187805,
      "jsd_usergroup_1": 0.07848621159791946,
      "ndcg_usergroup_2": 0.10147275775671005,
      "jsd_usergroup_2": 0.14873842895030975,
      "ndcg_usergroup_3": 0.09727311134338379,
      "jsd_usergroup_3": 0.16145692765712738
    },
    "epoch_10": {
      "ndcg": 0.10870105773210526,
      "jsd": 0.133407860994339,
      "ndcg_usergroup_1": 0.15345999598503113,
      "jsd_usergroup_1": 0.0766986757516861,
      "ndcg_usergroup_2": 0.09878750145435333,
      "jsd_usergroup_2": 0.14523617923259735,
      "ndcg_usergroup_3": 0.09367959946393967,
      "jsd_usergroup_3": 0.15463601052761078
    },
    "epoch_11": {
      "ndcg": 0.10674866288900375,
      "jsd": 0.1305881291627884,
      "ndcg_usergroup_1": 0.15104776620864868,
      "jsd_usergroup_1": 0.07530390471220016,
      "ndcg_usergroup_2": 0.09753473103046417,
      "jsd_usergroup_2": 0.14292405545711517,
      "ndcg_usergroup_3": 0.0900883674621582,
      "jsd_usergroup_3": 0.1488686054944992
    },
    "epoch_12": {
      "ndcg": 0.10420337319374084,
      "jsd": 0.12746642529964447,
      "ndcg_usergroup_1": 0.14805051684379578,
      "jsd_usergroup_1": 0.07474535703659058,
      "ndcg_usergroup_2": 0.09534858912229538,
      "jsd_usergroup_2": 0.139943927526474,
      "ndcg_usergroup_3": 0.0869177058339119,
      "jsd_usergroup_3": 0.1427590698003769
    },
    "epoch_13": {
      "ndcg": 0.10304254293441772,
      "jsd": 0.12461508810520172,
      "ndcg_usergroup_1": 0.14712458848953247,
      "jsd_usergroup_1": 0.07399177551269531,
      "ndcg_usergroup_2": 0.0947563499212265,
      "jsd_usergroup_2": 0.13763172924518585,
      "ndcg_usergroup_3": 0.08381636440753937,
      "jsd_usergroup_3": 0.13619273900985718
    },
    "epoch_14": {
      "ndcg": 0.10103169083595276,
      "jsd": 0.12213245779275894,
      "ndcg_usergroup_1": 0.1448923647403717,
      "jsd_usergroup_1": 0.07452008873224258,
      "ndcg_usergroup_2": 0.09298398345708847,
      "jsd_usergroup_2": 0.1352558434009552,
      "ndcg_usergroup_3": 0.08131151646375656,
      "jsd_usergroup_3": 0.13037902116775513
    },
    "epoch_15": {
      "ndcg": 0.10010604560375214,
      "jsd": 0.12027857452630997,
      "ndcg_usergroup_1": 0.14530739188194275,
      "jsd_usergroup_1": 0.07439181953668594,
      "ndcg_usergroup_2": 0.09233029186725616,
      "jsd_usergroup_2": 0.13366062939167023,
      "ndcg_usergroup_3": 0.0782293900847435,
      "jsd_usergroup_3": 0.1260235458612442
    },
    "epoch_16": {
      "ndcg": 0.09876304864883423,
      "jsd": 0.11804421246051788,
      "ndcg_usergroup_1": 0.14297515153884888,
      "jsd_usergroup_1": 0.0750206708908081,
      "ndcg_usergroup_2": 0.091384157538414,
      "jsd_usergroup_2": 0.1314752995967865,
      "ndcg_usergroup_3": 0.07668521255254745,
      "jsd_usergroup_3": 0.12077890336513519
    },
    "epoch_17": {
      "ndcg": 0.0984698086977005,
      "jsd": 0.11614906787872314,
      "ndcg_usergroup_1": 0.14303435385227203,
      "jsd_usergroup_1": 0.0749245211482048,
      "ndcg_usergroup_2": 0.09112456440925598,
      "jsd_usergroup_2": 0.13022533059120178,
      "ndcg_usergroup_3": 0.07593859732151031,
      "jsd_usergroup_3": 0.11514943838119507
    },
    "epoch_18": {
      "ndcg": 0.0972096249461174,
      "jsd": 0.11487297713756561,
      "ndcg_usergroup_1": 0.14179421961307526,
      "jsd_usergroup_1": 0.07628787308931351,
      "ndcg_usergroup_2": 0.08994687348604202,
      "jsd_usergroup_2": 0.12882138788700104,
      "ndcg_usergroup_3": 0.07441089302301407,
      "jsd_usergroup_3": 0.11161744594573975
    },
    "epoch_19": {
      "ndcg": 0.09743642807006836,
      "jsd": 0.11322449892759323,
      "ndcg_usergroup_1": 0.14314648509025574,
      "jsd_usergroup_1": 0.07565715163946152,
      "ndcg_usergroup_2": 0.0899234414100647,
      "jsd_usergroup_2": 0.12762603163719177,
      "ndcg_usergroup_3": 0.07426287978887558,
      "jsd_usergroup_3": 0.10759197175502777
    },
    "epoch_20": {
      "ndcg": 0.09628087282180786,
      "jsd": 0.11206541210412979,
      "ndcg_usergroup_1": 0.1408298909664154,
      "jsd_usergroup_1": 0.07715068012475967,
      "ndcg_usergroup_2": 0.0892232209444046,
      "jsd_usergroup_2": 0.12615416944026947,
      "ndcg_usergroup_3": 0.07290249317884445,
      "jsd_usergroup_3": 0.10471846163272858
    },
    "epoch_21": {
      "ndcg": 0.09700945019721985,
      "jsd": 0.1087237000465393,
      "ndcg_usergroup_1": 0.14305710792541504,
      "jsd_usergroup_1": 0.07361195981502533,