{
  "base_recommendations": {
    "ndcg": 0.14531244337558746,
    "jsd": 0.1674375683069229,
    "ndcg_usergroup_1": 0.19628708064556122,
    "jsd_usergroup_1": 0.14693795144557953,
    "ndcg_usergroup_2": 0.13007476925849915,
    "jsd_usergroup_2": 0.1748277097940445,
    "ndcg_usergroup_3": 0.1400458961725235,
    "jsd_usergroup_3": 0.16576915979385376
  },
  "postprocessed": {},
  "finetuned": {
    "epoch_1": {
      "ndcg": 0.11629786342382431,
      "jsd": 0.10783625394105911,
      "ndcg_usergroup_1": 0.1420644074678421,
      "jsd_usergroup_1": 0.0904754251241684,
      "ndcg_usergroup_2": 0.10403808206319809,
      "jsd_usergroup_2": 0.11992306262254715,
      "ndcg_usergroup_3": 0.12730664014816284,
      "jsd_usergroup_3": 0.08894065022468567
    },
    "epoch_2": {
      "ndcg": 0.08766882866621017,
      "jsd": 0.09330088645219803,
      "ndcg_usergroup_1": 0.10776254534721375,
      "jsd_usergroup_1": 0.0879548043012619,
      "ndcg_usergroup_2": 0.07660514116287231,
      "jsd_usergroup_2": 0.10371100902557373,
      "ndcg_usergroup_3": 0.10076252371072769,
      "jsd_usergroup_3": 0.06741998344659805
    },
    "epoch_3": {
      "ndcg": 0.06482755392789841,
      "jsd": 0.08236377686262131,
      "ndcg_usergroup_1": 0.08603516966104507,
      "jsd_usergroup_1": 0.08602210879325867,
      "ndcg_usergroup_2": 0.05497920140624046,
      "jsd_usergroup_2": 0.08901943266391754,
      "ndcg_usergroup_3": 0.07316179573535919,
      "jsd_usergroup_3": 0.05874071270227432
    },
    "epoch_4": {
      "ndcg": 0.04806825891137123,
      "jsd": 0.076749287545681,
      "ndcg_usergroup_1": 0.06905888766050339,
      "jsd_usergroup_1": 0.09219266474246979,
      "ndcg_usergroup_2": 0.039537638425827026,
      "jsd_usergroup_2": 0.07885152101516724,
      "ndcg_usergroup_3": 0.05266670882701874,
      "jsd_usergroup_3": 0.054999928921461105
    }
  }
}