{
  "base_recommendations": {
    "ndcg": 0.14531244337558746,
    "jsd": 0.1674375683069229,
    "ndcg_usergroup_1": 0.19628708064556122,
    "jsd_usergroup_1": 0.14693795144557953,
    "ndcg_usergroup_2": 0.13007476925849915,
    "jsd_usergroup_2": 0.1748277097940445,
    "ndcg_usergroup_3": 0.1400458961725235,
    "jsd_usergroup_3": 0.16576915979385376
  },
  "postprocessed": {},
  "finetuned": {
    "epoch_1": {
      "ndcg": 0.13218234479427338,
      "jsd": 0.1254827082157135,
      "ndcg_usergroup_1": 0.17503874003887177,
      "jsd_usergroup_1": 0.09273035824298859,
      "ndcg_usergroup_2": 0.11793719977140427,
      "jsd_usergroup_2": 0.13829073309898376,
      "ndcg_usergroup_3": 0.13205677270889282,
      "jsd_usergroup_3": 0.11981523782014847
    },
    "epoch_2": {
      "ndcg": 0.11997071653604507,
      "jsd": 0.11026512831449509,
      "ndcg_usergroup_1": 0.161044642329216,
      "jsd_usergroup_1": 0.08110148459672928,
      "ndcg_usergroup_2": 0.10718868672847748,
      "jsd_usergroup_2": 0.12469565868377686,
      "ndcg_usergroup_3": 0.11723870038986206,
      "jsd_usergroup_3": 0.09614186733961105
    },
    "epoch_3": {
      "ndcg": 0.11295469850301743,
      "jsd": 0.09925302863121033,
      "ndcg_usergroup_1": 0.15843696892261505,
      "jsd_usergroup_1": 0.07356733083724976,
      "ndcg_usergroup_2": 0.10035713016986847,
      "jsd_usergroup_2": 0.11423768103122711,
      "ndcg_usergroup_3": 0.10526102036237717,
      "jsd_usergroup_3": 0.07998966425657272
    },
    "epoch_4": {
      "ndcg": 0.10814683139324188,
      "jsd": 0.09115048497915268,
      "ndcg_usergroup_1": 0.15648537874221802,
      "jsd_usergroup_1": 0.07132138311862946,
      "ndcg_usergroup_2": 0.09660299122333527,
      "jsd_usergroup_2": 0.10629677027463913,
      "ndcg_usergroup_3": 0.09443601220846176,
      "jsd_usergroup_3": 0.06554573774337769
    },
    "epoch_5": {
      "ndcg": 0.10438761115074158,
      "jsd": 0.08565874397754669,
      "ndcg_usergroup_1": 0.15710778534412384,
      "jsd_usergroup_1": 0.07084902375936508,
      "ndcg_usergroup_2": 0.09339159727096558,
      "jsd_usergroup_2": 0.09953749179840088,
      "ndcg_usergroup_3": 0.08465185761451721,
      "jsd_usergroup_3": 0.05883673205971718
    },
    "epoch_6": {
      "ndcg": 0.1012616977095604,
      "jsd": 0.08392678946256638,
      "ndcg_usergroup_1": 0.15817783772945404,
      "jsd_usergroup_1": 0.07405763119459152,
      "ndcg_usergroup_2": 0.08976361900568008,
      "jsd_usergroup_2": 0.0964130237698555,
      "ndcg_usergroup_3": 0.07883602380752563,
      "jsd_usergroup_3": 0.05634132772684097
    }
  }
}