{
  "base_recommendations": {
    "ndcg": 0.14531244337558746,
    "jsd": 0.1674375683069229,
    "ndcg_usergroup_1": 0.19628708064556122,
    "jsd_usergroup_1": 0.14693795144557953,
    "ndcg_usergroup_2": 0.13007476925849915,
    "jsd_usergroup_2": 0.1748277097940445,
    "ndcg_usergroup_3": 0.1400458961725235,
    "jsd_usergroup_3": 0.16576915979385376
  },
  "postprocessed": {},
  "finetuned": {
    "epoch_1": {
      "ndcg": 0.1436040997505188,
      "jsd": 0.1667618751525879,
      "ndcg_usergroup_1": 0.1943930983543396,
      "jsd_usergroup_1": 0.14196959137916565,
      "ndcg_usergroup_2": 0.12841565907001495,
      "jsd_usergroup_2": 0.1746782511472702,
      "ndcg_usergroup_3": 0.13837555050849915,
      "jsd_usergroup_3": 0.16780774295330048
    },
    "epoch_2": {
      "ndcg": 0.14057914912700653,
      "jsd": 0.16541330516338348,
      "ndcg_usergroup_1": 0.19082961976528168,
      "jsd_usergroup_1": 0.13415876030921936,
      "ndcg_usergroup_2": 0.12540826201438904,
      "jsd_usergroup_2": 0.17402084171772003,
      "ndcg_usergroup_3": 0.13583636283874512,
      "jsd_usergroup_3": 0.1708480417728424
    },
    "epoch_3": {
      "ndcg": 0.1363990157842636,
      "jsd": 0.16362495720386505,
      "ndcg_usergroup_1": 0.18559923768043518,
      "jsd_usergroup_1": 0.1254676878452301,
      "ndcg_usergroup_2": 0.12167618423700333,
      "jsd_usergroup_2": 0.17317844927310944,
      "ndcg_usergroup_3": 0.13136248290538788,
      "jsd_usergroup_3": 0.17312483489513397
    },
    "epoch_4": {
      "ndcg": 0.1319398283958435,
      "jsd": 0.1616380661725998,
      "ndcg_usergroup_1": 0.1799170821905136,
      "jsd_usergroup_1": 0.11662764102220535,
      "ndcg_usergroup_2": 0.11743368953466415,
      "jsd_usergroup_2": 0.17206795513629913,
      "ndcg_usergroup_3": 0.1274762600660324,
      "jsd_usergroup_3": 0.17536215484142303
    },
    "epoch_5": {
      "ndcg": 0.12646910548210144,
      "jsd": 0.1597585529088974,
      "ndcg_usergroup_1": 0.17242032289505005,
      "jsd_usergroup_1": 0.10951181501150131,
      "ndcg_usergroup_2": 0.11259480565786362,
      "jsd_usergroup_2": 0.17075613141059875,
      "ndcg_usergroup_3": 0.12213626503944397,
      "jsd_usergroup_3": 0.17701609432697296
    },
    "epoch_6": {
      "ndcg": 0.12098737061023712,
      "jsd": 0.15725931525230408,
      "ndcg_usergroup_1": 0.16407208144664764,
      "jsd_usergroup_1": 0.10298766195774078,
      "ndcg_usergroup_2": 0.1079060360789299,
      "jsd_usergroup_2": 0.16892288625240326,
      "ndcg_usergroup_3": 0.11714240908622742,
      "jsd_usergroup_3": 0.17654404044151306
    },
    "epoch_7": {
      "ndcg": 0.11515877395868301,
      "jsd": 0.1546783745288849,
      "ndcg_usergroup_1": 0.15576231479644775,
      "jsd_usergroup_1": 0.0980343446135521,
      "ndcg_usergroup_2": 0.10277474671602249,
      "jsd_usergroup_2": 0.16653665900230408,
      "ndcg_usergroup_3": 0.11170326173305511,
      "jsd_usergroup_3": 0.17575141787528992
    },
    "epoch_8": {
      "ndcg": 0.10902243107557297,
      "jsd": 0.15152084827423096,
      "ndcg_usergroup_1": 0.1471959799528122,
      "jsd_usergroup_1": 0.0937875509262085,
      "ndcg_usergroup_2": 0.0973791852593422,
      "jsd_usergroup_2": 0.16357187926769257,
      "ndcg_usergroup_3": 0.10577483475208282,
      "jsd_usergroup_3": 0.17310504615306854
    },
    "epoch_9": {
      "ndcg": 0.10276923328638077,
      "jsd": 0.14753089845180511,
      "ndcg_usergroup_1": 0.137924462556839,
      "jsd_usergroup_1": 0.09000232070684433,
      "ndcg_usergroup_2": 0.09206552803516388,
      "jsd_usergroup_2": 0.15941457450389862,
      "ndcg_usergroup_3": 0.09972165524959564,
      "jsd_usergroup_3": 0.16941237449645996
    },
    "epoch_10": {
      "ndcg": 0.09652812033891678,
      "jsd": 0.14312678575515747,
      "ndcg_usergroup_1": 0.12900207936763763,
      "jsd_usergroup_1": 0.08721166104078293,
      "ndcg_usergroup_2": 0.08671778440475464,
      "jsd_usergroup_2": 0.15489955246448517,
      "ndcg_usergroup_3": 0.09348195791244507,
      "jsd_usergroup_3": 0.16372743248939514
    },
    "epoch_11": {
      "ndcg": 0.09035670012235641,
      "jsd": 0.1381773054599762,
      "ndcg_usergroup_1": 0.12152346968650818,
      "jsd_usergroup_1": 0.0842769518494606,
      "ndcg_usergroup_2": 0.08114971965551376,
      "jsd_usergroup_2": 0.14967623353004456,
      "ndcg_usergroup_3": 0.08680788427591324,
      "jsd_usergroup_3": 0.15758469700813293
    },
    "epoch_12": {
      "ndcg": 0.0838504433631897,
      "jsd": 0.1328122913837433,
      "ndcg_usergroup_1": 0.11373736709356308,
      "jsd_usergroup_1": 0.08220484107732773,
      "ndcg_usergroup_2": 0.07513220608234406,
      "jsd_usergroup_2": 0.143806591629982,
      "ndcg_usergroup_3": 0.0801154151558876,
      "jsd_usergroup_3": 0.15044048428535461
    },
    "epoch_13": {
      "ndcg": 0.0770847424864769,
      "jsd": 0.1271171122789383,
      "ndcg_usergroup_1": 0.10586246103048325,
      "jsd_usergroup_1": 0.08015453815460205,
      "ndcg_usergroup_2": 0.06872224807739258,
      "jsd_usergroup_2": 0.13786806166172028,
      "ndcg_usergroup_3": 0.07339179515838623,
      "jsd_usergroup_3": 0.14183038473129272
    },
    "epoch_14": {
      "ndcg": 0.07087467610836029,
      "jsd": 0.12152478098869324,
      "ndcg_usergroup_1": 0.09898030012845993,
      "jsd_usergroup_1": 0.07844460010528564,
      "ndcg_usergroup_2": 0.06287222355604172,
      "jsd_usergroup_2": 0.1319999098777771,
      "ndcg_usergroup_3": 0.06677378714084625,
      "jsd_usergroup_3": 0.13318295776844025
    },
    "epoch_15": {
      "ndcg": 0.06469600647687912,
      "jsd": 0.11574145406484604,
      "ndcg_usergroup_1": 0.09152787178754807,
      "jsd_usergroup_1": 0.07708188891410828,
      "ndcg_usergroup_2": 0.05740691348910332,
      "jsd_usergroup_2": 0.1259806603193283,
      "ndcg_usergroup_3": 0.05972907319664955,
      "jsd_usergroup_3": 0.123686783015728
    },
    "epoch_16": {
      "ndcg": 0.0588756762444973,
      "jsd": 0.10990992933511734,
      "ndcg_usergroup_1": 0.08658799529075623,
      "jsd_usergroup_1": 0.07561618834733963,
      "ndcg_usergroup_2": 0.051590695977211,
      "jsd_usergroup_2": 0.11988276243209839,
      "ndcg_usergroup_3": 0.05301591753959656,
      "jsd_usergroup_3": 0.11428838223218918
    },
    "epoch_17": {
      "ndcg": 0.0533440001308918,
      "jsd": 0.10456249862909317,
      "ndcg_usergroup_1": 0.08098194003105164,
      "jsd_usergroup_1": 0.0756547674536705,
      "ndcg_usergroup_2": 0.04636215418577194,
      "jsd_usergroup_2": 0.11425595730543137,
      "ndcg_usergroup_3": 0.04664931073784828,
      "jsd_usergroup_3": 0.10439301282167435
    },
    "epoch_18": {
      "ndcg": 0.04850371181964874,
      "jsd": 0.09880331158638,
      "ndcg_usergroup_1": 0.07599647343158722,
      "jsd_usergroup_1": 0.0745859444141388,
      "ndcg_usergroup_2": 0.04167279228568077,
      "jsd_usergroup_2": 0.10840433090925217,
      "ndcg_usergroup_3": 0.041501473635435104,
      "jsd_usergroup_3": 0.09422079473733902
    },
    "epoch_19": {
      "ndcg": 0.043915171176195145,
      "jsd": 0.09398871660232544,
      "ndcg_usergroup_1": 0.07162591814994812,
      "jsd_usergroup_1": 0.07519146054983139,
      "ndcg_usergroup_2": 0.037256740033626556,
      "jsd_usergroup_2": 0.10290222615003586,
      "ndcg_usergroup_3": 0.03617754206061363,
      "jsd_usergroup_3": 0.08604836463928223
    },
    "epoch_20": {
      "ndcg": 0.03998281806707382,
      "jsd": 0.08959612250328064,
      "ndcg_usergroup_1": 0.06883186101913452,
      "jsd_usergroup_1": 0.0755336657166481,
      "ndcg_usergroup_2": 0.033107321709394455,
      "jsd_usergroup_2": 0.09802599996328354,
      "ndcg_usergroup_3": 0.031758032739162445,
      "jsd_usergroup_3": 0.07837171852588654
    },
    "epoch_21": {
      "ndcg": 0.036990515887737274,
      "jsd": 0.08593064546585083,
      "ndcg_usergroup_1": 0.06651033461093903,
      "jsd_usergroup_1": 0.07626186311244965,