{
  "base_recommendations": {
    "ndcg": 0.14531244337558746,
    "jsd": 0.16742733120918274,
    "ndcg_usergroup_1": 0.19628708064556122,
    "jsd_usergroup_1": 0.146896630525589,
    "ndcg_usergroup_2": 0.13007476925849915,
    "jsd_usergroup_2": 0.1748340129852295,
    "ndcg_usergroup_3": 0.1400458961725235,
    "jsd_usergroup_3": 0.16574043035507202
  },
  "postprocessed": {},
  "finetuned": {
    "epoch_1": {
      "ndcg": 0.14465059340000153,
      "jsd": 0.16364578902721405,
      "ndcg_usergroup_1": 0.19633843004703522,
      "jsd_usergroup_1": 0.13794785737991333,
      "ndcg_usergroup_2": 0.1293407678604126,
      "jsd_usergroup_2": 0.17149275541305542,
      "ndcg_usergroup_3": 0.13888728618621826,
      "jsd_usergroup_3": 0.1658053696155548
    },
    "epoch_2": {
      "ndcg": 0.14311860501766205,
      "jsd": 0.1589362621307373,
      "ndcg_usergroup_1": 0.19481173157691956,
      "jsd_usergroup_1": 0.12680287659168243,
      "ndcg_usergroup_2": 0.12803852558135986,
      "jsd_usergroup_2": 0.16727282106876373,
      "ndcg_usergroup_3": 0.13666073977947235,
      "jsd_usergroup_3": 0.16606266796588898
    },
    "epoch_3": {
      "ndcg": 0.14130650460720062,
      "jsd": 0.1550542265176773,
      "ndcg_usergroup_1": 0.19238132238388062,
      "jsd_usergroup_1": 0.11686297506093979,
      "ndcg_usergroup_2": 0.12628184258937836,
      "jsd_usergroup_2": 0.1641497164964676,
      "ndcg_usergroup_3": 0.1353006809949875,
      "jsd_usergroup_3": 0.16596201062202454
    },
    "epoch_4": {
      "ndcg": 0.13933531939983368,
      "jsd": 0.15234234929084778,
      "ndcg_usergroup_1": 0.18932607769966125,
      "jsd_usergroup_1": 0.10958842188119888,
      "ndcg_usergroup_2": 0.1247965544462204,
      "jsd_usergroup_2": 0.1619776338338852,
      "ndcg_usergroup_3": 0.1329561173915863,
      "jsd_usergroup_3": 0.16619357466697693
    },
    "epoch_5": {
      "ndcg": 0.13719184696674347,
      "jsd": 0.15038561820983887,
      "ndcg_usergroup_1": 0.18638278543949127,
      "jsd_usergroup_1": 0.10438761115074158,
      "ndcg_usergroup_2": 0.12334130704402924,
      "jsd_usergroup_2": 0.1605982929468155,
      "ndcg_usergroup_3": 0.12954792380332947,
      "jsd_usergroup_3": 0.16574889421463013
    },
    "epoch_6": {
      "ndcg": 0.1356230229139328,
      "jsd": 0.14895570278167725,
      "ndcg_usergroup_1": 0.18398219347000122,
      "jsd_usergroup_1": 0.10072308033704758,
      "ndcg_usergroup_2": 0.12209679186344147,
      "jsd_usergroup_2": 0.15963825583457947,
      "ndcg_usergroup_3": 0.127838134765625,
      "jsd_usergroup_3": 0.16514408588409424
    },
    "epoch_7": {
      "ndcg": 0.134042426943779,
      "jsd": 0.14762432873249054,
      "ndcg_usergroup_1": 0.1810556799173355,
      "jsd_usergroup_1": 0.09851840138435364,
      "ndcg_usergroup_2": 0.12120810151100159,
      "jsd_usergroup_2": 0.1584922969341278,
      "ndcg_usergroup_3": 0.12552791833877563,
      "jsd_usergroup_3": 0.16412995755672455
    },
    "epoch_8": {
      "ndcg": 0.13268446922302246,
      "jsd": 0.14668190479278564,
      "ndcg_usergroup_1": 0.17952759563922882,
      "jsd_usergroup_1": 0.09631732106208801,
      "ndcg_usergroup_2": 0.12007737159729004,
      "jsd_usergroup_2": 0.1583670824766159,
      "ndcg_usergroup_3": 0.12365857511758804,
      "jsd_usergroup_3": 0.16199477016925812
    },
    "epoch_9": {
      "ndcg": 0.1317698359489441,
      "jsd": 0.1458420604467392,
      "ndcg_usergroup_1": 0.1770918369293213,
      "jsd_usergroup_1": 0.09524402022361755,
      "ndcg_usergroup_2": 0.11970306932926178,
      "jsd_usergroup_2": 0.15736933052539825,
      "ndcg_usergroup_3": 0.12264417111873627,
      "jsd_usergroup_3": 0.16186201572418213
    },
    "epoch_10": {
      "ndcg": 0.13078083097934723,
      "jsd": 0.14513836801052094,
      "ndcg_usergroup_1": 0.17540425062179565,
      "jsd_usergroup_1": 0.09393344074487686,
      "ndcg_usergroup_2": 0.11875640600919724,
      "jsd_usergroup_2": 0.15721271932125092,
      "ndcg_usergroup_3": 0.122226782143116,
      "jsd_usergroup_3": 0.16012424230575562
    },
    "epoch_11": {
      "ndcg": 0.12995226681232452,
      "jsd": 0.1448863297700882,
      "ndcg_usergroup_1": 0.17358656227588654,
      "jsd_usergroup_1": 0.09391096234321594,
      "ndcg_usergroup_2": 0.11836577206850052,
      "jsd_usergroup_2": 0.15697237849235535,
      "ndcg_usergroup_3": 0.1210736334323883,
      "jsd_usergroup_3": 0.15960755944252014
    },
    "epoch_12": {
      "ndcg": 0.12943632900714874,
      "jsd": 0.1443977802991867,
      "ndcg_usergroup_1": 0.17287319898605347,
      "jsd_usergroup_1": 0.09337128698825836,
      "ndcg_usergroup_2": 0.11776231974363327,
      "jsd_usergroup_2": 0.15669876337051392,
      "ndcg_usergroup_3": 0.121017687022686,
      "jsd_usergroup_3": 0.15852536261081696
    },
    "epoch_13": {
      "ndcg": 0.12893295288085938,
      "jsd": 0.14428699016571045,
      "ndcg_usergroup_1": 0.17106446623802185,
      "jsd_usergroup_1": 0.09327811002731323,
      "ndcg_usergroup_2": 0.1177796721458435,
      "jsd_usergroup_2": 0.1565362960100174,
      "ndcg_usergroup_3": 0.12025762349367142,
      "jsd_usergroup_3": 0.15855202078819275
    },
    "epoch_14": {
      "ndcg": 0.12804590165615082,
      "jsd": 0.14387153089046478,
      "ndcg_usergroup_1": 0.17073003947734833,
      "jsd_usergroup_1": 0.09265666455030441,
      "ndcg_usergroup_2": 0.11658553779125214,
      "jsd_usergroup_2": 0.15649671852588654,
      "ndcg_usergroup_3": 0.1197391077876091,
      "jsd_usergroup_3": 0.15721495449543
    },
    "epoch_15": {
      "ndcg": 0.1279636174440384,
      "jsd": 0.14384710788726807,
      "ndcg_usergroup_1": 0.16962473094463348,
      "jsd_usergroup_1": 0.09292969107627869,
      "ndcg_usergroup_2": 0.1168074831366539,
      "jsd_usergroup_2": 0.1562633216381073,
      "ndcg_usergroup_3": 0.11976727843284607,
      "jsd_usergroup_3": 0.15751995146274567
    },
    "epoch_16": {
      "ndcg": 0.12722882628440857,
      "jsd": 0.14363615214824677,
      "ndcg_usergroup_1": 0.16849030554294586,
      "jsd_usergroup_1": 0.09272254258394241,
      "ndcg_usergroup_2": 0.11609042435884476,
      "jsd_usergroup_2": 0.15627703070640564,
      "ndcg_usergroup_3": 0.11937887966632843,
      "jsd_usergroup_3": 0.1566312313079834
    },
    "epoch_17": {
      "ndcg": 0.1271546334028244,
      "jsd": 0.14348384737968445,
      "ndcg_usergroup_1": 0.16775868833065033,
      "jsd_usergroup_1": 0.09303347021341324,
      "ndcg_usergroup_2": 0.11629036068916321,
      "jsd_usergroup_2": 0.15580512583255768,
      "ndcg_usergroup_3": 0.11913986504077911,
      "jsd_usergroup_3": 0.15697450935840607
    },
    "epoch_18": {
      "ndcg": 0.12627194821834564,
      "jsd": 0.14340782165527344,
      "ndcg_usergroup_1": 0.16649281978607178,
      "jsd_usergroup_1": 0.09295155853033066,
      "ndcg_usergroup_2": 0.11571432650089264,
      "jsd_usergroup_2": 0.1560479700565338,
      "ndcg_usergroup_3": 0.11772049963474274,
      "jsd_usergroup_3": 0.15594778954982758
    },
    "epoch_19": {
      "ndcg": 0.1264684796333313,
      "jsd": 0.1433989256620407,
      "ndcg_usergroup_1": 0.16646964848041534,
      "jsd_usergroup_1": 0.0930846706032753,
      "ndcg_usergroup_2": 0.11579053103923798,
      "jsd_usergroup_2": 0.15583978593349457,
      "ndcg_usergroup_3": 0.11849770694971085,
      "jsd_usergroup_3": 0.1563946157693863
    },
    "epoch_20": {
      "ndcg": 0.12596039474010468,
      "jsd": 0.14317701756954193,
      "ndcg_usergroup_1": 0.16646051406860352,
      "jsd_usergroup_1": 0.09285131096839905,
      "ndcg_usergroup_2": 0.11549486964941025,
      "jsd_usergroup_2": 0.15584109723567963,
      "ndcg_usergroup_3": 0.11685342341661453,
      "jsd_usergroup_3": 0.15551471710205078
    },
    "epoch_21": {
      "ndcg": 0.12640060484409332,
      "jsd": 0.14305968582630157,
      "ndcg_usergroup_1": 0.16544243693351746,
      "jsd_usergroup_1": 0.09288764744997025,