{"base_recommendations": {"ndcg": 0.14531244337558746, "jsd": 0.1674375683069229}, "postprocessed": {}, "finetuned": {"epoch_1": {"ndcg": 0.11867530643939972, "jsd": 0.11287587881088257}, "epoch_2": {"ndcg": 0.09116970747709274, "jsd": 0.09692338854074478}, "epoch_3": {"ndcg": 0.07096236199140549, "jsd": 0.08129251003265381}, "epoch_4": {"ndcg": 0.05687050521373749, "jsd": 0.07122037559747696}, "epoch_5": {"ndcg": 0.047983985394239426, "jsd": 0.06945560872554779}}}