{
  "base_recommendations": {
    "ndcg": 0.14531244337558746,
    "jsd": 0.1674375683069229,
    "ndcg_usergroup_1": 0.19628708064556122,
    "jsd_usergroup_1": 0.14693795144557953,
    "ndcg_usergroup_2": 0.13007476925849915,
    "jsd_usergroup_2": 0.1748277097940445,
    "ndcg_usergroup_3": 0.1400458961725235,
    "jsd_usergroup_3": 0.16576915979385376
  },
  "postprocessed": {},
  "finetuned": {
    "epoch_1": {
      "ndcg": 0.14180594682693481,
      "jsd": 0.14236611127853394,
      "ndcg_usergroup_1": 0.18745163083076477,
      "jsd_usergroup_1": 0.10683275014162064,
      "ndcg_usergroup_2": 0.12696275115013123,
      "jsd_usergroup_2": 0.15247231721878052,
      "ndcg_usergroup_3": 0.14068500697612762,
      "jsd_usergroup_3": 0.14758415520191193
    },
    "epoch_2": {
      "ndcg": 0.13313224911689758,
      "jsd": 0.12809091806411743,
      "ndcg_usergroup_1": 0.17155422270298004,
      "jsd_usergroup_1": 0.09234321117401123,
      "ndcg_usergroup_2": 0.11935525387525558,
      "jsd_usergroup_2": 0.1406518667936325,
      "ndcg_usergroup_3": 0.1360367387533188,
      "jsd_usergroup_3": 0.1261599212884903
    },
    "epoch_3": {
      "ndcg": 0.12493926286697388,
      "jsd": 0.11859606951475143,
      "ndcg_usergroup_1": 0.1596553474664688,
      "jsd_usergroup_1": 0.08870799839496613,
      "ndcg_usergroup_2": 0.11188443005084991,
      "jsd_usergroup_2": 0.1317102611064911,
      "ndcg_usergroup_3": 0.12938342988491058,
      "jsd_usergroup_3": 0.1091458722949028
    },
    "epoch_4": {
      "ndcg": 0.11865460872650146,
      "jsd": 0.11096026748418808,
      "ndcg_usergroup_1": 0.15298067033290863,
      "jsd_usergroup_1": 0.0861729234457016,
      "ndcg_usergroup_2": 0.10597912967205048,
      "jsd_usergroup_2": 0.12390924990177155,
      "ndcg_usergroup_3": 0.12235084921121597,
      "jsd_usergroup_3": 0.09690488129854202
    },
    "epoch_5": {
      "ndcg": 0.11404511332511902,
      "jsd": 0.10536488145589828,
      "ndcg_usergroup_1": 0.14887620508670807,
      "jsd_usergroup_1": 0.08366965502500534,
      "ndcg_usergroup_2": 0.10155835747718811,
      "jsd_usergroup_2": 0.11823895573616028,
      "ndcg_usergroup_3": 0.11667022109031677,
      "jsd_usergroup_3": 0.08844205737113953
    },
    "epoch_6": {
      "ndcg": 0.11068891733884811,
      "jsd": 0.10111010074615479,
      "ndcg_usergroup_1": 0.14704658091068268,
      "jsd_usergroup_1": 0.08180143684148788,
      "ndcg_usergroup_2": 0.09828406572341919,
      "jsd_usergroup_2": 0.11394380778074265,
      "ndcg_usergroup_3": 0.1115417405962944,
      "jsd_usergroup_3": 0.08192183077335358
    },
    "epoch_7": {
      "ndcg": 0.10757346451282501,
      "jsd": 0.09740278124809265,
      "ndcg_usergroup_1": 0.1456500142812729,
      "jsd_usergroup_1": 0.07971631735563278,
      "ndcg_usergroup_2": 0.09508416056632996,
      "jsd_usergroup_2": 0.10987000912427902,
      "ndcg_usergroup_3": 0.1069607213139534,
      "jsd_usergroup_3": 0.07769162952899933
    },
    "epoch_8": {
      "ndcg": 0.10506726801395416,
      "jsd": 0.09426100552082062,
      "ndcg_usergroup_1": 0.14410442113876343,
      "jsd_usergroup_1": 0.07772443443536758,
      "ndcg_usergroup_2": 0.09278669208288193,
      "jsd_usergroup_2": 0.10673904418945312,
      "ndcg_usergroup_3": 0.10286782681941986,
      "jsd_usergroup_3": 0.07336752116680145
    },
    "epoch_9": {
      "ndcg": 0.10252496600151062,
      "jsd": 0.09125491231679916,
      "ndcg_usergroup_1": 0.14289261400699615,
      "jsd_usergroup_1": 0.07552099972963333,
      "ndcg_usergroup_2": 0.09035675972700119,
      "jsd_usergroup_2": 0.10360678285360336,
      "ndcg_usergroup_3": 0.09865792095661163,
      "jsd_usergroup_3": 0.06993728876113892
    },
    "epoch_10": {
      "ndcg": 0.10029926896095276,
      "jsd": 0.08850554376840591,
      "ndcg_usergroup_1": 0.1419317126274109,
      "jsd_usergroup_1": 0.07445461302995682,
      "ndcg_usergroup_2": 0.08837885409593582,
      "jsd_usergroup_2": 0.10056860744953156,
      "ndcg_usergroup_3": 0.09442420303821564,
      "jsd_usergroup_3": 0.06637123227119446
    },
    "epoch_11": {
      "ndcg": 0.09872258454561234,
      "jsd": 0.08580827713012695,
      "ndcg_usergroup_1": 0.14246177673339844,
      "jsd_usergroup_1": 0.0730753168463707,
      "ndcg_usergroup_2": 0.08677539974451065,
      "jsd_usergroup_2": 0.09763718396425247,
      "ndcg_usergroup_3": 0.09082108736038208,
      "jsd_usergroup_3": 0.06305837631225586
    },
    "epoch_12": {
      "ndcg": 0.09722580760717392,
      "jsd": 0.08333619683980942,
      "ndcg_usergroup_1": 0.14225611090660095,
      "jsd_usergroup_1": 0.07161426544189453,
      "ndcg_usergroup_2": 0.08517977595329285,
      "jsd_usergroup_2": 0.09497638046741486,
      "ndcg_usergroup_3": 0.08832968771457672,
      "jsd_usergroup_3": 0.060141392052173615
    },
    "epoch_13": {
      "ndcg": 0.09527372568845749,
      "jsd": 0.08070129156112671,
      "ndcg_usergroup_1": 0.14121383428573608,
      "jsd_usergroup_1": 0.06966901570558548,
      "ndcg_usergroup_2": 0.08374157547950745,
      "jsd_usergroup_2": 0.09216772019863129,
      "ndcg_usergroup_3": 0.08392630517482758,
      "jsd_usergroup_3": 0.05733804032206535
    },
    "epoch_14": {
      "ndcg": 0.0939575582742691,
      "jsd": 0.078341044485569,
      "ndcg_usergroup_1": 0.1411687731742859,
      "jsd_usergroup_1": 0.06936012208461761,
      "ndcg_usergroup_2": 0.08246626704931259,
      "jsd_usergroup_2": 0.0892251580953598,
      "ndcg_usergroup_3": 0.08121645450592041,
      "jsd_usergroup_3": 0.0546732060611248
    },
    "epoch_15": {
      "ndcg": 0.09250084310770035,
      "jsd": 0.07618356496095657,
      "ndcg_usergroup_1": 0.14124636352062225,
      "jsd_usergroup_1": 0.06843186914920807,
      "ndcg_usergroup_2": 0.08103957027196884,
      "jsd_usergroup_2": 0.08666270971298218,
      "ndcg_usergroup_3": 0.07813539355993271,
      "jsd_usergroup_3": 0.05250124633312225
    },
    "epoch_16": {
      "ndcg": 0.09106334298849106,
      "jsd": 0.07365155965089798,
      "ndcg_usergroup_1": 0.1400814652442932,
      "jsd_usergroup_1": 0.06677181273698807,
      "ndcg_usergroup_2": 0.07997123152017593,
      "jsd_usergroup_2": 0.0837099477648735,
      "ndcg_usergroup_3": 0.07531790435314178,
      "jsd_usergroup_3": 0.050359465181827545
    },
    "epoch_17": {
      "ndcg": 0.08978525549173355,
      "jsd": 0.07169707864522934,
      "ndcg_usergroup_1": 0.14031364023685455,
      "jsd_usergroup_1": 0.0661422461271286,
      "ndcg_usergroup_2": 0.07872948795557022,
      "jsd_usergroup_2": 0.08117179572582245,
      "ndcg_usergroup_3": 0.07242055982351303,
      "jsd_usergroup_3": 0.048830848187208176
    },
    "epoch_18": {
      "ndcg": 0.0885317325592041,
      "jsd": 0.06988206505775452,
      "ndcg_usergroup_1": 0.14020492136478424,
      "jsd_usergroup_1": 0.06559581309556961,
      "ndcg_usergroup_2": 0.07774680107831955,
      "jsd_usergroup_2": 0.07878678292036057,
      "ndcg_usergroup_3": 0.06920982897281647,
      "jsd_usergroup_3": 0.04745710268616676
    },
    "epoch_19": {
      "ndcg": 0.08734405040740967,
      "jsd": 0.06820310652256012,
      "ndcg_usergroup_1": 0.13983438909053802,
      "jsd_usergroup_1": 0.06456934660673141,
      "ndcg_usergroup_2": 0.07649616152048111,
      "jsd_usergroup_2": 0.07681374996900558,
      "ndcg_usergroup_3": 0.06739388406276703,
      "jsd_usergroup_3": 0.046007707715034485
    },
    "epoch_20": {
      "ndcg": 0.08701346069574356,
      "jsd": 0.0670153871178627,
      "ndcg_usergroup_1": 0.14096690714359283,
      "jsd_usergroup_1": 0.06490416824817657,
      "ndcg_usergroup_2": 0.07604168355464935,
      "jsd_usergroup_2": 0.07506486028432846,
      "ndcg_usergroup_3": 0.06597176194190979,
      "jsd_usergroup_3": 0.04498083516955376
    },
    "epoch_21": {
      "ndcg": 0.08592625707387924,
      "jsd": 0.0657518208026886,
      "ndcg_usergroup_1": 0.13986337184906006,
      "jsd_usergroup_1": 0.0644085705280304,