{
  "base_recommendations": {
    "ndcg": 0.14531244337558746,
    "jsd": 0.1674375683069229,
    "ndcg_usergroup_1": 0.19628708064556122,
    "jsd_usergroup_1": 0.14693795144557953,
    "ndcg_usergroup_2": 0.13007476925849915,
    "jsd_usergroup_2": 0.1748277097940445,
    "ndcg_usergroup_3": 0.1400458961725235,
    "jsd_usergroup_3": 0.16576915979385376
  },
  "postprocessed": {},
  "finetuned": {
    "epoch_1": {
      "ndcg": 0.14323419332504272,
      "jsd": 0.1667901873588562,
      "ndcg_usergroup_1": 0.19445297122001648,
      "jsd_usergroup_1": 0.14076194167137146,
      "ndcg_usergroup_2": 0.12797047197818756,
      "jsd_usergroup_2": 0.17500296235084534,
      "ndcg_usergroup_3": 0.13780158758163452,
      "jsd_usergroup_3": 0.1681828498840332
    },
    "epoch_2": {
      "ndcg": 0.1396082639694214,
      "jsd": 0.16553637385368347,
      "ndcg_usergroup_1": 0.19064930081367493,
      "jsd_usergroup_1": 0.13148339092731476,
      "ndcg_usergroup_2": 0.12448064982891083,
      "jsd_usergroup_2": 0.17458570003509521,
      "ndcg_usergroup_3": 0.1339450478553772,
      "jsd_usergroup_3": 0.17244435846805573
    },
    "epoch_3": {
      "ndcg": 0.1348256766796112,
      "jsd": 0.1642518937587738,
      "ndcg_usergroup_1": 0.18541419506072998,
      "jsd_usergroup_1": 0.122054323554039,
      "ndcg_usergroup_2": 0.12005528807640076,
      "jsd_usergroup_2": 0.17436884343624115,
      "ndcg_usergroup_3": 0.12854346632957458,
      "jsd_usergroup_3": 0.1761019080877304
    },
    "epoch_4": {
      "ndcg": 0.1291019469499588,
      "jsd": 0.16243240237236023,
      "ndcg_usergroup_1": 0.1785074919462204,
      "jsd_usergroup_1": 0.11302685737609863,
      "ndcg_usergroup_2": 0.11506707966327667,
      "jsd_usergroup_2": 0.17360515892505646,
      "ndcg_usergroup_3": 0.1217963844537735,
      "jsd_usergroup_3": 0.17832331359386444
    },
    "epoch_5": {
      "ndcg": 0.12331225723028183,
      "jsd": 0.16006337106227875,
      "ndcg_usergroup_1": 0.17110198736190796,
      "jsd_usergroup_1": 0.10541195422410965,
      "ndcg_usergroup_2": 0.10998653620481491,
      "jsd_usergroup_2": 0.17182612419128418,
      "ndcg_usergroup_3": 0.11549537628889084,
      "jsd_usergroup_3": 0.17943044006824493
    },
    "epoch_6": {
      "ndcg": 0.11772772669792175,
      "jsd": 0.15728646516799927,
      "ndcg_usergroup_1": 0.16428743302822113,
      "jsd_usergroup_1": 0.09904507547616959,
      "ndcg_usergroup_2": 0.10501795262098312,
      "jsd_usergroup_2": 0.16938439011573792,
      "ndcg_usergroup_3": 0.10929322242736816,
      "jsd_usergroup_3": 0.17923802137374878
    },
    "epoch_7": {
      "ndcg": 0.1124318540096283,
      "jsd": 0.15388938784599304,
      "ndcg_usergroup_1": 0.15728993713855743,
      "jsd_usergroup_1": 0.09363783150911331,
      "ndcg_usergroup_2": 0.10060219466686249,
      "jsd_usergroup_2": 0.1664438545703888,
      "ndcg_usergroup_3": 0.1030588373541832,
      "jsd_usergroup_3": 0.17648164927959442
    },
    "epoch_8": {
      "ndcg": 0.10743226855993271,
      "jsd": 0.14980018138885498,
      "ndcg_usergroup_1": 0.15099860727787018,
      "jsd_usergroup_1": 0.08972623944282532,
      "ndcg_usergroup_2": 0.09635534137487411,
      "jsd_usergroup_2": 0.162428081035614,
      "ndcg_usergroup_3": 0.09709309786558151,
      "jsd_usergroup_3": 0.17199453711509705
    },
    "epoch_9": {
      "ndcg": 0.10292287170886993,
      "jsd": 0.14552506804466248,
      "ndcg_usergroup_1": 0.1453176587820053,
      "jsd_usergroup_1": 0.08600620925426483,
      "ndcg_usergroup_2": 0.0927865281701088,
      "jsd_usergroup_2": 0.15830859541893005,
      "ndcg_usergroup_3": 0.09093380719423294,
      "jsd_usergroup_3": 0.16669750213623047
    },
    "epoch_10": {
      "ndcg": 0.09855888038873672,
      "jsd": 0.14146919548511505,
      "ndcg_usergroup_1": 0.14044316112995148,
      "jsd_usergroup_1": 0.08426417410373688,
      "ndcg_usergroup_2": 0.0891522616147995,
      "jsd_usergroup_2": 0.154227152466774,
      "ndcg_usergroup_3": 0.08489134907722473,
      "jsd_usergroup_3": 0.1604045331478119
    },
    "epoch_11": {
      "ndcg": 0.09461143612861633,
      "jsd": 0.13672490417957306,
      "ndcg_usergroup_1": 0.13627368211746216,
      "jsd_usergroup_1": 0.08151379972696304,
      "ndcg_usergroup_2": 0.08601120114326477,
      "jsd_usergroup_2": 0.14975549280643463,
      "ndcg_usergroup_3": 0.07874707132577896,
      "jsd_usergroup_3": 0.1528485268354416
    },
    "epoch_12": {
      "ndcg": 0.09134414792060852,
      "jsd": 0.13244998455047607,
      "ndcg_usergroup_1": 0.13261482119560242,
      "jsd_usergroup_1": 0.08076909184455872,
      "ndcg_usergroup_2": 0.08321915566921234,
      "jsd_usergroup_2": 0.14523015916347504,
      "ndcg_usergroup_3": 0.07444580644369125,
      "jsd_usergroup_3": 0.1457946002483368
    },
    "epoch_13": {
      "ndcg": 0.0885879322886467,
      "jsd": 0.1277247965335846,
      "ndcg_usergroup_1": 0.1305728554725647,
      "jsd_usergroup_1": 0.07858346402645111,
      "ndcg_usergroup_2": 0.08087187260389328,
      "jsd_usergroup_2": 0.14092613756656647,
      "ndcg_usergroup_3": 0.069748654961586,
      "jsd_usergroup_3": 0.13726647198200226
    },
    "epoch_14": {
      "ndcg": 0.0856287032365799,
      "jsd": 0.12379973381757736,
      "ndcg_usergroup_1": 0.1260749101638794,
      "jsd_usergroup_1": 0.07829433679580688,
      "ndcg_usergroup_2": 0.0786365419626236,
      "jsd_usergroup_2": 0.1370774507522583,
      "ndcg_usergroup_3": 0.06615674495697021,
      "jsd_usergroup_3": 0.12947626411914825
    },
    "epoch_15": {
      "ndcg": 0.08348815143108368,
      "jsd": 0.11980891972780228,
      "ndcg_usergroup_1": 0.12657469511032104,
      "jsd_usergroup_1": 0.0772576704621315,
      "ndcg_usergroup_2": 0.07625773549079895,
      "jsd_usergroup_2": 0.13342855870723724,
      "ndcg_usergroup_3": 0.06209048256278038,
      "jsd_usergroup_3": 0.1215057522058487
    },
    "epoch_16": {
      "ndcg": 0.08149029314517975,
      "jsd": 0.11600436270236969,
      "ndcg_usergroup_1": 0.12371408939361572,
      "jsd_usergroup_1": 0.0772613137960434,
      "ndcg_usergroup_2": 0.07473774999380112,
      "jsd_usergroup_2": 0.1295493096113205,
      "ndcg_usergroup_3": 0.05952191352844238,
      "jsd_usergroup_3": 0.11411704123020172
    },
    "epoch_17": {
      "ndcg": 0.07984089106321335,
      "jsd": 0.11267777532339096,
      "ndcg_usergroup_1": 0.12485095858573914,
      "jsd_usergroup_1": 0.07676006853580475,
      "ndcg_usergroup_2": 0.07276161760091782,
      "jsd_usergroup_2": 0.12631581723690033,
      "ndcg_usergroup_3": 0.05606628954410553,
      "jsd_usergroup_3": 0.10768585652112961
    },
    "epoch_18": {
      "ndcg": 0.07856235653162003,
      "jsd": 0.1095801442861557,
      "ndcg_usergroup_1": 0.12291727215051651,
      "jsd_usergroup_1": 0.07748142629861832,
      "ndcg_usergroup_2": 0.07184132188558578,
      "jsd_usergroup_2": 0.12290903180837631,
      "ndcg_usergroup_3": 0.05436835065484047,
      "jsd_usergroup_3": 0.10169656574726105
    },
    "epoch_19": {
      "ndcg": 0.07701438665390015,
      "jsd": 0.10713896155357361,
      "ndcg_usergroup_1": 0.12306197732686996,
      "jsd_usergroup_1": 0.07768423855304718,
      "ndcg_usergroup_2": 0.07017832249403,
      "jsd_usergroup_2": 0.12060568481683731,
      "ndcg_usergroup_3": 0.0514727458357811,
      "jsd_usergroup_3": 0.0961979329586029
    },
    "epoch_20": {
      "ndcg": 0.07680216431617737,
      "jsd": 0.10486253350973129,
      "ndcg_usergroup_1": 0.12182110548019409,
      "jsd_usergroup_1": 0.07867550104856491,
      "ndcg_usergroup_2": 0.06989489495754242,
      "jsd_usergroup_2": 0.11792439222335815,
      "ndcg_usergroup_3": 0.05250277370214462,
      "jsd_usergroup_3": 0.0918683111667633
    },
    "epoch_21": {
      "ndcg": 0.07563292980194092,
      "jsd": 0.10120201855897903,
      "ndcg_usergroup_1": 0.12262456864118576,
      "jsd_usergroup_1": 0.07552894949913025,