{
  "base_recommendations": {
    "ndcg": 0.14531244337558746,
    "jsd": 0.16742733120918274,
    "ndcg_usergroup_1": 0.19628708064556122,
    "jsd_usergroup_1": 0.146896630525589,
    "ndcg_usergroup_2": 0.13007476925849915,
    "jsd_usergroup_2": 0.1748340129852295,
    "ndcg_usergroup_3": 0.1400458961725235,
    "jsd_usergroup_3": 0.16574043035507202
  },
  "postprocessed": {},
  "finetuned": {
    "epoch_1": {
      "ndcg": 0.1438923329114914,
      "jsd": 0.14660848677158356,
      "ndcg_usergroup_1": 0.1913381963968277,
      "jsd_usergroup_1": 0.11191730946302414,
      "ndcg_usergroup_2": 0.12898467481136322,
      "jsd_usergroup_2": 0.1555778533220291,
      "ndcg_usergroup_3": 0.14116454124450684,
      "jsd_usergroup_3": 0.15439452230930328
    },
    "epoch_2": {
      "ndcg": 0.1404401808977127,
      "jsd": 0.13565906882286072,
      "ndcg_usergroup_1": 0.18118849396705627,
      "jsd_usergroup_1": 0.09326524287462234,
      "ndcg_usergroup_2": 0.12693171203136444,
      "jsd_usergroup_2": 0.14670076966285706,
      "ndcg_usergroup_3": 0.14021287858486176,
      "jsd_usergroup_3": 0.14493130147457123
    },
    "epoch_3": {
      "ndcg": 0.13783614337444305,
      "jsd": 0.13127116858959198,
      "ndcg_usergroup_1": 0.17435188591480255,
      "jsd_usergroup_1": 0.08700086921453476,
      "ndcg_usergroup_2": 0.1251949518918991,
      "jsd_usergroup_2": 0.14327523112297058,
      "ndcg_usergroup_3": 0.13923978805541992,
      "jsd_usergroup_3": 0.13953326642513275
    },
    "epoch_4": {
      "ndcg": 0.13624215126037598,
      "jsd": 0.129128560423851,
      "ndcg_usergroup_1": 0.17113634943962097,
      "jsd_usergroup_1": 0.08488506078720093,
      "ndcg_usergroup_2": 0.1242799162864685,
      "jsd_usergroup_2": 0.14164866507053375,
      "ndcg_usergroup_3": 0.1372307389974594,
      "jsd_usergroup_3": 0.13581587374210358
    },
    "epoch_5": {
      "ndcg": 0.13499948382377625,
      "jsd": 0.12774373590946198,
      "ndcg_usergroup_1": 0.16973784565925598,
      "jsd_usergroup_1": 0.08393733203411102,
      "ndcg_usergroup_2": 0.12319166213274002,
      "jsd_usergroup_2": 0.14060799777507782,
      "ndcg_usergroup_3": 0.13568075001239777,
      "jsd_usergroup_3": 0.13296154141426086
    },
    "epoch_6": {
      "ndcg": 0.1338588148355484,
      "jsd": 0.126885324716568,
      "ndcg_usergroup_1": 0.16852924227714539,
      "jsd_usergroup_1": 0.08300130069255829,
      "ndcg_usergroup_2": 0.12206656485795975,
      "jsd_usergroup_2": 0.14003582298755646,
      "ndcg_usergroup_3": 0.134561225771904,
      "jsd_usergroup_3": 0.13132216036319733
    },
    "epoch_7": {
      "ndcg": 0.13354918360710144,
      "jsd": 0.12632182240486145,
      "ndcg_usergroup_1": 0.16833031177520752,
      "jsd_usergroup_1": 0.08239919692277908,
      "ndcg_usergroup_2": 0.121767058968544,
      "jsd_usergroup_2": 0.13973653316497803,
      "ndcg_usergroup_3": 0.13411061465740204,
      "jsd_usergroup_3": 0.1300046592950821
    },
    "epoch_8": {
      "ndcg": 0.13276958465576172,
      "jsd": 0.1259891837835312,
      "ndcg_usergroup_1": 0.1677452176809311,
      "jsd_usergroup_1": 0.08225400745868683,
      "ndcg_usergroup_2": 0.12105484306812286,
      "jsd_usergroup_2": 0.13953669369220734,
      "ndcg_usergroup_3": 0.13293439149856567,
      "jsd_usergroup_3": 0.12908630073070526
    },
    "epoch_9": {
      "ndcg": 0.13240855932235718,
      "jsd": 0.1254992038011551,
      "ndcg_usergroup_1": 0.16800804436206818,
      "jsd_usergroup_1": 0.08203434944152832,
      "ndcg_usergroup_2": 0.12050748616456985,
      "jsd_usergroup_2": 0.1392553448677063,
      "ndcg_usergroup_3": 0.13250838220119476,
      "jsd_usergroup_3": 0.1277001053094864
    },
    "epoch_10": {
      "ndcg": 0.13206681609153748,
      "jsd": 0.12547463178634644,
      "ndcg_usergroup_1": 0.16786324977874756,
      "jsd_usergroup_1": 0.08200739324092865,
      "ndcg_usergroup_2": 0.12026896327733994,
      "jsd_usergroup_2": 0.1393468827009201,
      "ndcg_usergroup_3": 0.13166014850139618,
      "jsd_usergroup_3": 0.12732966244220734
    },
    "epoch_11": {
      "ndcg": 0.1319328099489212,
      "jsd": 0.12524953484535217,
      "ndcg_usergroup_1": 0.16807840764522552,
      "jsd_usergroup_1": 0.08157166093587875,
      "ndcg_usergroup_2": 0.12016942352056503,
      "jsd_usergroup_2": 0.13941533863544464,
      "ndcg_usergroup_3": 0.13107365369796753,
      "jsd_usergroup_3": 0.12643462419509888
    },
    "epoch_12": {
      "ndcg": 0.13185295462608337,
      "jsd": 0.12515899538993835,
      "ndcg_usergroup_1": 0.1684897094964981,
      "jsd_usergroup_1": 0.08172755688428879,
      "ndcg_usergroup_2": 0.11988367140293121,
      "jsd_usergroup_2": 0.13930603861808777,
      "ndcg_usergroup_3": 0.13112014532089233,
      "jsd_usergroup_3": 0.12615393102169037
    },
    "epoch_13": {
      "ndcg": 0.1315215826034546,
      "jsd": 0.1249450296163559,
      "ndcg_usergroup_1": 0.16807661950588226,
      "jsd_usergroup_1": 0.08204778283834457,
      "ndcg_usergroup_2": 0.119749516248703,
      "jsd_usergroup_2": 0.13899540901184082,
      "ndcg_usergroup_3": 0.13027891516685486,
      "jsd_usergroup_3": 0.12569576501846313
    },
    "epoch_14": {
      "ndcg": 0.1315731704235077,
      "jsd": 0.1248941719532013,
      "ndcg_usergroup_1": 0.1688559651374817,
      "jsd_usergroup_1": 0.08237126469612122,
      "ndcg_usergroup_2": 0.11978895217180252,
      "jsd_usergroup_2": 0.13909433782100677,
      "ndcg_usergroup_3": 0.12963920831680298,
      "jsd_usergroup_3": 0.1248212456703186
    }
  }
}