{
  "base_recommendations": {
    "ndcg": 0.14531244337558746,
    "jsd": 0.16742733120918274,
    "ndcg_usergroup_1": 0.19628708064556122,
    "jsd_usergroup_1": 0.146896630525589,
    "ndcg_usergroup_2": 0.13007476925849915,
    "jsd_usergroup_2": 0.1748340129852295,
    "ndcg_usergroup_3": 0.1400458961725235,
    "jsd_usergroup_3": 0.16574043035507202
  },
  "postprocessed": {},
  "finetuned": {
    "epoch_1": {
      "ndcg": 0.144026517868042,
      "jsd": 0.1638079732656479,
      "ndcg_usergroup_1": 0.1954764872789383,
      "jsd_usergroup_1": 0.13747531175613403,
      "ndcg_usergroup_2": 0.12874916195869446,
      "jsd_usergroup_2": 0.17163212597370148,
      "ndcg_usergroup_3": 0.13840363919734955,
      "jsd_usergroup_3": 0.1666707843542099
    },
    "epoch_2": {
      "ndcg": 0.14186517894268036,
      "jsd": 0.15796451270580292,
      "ndcg_usergroup_1": 0.1939779371023178,
      "jsd_usergroup_1": 0.12325343489646912,
      "ndcg_usergroup_2": 0.12676310539245605,
      "jsd_usergroup_2": 0.16622930765151978,
      "ndcg_usergroup_3": 0.13505367934703827,
      "jsd_usergroup_3": 0.1678839474916458
    },
    "epoch_3": {
      "ndcg": 0.13866275548934937,
      "jsd": 0.15286733210086823,
      "ndcg_usergroup_1": 0.1904037445783615,
      "jsd_usergroup_1": 0.10997312515974045,
      "ndcg_usergroup_2": 0.12408091127872467,
      "jsd_usergroup_2": 0.16189828515052795,
      "ndcg_usergroup_3": 0.13066254556179047,
      "jsd_usergroup_3": 0.1686716228723526
    },
    "epoch_4": {
      "ndcg": 0.13497291505336761,
      "jsd": 0.14825257658958435,
      "ndcg_usergroup_1": 0.18623480200767517,
      "jsd_usergroup_1": 0.09882709383964539,
      "ndcg_usergroup_2": 0.12076128274202347,
      "jsd_usergroup_2": 0.158106729388237,
      "ndcg_usergroup_3": 0.12634123861789703,
      "jsd_usergroup_3": 0.16811880469322205
    },
    "epoch_5": {
      "ndcg": 0.13171854615211487,
      "jsd": 0.14445321261882782,
      "ndcg_usergroup_1": 0.1824185848236084,
      "jsd_usergroup_1": 0.09113656729459763,
      "ndcg_usergroup_2": 0.11833338439464569,
      "jsd_usergroup_2": 0.154733344912529,
      "ndcg_usergroup_3": 0.12116961926221848,
      "jsd_usergroup_3": 0.1669328659772873
    },
    "epoch_6": {
      "ndcg": 0.12903083860874176,
      "jsd": 0.14088910818099976,
      "ndcg_usergroup_1": 0.1791808307170868,
      "jsd_usergroup_1": 0.08539527654647827,
      "ndcg_usergroup_2": 0.11595426499843597,
      "jsd_usergroup_2": 0.15164673328399658,
      "ndcg_usergroup_3": 0.11810629814863205,
      "jsd_usergroup_3": 0.16411352157592773
    },
    "epoch_7": {
      "ndcg": 0.1263633519411087,
      "jsd": 0.1382320672273636,
      "ndcg_usergroup_1": 0.17513270676136017,
      "jsd_usergroup_1": 0.08143507689237595,
      "ndcg_usergroup_2": 0.11410002410411835,
      "jsd_usergroup_2": 0.14953579008579254,
      "ndcg_usergroup_3": 0.11437999457120895,
      "jsd_usergroup_3": 0.16112160682678223
    },
    "epoch_8": {
      "ndcg": 0.12379652261734009,
      "jsd": 0.1355942189693451,
      "ndcg_usergroup_1": 0.17109495401382446,
      "jsd_usergroup_1": 0.07918901741504669,
      "ndcg_usergroup_2": 0.1122688353061676,
      "jsd_usergroup_2": 0.14749780297279358,
      "ndcg_usergroup_3": 0.11107740551233292,
      "jsd_usergroup_3": 0.1562926322221756
    },
    "epoch_9": {
      "ndcg": 0.12200944870710373,
      "jsd": 0.1338328868150711,
      "ndcg_usergroup_1": 0.1678803414106369,
      "jsd_usergroup_1": 0.07815606892108917,
      "ndcg_usergroup_2": 0.11084844172000885,
      "jsd_usergroup_2": 0.14609281718730927,
      "ndcg_usergroup_3": 0.10961796343326569,
      "jsd_usergroup_3": 0.15273389220237732
    },
    "epoch_10": {
      "ndcg": 0.12070296704769135,
      "jsd": 0.13209585845470428,
      "ndcg_usergroup_1": 0.166549950838089,
      "jsd_usergroup_1": 0.07800906896591187,
      "ndcg_usergroup_2": 0.10977459698915482,
      "jsd_usergroup_2": 0.1446876972913742,
      "ndcg_usergroup_3": 0.10763755440711975,
      "jsd_usergroup_3": 0.14841130375862122
    },
    "epoch_11": {
      "ndcg": 0.11922302097082138,
      "jsd": 0.13109025359153748,
      "ndcg_usergroup_1": 0.16356496512889862,
      "jsd_usergroup_1": 0.07767163962125778,
      "ndcg_usergroup_2": 0.10900196433067322,
      "jsd_usergroup_2": 0.1440933495759964,
      "ndcg_usergroup_3": 0.10554096102714539,
      "jsd_usergroup_3": 0.14550383388996124
    },
    "epoch_12": {
      "ndcg": 0.1182253435254097,
      "jsd": 0.12980160117149353,
      "ndcg_usergroup_1": 0.16206154227256775,
      "jsd_usergroup_1": 0.07776762545108795,
      "ndcg_usergroup_2": 0.10838557779788971,
      "jsd_usergroup_2": 0.14318376779556274,
      "ndcg_usergroup_3": 0.10390524566173553,
      "jsd_usergroup_3": 0.14169344305992126
    },
    "epoch_13": {
      "ndcg": 0.1175406351685524,
      "jsd": 0.12900449335575104,
      "ndcg_usergroup_1": 0.16069093346595764,
      "jsd_usergroup_1": 0.07758845388889313,
      "ndcg_usergroup_2": 0.10794638842344284,
      "jsd_usergroup_2": 0.14277221262454987,
      "ndcg_usergroup_3": 0.10316990315914154,
      "jsd_usergroup_3": 0.1391218602657318
    },
    "epoch_14": {
      "ndcg": 0.11652428656816483,
      "jsd": 0.12845776975154877,
      "ndcg_usergroup_1": 0.15848404169082642,
      "jsd_usergroup_1": 0.07891099154949188,
      "ndcg_usergroup_2": 0.10749735683202744,
      "jsd_usergroup_2": 0.14238177239894867,
      "ndcg_usergroup_3": 0.10164244472980499,
      "jsd_usergroup_3": 0.13623708486557007
    },
    "epoch_15": {
      "ndcg": 0.11571311950683594,
      "jsd": 0.127767875790596,
      "ndcg_usergroup_1": 0.15764904022216797,
      "jsd_usergroup_1": 0.07872219383716583,
      "ndcg_usergroup_2": 0.10655952990055084,
      "jsd_usergroup_2": 0.1418413370847702,
      "ndcg_usergroup_3": 0.10123500227928162,
      "jsd_usergroup_3": 0.1345977783203125
    },
    "epoch_16": {
      "ndcg": 0.11522886902093887,
      "jsd": 0.12731894850730896,
      "ndcg_usergroup_1": 0.15722958743572235,
      "jsd_usergroup_1": 0.0803079605102539,
      "ndcg_usergroup_2": 0.10656346380710602,
      "jsd_usergroup_2": 0.14159612357616425,
      "ndcg_usergroup_3": 0.09922153502702713,
      "jsd_usergroup_3": 0.13150310516357422
    },
    "epoch_17": {
      "ndcg": 0.11481966078281403,
      "jsd": 0.12717661261558533,
      "ndcg_usergroup_1": 0.1563323587179184,
      "jsd_usergroup_1": 0.08085475862026215,
      "ndcg_usergroup_2": 0.10609978437423706,
      "jsd_usergroup_2": 0.14164316654205322,
      "ndcg_usergroup_3": 0.09946370124816895,
      "jsd_usergroup_3": 0.13010358810424805
    },
    "epoch_18": {
      "ndcg": 0.1140507236123085,
      "jsd": 0.12680764496326447,
      "ndcg_usergroup_1": 0.15489798784255981,
      "jsd_usergroup_1": 0.08186700940132141,
      "ndcg_usergroup_2": 0.1057957261800766,
      "jsd_usergroup_2": 0.14130899310112,
      "ndcg_usergroup_3": 0.097965769469738,
      "jsd_usergroup_3": 0.12824897468090057
    },
    "epoch_21": {
      "ndcg": 0.11312601715326309,
      "jsd": 0.1253873109817505,
      "ndcg_usergroup_1": 0.1537151038646698,
      "jsd_usergroup_1": 0.08260300010442734,
      "ndcg_usergroup_2": 0.10507891327142715,
      "jsd_usergroup_2": 0.1401582956314087,
      "ndcg_usergroup_3": 0.09667561948299408,
      "jsd_usergroup_3": 0.12386354804039001
    }
  }
}