{
  "base_recommendations": {
    "ndcg": 0.14531244337558746,
    "jsd": 0.1674375683069229,
    "ndcg_usergroup_1": 0.19628708064556122,
    "jsd_usergroup_1": 0.14693795144557953,
    "ndcg_usergroup_2": 0.13007476925849915,
    "jsd_usergroup_2": 0.1748277097940445,
    "ndcg_usergroup_3": 0.1400458961725235,
    "jsd_usergroup_3": 0.16576915979385376
  },
  "postprocessed": {},
  "finetuned": {
    "epoch_1": {
      "ndcg": 0.13047099113464355,
      "jsd": 0.11050154268741608,
      "ndcg_usergroup_1": 0.17374616861343384,
      "jsd_usergroup_1": 0.08830864727497101,
      "ndcg_usergroup_2": 0.11658048629760742,
      "jsd_usergroup_2": 0.12369793653488159,
      "ndcg_usergroup_3": 0.12886281311511993,
      "jsd_usergroup_3": 0.09310957789421082
    },
    "epoch_2": {
      "ndcg": 0.1157713383436203,
      "jsd": 0.088254913687706,
      "ndcg_usergroup_1": 0.1603640466928482,
      "jsd_usergroup_1": 0.07697702199220657,
      "ndcg_usergroup_2": 0.1027662381529808,
      "jsd_usergroup_2": 0.09959959983825684,
      "ndcg_usergroup_3": 0.11018969863653183,
      "jsd_usergroup_3": 0.06550249457359314
    },
    "epoch_3": {
      "ndcg": 0.10475698113441467,
      "jsd": 0.07307910919189453,
      "ndcg_usergroup_1": 0.15243008732795715,
      "jsd_usergroup_1": 0.06927888840436935,
      "ndcg_usergroup_2": 0.09242523461580276,
      "jsd_usergroup_2": 0.08191080391407013,
      "ndcg_usergroup_3": 0.09407510608434677,
      "jsd_usergroup_3": 0.05038712918758392
    },
    "epoch_4": {
      "ndcg": 0.09590955078601837,
      "jsd": 0.06399569660425186,
      "ndcg_usergroup_1": 0.14680200815200806,
      "jsd_usergroup_1": 0.0669611319899559,
      "ndcg_usergroup_2": 0.08445820212364197,
      "jsd_usergroup_2": 0.06944125890731812,
      "ndcg_usergroup_3": 0.07936744391918182,
      "jsd_usergroup_3": 0.04469537362456322
    },
    "epoch_5": {
      "ndcg": 0.08874434232711792,
      "jsd": 0.060788191854953766,
      "ndcg_usergroup_1": 0.14229561388492584,
      "jsd_usergroup_1": 0.06788287311792374,
      "ndcg_usergroup_2": 0.07811492681503296,
      "jsd_usergroup_2": 0.06340546160936356,
      "ndcg_usergroup_3": 0.0670778751373291,
      "jsd_usergroup_3": 0.04584254324436188
    }
  }
}