{
  "base_recommendations": {
    "ndcg": 0.14531244337558746,
    "jsd": 0.16742733120918274,
    "ndcg_usergroup_1": 0.19628708064556122,
    "jsd_usergroup_1": 0.146896630525589,
    "ndcg_usergroup_2": 0.13007476925849915,
    "jsd_usergroup_2": 0.1748340129852295,
    "ndcg_usergroup_3": 0.1400458961725235,
    "jsd_usergroup_3": 0.16574043035507202
  },
  "postprocessed": {},
  "finetuned": {
    "epoch_1": {
      "ndcg": 0.1426887810230255,
      "jsd": 0.13782420754432678,
      "ndcg_usergroup_1": 0.186679869890213,
      "jsd_usergroup_1": 0.09769188612699509,
      "ndcg_usergroup_2": 0.12849687039852142,
      "jsd_usergroup_2": 0.14857712388038635,
      "ndcg_usergroup_3": 0.1412687599658966,
      "jsd_usergroup_3": 0.14570137858390808
    },
    "epoch_2": {
      "ndcg": 0.13822199404239655,
      "jsd": 0.12553980946540833,
      "ndcg_usergroup_1": 0.17259754240512848,
      "jsd_usergroup_1": 0.08524328470230103,
      "ndcg_usergroup_2": 0.125945046544075,
      "jsd_usergroup_2": 0.1377619057893753,
      "ndcg_usergroup_3": 0.14067333936691284,
      "jsd_usergroup_3": 0.1291740983724594
    },
    "epoch_3": {
      "ndcg": 0.13532327115535736,
      "jsd": 0.11947250366210938,
      "ndcg_usergroup_1": 0.1682465523481369,
      "jsd_usergroup_1": 0.08243564516305923,
      "ndcg_usergroup_2": 0.12342352420091629,
      "jsd_usergroup_2": 0.13228026032447815,
      "ndcg_usergroup_3": 0.13809537887573242,
      "jsd_usergroup_3": 0.11809033155441284
    },
    "epoch_4": {
      "ndcg": 0.13267578184604645,
      "jsd": 0.11544394493103027,
      "ndcg_usergroup_1": 0.16563385725021362,
      "jsd_usergroup_1": 0.08015680313110352,
      "ndcg_usergroup_2": 0.12096016108989716,
      "jsd_usergroup_2": 0.12867604196071625,
      "ndcg_usergroup_3": 0.1348607987165451,
      "jsd_usergroup_3": 0.11103913187980652
    },
    "epoch_5": {
      "ndcg": 0.1306118667125702,
      "jsd": 0.11219853907823563,
      "ndcg_usergroup_1": 0.1639881283044815,
      "jsd_usergroup_1": 0.07864462584257126,
      "ndcg_usergroup_2": 0.11891666054725647,
      "jsd_usergroup_2": 0.125896617770195,
      "ndcg_usergroup_3": 0.1323174238204956,
      "jsd_usergroup_3": 0.10466272383928299
    },
    "epoch_6": {
      "ndcg": 0.12916070222854614,
      "jsd": 0.10994048416614532,
      "ndcg_usergroup_1": 0.16310232877731323,
      "jsd_usergroup_1": 0.07726741582155228,
      "ndcg_usergroup_2": 0.1173204556107521,
      "jsd_usergroup_2": 0.12407062202692032,
      "ndcg_usergroup_3": 0.13073602318763733,
      "jsd_usergroup_3": 0.10022775828838348
    },
    "epoch_7": {
      "ndcg": 0.12780052423477173,
      "jsd": 0.10838358104228973,
      "ndcg_usergroup_1": 0.1623309850692749,
      "jsd_usergroup_1": 0.07644776254892349,
      "ndcg_usergroup_2": 0.11582937836647034,
      "jsd_usergroup_2": 0.12271802872419357,
      "ndcg_usergroup_3": 0.12917962670326233,
      "jsd_usergroup_3": 0.09732075035572052
    },
    "epoch_8": {
      "ndcg": 0.12671536207199097,
      "jsd": 0.10689778625965118,
      "ndcg_usergroup_1": 0.1613239198923111,
      "jsd_usergroup_1": 0.07539143413305283,
      "ndcg_usergroup_2": 0.11478029191493988,
      "jsd_usergroup_2": 0.1216493472456932,
      "ndcg_usergroup_3": 0.12790808081626892,
      "jsd_usergroup_3": 0.09415426105260849
    },
    "epoch_9": {
      "ndcg": 0.12567591667175293,
      "jsd": 0.10584738850593567,
      "ndcg_usergroup_1": 0.16122578084468842,
      "jsd_usergroup_1": 0.07505744695663452,
      "ndcg_usergroup_2": 0.11376477777957916,
      "jsd_usergroup_2": 0.12090498208999634,
      "ndcg_usergroup_3": 0.12585560977458954,
      "jsd_usergroup_3": 0.09146951138973236
    },
    "epoch_10": {
      "ndcg": 0.12500672042369843,
      "jsd": 0.10506037622690201,
      "ndcg_usergroup_1": 0.1614353358745575,
      "jsd_usergroup_1": 0.07481956481933594,
      "ndcg_usergroup_2": 0.11296093463897705,
      "jsd_usergroup_2": 0.12047211825847626,
      "ndcg_usergroup_3": 0.12471158057451248,
      "jsd_usergroup_3": 0.08907108753919601
    },
    "epoch_11": {
      "ndcg": 0.12426835298538208,
      "jsd": 0.10417959839105606,
      "ndcg_usergroup_1": 0.16142113506793976,
      "jsd_usergroup_1": 0.07481072098016739,
      "ndcg_usergroup_2": 0.11237656325101852,
      "jsd_usergroup_2": 0.1198490634560585,
      "ndcg_usergroup_3": 0.12278708070516586,
      "jsd_usergroup_3": 0.08654514700174332
    },
    "epoch_12": {
      "ndcg": 0.12362843006849289,
      "jsd": 0.10395722836256027,
      "ndcg_usergroup_1": 0.1614314764738083,
      "jsd_usergroup_1": 0.0746239572763443,
      "ndcg_usergroup_2": 0.11161195486783981,
      "jsd_usergroup_2": 0.11987073719501495,
      "ndcg_usergroup_3": 0.12187089771032333,
      "jsd_usergroup_3": 0.08555520325899124
    },
    "epoch_13": {
      "ndcg": 0.1231754720211029,
      "jsd": 0.10356469452381134,
      "ndcg_usergroup_1": 0.1613711416721344,
      "jsd_usergroup_1": 0.07480800896883011,
      "ndcg_usergroup_2": 0.11112596094608307,
      "jsd_usergroup_2": 0.11966751515865326,
      "ndcg_usergroup_3": 0.12112443894147873,
      "jsd_usergroup_3": 0.08401817083358765
    },
    "epoch_14": {
      "ndcg": 0.12268467247486115,
      "jsd": 0.10353533178567886,
      "ndcg_usergroup_1": 0.16176624596118927,
      "jsd_usergroup_1": 0.07513825595378876,
      "ndcg_usergroup_2": 0.1108212023973465,
      "jsd_usergroup_2": 0.11985345929861069,
      "ndcg_usergroup_3": 0.11918962746858597,
      "jsd_usergroup_3": 0.0829833447933197
    }
  }
}