{"base_recommendations": {"ndcg": 0.14531244337558746, "jsd": 0.1674375683069229}, "postprocessed": {}, "finetuned": {"epoch_1": {"ndcg": 0.1240365132689476, "jsd": 0.1035953238606453}, "epoch_2": {"ndcg": 0.09862164407968521, "jsd": 0.08595330268144608}, "epoch_3": {"ndcg": 0.07840414345264435, "jsd": 0.0779053345322609}}}