{"base_recommendations": {"ndcg": 0.14531244337558746, "jsd": 0.16742733120918274}, "postprocessed": {}, "finetuned": {"epoch_1": {"ndcg": 0.14241038262844086, "jsd": 0.1366950124502182}, "epoch_2": {"ndcg": 0.1375836730003357, "jsd": 0.122145876288414}, "epoch_3": {"ndcg": 0.13312484323978424, "jsd": 0.11274193972349167}, "epoch_4": {"ndcg": 0.12942105531692505, "jsd": 0.10596691817045212}, "epoch_5": {"ndcg": 0.12627002596855164, "jsd": 0.10084358602762222}, "epoch_6": {"ndcg": 0.12412149459123611, "jsd": 0.09704478830099106}, "epoch_7": {"ndcg": 0.12225661426782608, "jsd": 0.09386149048805237}, "epoch_8": {"ndcg": 0.12092280387878418, "jsd": 0.09100770950317383}, "epoch_9": {"ndcg": 0.11947723478078842, "jsd": 0.08811493217945099}, "epoch_10": {"ndcg": 0.11828593164682388, "jsd": 0.0859702080488205}, "epoch_11": {"ndcg": 0.11727892607450485, "jsd": 0.08361027389764786}, "epoch_12": {"ndcg": 0.11622177064418793, "jsd": 0.08148954063653946}, "epoch_13": {"ndcg": 0.1151038333773613, "jsd": 0.07958870381116867}, "epoch_14": {"ndcg": 0.11437636613845825, "jsd": 0.07792501151561737}, "epoch_15": {"ndcg": 0.11328233033418655, "jsd": 0.07683735340833664}, "epoch_16": {"ndcg": 0.11227371543645859, "jsd": 0.07544676959514618}, "epoch_17": {"ndcg": 0.11126428842544556, "jsd": 0.07466287165880203}, "epoch_18": {"ndcg": 0.1107044443488121, "jsd": 0.07388865202665329}, "epoch_19": {"ndcg": 0.10994821786880493, "jsd": 0.07365965843200684}}}