{
  "base_recommendations": {
    "ndcg": 0.14531244337558746,
    "jsd": 0.16742733120918274,
    "ndcg_usergroup_1": 0.19628708064556122,
    "jsd_usergroup_1": 0.146896630525589,
    "ndcg_usergroup_2": 0.13007476925849915,
    "jsd_usergroup_2": 0.1748340129852295,
    "ndcg_usergroup_3": 0.1400458961725235,
    "jsd_usergroup_3": 0.16574043035507202
  },
  "postprocessed": {},
  "finetuned": {
    "epoch_1": {
      "ndcg": 0.14393334090709686,
      "jsd": 0.16243846714496613,
      "ndcg_usergroup_1": 0.19550694525241852,
      "jsd_usergroup_1": 0.13727296888828278,
      "ndcg_usergroup_2": 0.12867815792560577,
      "jsd_usergroup_2": 0.17034472525119781,
      "ndcg_usergroup_3": 0.13812032341957092,
      "jsd_usergroup_3": 0.16388775408267975
    },
    "epoch_2": {
      "ndcg": 0.141343891620636,
      "jsd": 0.1547539085149765,
      "ndcg_usergroup_1": 0.19290930032730103,
      "jsd_usergroup_1": 0.12288479506969452,
      "ndcg_usergroup_2": 0.12617869675159454,
      "jsd_usergroup_2": 0.1633104681968689,
      "ndcg_usergroup_3": 0.1352691948413849,
      "jsd_usergroup_3": 0.16095620393753052
    },
    "epoch_3": {
      "ndcg": 0.13744692504405975,
      "jsd": 0.1476912796497345,
      "ndcg_usergroup_1": 0.1888396143913269,
      "jsd_usergroup_1": 0.11006203293800354,
      "ndcg_usergroup_2": 0.12272848933935165,
      "jsd_usergroup_2": 0.15692706406116486,
      "ndcg_usergroup_3": 0.1302047073841095,
      "jsd_usergroup_3": 0.15761616826057434
    },
    "epoch_4": {
      "ndcg": 0.13313813507556915,
      "jsd": 0.141295924782753,
      "ndcg_usergroup_1": 0.1845826655626297,
      "jsd_usergroup_1": 0.09853676706552505,
      "ndcg_usergroup_2": 0.11874853074550629,
      "jsd_usergroup_2": 0.15165694057941437,
      "ndcg_usergroup_3": 0.12485770881175995,
      "jsd_usergroup_3": 0.15297546982765198
    },
    "epoch_5": {
      "ndcg": 0.1291995644569397,
      "jsd": 0.13592912256717682,
      "ndcg_usergroup_1": 0.17906293272972107,
      "jsd_usergroup_1": 0.08958970010280609,
      "ndcg_usergroup_2": 0.11563271284103394,
      "jsd_usergroup_2": 0.1472652554512024,
      "ndcg_usergroup_3": 0.12003231048583984,
      "jsd_usergroup_3": 0.14826379716396332
    },
    "epoch_6": {
      "ndcg": 0.12507376074790955,
      "jsd": 0.13103418052196503,
      "ndcg_usergroup_1": 0.17334669828414917,
      "jsd_usergroup_1": 0.0833965614438057,
      "ndcg_usergroup_2": 0.1121949702501297,
      "jsd_usergroup_2": 0.1432042270898819,
      "ndcg_usergroup_3": 0.11543302983045578,
      "jsd_usergroup_3": 0.14216560125350952
    },
    "epoch_7": {
      "ndcg": 0.12122957408428192,
      "jsd": 0.12705111503601074,
      "ndcg_usergroup_1": 0.1684359759092331,
      "jsd_usergroup_1": 0.07883445173501968,
      "ndcg_usergroup_2": 0.10893125087022781,
      "jsd_usergroup_2": 0.13972847163677216,
      "ndcg_usergroup_3": 0.11091416329145432,
      "jsd_usergroup_3": 0.13723988831043243
    },
    "epoch_8": {
      "ndcg": 0.11755309998989105,
      "jsd": 0.12351308017969131,
      "ndcg_usergroup_1": 0.16366615891456604,
      "jsd_usergroup_1": 0.07553236931562424,
      "ndcg_usergroup_2": 0.105951227247715,
      "jsd_usergroup_2": 0.1367896944284439,
      "ndcg_usergroup_3": 0.10624191164970398,
      "jsd_usergroup_3": 0.13166826963424683
    },
    "epoch_9": {
      "ndcg": 0.11471537500619888,
      "jsd": 0.12058770656585693,
      "ndcg_usergroup_1": 0.15943972766399384,
      "jsd_usergroup_1": 0.0736941397190094,
      "ndcg_usergroup_2": 0.10374444723129272,
      "jsd_usergroup_2": 0.134320467710495,
      "ndcg_usergroup_3": 0.10290028899908066,
      "jsd_usergroup_3": 0.1262875199317932
    },
    "epoch_10": {
      "ndcg": 0.11201437562704086,
      "jsd": 0.11784632503986359,
      "ndcg_usergroup_1": 0.15682154893875122,
      "jsd_usergroup_1": 0.07213390618562698,
      "ndcg_usergroup_2": 0.10159033536911011,
      "jsd_usergroup_2": 0.13205155730247498,
      "ndcg_usergroup_3": 0.09847593307495117,
      "jsd_usergroup_3": 0.12094767391681671
    },
    "epoch_11": {
      "ndcg": 0.10929305851459503,
      "jsd": 0.11541513353586197,
      "ndcg_usergroup_1": 0.15371489524841309,
      "jsd_usergroup_1": 0.0709477886557579,
      "ndcg_usergroup_2": 0.09946448355913162,
      "jsd_usergroup_2": 0.13010655343532562,
      "ndcg_usergroup_3": 0.09435375034809113,
      "jsd_usergroup_3": 0.1158130094408989
    },
    "epoch_12": {
      "ndcg": 0.10764878988265991,
      "jsd": 0.11329923570156097,
      "ndcg_usergroup_1": 0.15128636360168457,
      "jsd_usergroup_1": 0.07121948152780533,
      "ndcg_usergroup_2": 0.09842611104249954,
      "jsd_usergroup_2": 0.1281987428665161,
      "ndcg_usergroup_3": 0.09167619794607162,
      "jsd_usergroup_3": 0.11068537831306458
    },
    "epoch_13": {
      "ndcg": 0.10539610683917999,
      "jsd": 0.11124648153781891,
      "ndcg_usergroup_1": 0.14956285059452057,
      "jsd_usergroup_1": 0.07061439007520676,
      "ndcg_usergroup_2": 0.0962066650390625,
      "jsd_usergroup_2": 0.12639518082141876,
      "ndcg_usergroup_3": 0.08879470825195312,
      "jsd_usergroup_3": 0.10643748193979263
    },
    "epoch_14": {
      "ndcg": 0.10454384237527847,
      "jsd": 0.10962357372045517,
      "ndcg_usergroup_1": 0.14743109047412872,
      "jsd_usergroup_1": 0.07112269103527069,
      "ndcg_usergroup_2": 0.09640778601169586,
      "jsd_usergroup_2": 0.1248597651720047,
      "ndcg_usergroup_3": 0.08606208115816116,
      "jsd_usergroup_3": 0.1024208515882492
    },
    "epoch_15": {
      "ndcg": 0.10269710421562195,
      "jsd": 0.10777545720338821,
      "ndcg_usergroup_1": 0.1464403122663498,
      "jsd_usergroup_1": 0.0711517333984375,
      "ndcg_usergroup_2": 0.09477119892835617,
      "jsd_usergroup_2": 0.12304529547691345,
      "ndcg_usergroup_3": 0.08272900432348251,
      "jsd_usergroup_3": 0.09859463572502136
    },
    "epoch_16": {
      "ndcg": 0.1025543287396431,
      "jsd": 0.10659325122833252,
      "ndcg_usergroup_1": 0.14661522209644318,
      "jsd_usergroup_1": 0.07154183089733124,
      "ndcg_usergroup_2": 0.09486313164234161,
      "jsd_usergroup_2": 0.12214759737253189,
      "ndcg_usergroup_3": 0.08156454563140869,
      "jsd_usergroup_3": 0.09498670697212219
    },
    "epoch_17": {
      "ndcg": 0.10070764273405075,
      "jsd": 0.10492106527090073,
      "ndcg_usergroup_1": 0.14535295963287354,
      "jsd_usergroup_1": 0.07150164246559143,
      "ndcg_usergroup_2": 0.09324505925178528,
      "jsd_usergroup_2": 0.12040932476520538,
      "ndcg_usergroup_3": 0.07844764739274979,
      "jsd_usergroup_3": 0.09188077598810196
    },
    "epoch_18": {
      "ndcg": 0.10091660916805267,
      "jsd": 0.10410577803850174,
      "ndcg_usergroup_1": 0.1461259126663208,
      "jsd_usergroup_1": 0.0725732296705246,
      "ndcg_usergroup_2": 0.09342765808105469,
      "jsd_usergroup_2": 0.11952923238277435,
      "ndcg_usergroup_3": 0.07817167788743973,
      "jsd_usergroup_3": 0.08937305957078934
    },
    "epoch_19": {
      "ndcg": 0.09918825328350067,
      "jsd": 0.10256797820329666,
      "ndcg_usergroup_1": 0.14465245604515076,
      "jsd_usergroup_1": 0.07181913405656815,
      "ndcg_usergroup_2": 0.09176871925592422,
      "jsd_usergroup_2": 0.118001289665699,
      "ndcg_usergroup_3": 0.0759802833199501,
      "jsd_usergroup_3": 0.08702199906110764
    },
    "epoch_20": {
      "ndcg": 0.09954249113798141,
      "jsd": 0.1019018143415451,
      "ndcg_usergroup_1": 0.14513973891735077,
      "jsd_usergroup_1": 0.07279875874519348,
      "ndcg_usergroup_2": 0.09215965867042542,
      "jsd_usergroup_2": 0.11741098761558533,
      "ndcg_usergroup_3": 0.07609127461910248,
      "jsd_usergroup_3": 0.08448246121406555
    },
    "epoch_21": {
      "ndcg": 0.09844611585140228,
      "jsd": 0.09903658926486969,
      "ndcg_usergroup_1": 0.1441364288330078,
      "jsd_usergroup_1": 0.07037760317325592,