{
  "base_recommendations": {
    "ndcg": 0.14531244337558746,
    "jsd": 0.1674375683069229,
    "ndcg_usergroup_1": 0.19628708064556122,
    "jsd_usergroup_1": 0.14693795144557953,
    "ndcg_usergroup_2": 0.13007476925849915,
    "jsd_usergroup_2": 0.1748277097940445,
    "ndcg_usergroup_3": 0.1400458961725235,
    "jsd_usergroup_3": 0.16576915979385376
  },
  "postprocessed": {},
  "finetuned": {
    "epoch_1": {
      "ndcg": 0.14361977577209473,
      "jsd": 0.16361306607723236,
      "ndcg_usergroup_1": 0.19486448168754578,
      "jsd_usergroup_1": 0.1388852596282959,
      "ndcg_usergroup_2": 0.1283654272556305,
      "jsd_usergroup_2": 0.17145989835262299,
      "ndcg_usergroup_3": 0.1381331831216812,
      "jsd_usergroup_3": 0.16480295360088348
    },
    "epoch_2": {
      "ndcg": 0.1404101550579071,
      "jsd": 0.15726271271705627,
      "ndcg_usergroup_1": 0.19140681624412537,
      "jsd_usergroup_1": 0.12667518854141235,
      "ndcg_usergroup_2": 0.12531234323978424,
      "jsd_usergroup_2": 0.1661136895418167,
      "ndcg_usergroup_3": 0.13470202684402466,
      "jsd_usergroup_3": 0.1613001972436905
    },
    "epoch_3": {
      "ndcg": 0.13613274693489075,
      "jsd": 0.1514497697353363,
      "ndcg_usergroup_1": 0.18631649017333984,
      "jsd_usergroup_1": 0.1152440756559372,
      "ndcg_usergroup_2": 0.12147047370672226,
      "jsd_usergroup_2": 0.16148392856121063,
      "ndcg_usergroup_3": 0.12993094325065613,
      "jsd_usergroup_3": 0.15755635499954224
    },
    "epoch_4": {
      "ndcg": 0.13099616765975952,
      "jsd": 0.1455598622560501,
      "ndcg_usergroup_1": 0.1802280992269516,
      "jsd_usergroup_1": 0.10462214797735214,
      "ndcg_usergroup_2": 0.11704692244529724,
      "jsd_usergroup_2": 0.15667463839054108,
      "ndcg_usergroup_3": 0.12360738962888718,
      "jsd_usergroup_3": 0.15315692126750946
    },
    "epoch_5": {
      "ndcg": 0.12583895027637482,
      "jsd": 0.14064866304397583,
      "ndcg_usergroup_1": 0.17290033400058746,
      "jsd_usergroup_1": 0.09636657685041428,
      "ndcg_usergroup_2": 0.11270198971033096,
      "jsd_usergroup_2": 0.15278755128383636,
      "ndcg_usergroup_3": 0.11818418651819229,
      "jsd_usergroup_3": 0.14851802587509155
    },
    "epoch_6": {
      "ndcg": 0.12094980478286743,
      "jsd": 0.1358226239681244,
      "ndcg_usergroup_1": 0.16653718054294586,
      "jsd_usergroup_1": 0.09012667834758759,
      "ndcg_usergroup_2": 0.10843156278133392,
      "jsd_usergroup_2": 0.14865078032016754,
      "ndcg_usergroup_3": 0.1129131093621254,
      "jsd_usergroup_3": 0.1430383324623108
    },
    "epoch_7": {
      "ndcg": 0.11632759124040604,
      "jsd": 0.13128896057605743,
      "ndcg_usergroup_1": 0.16050030291080475,
      "jsd_usergroup_1": 0.08529212325811386,
      "ndcg_usergroup_2": 0.10467474162578583,
      "jsd_usergroup_2": 0.14493004977703094,
      "ndcg_usergroup_3": 0.10710962116718292,
      "jsd_usergroup_3": 0.1363670378923416
    },
    "epoch_8": {
      "ndcg": 0.11188974976539612,
      "jsd": 0.1269744485616684,
      "ndcg_usergroup_1": 0.15491053462028503,
      "jsd_usergroup_1": 0.08227843791246414,
      "ndcg_usergroup_2": 0.10075792670249939,
      "jsd_usergroup_2": 0.14095206558704376,
      "ndcg_usergroup_3": 0.10226079076528549,
      "jsd_usergroup_3": 0.12974226474761963
    },
    "epoch_9": {
      "ndcg": 0.10736532509326935,
      "jsd": 0.12301524728536606,
      "ndcg_usergroup_1": 0.14926627278327942,
      "jsd_usergroup_1": 0.0793556496500969,
      "ndcg_usergroup_2": 0.0971565842628479,
      "jsd_usergroup_2": 0.13744217157363892,
      "ndcg_usergroup_3": 0.0960872545838356,
      "jsd_usergroup_3": 0.1233988106250763
    },
    "epoch_10": {
      "ndcg": 0.10323309898376465,
      "jsd": 0.11951923370361328,
      "ndcg_usergroup_1": 0.14549370110034943,
      "jsd_usergroup_1": 0.07798735797405243,
      "ndcg_usergroup_2": 0.09339044243097305,
      "jsd_usergroup_2": 0.13413169980049133,
      "ndcg_usergroup_3": 0.09049725532531738,
      "jsd_usergroup_3": 0.11721852421760559
    },
    "epoch_11": {
      "ndcg": 0.09986982494592667,
      "jsd": 0.11576256155967712,
      "ndcg_usergroup_1": 0.14091148972511292,
      "jsd_usergroup_1": 0.0766398161649704,
      "ndcg_usergroup_2": 0.09078724682331085,
      "jsd_usergroup_2": 0.13063709437847137,
      "ndcg_usergroup_3": 0.08607292920351028,
      "jsd_usergroup_3": 0.11026662588119507
    },
    "epoch_12": {
      "ndcg": 0.0962735190987587,
      "jsd": 0.11255455762147903,
      "ndcg_usergroup_1": 0.13835522532463074,
      "jsd_usergroup_1": 0.07614875584840775,
      "ndcg_usergroup_2": 0.08742655813694,
      "jsd_usergroup_2": 0.12761230766773224,
      "ndcg_usergroup_3": 0.08072978258132935,
      "jsd_usergroup_3": 0.10379203408956528
    },
    "epoch_13": {
      "ndcg": 0.09333938360214233,
      "jsd": 0.10917948186397552,
      "ndcg_usergroup_1": 0.1351553499698639,
      "jsd_usergroup_1": 0.07526485621929169,
      "ndcg_usergroup_2": 0.08531254529953003,
      "jsd_usergroup_2": 0.12434545159339905,
      "ndcg_usergroup_3": 0.07560127973556519,
      "jsd_usergroup_3": 0.09760119020938873
    },
    "epoch_14": {
      "ndcg": 0.09035994112491608,
      "jsd": 0.1063498929142952,
      "ndcg_usergroup_1": 0.13234055042266846,
      "jsd_usergroup_1": 0.07554461061954498,
      "ndcg_usergroup_2": 0.08260072022676468,
      "jsd_usergroup_2": 0.12132011353969574,
      "ndcg_usergroup_3": 0.07165441662073135,
      "jsd_usergroup_3": 0.09224939346313477
    },
    "epoch_15": {
      "ndcg": 0.08807394653558731,
      "jsd": 0.1034470722079277,
      "ndcg_usergroup_1": 0.1310744434595108,
      "jsd_usergroup_1": 0.07507529854774475,
      "ndcg_usergroup_2": 0.08074010908603668,
      "jsd_usergroup_2": 0.11854211986064911,
      "ndcg_usergroup_3": 0.06707259267568588,
      "jsd_usergroup_3": 0.0865386500954628
    },
    "epoch_16": {
      "ndcg": 0.08555448055267334,
      "jsd": 0.10113129019737244,
      "ndcg_usergroup_1": 0.12964081764221191,
      "jsd_usergroup_1": 0.07567840814590454,
      "ndcg_usergroup_2": 0.07804128527641296,
      "jsd_usergroup_2": 0.11591774970293045,
      "ndcg_usergroup_3": 0.0640052780508995,
      "jsd_usergroup_3": 0.08222965896129608
    },
    "epoch_17": {
      "ndcg": 0.08387826383113861,
      "jsd": 0.09854951500892639,
      "ndcg_usergroup_1": 0.12744736671447754,
      "jsd_usergroup_1": 0.07519359886646271,
      "ndcg_usergroup_2": 0.07725701481103897,
      "jsd_usergroup_2": 0.11290106177330017,
      "ndcg_usergroup_3": 0.06017078459262848,
      "jsd_usergroup_3": 0.07885550707578659
    },
    "epoch_18": {
      "ndcg": 0.0823156088590622,
      "jsd": 0.09721852093935013,
      "ndcg_usergroup_1": 0.12750373780727386,
      "jsd_usergroup_1": 0.07686778903007507,
      "ndcg_usergroup_2": 0.07551728188991547,
      "jsd_usergroup_2": 0.11119172722101212,
      "ndcg_usergroup_3": 0.05752023681998253,
      "jsd_usergroup_3": 0.07565423101186752
    },
    "epoch_19": {
      "ndcg": 0.08094914257526398,
      "jsd": 0.09456758946180344,
      "ndcg_usergroup_1": 0.12496816366910934,
      "jsd_usergroup_1": 0.07530763000249863,
      "ndcg_usergroup_2": 0.07478757202625275,
      "jsd_usergroup_2": 0.1085749939084053,
      "ndcg_usergroup_3": 0.055412858724594116,
      "jsd_usergroup_3": 0.07180991023778915
    },
    "epoch_20": {
      "ndcg": 0.07947275787591934,
      "jsd": 0.0935194119811058,
      "ndcg_usergroup_1": 0.1251487135887146,
      "jsd_usergroup_1": 0.0774456337094307,
      "ndcg_usergroup_2": 0.0728926882147789,
      "jsd_usergroup_2": 0.10705412924289703,
      "ndcg_usergroup_3": 0.053534843027591705,
      "jsd_usergroup_3": 0.06899348646402359
    },
    "epoch_21": {
      "ndcg": 0.07949168980121613,
      "jsd": 0.08974818885326385,
      "ndcg_usergroup_1": 0.12543374300003052,
      "jsd_usergroup_1": 0.0731324702501297,