{
  "base_recommendations": {
    "ndcg": 0.14531244337558746,
    "jsd": 0.16742733120918274,
    "ndcg_usergroup_1": 0.19628708064556122,
    "jsd_usergroup_1": 0.146896630525589,
    "ndcg_usergroup_2": 0.13007476925849915,
    "jsd_usergroup_2": 0.1748340129852295,
    "ndcg_usergroup_3": 0.1400458961725235,
    "jsd_usergroup_3": 0.16574043035507202
  },
  "postprocessed": {},
  "finetuned": {
    "epoch_1": {
      "ndcg": 0.14414069056510925,
      "jsd": 0.16147413849830627,
      "ndcg_usergroup_1": 0.19559882581233978,
      "jsd_usergroup_1": 0.1363564133644104,
      "ndcg_usergroup_2": 0.12885630130767822,
      "jsd_usergroup_2": 0.16921713948249817,
      "ndcg_usergroup_3": 0.13853077590465546,
      "jsd_usergroup_3": 0.16336539387702942
    },
    "epoch_2": {
      "ndcg": 0.14221809804439545,
      "jsd": 0.1526464968919754,
      "ndcg_usergroup_1": 0.19370758533477783,
      "jsd_usergroup_1": 0.11968239396810532,
      "ndcg_usergroup_2": 0.12718190252780914,
      "jsd_usergroup_2": 0.16138899326324463,
      "ndcg_usergroup_3": 0.13583223521709442,
      "jsd_usergroup_3": 0.15938590466976166
    },
    "epoch_3": {
      "ndcg": 0.13929954171180725,
      "jsd": 0.14534518122673035,
      "ndcg_usergroup_1": 0.19088523089885712,
      "jsd_usergroup_1": 0.10602788627147675,
      "ndcg_usergroup_2": 0.12463169544935226,
      "jsd_usergroup_2": 0.1549743115901947,
      "ndcg_usergroup_3": 0.13171260058879852,
      "jsd_usergroup_3": 0.1557782143354416
    },
    "epoch_4": {
      "ndcg": 0.13605475425720215,
      "jsd": 0.13923333585262299,
      "ndcg_usergroup_1": 0.18682824075222015,
      "jsd_usergroup_1": 0.09461265802383423,
      "ndcg_usergroup_2": 0.12189889699220657,
      "jsd_usergroup_2": 0.150109201669693,
      "ndcg_usergroup_3": 0.12774425745010376,
      "jsd_usergroup_3": 0.1512300670146942
    },
    "epoch_5": {
      "ndcg": 0.13284482061862946,
      "jsd": 0.1348099708557129,
      "ndcg_usergroup_1": 0.18270903825759888,
      "jsd_usergroup_1": 0.0871884748339653,
      "ndcg_usergroup_2": 0.1192549616098404,
      "jsd_usergroup_2": 0.1466645896434784,
      "ndcg_usergroup_3": 0.12374574691057205,
      "jsd_usergroup_3": 0.14687146246433258
    },
    "epoch_6": {
      "ndcg": 0.13015061616897583,
      "jsd": 0.13136333227157593,
      "ndcg_usergroup_1": 0.17900817096233368,
      "jsd_usergroup_1": 0.08211784809827805,
      "ndcg_usergroup_2": 0.11711965501308441,
      "jsd_usergroup_2": 0.14389386773109436,
      "ndcg_usergroup_3": 0.12038162350654602,
      "jsd_usergroup_3": 0.1430213451385498
    },
    "epoch_7": {
      "ndcg": 0.12740114331245422,
      "jsd": 0.1288670152425766,
      "ndcg_usergroup_1": 0.17483603954315186,
      "jsd_usergroup_1": 0.07859030365943909,
      "ndcg_usergroup_2": 0.11504945904016495,
      "jsd_usergroup_2": 0.14229170978069305,
      "ndcg_usergroup_3": 0.1170172244310379,
      "jsd_usergroup_3": 0.13887405395507812
    },
    "epoch_8": {
      "ndcg": 0.1253582239151001,
      "jsd": 0.12677420675754547,
      "ndcg_usergroup_1": 0.17156894505023956,
      "jsd_usergroup_1": 0.07692617177963257,
      "ndcg_usergroup_2": 0.11351539939641953,
      "jsd_usergroup_2": 0.14060774445533752,
      "ndcg_usergroup_3": 0.11467207968235016,
      "jsd_usergroup_3": 0.13512620329856873
    },
    "epoch_9": {
      "ndcg": 0.1232985109090805,
      "jsd": 0.12547795474529266,
      "ndcg_usergroup_1": 0.1682746708393097,
      "jsd_usergroup_1": 0.07581783831119537,
      "ndcg_usergroup_2": 0.11223629862070084,
      "jsd_usergroup_2": 0.1397859901189804,
      "ndcg_usergroup_3": 0.11150532215833664,
      "jsd_usergroup_3": 0.13221865892410278
    },
    "epoch_10": {
      "ndcg": 0.12174042314291,
      "jsd": 0.12395069748163223,
      "ndcg_usergroup_1": 0.16595372557640076,
      "jsd_usergroup_1": 0.07539118081331253,
      "ndcg_usergroup_2": 0.110987089574337,
      "jsd_usergroup_2": 0.13818354904651642,
      "ndcg_usergroup_3": 0.1097835823893547,
      "jsd_usergroup_3": 0.12981635332107544
    },
    "epoch_11": {
      "ndcg": 0.12051327526569366,
      "jsd": 0.12361408025026321,
      "ndcg_usergroup_1": 0.1634531170129776,
      "jsd_usergroup_1": 0.07540088891983032,
      "ndcg_usergroup_2": 0.11027467995882034,
      "jsd_usergroup_2": 0.13863658905029297,
      "ndcg_usergroup_3": 0.10828585177659988,
      "jsd_usergroup_3": 0.12676465511322021
    },
    "epoch_12": {
      "ndcg": 0.11931908875703812,
      "jsd": 0.12250635027885437,
      "ndcg_usergroup_1": 0.1614392101764679,
      "jsd_usergroup_1": 0.07544045895338058,
      "ndcg_usergroup_2": 0.10979683697223663,
      "jsd_usergroup_2": 0.13747483491897583,
      "ndcg_usergroup_3": 0.10576261579990387,
      "jsd_usergroup_3": 0.12467169761657715
    },
    "epoch_13": {
      "ndcg": 0.11830957978963852,
      "jsd": 0.12219958007335663,
      "ndcg_usergroup_1": 0.16042974591255188,
      "jsd_usergroup_1": 0.07560045272111893,
      "ndcg_usergroup_2": 0.10888531059026718,
      "jsd_usergroup_2": 0.1378701776266098,
      "ndcg_usergroup_3": 0.10445916652679443,
      "jsd_usergroup_3": 0.12179204821586609
    },
    "epoch_14": {
      "ndcg": 0.11731813848018646,
      "jsd": 0.12125582247972488,
      "ndcg_usergroup_1": 0.15890727937221527,
      "jsd_usergroup_1": 0.07600798457860947,
      "ndcg_usergroup_2": 0.108455590903759,
      "jsd_usergroup_2": 0.13655944168567657,
      "ndcg_usergroup_3": 0.10231375694274902,
      "jsd_usergroup_3": 0.12059783190488815
    },
    "epoch_16": {
      "ndcg": 0.11605952680110931,
      "jsd": 0.12085708975791931,
      "ndcg_usergroup_1": 0.15666213631629944,
      "jsd_usergroup_1": 0.07713359594345093,
      "ndcg_usergroup_2": 0.10768727958202362,
      "jsd_usergroup_2": 0.13631686568260193,
      "ndcg_usergroup_3": 0.1005709245800972,
      "jsd_usergroup_3": 0.11820629239082336
    },
    "epoch_17": {
      "ndcg": 0.11573486775159836,
      "jsd": 0.12076927721500397,
      "ndcg_usergroup_1": 0.15618038177490234,
      "jsd_usergroup_1": 0.07720596343278885,
      "ndcg_usergroup_2": 0.107229083776474,
      "jsd_usergroup_2": 0.13707660138607025,
      "ndcg_usergroup_3": 0.1008039191365242,
      "jsd_usergroup_3": 0.11541593819856644
    },
    "epoch_18": {
      "ndcg": 0.11560568958520889,
      "jsd": 0.12039272487163544,
      "ndcg_usergroup_1": 0.15611311793327332,
      "jsd_usergroup_1": 0.07806995511054993,
      "ndcg_usergroup_2": 0.1072896346449852,
      "jsd_usergroup_2": 0.136087104678154,
      "ndcg_usergroup_3": 0.10004371404647827,
      "jsd_usergroup_3": 0.11563752591609955
    },
    "epoch_20": {
      "ndcg": 0.11477348953485489,
      "jsd": 0.12000895291566849,
      "ndcg_usergroup_1": 0.1544741541147232,
      "jsd_usergroup_1": 0.07899080961942673,
      "ndcg_usergroup_2": 0.10693824291229248,
      "jsd_usergroup_2": 0.13593120872974396,
      "ndcg_usergroup_3": 0.09857601672410965,
      "jsd_usergroup_3": 0.11326555907726288
    },
    "epoch_21": {
      "ndcg": 0.11482381820678711,
      "jsd": 0.11935345828533173,
      "ndcg_usergroup_1": 0.15547718107700348,
      "jsd_usergroup_1": 0.07867463678121567,
      "ndcg_usergroup_2": 0.10665994137525558,
      "jsd_usergroup_2": 0.1356177181005478,
      "ndcg_usergroup_3": 0.0986594408750534,
      "jsd_usergroup_3": 0.1112448200583458
    }
  }
}