{
  "base_recommendations": {
    "ndcg": 0.14531244337558746,
    "jsd": 0.16742733120918274,
    "ndcg_usergroup_1": 0.19628708064556122,
    "jsd_usergroup_1": 0.146896630525589,
    "ndcg_usergroup_2": 0.13007476925849915,
    "jsd_usergroup_2": 0.1748340129852295,
    "ndcg_usergroup_3": 0.1400458961725235,
    "jsd_usergroup_3": 0.16574043035507202
  },
  "postprocessed": {},
  "finetuned": {
    "epoch_1": {
      "ndcg": 0.13414090871810913,
      "jsd": 0.11885055154561996,
      "ndcg_usergroup_1": 0.1679064780473709,
      "jsd_usergroup_1": 0.08502253890037537,
      "ndcg_usergroup_2": 0.12207212299108505,
      "jsd_usergroup_2": 0.132091224193573,
      "ndcg_usergroup_3": 0.13657784461975098,
      "jsd_usergroup_3": 0.11296089738607407
    },
    "epoch_2": {
      "ndcg": 0.12678493559360504,
      "jsd": 0.10794920474290848,
      "ndcg_usergroup_1": 0.1617152839899063,
      "jsd_usergroup_1": 0.07659658044576645,
      "ndcg_usergroup_2": 0.1149536669254303,
      "jsd_usergroup_2": 0.12211212515830994,
      "ndcg_usergroup_3": 0.12734456360340118,
      "jsd_usergroup_3": 0.09681767970323563
    },
    "epoch_3": {
      "ndcg": 0.12290876358747482,
      "jsd": 0.10337327420711517,
      "ndcg_usergroup_1": 0.15944886207580566,
      "jsd_usergroup_1": 0.07384815067052841,
      "ndcg_usergroup_2": 0.11104075610637665,
      "jsd_usergroup_2": 0.11831081658601761,
      "ndcg_usergroup_3": 0.12196885049343109,
      "jsd_usergroup_3": 0.08809064328670502
    },
    "epoch_4": {
      "ndcg": 0.11836966872215271,
      "jsd": 0.10138698667287827,
      "ndcg_usergroup_1": 0.15770858526229858,
      "jsd_usergroup_1": 0.07483338564634323,
      "ndcg_usergroup_2": 0.10724230110645294,
      "jsd_usergroup_2": 0.1164906695485115,
      "ndcg_usergroup_3": 0.11240920424461365,
      "jsd_usergroup_3": 0.08263446390628815
    },
    "epoch_5": {
      "ndcg": 0.11660908162593842,
      "jsd": 0.1004561334848404,
      "ndcg_usergroup_1": 0.1573486477136612,
      "jsd_usergroup_1": 0.07545673847198486,
      "ndcg_usergroup_2": 0.10594828426837921,
      "jsd_usergroup_2": 0.11541540175676346,
      "ndcg_usergroup_3": 0.1078483983874321,
      "jsd_usergroup_3": 0.08058261126279831
    }
  }
}