{
  "base_recommendations": {
    "ndcg": 0.14531244337558746,
    "jsd": 0.16742733120918274,
    "ndcg_usergroup_1": 0.19628708064556122,
    "jsd_usergroup_1": 0.146896630525589,
    "ndcg_usergroup_2": 0.13007476925849915,
    "jsd_usergroup_2": 0.1748340129852295,
    "ndcg_usergroup_3": 0.1400458961725235,
    "jsd_usergroup_3": 0.16574043035507202
  },
  "postprocessed": {},
  "finetuned": {
    "epoch_1": {
      "ndcg": 0.14518357813358307,
      "jsd": 0.16645865142345428,
      "ndcg_usergroup_1": 0.19628889858722687,
      "jsd_usergroup_1": 0.1446954756975174,
      "ndcg_usergroup_2": 0.1299276500940323,
      "jsd_usergroup_2": 0.17406480014324188,
      "ndcg_usergroup_3": 0.13984107971191406,
      "jsd_usergroup_3": 0.16540580987930298
    },
    "epoch_2": {
      "ndcg": 0.14491571485996246,
      "jsd": 0.16488012671470642,
      "ndcg_usergroup_1": 0.19584472477436066,
      "jsd_usergroup_1": 0.14140553772449493,
      "ndcg_usergroup_2": 0.12981532514095306,
      "jsd_usergroup_2": 0.1726667284965515,
      "ndcg_usergroup_3": 0.13928283751010895,
      "jsd_usergroup_3": 0.16499754786491394
    },
    "epoch_3": {
      "ndcg": 0.14473150670528412,
      "jsd": 0.1632840484380722,
      "ndcg_usergroup_1": 0.19569410383701324,
      "jsd_usergroup_1": 0.1380264163017273,
      "ndcg_usergroup_2": 0.129658505320549,
      "jsd_usergroup_2": 0.17131902277469635,
      "ndcg_usergroup_3": 0.13898298144340515,
      "jsd_usergroup_3": 0.164439395070076
    },
    "epoch_4": {
      "ndcg": 0.14444346725940704,
      "jsd": 0.16190001368522644,
      "ndcg_usergroup_1": 0.19557791948318481,
      "jsd_usergroup_1": 0.13517571985721588,
      "ndcg_usergroup_2": 0.12932689487934113,
      "jsd_usergroup_2": 0.16999280452728271,
      "ndcg_usergroup_3": 0.13865382969379425,
      "jsd_usergroup_3": 0.16434858739376068
    },
    "epoch_5": {
      "ndcg": 0.14407819509506226,
      "jsd": 0.16052663326263428,
      "ndcg_usergroup_1": 0.19521725177764893,
      "jsd_usergroup_1": 0.13223949074745178,
      "ndcg_usergroup_2": 0.12904872000217438,
      "jsd_usergroup_2": 0.16891923546791077,
      "ndcg_usergroup_3": 0.13802269101142883,
      "jsd_usergroup_3": 0.16363871097564697
    },
    "epoch_6": {
      "ndcg": 0.14380629360675812,
      "jsd": 0.1592191755771637,
      "ndcg_usergroup_1": 0.1951320916414261,
      "jsd_usergroup_1": 0.129324272274971,
      "ndcg_usergroup_2": 0.128686785697937,
      "jsd_usergroup_2": 0.1678221970796585,
      "ndcg_usergroup_3": 0.13783405721187592,
      "jsd_usergroup_3": 0.163307785987854
    },
    "epoch_7": {
      "ndcg": 0.1434682011604309,
      "jsd": 0.15815754234790802,
      "ndcg_usergroup_1": 0.19465534389019012,
      "jsd_usergroup_1": 0.1268829107284546,
      "ndcg_usergroup_2": 0.1284259706735611,
      "jsd_usergroup_2": 0.16686181724071503,
      "ndcg_usergroup_3": 0.13740283250808716,
      "jsd_usergroup_3": 0.16332212090492249
    },
    "epoch_8": {
      "ndcg": 0.1430932581424713,
      "jsd": 0.1569041907787323,
      "ndcg_usergroup_1": 0.19403031468391418,
      "jsd_usergroup_1": 0.12424638122320175,
      "ndcg_usergroup_2": 0.12807787954807281,
      "jsd_usergroup_2": 0.1658649444580078,
      "ndcg_usergroup_3": 0.13719743490219116,
      "jsd_usergroup_3": 0.16268272697925568
    },
    "epoch_9": {
      "ndcg": 0.14271268248558044,
      "jsd": 0.1558505892753601,
      "ndcg_usergroup_1": 0.19398178160190582,
      "jsd_usergroup_1": 0.1218213215470314,
      "ndcg_usergroup_2": 0.12756916880607605,
      "jsd_usergroup_2": 0.16505736112594604,
      "ndcg_usergroup_3": 0.13686923682689667,
      "jsd_usergroup_3": 0.16226257383823395
    },
    "epoch_10": {
      "ndcg": 0.14230972528457642,
      "jsd": 0.15500666201114655,
      "ndcg_usergroup_1": 0.19344140589237213,
      "jsd_usergroup_1": 0.11950776726007462,
      "ndcg_usergroup_2": 0.12720037996768951,
      "jsd_usergroup_2": 0.16442611813545227,
      "ndcg_usergroup_3": 0.13650108873844147,
      "jsd_usergroup_3": 0.16225019097328186
    },
    "epoch_11": {
      "ndcg": 0.14186325669288635,
      "jsd": 0.15412937104701996,
      "ndcg_usergroup_1": 0.1928788125514984,
      "jsd_usergroup_1": 0.1174369752407074,
      "ndcg_usergroup_2": 0.1267951875925064,
      "jsd_usergroup_2": 0.1637822687625885,
      "ndcg_usergroup_3": 0.13604700565338135,
      "jsd_usergroup_3": 0.1618662178516388
    },
    "epoch_12": {
      "ndcg": 0.14145557582378387,
      "jsd": 0.15317955613136292,
      "ndcg_usergroup_1": 0.19230838119983673,
      "jsd_usergroup_1": 0.11500751227140427,
      "ndcg_usergroup_2": 0.12634076178073883,
      "jsd_usergroup_2": 0.16315104067325592,
      "ndcg_usergroup_3": 0.13594232499599457,
      "jsd_usergroup_3": 0.16144047677516937
    },
    "epoch_13": {
      "ndcg": 0.14091362059116364,
      "jsd": 0.15246322751045227,
      "ndcg_usergroup_1": 0.1915929764509201,
      "jsd_usergroup_1": 0.11360210180282593,
      "ndcg_usergroup_2": 0.12585283815860748,
      "jsd_usergroup_2": 0.1625102162361145,
      "ndcg_usergroup_3": 0.13541170954704285,
      "jsd_usergroup_3": 0.16118671000003815
    },
    "epoch_14": {
      "ndcg": 0.14050155878067017,
      "jsd": 0.1518663465976715,
      "ndcg_usergroup_1": 0.19083763659000397,
      "jsd_usergroup_1": 0.1120169460773468,
      "ndcg_usergroup_2": 0.12561066448688507,
      "jsd_usergroup_2": 0.1620752215385437,
      "ndcg_usergroup_3": 0.1348334103822708,
      "jsd_usergroup_3": 0.16109241545200348
    },
    "epoch_15": {
      "ndcg": 0.14013680815696716,
      "jsd": 0.15120866894721985,
      "ndcg_usergroup_1": 0.19027428328990936,
      "jsd_usergroup_1": 0.11047248542308807,
      "ndcg_usergroup_2": 0.1253407895565033,
      "jsd_usergroup_2": 0.16157656908035278,
      "ndcg_usergroup_3": 0.13438263535499573,
      "jsd_usergroup_3": 0.16084444522857666
    },
    "epoch_16": {
      "ndcg": 0.13975690305233002,
      "jsd": 0.1507662534713745,
      "ndcg_usergroup_1": 0.18935233354568481,
      "jsd_usergroup_1": 0.10922978073358536,
      "ndcg_usergroup_2": 0.12518082559108734,
      "jsd_usergroup_2": 0.16126812994480133,
      "ndcg_usergroup_3": 0.1338849812746048,
      "jsd_usergroup_3": 0.16080054640769958
    },
    "epoch_17": {
      "ndcg": 0.13911572098731995,
      "jsd": 0.15035894513130188,
      "ndcg_usergroup_1": 0.1883891075849533,
      "jsd_usergroup_1": 0.10776365548372269,
      "ndcg_usergroup_2": 0.12471817433834076,
      "jsd_usergroup_2": 0.16108852624893188,
      "ndcg_usergroup_3": 0.13303031027317047,
      "jsd_usergroup_3": 0.16076906025409698
    },
    "epoch_18": {
      "ndcg": 0.1387937366962433,
      "jsd": 0.14989496767520905,
      "ndcg_usergroup_1": 0.18784375488758087,
      "jsd_usergroup_1": 0.10655063390731812,
      "ndcg_usergroup_2": 0.1245272159576416,
      "jsd_usergroup_2": 0.16069155931472778,
      "ndcg_usergroup_3": 0.13253873586654663,
      "jsd_usergroup_3": 0.16085310280323029
    },
    "epoch_19": {
      "ndcg": 0.13833603262901306,
      "jsd": 0.149687722325325,
      "ndcg_usergroup_1": 0.1867467761039734,
      "jsd_usergroup_1": 0.10541264712810516,
      "ndcg_usergroup_2": 0.12426738440990448,
      "jsd_usergroup_2": 0.1605880707502365,
      "ndcg_usergroup_3": 0.13212665915489197,
      "jsd_usergroup_3": 0.16126538813114166
    },
    "epoch_20": {
      "ndcg": 0.13789376616477966,
      "jsd": 0.14929413795471191,
      "ndcg_usergroup_1": 0.186786949634552,
      "jsd_usergroup_1": 0.10424889624118805,
      "ndcg_usergroup_2": 0.1237703263759613,
      "jsd_usergroup_2": 0.16032777726650238,
      "ndcg_usergroup_3": 0.1313662827014923,
      "jsd_usergroup_3": 0.16124214231967926
    },
    "epoch_21": {
      "ndcg": 0.13748355209827423,
      "jsd": 0.1490762084722519,
      "ndcg_usergroup_1": 0.18625551462173462,
      "jsd_usergroup_1": 0.10339891165494919,