{
  "base_recommendations": {
    "ndcg": 0.14531244337558746,
    "jsd": 0.16742733120918274,
    "ndcg_usergroup_1": 0.19628708064556122,
    "jsd_usergroup_1": 0.146896630525589,
    "ndcg_usergroup_2": 0.13007476925849915,
    "jsd_usergroup_2": 0.1748340129852295,
    "ndcg_usergroup_3": 0.1400458961725235,
    "jsd_usergroup_3": 0.16574043035507202
  },
  "postprocessed": {},
  "finetuned": {
    "epoch_1": {
      "ndcg": 0.14375677704811096,
      "jsd": 0.16513186693191528,
      "ndcg_usergroup_1": 0.19451209902763367,
      "jsd_usergroup_1": 0.14196078479290009,
      "ndcg_usergroup_2": 0.12855367362499237,
      "jsd_usergroup_2": 0.1728179156780243,
      "ndcg_usergroup_3": 0.13860578835010529,
      "jsd_usergroup_3": 0.1652473509311676
    },
    "epoch_2": {
      "ndcg": 0.14097960293293,
      "jsd": 0.1610015630722046,
      "ndcg_usergroup_1": 0.19103562831878662,
      "jsd_usergroup_1": 0.13357754051685333,
      "ndcg_usergroup_2": 0.12593212723731995,
      "jsd_usergroup_2": 0.1690770387649536,
      "ndcg_usergroup_3": 0.13606111705303192,
      "jsd_usergroup_3": 0.16420187056064606
    },
    "epoch_3": {
      "ndcg": 0.13740599155426025,
      "jsd": 0.15664727985858917,
      "ndcg_usergroup_1": 0.18662428855895996,
      "jsd_usergroup_1": 0.12561188638210297,
      "ndcg_usergroup_2": 0.1226482018828392,
      "jsd_usergroup_2": 0.16515232622623444,
      "ndcg_usergroup_3": 0.1324562430381775,
      "jsd_usergroup_3": 0.16217029094696045
    },
    "epoch_4": {
      "ndcg": 0.1332174688577652,
      "jsd": 0.15235035121440887,
      "ndcg_usergroup_1": 0.18132176995277405,
      "jsd_usergroup_1": 0.11771203577518463,
      "ndcg_usergroup_2": 0.11869724094867706,
      "jsd_usergroup_2": 0.1613544225692749,
      "ndcg_usergroup_3": 0.1286691576242447,
      "jsd_usergroup_3": 0.1599794328212738
    },
    "epoch_5": {
      "ndcg": 0.1286512315273285,
      "jsd": 0.14840592443943024,
      "ndcg_usergroup_1": 0.17538662254810333,
      "jsd_usergroup_1": 0.1112978383898735,
      "ndcg_usergroup_2": 0.11457104980945587,
      "jsd_usergroup_2": 0.15791797637939453,
      "ndcg_usergroup_3": 0.12415174394845963,
      "jsd_usergroup_3": 0.15698091685771942
    },
    "epoch_6": {
      "ndcg": 0.12368611246347427,
      "jsd": 0.14428599178791046,
      "ndcg_usergroup_1": 0.16865220665931702,
      "jsd_usergroup_1": 0.1062312051653862,
      "ndcg_usergroup_2": 0.10992054641246796,
      "jsd_usergroup_2": 0.15407447516918182,
      "ndcg_usergroup_3": 0.12001226097345352,
      "jsd_usergroup_3": 0.1529785394668579
    },
    "epoch_7": {
      "ndcg": 0.11862535774707794,
      "jsd": 0.14069025218486786,
      "ndcg_usergroup_1": 0.1626078337430954,
      "jsd_usergroup_1": 0.10252112150192261,
      "ndcg_usergroup_2": 0.10518637299537659,
      "jsd_usergroup_2": 0.15069210529327393,
      "ndcg_usergroup_3": 0.11495550721883774,
      "jsd_usergroup_3": 0.14885713160037994
    },
    "epoch_8": {
      "ndcg": 0.11330146342515945,
      "jsd": 0.13671669363975525,
      "ndcg_usergroup_1": 0.15602053701877594,
      "jsd_usergroup_1": 0.09931708872318268,
      "ndcg_usergroup_2": 0.1002095639705658,
      "jsd_usergroup_2": 0.14703550934791565,
      "ndcg_usergroup_3": 0.10985381156206131,
      "jsd_usergroup_3": 0.14316323399543762
    },
    "epoch_9": {
      "ndcg": 0.10794283449649811,
      "jsd": 0.13301175832748413,
      "ndcg_usergroup_1": 0.14918415248394012,
      "jsd_usergroup_1": 0.09723656624555588,
      "ndcg_usergroup_2": 0.09553015232086182,
      "jsd_usergroup_2": 0.1432519257068634,
      "ndcg_usergroup_3": 0.10393550992012024,
      "jsd_usergroup_3": 0.1380697637796402
    },
    "epoch_10": {
      "ndcg": 0.10212366282939911,
      "jsd": 0.12915745377540588,
      "ndcg_usergroup_1": 0.14210079610347748,
      "jsd_usergroup_1": 0.09516151994466782,
      "ndcg_usergroup_2": 0.09018441289663315,
      "jsd_usergroup_2": 0.13933682441711426,
      "ndcg_usergroup_3": 0.09796038269996643,
      "jsd_usergroup_3": 0.13261860609054565
    },
    "epoch_11": {
      "ndcg": 0.09649016708135605,
      "jsd": 0.1250644475221634,
      "ndcg_usergroup_1": 0.13591474294662476,
      "jsd_usergroup_1": 0.09415414184331894,
      "ndcg_usergroup_2": 0.08495315164327621,
      "jsd_usergroup_2": 0.13479509949684143,
      "ndcg_usergroup_3": 0.0916728675365448,
      "jsd_usergroup_3": 0.12678596377372742
    },
    "epoch_12": {
      "ndcg": 0.09068453311920166,
      "jsd": 0.12119249999523163,
      "ndcg_usergroup_1": 0.1295733004808426,
      "jsd_usergroup_1": 0.09399174153804779,
      "ndcg_usergroup_2": 0.07966700941324234,
      "jsd_usergroup_2": 0.13038213551044464,
      "ndcg_usergroup_3": 0.08484473079442978,
      "jsd_usergroup_3": 0.12082740664482117
    },
    "epoch_13": {
      "ndcg": 0.0848671942949295,
      "jsd": 0.11742588132619858,
      "ndcg_usergroup_1": 0.12407620251178741,
      "jsd_usergroup_1": 0.09366604685783386,
      "ndcg_usergroup_2": 0.0739721804857254,
      "jsd_usergroup_2": 0.1261759102344513,
      "ndcg_usergroup_3": 0.07833970338106155,
      "jsd_usergroup_3": 0.11493851989507675
    },
    "epoch_14": {
      "ndcg": 0.07895728945732117,
      "jsd": 0.1137387827038765,
      "ndcg_usergroup_1": 0.11762706190347672,
      "jsd_usergroup_1": 0.0941614881157875,
      "ndcg_usergroup_2": 0.06831490993499756,
      "jsd_usergroup_2": 0.12189925462007523,
      "ndcg_usergroup_3": 0.07221121340990067,
      "jsd_usergroup_3": 0.10883732885122299
    },
    "epoch_15": {
      "ndcg": 0.07329527288675308,
      "jsd": 0.11034240573644638,
      "ndcg_usergroup_1": 0.11275054514408112,
      "jsd_usergroup_1": 0.09520892798900604,
      "ndcg_usergroup_2": 0.06277281045913696,
      "jsd_usergroup_2": 0.11782152205705643,
      "ndcg_usergroup_3": 0.06540398299694061,
      "jsd_usergroup_3": 0.10304101556539536
    },
    "epoch_16": {
      "ndcg": 0.06771962344646454,
      "jsd": 0.10702463984489441,
      "ndcg_usergroup_1": 0.10825282335281372,
      "jsd_usergroup_1": 0.09667935222387314,
      "ndcg_usergroup_2": 0.05722621828317642,
      "jsd_usergroup_2": 0.11389639973640442,
      "ndcg_usergroup_3": 0.058663200587034225,
      "jsd_usergroup_3": 0.09675690531730652
    },
    "epoch_17": {
      "ndcg": 0.062428753823041916,
      "jsd": 0.10434066504240036,
      "ndcg_usergroup_1": 0.10311628133058548,
      "jsd_usergroup_1": 0.0989580750465393,
      "ndcg_usergroup_2": 0.052206847816705704,
      "jsd_usergroup_2": 0.11049311608076096,
      "ndcg_usergroup_3": 0.052403613924980164,
      "jsd_usergroup_3": 0.09126794338226318
    },
    "epoch_18": {
      "ndcg": 0.05766196548938751,
      "jsd": 0.10163086652755737,
      "ndcg_usergroup_1": 0.09892462939023972,
      "jsd_usergroup_1": 0.10087153315544128,
      "ndcg_usergroup_2": 0.04749942198395729,
      "jsd_usergroup_2": 0.10725875198841095,
      "ndcg_usergroup_3": 0.04688362777233124,
      "jsd_usergroup_3": 0.08550839871168137
    },
    "epoch_19": {
      "ndcg": 0.05308830365538597,
      "jsd": 0.09982993453741074,
      "ndcg_usergroup_1": 0.09528183192014694,
      "jsd_usergroup_1": 0.1024816483259201,
      "ndcg_usergroup_2": 0.04293757304549217,
      "jsd_usergroup_2": 0.10509803891181946,
      "ndcg_usergroup_3": 0.04134364798665047,
      "jsd_usergroup_3": 0.08137566596269608
    },
    "epoch_20": {
      "ndcg": 0.04877584055066109,
      "jsd": 0.09819120913743973,
      "ndcg_usergroup_1": 0.09125492721796036,
      "jsd_usergroup_1": 0.10523203015327454,
      "ndcg_usergroup_2": 0.039051178842782974,
      "jsd_usergroup_2": 0.10280574858188629,
      "ndcg_usergroup_3": 0.03546757251024246,
      "jsd_usergroup_3": 0.077308289706707
    },
    "epoch_21": {
      "ndcg": 0.0455838181078434,
      "jsd": 0.09703132510185242,
      "ndcg_usergroup_1": 0.0876309797167778,
      "jsd_usergroup_1": 0.10730050504207611,