{"base_recommendations": {"ndcg": 0.14531244337558746, "jsd": 0.1674375683069229}, "postprocessed": {}, "finetuned": {"epoch_1": {"ndcg": 0.1449831873178482, "jsd": 0.16696085035800934}, "epoch_2": {"ndcg": 0.14437684416770935, "jsd": 0.1660807877779007}, "epoch_3": {"ndcg": 0.14378903806209564, "jsd": 0.16514454782009125}, "epoch_4": {"ndcg": 0.14313752949237823, "jsd": 0.16415147483348846}, "epoch_5": {"ndcg": 0.14252351224422455, "jsd": 0.16301095485687256}, "epoch_6": {"ndcg": 0.14194883406162262, "jsd": 0.16196228563785553}, "epoch_7": {"ndcg": 0.1411469578742981, "jsd": 0.16104784607887268}, "epoch_8": {"ndcg": 0.14042259752750397, "jsd": 0.160070538520813}, "epoch_9": {"ndcg": 0.13967251777648926, "jsd": 0.159091517329216}, "epoch_10": {"ndcg": 0.13882040977478027, "jsd": 0.15816666185855865}, "epoch_11": {"ndcg": 0.13798438012599945, "jsd": 0.15706078708171844}, "epoch_12": {"ndcg": 0.13708122074604034, "jsd": 0.156080424785614}, "epoch_13": {"ndcg": 0.13625408709049225, "jsd": 0.1551172137260437}, "epoch_14": {"ndcg": 0.13541185855865479, "jsd": 0.15410859882831573}, "epoch_15": {"ndcg": 0.1344313621520996, "jsd": 0.15306977927684784}, "epoch_16": {"ndcg": 0.13342508673667908, "jsd": 0.15204750001430511}, "epoch_17": {"ndcg": 0.13230443000793457, "jsd": 0.15094061195850372}, "epoch_18": {"ndcg": 0.13139747083187103, "jsd": 0.14991284906864166}, "epoch_19": {"ndcg": 0.13044105470180511, "jsd": 0.14903688430786133}, "epoch_20": {"ndcg": 0.12930819392204285, "jsd": 0.1481849104166031}, "epoch_21": {"ndcg": 0.12832681834697723, "jsd": 0.1473388671875}, "epoch_22": {"ndcg": 0.12751293182373047, "jsd": 0.1464492827653885}, "epoch_23": {"ndcg": 0.12660686671733856, "jsd": 0.14554932713508606}, "epoch_24": {"ndcg": 0.1256995052099228, "jsd": 0.14472587406635284}, "epoch_25": {"ndcg": 0.12471538037061691, "jsd": 0.14372000098228455}, "epoch_26": {"ndcg": 0.12366389483213425, "jsd": 0.1428588181734085}, "epoch_27": {"ndcg": 0.12271758913993835, "jsd": 0.1420544683933258}, "epoch_28": {"ndcg": 0.12164639681577682, "jsd": 0.14108861982822418}, "epoch_29": {"ndcg": 0.12060172855854034, "jsd": 0.14020541310310364}, "epoch_30": {"ndcg": 0.11960747092962265, "jsd": 0.13935300707817078}, "epoch_31": {"ndcg": 0.11855669319629669, "jsd": 0.13856269419193268}, "epoch_32": {"ndcg": 0.11761856824159622, "jsd": 0.13777832686901093}, "epoch_33": {"ndcg": 0.11657355725765228, "jsd": 0.13707482814788818}, "epoch_34": {"ndcg": 0.11555573344230652, "jsd": 0.13615752756595612}, "epoch_35": {"ndcg": 0.11445030570030212, "jsd": 0.13528895378112793}, "epoch_36": {"ndcg": 0.1134737879037857, "jsd": 0.1344062089920044}, "epoch_37": {"ndcg": 0.11250578612089157, "jsd": 0.13357815146446228}, "epoch_38": {"ndcg": 0.11143714189529419, "jsd": 0.13281965255737305}, "epoch_39": {"ndcg": 0.11038138717412949, "jsd": 0.13188976049423218}, "epoch_40": {"ndcg": 0.1094810739159584, "jsd": 0.13100576400756836}, "epoch_41": {"ndcg": 0.10861162841320038, "jsd": 0.13019001483917236}, "epoch_42": {"ndcg": 0.10760627686977386, "jsd": 0.1294868141412735}, "epoch_43": {"ndcg": 0.1066960021853447, "jsd": 0.12868987023830414}, "epoch_44": {"ndcg": 0.10580747574567795, "jsd": 0.12782412767410278}, "epoch_45": {"ndcg": 0.10493077337741852, "jsd": 0.1271553337574005}, "epoch_46": {"ndcg": 0.1040291041135788, "jsd": 0.12625327706336975}, "epoch_47": {"ndcg": 0.10315289348363876, "jsd": 0.12555231153964996}, "epoch_48": {"ndcg": 0.10204709321260452, "jsd": 0.1246710792183876}, "epoch_49": {"ndcg": 0.10116640478372574, "jsd": 0.12392409145832062}, "epoch_50": {"ndcg": 0.10005833953619003, "jsd": 0.12305539101362228}, "epoch_51": {"ndcg": 0.09922425448894501, "jsd": 0.12222357839345932}, "epoch_52": {"ndcg": 0.09825754910707474, "jsd": 0.12145224213600159}, "epoch_53": {"ndcg": 0.0972626656293869, "jsd": 0.1207859069108963}, "epoch_54": {"ndcg": 0.09645634144544601, "jsd": 0.11994434893131256}, "epoch_55": {"ndcg": 0.09548898041248322, "jsd": 0.11908163130283356}, "epoch_56": {"ndcg": 0.09459751099348068, "jsd": 0.11834173649549484}, "epoch_57": {"ndcg": 0.09368601441383362, "jsd": 0.11752137541770935}, "epoch_58": {"ndcg": 0.09282609820365906, "jsd": 0.11680653691291809}, "epoch_59": {"ndcg": 0.09182898700237274, "jsd": 0.11599637567996979}, "epoch_60": {"ndcg": 0.09094861149787903, "jsd": 0.11532638967037201}, "epoch_61": {"ndcg": 0.09000714868307114, "jsd": 0.11459878087043762}, "epoch_62": {"ndcg": 0.08916450291872025, "jsd": 0.11395076662302017}, "epoch_63": {"ndcg": 0.08826950192451477, "jsd": 0.11305072903633118}, "epoch_64": {"ndcg": 0.0873742401599884, "jsd": 0.11235219985246658}, "epoch_65": {"ndcg": 0.08667239546775818, "jsd": 0.11154723912477493}, "epoch_66": {"ndcg": 0.0858733132481575, "jsd": 0.11074831336736679}, "epoch_67": {"ndcg": 0.0850386694073677, "jsd": 0.11006714403629303}, "epoch_68": {"ndcg": 0.08415371924638748, "jsd": 0.10939769446849823}, "epoch_69": {"ndcg": 0.08336715400218964, "jsd": 0.10883791744709015}, "epoch_70": {"ndcg": 0.08242920786142349, "jsd": 0.1081380769610405}, "epoch_71": {"ndcg": 0.08161727339029312, "jsd": 0.10748635977506638}, "epoch_72": {"ndcg": 0.08075904846191406, "jsd": 0.10667622834444046}, "epoch_73": {"ndcg": 0.07994794845581055, "jsd": 0.10597547888755798}, "epoch_74": {"ndcg": 0.07911518961191177, "jsd": 0.10530729591846466}, "epoch_75": {"ndcg": 0.07833415269851685, "jsd": 0.10466604679822922}, "epoch_76": {"ndcg": 0.07761333882808685, "jsd": 0.10397304594516754}, "epoch_77": {"ndcg": 0.07669567316770554, "jsd": 0.1032690778374672}, "epoch_78": {"ndcg": 0.0759030431509018, "jsd": 0.10255369544029236}, "epoch_79": {"ndcg": 0.07513320446014404, "jsd": 0.10183139145374298}, "epoch_80": {"ndcg": 0.07425656169652939, "jsd": 0.1012512817978859}, "epoch_81": {"ndcg": 0.07361272722482681, "jsd": 0.10062222927808762}, "epoch_82": {"ndcg": 0.07278841733932495, "jsd": 0.09999259561300278}, "epoch_83": {"ndcg": 0.0720600113272667, "jsd": 0.09952162206172943}, "epoch_84": {"ndcg": 0.07133695483207703, "jsd": 0.09892623871564865}, "epoch_85": {"ndcg": 0.07064806669950485, "jsd": 0.09841310232877731}, "epoch_86": {"ndcg": 0.06993592530488968, "jsd": 0.09782175719738007}, "epoch_87": {"ndcg": 0.06925094872713089, "jsd": 0.09720508009195328}, "epoch_88": {"ndcg": 0.06855808198451996, "jsd": 0.0967140793800354}, "epoch_89": {"ndcg": 0.0679192841053009, "jsd": 0.09612678736448288}, "epoch_90": {"ndcg": 0.06724601238965988, "jsd": 0.09558329731225967}, "epoch_91": {"ndcg": 0.0664973109960556, "jsd": 0.09501857310533524}, "epoch_92": {"ndcg": 0.06582275778055191, "jsd": 0.09450724720954895}, "epoch_93": {"ndcg": 0.06523560732603073, "jsd": 0.0940505638718605}, "epoch_94": {"ndcg": 0.06454867124557495, "jsd": 0.09356440603733063}, "epoch_95": {"ndcg": 0.0639248713850975, "jsd": 0.09302271902561188}, "epoch_96": {"ndcg": 0.06337730586528778, "jsd": 0.09260788559913635}, "epoch_97": {"ndcg": 0.06272697448730469, "jsd": 0.09211321175098419}, "epoch_98": {"ndcg": 0.06221196800470352, "jsd": 0.09169591218233109}, "epoch_99": {"ndcg": 0.06161993369460106, "jsd": 0.09116581827402115}, "epoch_100": {"ndcg": 0.06106904521584511, "jsd": 0.09064912796020508}, "epoch_101": {"ndcg": 0.06046432629227638, "jsd": 0.09024690836668015}, "epoch_102": {"ndcg": 0.060002852231264114, "jsd": 0.08979631960391998}, "epoch_103": {"ndcg": 0.05951816961169243, "jsd": 0.08942785114049911}, "epoch_104": {"ndcg": 0.059011392295360565, "jsd": 0.08916013687849045}, "epoch_105": {"ndcg": 0.05847235769033432, "jsd": 0.08871309459209442}, "epoch_106": {"ndcg": 0.058036819100379944, "jsd": 0.08836902678012848}, "epoch_107": {"ndcg": 0.05750668793916702, "jsd": 0.08803263306617737}, "epoch_108": {"ndcg": 0.05708950012922287, "jsd": 0.08751682937145233}, "epoch_109": {"ndcg": 0.056654322892427444, "jsd": 0.08713861554861069}, "epoch_110": {"ndcg": 0.05618475377559662, "jsd": 0.08679894357919693}, "epoch_111": {"ndcg": 0.05572938919067383, "jsd": 0.08632723987102509},