{
  "base_recommendations": {
    "ndcg": 0.14531244337558746,
    "jsd": 0.1674375683069229,
    "ndcg_usergroup_1": 0.19628708064556122,
    "jsd_usergroup_1": 0.14693795144557953,
    "ndcg_usergroup_2": 0.13007476925849915,
    "jsd_usergroup_2": 0.1748277097940445,
    "ndcg_usergroup_3": 0.1400458961725235,
    "jsd_usergroup_3": 0.16576915979385376
  },
  "postprocessed": {},
  "finetuned": {
    "epoch_1": {
      "ndcg": 0.14263150095939636,
      "jsd": 0.1377469152212143,
      "ndcg_usergroup_1": 0.1884632557630539,
      "jsd_usergroup_1": 0.10236469656229019,
      "ndcg_usergroup_2": 0.12802112102508545,
      "jsd_usergroup_2": 0.14890719950199127,
      "ndcg_usergroup_3": 0.14062602818012238,
      "jsd_usergroup_3": 0.13965193927288055
    },
    "epoch_2": {
      "ndcg": 0.13647739589214325,
      "jsd": 0.11999446898698807,
      "ndcg_usergroup_1": 0.17773735523223877,
      "jsd_usergroup_1": 0.090335913002491,
      "ndcg_usergroup_2": 0.12277427315711975,
      "jsd_usergroup_2": 0.13308845460414886,
      "ndcg_usergroup_3": 0.13632231950759888,
      "jsd_usergroup_3": 0.110375314950943
    },
    "epoch_3": {
      "ndcg": 0.13051359355449677,
      "jsd": 0.10651713609695435,
      "ndcg_usergroup_1": 0.1706874966621399,
      "jsd_usergroup_1": 0.08496061712503433,
      "ndcg_usergroup_2": 0.1170576959848404,
      "jsd_usergroup_2": 0.11926504969596863,
      "ndcg_usergroup_3": 0.13070301711559296,
      "jsd_usergroup_3": 0.08983410894870758
    },
    "epoch_4": {
      "ndcg": 0.1246899887919426,
      "jsd": 0.09682188928127289,
      "ndcg_usergroup_1": 0.1642686426639557,
      "jsd_usergroup_1": 0.08099137991666794,
      "ndcg_usergroup_2": 0.11142367869615555,
      "jsd_usergroup_2": 0.1085805669426918,
      "ndcg_usergroup_3": 0.12490588426589966,
      "jsd_usergroup_3": 0.0773802399635315
    },
    "epoch_5": {
      "ndcg": 0.12028798460960388,
      "jsd": 0.0899662971496582,
      "ndcg_usergroup_1": 0.1596248298883438,
      "jsd_usergroup_1": 0.07791968435049057,
      "ndcg_usergroup_2": 0.10744380205869675,
      "jsd_usergroup_2": 0.10088849067687988,
      "ndcg_usergroup_3": 0.11947949230670929,
      "jsd_usergroup_3": 0.06924990564584732
    },
    "epoch_6": {
      "ndcg": 0.11695316433906555,
      "jsd": 0.08487222343683243,
      "ndcg_usergroup_1": 0.15732823312282562,
      "jsd_usergroup_1": 0.07516464591026306,
      "ndcg_usergroup_2": 0.1041528582572937,
      "jsd_usergroup_2": 0.09521123021841049,
      "ndcg_usergroup_3": 0.11497486382722855,
      "jsd_usergroup_3": 0.06356615573167801
    },
    "epoch_7": {
      "ndcg": 0.1140117421746254,
      "jsd": 0.08063992112874985,
      "ndcg_usergroup_1": 0.15553250908851624,
      "jsd_usergroup_1": 0.07301300764083862,
      "ndcg_usergroup_2": 0.10108613967895508,
      "jsd_usergroup_2": 0.09034605324268341,
      "ndcg_usergroup_3": 0.11126355826854706,
      "jsd_usergroup_3": 0.059151604771614075
    },
    "epoch_8": {
      "ndcg": 0.11114826798439026,
      "jsd": 0.07686460018157959,
      "ndcg_usergroup_1": 0.15372124314308167,
      "jsd_usergroup_1": 0.07120449095964432,
      "ndcg_usergroup_2": 0.0980619490146637,
      "jsd_usergroup_2": 0.08588936924934387,
      "ndcg_usergroup_3": 0.10782995820045471,
      "jsd_usergroup_3": 0.05545339733362198
    },
    "epoch_9": {
      "ndcg": 0.10853816568851471,
      "jsd": 0.0734308585524559,
      "ndcg_usergroup_1": 0.1520443707704544,
      "jsd_usergroup_1": 0.06936226040124893,
      "ndcg_usergroup_2": 0.09568388015031815,
      "jsd_usergroup_2": 0.0819115862250328,
      "ndcg_usergroup_3": 0.10359065234661102,
      "jsd_usergroup_3": 0.052060067653656006
    },
    "epoch_10": {
      "ndcg": 0.10638833045959473,
      "jsd": 0.07046600431203842,
      "ndcg_usergroup_1": 0.15135692059993744,
      "jsd_usergroup_1": 0.06765268743038177,
      "ndcg_usergroup_2": 0.09357603639364243,
      "jsd_usergroup_2": 0.07836434990167618,
      "ndcg_usergroup_3": 0.09985245764255524,
      "jsd_usergroup_3": 0.04958685487508774
    },
    "epoch_11": {
      "ndcg": 0.10428284108638763,
      "jsd": 0.0675676167011261,
      "ndcg_usergroup_1": 0.15103285014629364,
      "jsd_usergroup_1": 0.06633513420820236,
      "ndcg_usergroup_2": 0.09139666706323624,
      "jsd_usergroup_2": 0.07486535608768463,
      "ndcg_usergroup_3": 0.09618713706731796,
      "jsd_usergroup_3": 0.046909283846616745
    },
    "epoch_12": {
      "ndcg": 0.10264430195093155,
      "jsd": 0.06514912843704224,
      "ndcg_usergroup_1": 0.1506744921207428,
      "jsd_usergroup_1": 0.06514722108840942,
      "ndcg_usergroup_2": 0.08983738720417023,
      "jsd_usergroup_2": 0.07184019684791565,
      "ndcg_usergroup_3": 0.09303063154220581,
      "jsd_usergroup_3": 0.0450800321996212
    },
    "epoch_13": {
      "ndcg": 0.10076210647821426,
      "jsd": 0.06272566318511963,
      "ndcg_usergroup_1": 0.14931805431842804,
      "jsd_usergroup_1": 0.06380824744701385,
      "ndcg_usergroup_2": 0.08816175907850266,
      "jsd_usergroup_2": 0.06878544390201569,
      "ndcg_usergroup_3": 0.0900031328201294,
      "jsd_usergroup_3": 0.04346572980284691
    },
    "epoch_14": {
      "ndcg": 0.09902121126651764,
      "jsd": 0.06106315180659294,
      "ndcg_usergroup_1": 0.14928874373435974,
      "jsd_usergroup_1": 0.06422968953847885,
      "ndcg_usergroup_2": 0.08652590215206146,
      "jsd_usergroup_2": 0.06630915403366089,
      "ndcg_usergroup_3": 0.08623555302619934,
      "jsd_usergroup_3": 0.04216032102704048
    },
    "epoch_15": {
      "ndcg": 0.09725570678710938,
      "jsd": 0.05948139727115631,
      "ndcg_usergroup_1": 0.1481550931930542,
      "jsd_usergroup_1": 0.06355638056993484,
      "ndcg_usergroup_2": 0.08488138765096664,
      "jsd_usergroup_2": 0.0640353336930275,
      "ndcg_usergroup_3": 0.08347521722316742,
      "jsd_usergroup_3": 0.041746120899915695
    },
    "epoch_16": {
      "ndcg": 0.0955505520105362,
      "jsd": 0.057881273329257965,
      "ndcg_usergroup_1": 0.14638245105743408,
      "jsd_usergroup_1": 0.06242028623819351,
      "ndcg_usergroup_2": 0.08362220972776413,
      "jsd_usergroup_2": 0.0620318166911602,
      "ndcg_usergroup_3": 0.0804997980594635,
      "jsd_usergroup_3": 0.040891993790864944
    },
    "epoch_17": {
      "ndcg": 0.09418823570013046,
      "jsd": 0.05642934888601303,
      "ndcg_usergroup_1": 0.146007239818573,
      "jsd_usergroup_1": 0.06134389713406563,
      "ndcg_usergroup_2": 0.08245007693767548,
      "jsd_usergroup_2": 0.06018493324518204,
      "ndcg_usergroup_3": 0.07757987827062607,
      "jsd_usergroup_3": 0.04024927690625191
    },
    "epoch_18": {
      "ndcg": 0.093097984790802,
      "jsd": 0.05602649971842766,
      "ndcg_usergroup_1": 0.1469724178314209,
      "jsd_usergroup_1": 0.062157485634088516,
      "ndcg_usergroup_2": 0.0812426507472992,
      "jsd_usergroup_2": 0.05923980101943016,
      "ndcg_usergroup_3": 0.07478565722703934,
      "jsd_usergroup_3": 0.04025667533278465
    },
    "epoch_19": {
      "ndcg": 0.09157265722751617,
      "jsd": 0.054945316165685654,
      "ndcg_usergroup_1": 0.14630836248397827,
      "jsd_usergroup_1": 0.061248548328876495,
      "ndcg_usergroup_2": 0.07989358901977539,
      "jsd_usergroup_2": 0.057834696024656296,
      "ndcg_usergroup_3": 0.07187037169933319,
      "jsd_usergroup_3": 0.039974913001060486
    },
    "epoch_21": {
      "ndcg": 0.08968070894479752,
      "jsd": 0.0549129992723465,
      "ndcg_usergroup_1": 0.1460280865430832,
      "jsd_usergroup_1": 0.061667341738939285,
      "ndcg_usergroup_2": 0.07793942838907242,
      "jsd_usergroup_2": 0.0572625957429409,
      "ndcg_usergroup_3": 0.0685533732175827,
      "jsd_usergroup_3": 0.04111066833138466
    }
  }
}