{
  "base_recommendations": {
    "ndcg": 0.14531244337558746,
    "jsd": 0.16742733120918274,
    "ndcg_usergroup_1": 0.19628708064556122,
    "jsd_usergroup_1": 0.146896630525589,
    "ndcg_usergroup_2": 0.13007476925849915,
    "jsd_usergroup_2": 0.1748340129852295,
    "ndcg_usergroup_3": 0.1400458961725235,
    "jsd_usergroup_3": 0.16574043035507202
  },
  "postprocessed": {},
  "finetuned": {
    "epoch_1": {
      "ndcg": 0.14291739463806152,
      "jsd": 0.1437598317861557,
      "ndcg_usergroup_1": 0.18872025609016418,
      "jsd_usergroup_1": 0.10631005465984344,
      "ndcg_usergroup_2": 0.12826772034168243,
      "jsd_usergroup_2": 0.15340280532836914,
      "ndcg_usergroup_3": 0.1410588175058365,
      "jsd_usergroup_3": 0.1522839516401291
    },
    "epoch_2": {
      "ndcg": 0.1388886272907257,
      "jsd": 0.13286611437797546,
      "ndcg_usergroup_1": 0.17618808150291443,
      "jsd_usergroup_1": 0.08954726904630661,
      "ndcg_usergroup_2": 0.12599045038223267,
      "jsd_usergroup_2": 0.1440863013267517,
      "ndcg_usergroup_3": 0.14027953147888184,
      "jsd_usergroup_3": 0.14252810180187225
    },
    "epoch_3": {
      "ndcg": 0.13628382980823517,
      "jsd": 0.12830975651741028,
      "ndcg_usergroup_1": 0.1686648428440094,
      "jsd_usergroup_1": 0.08447829633951187,
      "ndcg_usergroup_2": 0.12469888478517532,
      "jsd_usergroup_2": 0.1403159648180008,
      "ndcg_usergroup_3": 0.13865388929843903,
      "jsd_usergroup_3": 0.1361265778541565
    },
    "epoch_4": {
      "ndcg": 0.13431066274642944,
      "jsd": 0.12604022026062012,
      "ndcg_usergroup_1": 0.16513627767562866,
      "jsd_usergroup_1": 0.08272816985845566,
      "ndcg_usergroup_2": 0.12318418174982071,
      "jsd_usergroup_2": 0.1386118084192276,
      "ndcg_usergroup_3": 0.13686087727546692,
      "jsd_usergroup_3": 0.13164164125919342
    },
    "epoch_5": {
      "ndcg": 0.13291789591312408,
      "jsd": 0.124610036611557,
      "ndcg_usergroup_1": 0.1628769338130951,
      "jsd_usergroup_1": 0.08230218291282654,
      "ndcg_usergroup_2": 0.12213633954524994,
      "jsd_usergroup_2": 0.13749346137046814,
      "ndcg_usergroup_3": 0.13529999554157257,
      "jsd_usergroup_3": 0.12827181816101074
    },
    "epoch_6": {
      "ndcg": 0.13176056742668152,
      "jsd": 0.12350992858409882,
      "ndcg_usergroup_1": 0.162256121635437,
      "jsd_usergroup_1": 0.08143610507249832,
      "ndcg_usergroup_2": 0.12084974348545074,
      "jsd_usergroup_2": 0.13663934171199799,
      "ndcg_usergroup_3": 0.13399392366409302,
      "jsd_usergroup_3": 0.12619975209236145
    },
    "epoch_7": {
      "ndcg": 0.13111189007759094,
      "jsd": 0.12304579466581345,
      "ndcg_usergroup_1": 0.16234204173088074,
      "jsd_usergroup_1": 0.08145703375339508,
      "ndcg_usergroup_2": 0.12007790803909302,
      "jsd_usergroup_2": 0.13637913763523102,
      "ndcg_usergroup_3": 0.132980078458786,
      "jsd_usergroup_3": 0.12463894486427307
    },
    "epoch_8": {
      "ndcg": 0.13056160509586334,
      "jsd": 0.12237615883350372,
      "ndcg_usergroup_1": 0.16197887063026428,
      "jsd_usergroup_1": 0.08106356859207153,
      "ndcg_usergroup_2": 0.11963938176631927,
      "jsd_usergroup_2": 0.13591212034225464,
      "ndcg_usergroup_3": 0.1319073885679245,
      "jsd_usergroup_3": 0.12308526039123535
    },
    "epoch_9": {
      "ndcg": 0.1300870180130005,
      "jsd": 0.12212416529655457,
      "ndcg_usergroup_1": 0.1617780178785324,
      "jsd_usergroup_1": 0.08110605925321579,
      "ndcg_usergroup_2": 0.11923807114362717,
      "jsd_usergroup_2": 0.13572102785110474,
      "ndcg_usergroup_3": 0.1309392750263214,
      "jsd_usergroup_3": 0.12235605716705322
    },
    "epoch_10": {
      "ndcg": 0.1296812742948532,
      "jsd": 0.12171216309070587,
      "ndcg_usergroup_1": 0.1620701402425766,
      "jsd_usergroup_1": 0.08102691918611526,
      "ndcg_usergroup_2": 0.118571437895298,
      "jsd_usergroup_2": 0.13537904620170593,
      "ndcg_usergroup_3": 0.13061831891536713,
      "jsd_usergroup_3": 0.12140118330717087
    },
    "epoch_11": {
      "ndcg": 0.12944820523262024,
      "jsd": 0.121558777987957,
      "ndcg_usergroup_1": 0.16299474239349365,
      "jsd_usergroup_1": 0.08108244091272354,
      "ndcg_usergroup_2": 0.11824914813041687,
      "jsd_usergroup_2": 0.13535431027412415,
      "ndcg_usergroup_3": 0.12949518859386444,
      "jsd_usergroup_3": 0.12065298110246658
    }
  }
}