{"base_recommendations": {"ndcg": 0.14531244337558746, "jsd": 0.1674375683069229}, "postprocessed": {}, "finetuned": {"epoch_1": {"ndcg": 0.1424376517534256, "jsd": 0.13808442652225494}, "epoch_2": {"ndcg": 0.1338830590248108, "jsd": 0.112686388194561}, "epoch_3": {"ndcg": 0.12359420210123062, "jsd": 0.0950736552476883}, "epoch_4": {"ndcg": 0.11517361551523209, "jsd": 0.0868348702788353}, "epoch_5": {"ndcg": 0.10749050974845886, "jsd": 0.08263470977544785}, "epoch_6": {"ndcg": 0.10129980742931366, "jsd": 0.0798010528087616}, "epoch_7": {"ndcg": 0.0954086184501648, "jsd": 0.07804993540048599}, "epoch_8": {"ndcg": 0.090114526450634, "jsd": 0.07719852775335312}, "epoch_9": {"ndcg": 0.08537917584180832, "jsd": 0.07633151113986969}, "epoch_10": {"ndcg": 0.08060083538293839, "jsd": 0.07544641941785812}, "epoch_11": {"ndcg": 0.07622417062520981, "jsd": 0.07520198076963425}}}