{
  "base_recommendations": {
    "ndcg": 0.14531244337558746,
    "jsd": 0.1674375683069229,
    "ndcg_usergroup_1": 0.19628708064556122,
    "jsd_usergroup_1": 0.14693795144557953,
    "ndcg_usergroup_2": 0.13007476925849915,
    "jsd_usergroup_2": 0.1748277097940445,
    "ndcg_usergroup_3": 0.1400458961725235,
    "jsd_usergroup_3": 0.16576915979385376
  },
  "postprocessed": {},
  "finetuned": {
    "epoch_1": {
      "ndcg": 0.14260023832321167,
      "jsd": 0.13830514252185822,
      "ndcg_usergroup_1": 0.18974491953849792,
      "jsd_usergroup_1": 0.10861696302890778,
      "ndcg_usergroup_2": 0.12762734293937683,
      "jsd_usergroup_2": 0.14894568920135498,
      "ndcg_usergroup_3": 0.14036937057971954,
      "jsd_usergroup_3": 0.1360752284526825
    },
    "epoch_2": {
      "ndcg": 0.13520270586013794,
      "jsd": 0.11613218486309052,
      "ndcg_usergroup_1": 0.17843465507030487,
      "jsd_usergroup_1": 0.09498605877161026,
      "ndcg_usergroup_2": 0.12063726037740707,
      "jsd_usergroup_2": 0.12791523337364197,
      "ndcg_usergroup_3": 0.13566245138645172,
      "jsd_usergroup_3": 0.10193303227424622
    },
    "epoch_3": {
      "ndcg": 0.12644432485103607,
      "jsd": 0.09939025342464447,
      "ndcg_usergroup_1": 0.16708286106586456,
      "jsd_usergroup_1": 0.08801424503326416,
      "ndcg_usergroup_2": 0.11248744279146194,
      "jsd_usergroup_2": 0.109632208943367,
      "ndcg_usergroup_3": 0.12767186760902405,
      "jsd_usergroup_3": 0.08004377037286758
    },
    "epoch_4": {
      "ndcg": 0.11868726462125778,
      "jsd": 0.08857204765081406,
      "ndcg_usergroup_1": 0.15714900195598602,
      "jsd_usergroup_1": 0.08414925634860992,
      "ndcg_usergroup_2": 0.1049555316567421,
      "jsd_usergroup_2": 0.09706015139818192,
      "ndcg_usergroup_3": 0.12141628563404083,
      "jsd_usergroup_3": 0.06753327697515488
    },
    "epoch_5": {
      "ndcg": 0.11248050630092621,
      "jsd": 0.08204880356788635,
      "ndcg_usergroup_1": 0.14982570707798004,
      "jsd_usergroup_1": 0.08227808028459549,
      "ndcg_usergroup_2": 0.09922157973051071,
      "jsd_usergroup_2": 0.08888309448957443,
      "ndcg_usergroup_3": 0.11490776389837265,
      "jsd_usergroup_3": 0.06131891533732414
    },
    "epoch_6": {
      "ndcg": 0.10719508677721024,
      "jsd": 0.07736790925264359,
      "ndcg_usergroup_1": 0.14494985342025757,
      "jsd_usergroup_1": 0.0805278867483139,
      "ndcg_usergroup_2": 0.09393779188394547,
      "jsd_usergroup_2": 0.0831766426563263,
      "ndcg_usergroup_3": 0.10920785367488861,
      "jsd_usergroup_3": 0.05678364261984825
    },
    "epoch_7": {
      "ndcg": 0.10300228744745255,
      "jsd": 0.07392513006925583,
      "ndcg_usergroup_1": 0.14180666208267212,
      "jsd_usergroup_1": 0.07916514575481415,
      "ndcg_usergroup_2": 0.0895669087767601,
      "jsd_usergroup_2": 0.07875978201627731,
      "ndcg_usergroup_3": 0.10449966043233871,
      "jsd_usergroup_3": 0.05418276786804199
    },
    "epoch_8": {
      "ndcg": 0.09905608743429184,
      "jsd": 0.07143678516149521,
      "ndcg_usergroup_1": 0.1392398327589035,
      "jsd_usergroup_1": 0.07912790775299072,
      "ndcg_usergroup_2": 0.08575697243213654,
      "jsd_usergroup_2": 0.07533236593008041,
      "ndcg_usergroup_3": 0.09876536577939987,
      "jsd_usergroup_3": 0.05206023156642914
    },
    "epoch_9": {
      "ndcg": 0.09515003859996796,
      "jsd": 0.06924989819526672,
      "ndcg_usergroup_1": 0.1354053020477295,
      "jsd_usergroup_1": 0.07879752665758133,
      "ndcg_usergroup_2": 0.08215075731277466,
      "jsd_usergroup_2": 0.07252149283885956,
      "ndcg_usergroup_3": 0.09388839453458786,
      "jsd_usergroup_3": 0.04988855496048927
    },
    "epoch_10": {
      "ndcg": 0.09160097688436508,
      "jsd": 0.06695246696472168,
      "ndcg_usergroup_1": 0.13282886147499084,
      "jsd_usergroup_1": 0.07758828997612,
      "ndcg_usergroup_2": 0.07866033166646957,
      "jsd_usergroup_2": 0.06970551609992981,
      "ndcg_usergroup_3": 0.08919081836938858,
      "jsd_usergroup_3": 0.0480583980679512
    },
    "epoch_11": {
      "ndcg": 0.08864181488752365,
      "jsd": 0.06562940776348114,
      "ndcg_usergroup_1": 0.1311095654964447,
      "jsd_usergroup_1": 0.0772961899638176,
      "ndcg_usergroup_2": 0.07583968341350555,
      "jsd_usergroup_2": 0.0678315982222557,
      "ndcg_usergroup_3": 0.084576316177845,
      "jsd_usergroup_3": 0.047356780618429184
    },
    "epoch_12": {
      "ndcg": 0.0859396681189537,
      "jsd": 0.06477277725934982,
      "ndcg_usergroup_1": 0.1293652504682541,
      "jsd_usergroup_1": 0.07766042649745941,
      "ndcg_usergroup_2": 0.07327480614185333,
      "jsd_usergroup_2": 0.06646275520324707,
      "ndcg_usergroup_3": 0.08050456643104553,
      "jsd_usergroup_3": 0.04681575670838356
    },
    "epoch_13": {
      "ndcg": 0.08309153467416763,
      "jsd": 0.06377509981393814,
      "ndcg_usergroup_1": 0.1276940405368805,
      "jsd_usergroup_1": 0.07771915197372437,
      "ndcg_usergroup_2": 0.0707513839006424,
      "jsd_usergroup_2": 0.06491247564554214,
      "ndcg_usergroup_3": 0.07550545781850815,
      "jsd_usergroup_3": 0.04641932249069214
    },
    "epoch_14": {
      "ndcg": 0.08076577633619308,
      "jsd": 0.06341288238763809,
      "ndcg_usergroup_1": 0.12590959668159485,
      "jsd_usergroup_1": 0.07863223552703857,
      "ndcg_usergroup_2": 0.06851395219564438,
      "jsd_usergroup_2": 0.06413201242685318,
      "ndcg_usergroup_3": 0.0723734125494957,
      "jsd_usergroup_3": 0.04603639245033264
    },
    "epoch_15": {
      "ndcg": 0.07845819741487503,
      "jsd": 0.06296617537736893,
      "ndcg_usergroup_1": 0.12421131879091263,
      "jsd_usergroup_1": 0.07996129244565964,
      "ndcg_usergroup_2": 0.0664718821644783,
      "jsd_usergroup_2": 0.06311706453561783,
      "ndcg_usergroup_3": 0.06866011023521423,
      "jsd_usergroup_3": 0.04551846906542778
    },
    "epoch_16": {
      "ndcg": 0.07638556510210037,
      "jsd": 0.06286332756280899,
      "ndcg_usergroup_1": 0.12262191623449326,
      "jsd_usergroup_1": 0.07976315170526505,
      "ndcg_usergroup_2": 0.06464102119207382,
      "jsd_usergroup_2": 0.06281837075948715,
      "ndcg_usergroup_3": 0.06537899374961853,
      "jsd_usergroup_3": 0.046098411083221436
    },
    "epoch_17": {
      "ndcg": 0.07405561208724976,
      "jsd": 0.062420979142189026,
      "ndcg_usergroup_1": 0.11956294625997543,
      "jsd_usergroup_1": 0.07953017204999924,
      "ndcg_usergroup_2": 0.06293018907308578,
      "jsd_usergroup_2": 0.062250372022390366,
      "ndcg_usergroup_3": 0.06192091107368469,
      "jsd_usergroup_3": 0.04582354798913002
    }
  }
}