{"base_recommendations": {"ndcg": 0.14531244337558746, "jsd": 0.16742733120918274}, "postprocessed": {}, "finetuned": {"epoch_1": {"ndcg": 0.1428050547838211, "jsd": 0.13913269340991974}, "epoch_2": {"ndcg": 0.13409541547298431, "jsd": 0.11317870020866394}, "epoch_3": {"ndcg": 0.12413112819194794, "jsd": 0.09808067232370377}, "epoch_4": {"ndcg": 0.11564947664737701, "jsd": 0.09199367463588715}, "epoch_5": {"ndcg": 0.10834521055221558, "jsd": 0.08964551985263824}, "epoch_6": {"ndcg": 0.10127168148756027, "jsd": 0.08856607228517532}, "epoch_7": {"ndcg": 0.09445858001708984, "jsd": 0.08757270872592926}, "epoch_8": {"ndcg": 0.08775210380554199, "jsd": 0.08726577460765839}, "epoch_9": {"ndcg": 0.08118587732315063, "jsd": 0.08674553036689758}, "epoch_10": {"ndcg": 0.0751180648803711, "jsd": 0.08642051368951797}}}