{"base_recommendations": {"ndcg": 0.14531244337558746, "jsd": 0.16742733120918274}, "postprocessed": {}, "finetuned": {"epoch_1": {"ndcg": 0.14514024555683136, "jsd": 0.1657135784626007}, "epoch_2": {"ndcg": 0.14503715932369232, "jsd": 0.16295179724693298}, "epoch_3": {"ndcg": 0.1446503847837448, "jsd": 0.15999740362167358}, "epoch_4": {"ndcg": 0.1443391889333725, "jsd": 0.15717077255249023}, "epoch_5": {"ndcg": 0.14402572810649872, "jsd": 0.15440671145915985}, "epoch_6": {"ndcg": 0.14358752965927124, "jsd": 0.15162627398967743}, "epoch_7": {"ndcg": 0.14318613708019257, "jsd": 0.14920556545257568}, "epoch_8": {"ndcg": 0.14257468283176422, "jsd": 0.14677397906780243}, "epoch_9": {"ndcg": 0.1420319825410843, "jsd": 0.14459910988807678}, "epoch_10": {"ndcg": 0.14134961366653442, "jsd": 0.14232921600341797}, "epoch_11": {"ndcg": 0.14083407819271088, "jsd": 0.1403922140598297}, "epoch_12": {"ndcg": 0.14020393788814545, "jsd": 0.13833796977996826}, "epoch_13": {"ndcg": 0.13958844542503357, "jsd": 0.1363345980644226}, "epoch_14": {"ndcg": 0.13887745141983032, "jsd": 0.134638249874115}, "epoch_15": {"ndcg": 0.13824427127838135, "jsd": 0.1330636888742447}, "epoch_16": {"ndcg": 0.13751132786273956, "jsd": 0.13143789768218994}, "epoch_17": {"ndcg": 0.13679392635822296, "jsd": 0.13004598021507263}, "epoch_18": {"ndcg": 0.13612020015716553, "jsd": 0.12868626415729523}, "epoch_19": {"ndcg": 0.1355239301919937, "jsd": 0.12714536488056183}, "epoch_20": {"ndcg": 0.13489338755607605, "jsd": 0.12603169679641724}, "epoch_21": {"ndcg": 0.1344405859708786, "jsd": 0.1248927116394043}, "epoch_22": {"ndcg": 0.13384737074375153, "jsd": 0.12389155477285385}, "epoch_23": {"ndcg": 0.1330193281173706, "jsd": 0.12286674231290817}, "epoch_24": {"ndcg": 0.13240878283977509, "jsd": 0.12189634144306183}, "epoch_25": {"ndcg": 0.1316782832145691, "jsd": 0.12104083597660065}, "epoch_26": {"ndcg": 0.1309727132320404, "jsd": 0.12019771337509155}, "epoch_27": {"ndcg": 0.13024643063545227, "jsd": 0.11942949891090393}, "epoch_28": {"ndcg": 0.1296231895685196, "jsd": 0.1186521053314209}, "epoch_29": {"ndcg": 0.1289350539445877, "jsd": 0.11787022650241852}, "epoch_30": {"ndcg": 0.12833459675312042, "jsd": 0.1171204000711441}, "epoch_31": {"ndcg": 0.12768472731113434, "jsd": 0.1163066178560257}, "epoch_32": {"ndcg": 0.12698249518871307, "jsd": 0.11562467366456985}, "epoch_33": {"ndcg": 0.12633320689201355, "jsd": 0.11500626057386398}, "epoch_34": {"ndcg": 0.12574738264083862, "jsd": 0.11443576961755753}, "epoch_35": {"ndcg": 0.1252073049545288, "jsd": 0.11391450464725494}, "epoch_36": {"ndcg": 0.12454745173454285, "jsd": 0.11328595131635666}, "epoch_37": {"ndcg": 0.1240554228425026, "jsd": 0.11276505887508392}, "epoch_38": {"ndcg": 0.12353165447711945, "jsd": 0.11237318068742752}, "epoch_39": {"ndcg": 0.12301915138959885, "jsd": 0.1116911843419075}, "epoch_40": {"ndcg": 0.12239070236682892, "jsd": 0.11127198487520218}, "epoch_41": {"ndcg": 0.12190718948841095, "jsd": 0.1108761727809906}, "epoch_42": {"ndcg": 0.121395044028759, "jsd": 0.11042837798595428}, "epoch_43": {"ndcg": 0.12077514082193375, "jsd": 0.11012890189886093}, "epoch_44": {"ndcg": 0.12035344541072845, "jsd": 0.10970017313957214}, "epoch_45": {"ndcg": 0.11988312005996704, "jsd": 0.10941936075687408}, "epoch_46": {"ndcg": 0.11944202333688736, "jsd": 0.10920388251543045}, "epoch_47": {"ndcg": 0.11906339228153229, "jsd": 0.1087866947054863}, "epoch_48": {"ndcg": 0.11859142035245895, "jsd": 0.10847000777721405}, "epoch_49": {"ndcg": 0.11828646063804626, "jsd": 0.10809780657291412}, "epoch_50": {"ndcg": 0.11769597232341766, "jsd": 0.10791587829589844}, "epoch_51": {"ndcg": 0.11740200966596603, "jsd": 0.10751047730445862}, "epoch_52": {"ndcg": 0.11693238466978073, "jsd": 0.10731375962495804}, "epoch_53": {"ndcg": 0.11647477000951767, "jsd": 0.10701503604650497}, "epoch_54": {"ndcg": 0.11611189693212509, "jsd": 0.10678289085626602}, "epoch_55": {"ndcg": 0.11590278148651123, "jsd": 0.1063343733549118}, "epoch_56": {"ndcg": 0.11537125706672668, "jsd": 0.10618416219949722}, "epoch_57": {"ndcg": 0.11501523852348328, "jsd": 0.10584724694490433}, "epoch_58": {"ndcg": 0.11471328884363174, "jsd": 0.10567713528871536}, "epoch_59": {"ndcg": 0.11430042237043381, "jsd": 0.10542463511228561}, "epoch_60": {"ndcg": 0.11386077851057053, "jsd": 0.10514584928750992}, "epoch_61": {"ndcg": 0.11365564912557602, "jsd": 0.10477352887392044}, "epoch_62": {"ndcg": 0.11327628791332245, "jsd": 0.10461001843214035}, "epoch_63": {"ndcg": 0.11302212625741959, "jsd": 0.10445387661457062}, "epoch_64": {"ndcg": 0.11269662529230118, "jsd": 0.10423580557107925}, "epoch_65": {"ndcg": 0.11248811334371567, "jsd": 0.10399063676595688}, "epoch_66": {"ndcg": 0.11204875260591507, "jsd": 0.10387928783893585}, "epoch_67": {"ndcg": 0.11191923171281815, "jsd": 0.1036568358540535}, "epoch_68": {"ndcg": 0.11160184442996979, "jsd": 0.10348986834287643}, "epoch_69": {"ndcg": 0.11129217594861984, "jsd": 0.10325516760349274}, "epoch_70": {"ndcg": 0.11117764562368393, "jsd": 0.1030745580792427}, "epoch_71": {"ndcg": 0.11084984242916107, "jsd": 0.10293500870466232}, "epoch_72": {"ndcg": 0.11069993674755096, "jsd": 0.10274821519851685}, "epoch_73": {"ndcg": 0.11030088365077972, "jsd": 0.10253709554672241}, "epoch_74": {"ndcg": 0.11014870554208755, "jsd": 0.10253545641899109}, "epoch_75": {"ndcg": 0.11006887257099152, "jsd": 0.10223076492547989}, "epoch_76": {"ndcg": 0.10973162949085236, "jsd": 0.10211347043514252}, "epoch_77": {"ndcg": 0.10939891636371613, "jsd": 0.1018596962094307}, "epoch_79": {"ndcg": 0.1091366782784462, "jsd": 0.1016797423362732}, "epoch_80": {"ndcg": 0.1086697056889534, "jsd": 0.1015898808836937}, "epoch_81": {"ndcg": 0.10840713977813721, "jsd": 0.1013425812125206}, "epoch_82": {"ndcg": 0.10827958583831787, "jsd": 0.1012505292892456}, "epoch_83": {"ndcg": 0.10807688534259796, "jsd": 0.10115531086921692}, "epoch_84": {"ndcg": 0.10799185931682587, "jsd": 0.1010713130235672}, "epoch_85": {"ndcg": 0.10788098722696304, "jsd": 0.10091719031333923}, "epoch_86": {"ndcg": 0.10758648067712784, "jsd": 0.10081043094396591}, "epoch_87": {"ndcg": 0.10754203051328659, "jsd": 0.10072099417448044}, "epoch_88": {"ndcg": 0.10715214908123016, "jsd": 0.10061178356409073}, "epoch_89": {"ndcg": 0.10721409320831299, "jsd": 0.10055039823055267}, "epoch_90": {"ndcg": 0.10691625624895096, "jsd": 0.1003708690404892}, "epoch_91": {"ndcg": 0.10678043216466904, "jsd": 0.10034407675266266}, "epoch_92": {"ndcg": 0.10655312985181808, "jsd": 0.10015139728784561}, "epoch_93": {"ndcg": 0.10665417462587357, "jsd": 0.10012389719486237}, "epoch_94": {"ndcg": 0.1062794178724289, "jsd": 0.09990851581096649}, "epoch_95": {"ndcg": 0.1063639223575592, "jsd": 0.09979906678199768}, "epoch_96": {"ndcg": 0.10607649385929108, "jsd": 0.09960705786943436}, "epoch_97": {"ndcg": 0.10602907836437225, "jsd": 0.09950271248817444}, "epoch_98": {"ndcg": 0.10574875771999359, "jsd": 0.09942926466464996}, "epoch_99": {"ndcg": 0.10578044503927231, "jsd": 0.0993289202451706}, "epoch_100": {"ndcg": 0.10567095130681992, "jsd": 0.09915721416473389}, "epoch_101": {"ndcg": 0.10553319752216339, "jsd": 0.09908036142587662}, "epoch_102": {"ndcg": 0.10537344217300415, "jsd": 0.09893927723169327}, "epoch_103": {"ndcg": 0.10528264939785004, "jsd": 0.09890682250261307}, "epoch_104": {"ndcg": 0.10520503669977188, "jsd": 0.09877768903970718}, "epoch_105": {"ndcg": 0.10503365844488144, "jsd": 0.09860415011644363}, "epoch_106": {"ndcg": 0.10504889488220215, "jsd": 0.0984954684972763}, "epoch_107": {"ndcg": 0.10484054684638977, "jsd": 0.09839455783367157}, "epoch_108": {"ndcg": 0.10479976236820221, "jsd": 0.09834136813879013}, "epoch_109": {"ndcg": 0.10469873994588852, "jsd": 0.09829498827457428}, "epoch_110": {"ndcg": 0.10462731122970581, "jsd": 0.0981840044260025}, "epoch_111": {"ndcg": 0.10448996722698212, "jsd": 0.09800823032855988}, "epoch_113": {"ndcg": 0.10431981831789017, "jsd": 0.09794981777667999},