{"base_recommendations": {"ndcg": 0.14531244337558746, "jsd": 0.16742733120918274}, "postprocessed": {}, "finetuned": {"epoch_1": {"ndcg": 0.14439311623573303, "jsd": 0.15980693697929382}, "epoch_2": {"ndcg": 0.14239485561847687, "jsd": 0.14829541742801666}, "epoch_3": {"ndcg": 0.13905832171440125, "jsd": 0.13787493109703064}, "epoch_4": {"ndcg": 0.13546814024448395, "jsd": 0.12939417362213135}, "epoch_5": {"ndcg": 0.13165433704853058, "jsd": 0.12291251122951508}, "epoch_6": {"ndcg": 0.1274598091840744, "jsd": 0.11725929379463196}, "epoch_7": {"ndcg": 0.12339110672473907, "jsd": 0.11304523795843124}, "epoch_8": {"ndcg": 0.11906710267066956, "jsd": 0.10922401398420334}, "epoch_9": {"ndcg": 0.11523802578449249, "jsd": 0.10603088140487671}, "epoch_10": {"ndcg": 0.1116315945982933, "jsd": 0.1030731052160263}, "epoch_11": {"ndcg": 0.10823173075914383, "jsd": 0.10090819746255875}, "epoch_12": {"ndcg": 0.1050516739487648, "jsd": 0.09852346777915955}, "epoch_13": {"ndcg": 0.10232613235712051, "jsd": 0.09684635698795319}, "epoch_14": {"ndcg": 0.09930281341075897, "jsd": 0.09439235925674438}, "epoch_15": {"ndcg": 0.09692125767469406, "jsd": 0.09279318153858185}, "epoch_16": {"ndcg": 0.09489498287439346, "jsd": 0.09108340740203857}, "epoch_17": {"ndcg": 0.09283509850502014, "jsd": 0.08978107571601868}, "epoch_18": {"ndcg": 0.09096739441156387, "jsd": 0.08813780546188354}, "epoch_19": {"ndcg": 0.089375339448452, "jsd": 0.08684491366147995}, "epoch_20": {"ndcg": 0.08768533170223236, "jsd": 0.08538421243429184}, "epoch_21": {"ndcg": 0.08703313767910004, "jsd": 0.08353383839130402}, "epoch_22": {"ndcg": 0.08572064340114594, "jsd": 0.08270759135484695}, "epoch_23": {"ndcg": 0.08475658297538757, "jsd": 0.08168325573205948}, "epoch_24": {"ndcg": 0.08377274870872498, "jsd": 0.0807800367474556}, "epoch_25": {"ndcg": 0.0832066759467125, "jsd": 0.07979390025138855}, "epoch_26": {"ndcg": 0.08247461915016174, "jsd": 0.07937351614236832}, "epoch_27": {"ndcg": 0.0817660391330719, "jsd": 0.07823304086923599}, "epoch_28": {"ndcg": 0.08082161843776703, "jsd": 0.07758641988039017}, "epoch_29": {"ndcg": 0.08072084188461304, "jsd": 0.07677258551120758}, "epoch_30": {"ndcg": 0.08020370453596115, "jsd": 0.0763879120349884}, "epoch_31": {"ndcg": 0.08020676672458649, "jsd": 0.0756109207868576}, "epoch_32": {"ndcg": 0.07961685955524445, "jsd": 0.07492507994174957}, "epoch_33": {"ndcg": 0.0792422816157341, "jsd": 0.0741385817527771}, "epoch_34": {"ndcg": 0.07852687686681747, "jsd": 0.07370728254318237}, "epoch_35": {"ndcg": 0.07864736020565033, "jsd": 0.07329611480236053}, "epoch_36": {"ndcg": 0.07795435190200806, "jsd": 0.07286308705806732}, "epoch_37": {"ndcg": 0.07812533527612686, "jsd": 0.0720670148730278}, "epoch_38": {"ndcg": 0.07745213806629181, "jsd": 0.07202363014221191}, "epoch_39": {"ndcg": 0.07772675156593323, "jsd": 0.0713261216878891}, "epoch_40": {"ndcg": 0.07668762654066086, "jsd": 0.07130971550941467}, "epoch_41": {"ndcg": 0.07761401683092117, "jsd": 0.06868628412485123}, "epoch_45": {"ndcg": 0.07664913684129715, "jsd": 0.06834137439727783}, "epoch_47": {"ndcg": 0.07602370530366898, "jsd": 0.06780830770730972}, "epoch_49": {"ndcg": 0.07601276785135269, "jsd": 0.06778977811336517}, "epoch_51": {"ndcg": 0.07582417875528336, "jsd": 0.0674142837524414}, "epoch_53": {"ndcg": 0.07578610628843307, "jsd": 0.06697489321231842}, "epoch_55": {"ndcg": 0.07557853311300278, "jsd": 0.06676804274320602}, "epoch_61": {"ndcg": 0.0755000039935112, "jsd": 0.06395139545202255}, "epoch_81": {"ndcg": 0.0743895173072815, "jsd": 0.06287892907857895}}}