{"base_recommendations": {"ndcg": 0.14531244337558746, "jsd": 0.16742733120918274}, "postprocessed": {}, "finetuned": {"epoch_1": {"ndcg": 0.14514392614364624, "jsd": 0.1660691201686859}, "epoch_2": {"ndcg": 0.14475207030773163, "jsd": 0.1636967957019806}, "epoch_3": {"ndcg": 0.14439542591571808, "jsd": 0.16122110188007355}, "epoch_4": {"ndcg": 0.14399099349975586, "jsd": 0.15881115198135376}, "epoch_5": {"ndcg": 0.14353519678115845, "jsd": 0.1564476490020752}, "epoch_6": {"ndcg": 0.14306126534938812, "jsd": 0.1540282964706421}, "epoch_7": {"ndcg": 0.14260216057300568, "jsd": 0.15164540708065033}, "epoch_8": {"ndcg": 0.14198407530784607, "jsd": 0.14960962533950806}, "epoch_9": {"ndcg": 0.1415109485387802, "jsd": 0.1474471539258957}, "epoch_10": {"ndcg": 0.14096373319625854, "jsd": 0.14536766707897186}, "epoch_11": {"ndcg": 0.14031368494033813, "jsd": 0.1434541791677475}, "epoch_12": {"ndcg": 0.13980500400066376, "jsd": 0.1415264755487442}, "epoch_13": {"ndcg": 0.13918796181678772, "jsd": 0.13967321813106537}, "epoch_14": {"ndcg": 0.1385132372379303, "jsd": 0.13788138329982758}, "epoch_15": {"ndcg": 0.1376369446516037, "jsd": 0.13606177270412445}, "epoch_16": {"ndcg": 0.13693806529045105, "jsd": 0.13432151079177856}, "epoch_17": {"ndcg": 0.13615337014198303, "jsd": 0.1327037513256073}, "epoch_18": {"ndcg": 0.13538607954978943, "jsd": 0.13131777942180634}, "epoch_19": {"ndcg": 0.13456371426582336, "jsd": 0.12991836667060852}, "epoch_20": {"ndcg": 0.1337185800075531, "jsd": 0.12853388488292694}, "epoch_21": {"ndcg": 0.13301442563533783, "jsd": 0.12738656997680664}, "epoch_22": {"ndcg": 0.13223513960838318, "jsd": 0.1260930746793747}, "epoch_23": {"ndcg": 0.13148759305477142, "jsd": 0.12482758611440659}, "epoch_24": {"ndcg": 0.1307135373353958, "jsd": 0.12383371591567993}, "epoch_25": {"ndcg": 0.1299097090959549, "jsd": 0.12283429503440857}, "epoch_26": {"ndcg": 0.12913453578948975, "jsd": 0.12181375175714493}, "epoch_27": {"ndcg": 0.12828142940998077, "jsd": 0.12094397097826004}, "epoch_28": {"ndcg": 0.12743186950683594, "jsd": 0.12001361697912216}, "epoch_29": {"ndcg": 0.126673623919487, "jsd": 0.11923779547214508}, "epoch_30": {"ndcg": 0.12584617733955383, "jsd": 0.11843198537826538}, "epoch_31": {"ndcg": 0.125082328915596, "jsd": 0.11755642294883728}, "epoch_32": {"ndcg": 0.12430255115032196, "jsd": 0.11672461777925491}, "epoch_33": {"ndcg": 0.12351346760988235, "jsd": 0.116043321788311}, "epoch_34": {"ndcg": 0.12279488891363144, "jsd": 0.11512723565101624}, "epoch_35": {"ndcg": 0.12202423810958862, "jsd": 0.1143091470003128}, "epoch_36": {"ndcg": 0.12135526537895203, "jsd": 0.11357558518648148}, "epoch_37": {"ndcg": 0.12036991864442825, "jsd": 0.11277445405721664}, "epoch_38": {"ndcg": 0.11940022557973862, "jsd": 0.11207110434770584}, "epoch_39": {"ndcg": 0.11864359676837921, "jsd": 0.1113346591591835}, "epoch_40": {"ndcg": 0.11785977333784103, "jsd": 0.11074362695217133}, "epoch_41": {"ndcg": 0.117109015583992, "jsd": 0.11030765622854233}, "epoch_42": {"ndcg": 0.11620822548866272, "jsd": 0.10965345799922943}, "epoch_43": {"ndcg": 0.11543618142604828, "jsd": 0.10912883281707764}, "epoch_44": {"ndcg": 0.1147742047905922, "jsd": 0.10861998796463013}, "epoch_45": {"ndcg": 0.11402921378612518, "jsd": 0.10813199728727341}, "epoch_46": {"ndcg": 0.11337873339653015, "jsd": 0.1077449694275856}, "epoch_47": {"ndcg": 0.1126134991645813, "jsd": 0.10718226432800293}, "epoch_48": {"ndcg": 0.11195040494203568, "jsd": 0.10661173611879349}, "epoch_49": {"ndcg": 0.11123041063547134, "jsd": 0.10599136352539062}, "epoch_50": {"ndcg": 0.1103910282254219, "jsd": 0.10553081333637238}, "epoch_51": {"ndcg": 0.1096707358956337, "jsd": 0.10506564378738403}, "epoch_52": {"ndcg": 0.10901343822479248, "jsd": 0.10443053394556046}, "epoch_53": {"ndcg": 0.10831305384635925, "jsd": 0.10405576229095459}, "epoch_54": {"ndcg": 0.10748334974050522, "jsd": 0.10360376536846161}, "epoch_55": {"ndcg": 0.10676644742488861, "jsd": 0.10317875444889069}, "epoch_56": {"ndcg": 0.10614240169525146, "jsd": 0.1027258113026619}, "epoch_57": {"ndcg": 0.10534790903329849, "jsd": 0.10226474702358246}, "epoch_58": {"ndcg": 0.10464518517255783, "jsd": 0.10175217688083649}, "epoch_59": {"ndcg": 0.10406482219696045, "jsd": 0.10137759894132614}, "epoch_60": {"ndcg": 0.10322700440883636, "jsd": 0.10078717768192291}, "epoch_61": {"ndcg": 0.10261936485767365, "jsd": 0.10046101361513138}, "epoch_62": {"ndcg": 0.10204184055328369, "jsd": 0.10018766671419144}, "epoch_63": {"ndcg": 0.10145559906959534, "jsd": 0.09960759431123734}, "epoch_64": {"ndcg": 0.10078056156635284, "jsd": 0.09919865429401398}, "epoch_65": {"ndcg": 0.10005483031272888, "jsd": 0.09878836572170258}, "epoch_66": {"ndcg": 0.09923433512449265, "jsd": 0.09846410155296326}, "epoch_67": {"ndcg": 0.098664790391922, "jsd": 0.09814406931400299}, "epoch_68": {"ndcg": 0.09799887984991074, "jsd": 0.09769286215305328}, "epoch_69": {"ndcg": 0.0972762480378151, "jsd": 0.09727489203214645}, "epoch_70": {"ndcg": 0.09664908051490784, "jsd": 0.09691976010799408}, "epoch_71": {"ndcg": 0.0959208533167839, "jsd": 0.09655530750751495}, "epoch_72": {"ndcg": 0.09519084542989731, "jsd": 0.09614650905132294}, "epoch_73": {"ndcg": 0.09462958574295044, "jsd": 0.09574594348669052}, "epoch_74": {"ndcg": 0.09407001733779907, "jsd": 0.09530773758888245}, "epoch_75": {"ndcg": 0.0933942198753357, "jsd": 0.09490198642015457}, "epoch_76": {"ndcg": 0.09277403354644775, "jsd": 0.0945318341255188}, "epoch_77": {"ndcg": 0.09214451164007187, "jsd": 0.09417525678873062}, "epoch_78": {"ndcg": 0.09151982516050339, "jsd": 0.09384605288505554}, "epoch_79": {"ndcg": 0.0909634530544281, "jsd": 0.09343785047531128}, "epoch_80": {"ndcg": 0.09029310196638107, "jsd": 0.09309808164834976}, "epoch_81": {"ndcg": 0.08988912403583527, "jsd": 0.09283114969730377}, "epoch_82": {"ndcg": 0.08931911736726761, "jsd": 0.09244731813669205}, "epoch_83": {"ndcg": 0.088824063539505, "jsd": 0.09212221950292587}, "epoch_84": {"ndcg": 0.08827446401119232, "jsd": 0.09192205965518951}, "epoch_85": {"ndcg": 0.08776846528053284, "jsd": 0.09158080071210861}, "epoch_86": {"ndcg": 0.0872279703617096, "jsd": 0.09123502671718597}, "epoch_87": {"ndcg": 0.08674908429384232, "jsd": 0.0909338891506195}, "epoch_88": {"ndcg": 0.08628569543361664, "jsd": 0.09057453274726868}, "epoch_89": {"ndcg": 0.08585058152675629, "jsd": 0.0902562141418457}, "epoch_90": {"ndcg": 0.08530556410551071, "jsd": 0.08994781970977783}, "epoch_91": {"ndcg": 0.08485621213912964, "jsd": 0.08964186906814575}, "epoch_92": {"ndcg": 0.08441363275051117, "jsd": 0.08940353989601135}, "epoch_93": {"ndcg": 0.08403845131397247, "jsd": 0.08921796828508377}, "epoch_94": {"ndcg": 0.08357368409633636, "jsd": 0.08901109546422958}, "epoch_95": {"ndcg": 0.0831034705042839, "jsd": 0.08869601786136627}, "epoch_96": {"ndcg": 0.08264011144638062, "jsd": 0.08830009400844574}, "epoch_97": {"ndcg": 0.08214445412158966, "jsd": 0.08803746849298477}, "epoch_98": {"ndcg": 0.08168448507785797, "jsd": 0.08772402256727219}, "epoch_99": {"ndcg": 0.08112586289644241, "jsd": 0.08741924911737442}, "epoch_100": {"ndcg": 0.08069639652967453, "jsd": 0.08732528239488602}, "epoch_101": {"ndcg": 0.08049900829792023, "jsd": 0.08713426440954208}, "epoch_102": {"ndcg": 0.08007310330867767, "jsd": 0.0869024321436882}, "epoch_103": {"ndcg": 0.07975471019744873, "jsd": 0.08664912730455399}, "epoch_104": {"ndcg": 0.0792989432811737, "jsd": 0.08632578700780869}, "epoch_105": {"ndcg": 0.07893973588943481, "jsd": 0.08618278801441193}, "epoch_106": {"ndcg": 0.07857611775398254, "jsd": 0.08596918731927872}, "epoch_107": {"ndcg": 0.0783563181757927, "jsd": 0.08572952449321747}, "epoch_108": {"ndcg": 0.07807222753763199, "jsd": 0.08567198365926743}, "epoch_109": {"ndcg": 0.0776846706867218, "jsd": 0.08554743975400925}, "epoch_110": {"ndcg": 0.0774284079670906, "jsd": 0.08540693670511246}, "epoch_111": {"ndcg": 0.07702058553695679, "jsd": 0.08505392074584961}, "epoch_112": {"ndcg": 0.07683201879262924,