{"base_recommendations": {"ndcg": 0.14531244337558746, "jsd": 0.16742733120918274}, "postprocessed": {"0.1": {"ndcg": 0.14328357577323914, "jsd": 0.1348860263824463}, "0.2": {"ndcg": 0.1409338116645813, "jsd": 0.10445137321949005}, "0.3": {"ndcg": 0.1390848606824875, "jsd": 0.07828319817781448}, "0.4": {"ndcg": 0.1374131292104721, "jsd": 0.06016737222671509}, "0.5": {"ndcg": 0.13589808344841003, "jsd": 0.047847189009189606}, "0.6": {"ndcg": 0.13464100658893585, "jsd": 0.0395326092839241}, "0.7": {"ndcg": 0.1334715634584427, "jsd": 0.034149426966905594}, "0.8": {"ndcg": 0.13229556381702423, "jsd": 0.030955607071518898}, "0.9": {"ndcg": 0.13102081418037415, "jsd": 0.02927372418344021}}, "finetuned": {"epoch_1": {"ndcg": 0.14444109797477722, "jsd": 0.15924318134784698}, "epoch_2": {"ndcg": 0.14259739220142365, "jsd": 0.14739714562892914}, "epoch_3": {"ndcg": 0.1398453563451767, "jsd": 0.1372738778591156}, "epoch_4": {"ndcg": 0.136747807264328, "jsd": 0.12927784025669098}, "epoch_5": {"ndcg": 0.1334480494260788, "jsd": 0.1228531077504158}, "epoch_6": {"ndcg": 0.1298639476299286, "jsd": 0.11798295378684998}, "epoch_7": {"ndcg": 0.12604711949825287, "jsd": 0.11396372318267822}, "epoch_8": {"ndcg": 0.12319730222225189, "jsd": 0.11135169118642807}, "epoch_9": {"ndcg": 0.11989825963973999, "jsd": 0.10871122032403946}, "epoch_10": {"ndcg": 0.11761492490768433, "jsd": 0.10685809701681137}, "epoch_11": {"ndcg": 0.11495596170425415, "jsd": 0.10498134046792984}, "epoch_12": {"ndcg": 0.11314394325017929, "jsd": 0.1033753827214241}, "epoch_13": {"ndcg": 0.11102652549743652, "jsd": 0.10171222686767578}, "epoch_14": {"ndcg": 0.10949008166790009, "jsd": 0.10089141130447388}, "epoch_15": {"ndcg": 0.10810357332229614, "jsd": 0.09943857789039612}, "epoch_16": {"ndcg": 0.10706179589033127, "jsd": 0.09849575906991959}, "epoch_17": {"ndcg": 0.10575247555971146, "jsd": 0.09745508432388306}, "epoch_18": {"ndcg": 0.10503526031970978, "jsd": 0.09641282260417938}, "epoch_19": {"ndcg": 0.10353214293718338, "jsd": 0.09565509110689163}, "epoch_20": {"ndcg": 0.10349880903959274, "jsd": 0.09462365508079529}, "epoch_21": {"ndcg": 0.10273129492998123, "jsd": 0.09321124106645584}, "epoch_22": {"ndcg": 0.10251008719205856, "jsd": 0.09271542727947235}, "epoch_23": {"ndcg": 0.10136433690786362, "jsd": 0.09245257079601288}, "epoch_24": {"ndcg": 0.1016254723072052, "jsd": 0.09143964946269989}, "epoch_25": {"ndcg": 0.10060936212539673, "jsd": 0.09098473936319351}, "epoch_26": {"ndcg": 0.10108648985624313, "jsd": 0.09042619168758392}, "epoch_27": {"ndcg": 0.10022790729999542, "jsd": 0.09003560990095139}, "epoch_28": {"ndcg": 0.1005176454782486, "jsd": 0.08934491127729416}, "epoch_29": {"ndcg": 0.09956923127174377, "jsd": 0.08892076462507248}, "epoch_30": {"ndcg": 0.10011085867881775, "jsd": 0.08840695023536682}, "epoch_31": {"ndcg": 0.09910613298416138, "jsd": 0.08826804906129837}, "epoch_32": {"ndcg": 0.09964661300182343, "jsd": 0.08725079149007797}, "epoch_33": {"ndcg": 0.09879831224679947, "jsd": 0.08716621994972229}, "epoch_34": {"ndcg": 0.09932558983564377, "jsd": 0.08674556016921997}, "epoch_35": {"ndcg": 0.09846429526805878, "jsd": 0.08657622337341309}, "epoch_36": {"ndcg": 0.09866182506084442, "jsd": 0.0859556719660759}, "epoch_37": {"ndcg": 0.09815726429224014, "jsd": 0.08581753820180893}, "epoch_38": {"ndcg": 0.09838812053203583, "jsd": 0.08553589880466461}, "epoch_39": {"ndcg": 0.09815667569637299, "jsd": 0.08535487204790115}, "epoch_40": {"ndcg": 0.09849535673856735, "jsd": 0.08495460450649261}, "epoch_41": {"ndcg": 0.09822767227888107, "jsd": 0.08314559608697891}, "epoch_45": {"ndcg": 0.09729887545108795, "jsd": 0.08307003974914551}, "epoch_46": {"ndcg": 0.09741420298814774, "jsd": 0.08300483226776123}, "epoch_47": {"ndcg": 0.09747108072042465, "jsd": 0.08292581140995026}, "epoch_48": {"ndcg": 0.09741386026144028, "jsd": 0.08252394944429398}, "epoch_50": {"ndcg": 0.09744274616241455, "jsd": 0.08208569884300232}, "epoch_52": {"ndcg": 0.09718071669340134, "jsd": 0.08191792666912079}, "epoch_56": {"ndcg": 0.09656091034412384, "jsd": 0.08175905793905258}, "epoch_58": {"ndcg": 0.09605927765369415, "jsd": 0.08163005858659744}, "epoch_60": {"ndcg": 0.09585893154144287, "jsd": 0.08138671517372131}, "epoch_61": {"ndcg": 0.095939502120018, "jsd": 0.07984329760074615}, "epoch_62": {"ndcg": 0.09597230702638626, "jsd": 0.07990949600934982}, "epoch_81": {"ndcg": 0.09449195861816406, "jsd": 0.07905943691730499}}}