{"base_recommendations": {"ndcg": 0.14531244337558746, "jsd": 0.16742733120918274}, "postprocessed": {}, "finetuned": {"epoch_1": {"ndcg": 0.145247220993042, "jsd": 0.1654161512851715}, "epoch_2": {"ndcg": 0.14514409005641937, "jsd": 0.16216877102851868}, "epoch_3": {"ndcg": 0.14514626562595367, "jsd": 0.15898467600345612}, "epoch_4": {"ndcg": 0.14509788155555725, "jsd": 0.15570864081382751}, "epoch_5": {"ndcg": 0.1449437439441681, "jsd": 0.1526268869638443}, "epoch_6": {"ndcg": 0.14476975798606873, "jsd": 0.1495468020439148}, "epoch_7": {"ndcg": 0.1446744203567505, "jsd": 0.14661842584609985}, "epoch_8": {"ndcg": 0.14437848329544067, "jsd": 0.14381752908229828}, "epoch_9": {"ndcg": 0.14423337578773499, "jsd": 0.14142458140850067}, "epoch_10": {"ndcg": 0.14390228688716888, "jsd": 0.13909612596035004}, "epoch_11": {"ndcg": 0.14367952942848206, "jsd": 0.1369566172361374}, "epoch_12": {"ndcg": 0.14324542880058289, "jsd": 0.13491612672805786}, "epoch_13": {"ndcg": 0.1430663764476776, "jsd": 0.13293150067329407}, "epoch_14": {"ndcg": 0.1426173597574234, "jsd": 0.1312435418367386}, "epoch_15": {"ndcg": 0.14231263101100922, "jsd": 0.1294986754655838}, "epoch_16": {"ndcg": 0.1418222039937973, "jsd": 0.12814515829086304}, "epoch_17": {"ndcg": 0.1416509598493576, "jsd": 0.12680985033512115}, "epoch_18": {"ndcg": 0.14120137691497803, "jsd": 0.12538132071495056}, "epoch_19": {"ndcg": 0.14101791381835938, "jsd": 0.12417193502187729}, "epoch_20": {"ndcg": 0.14063993096351624, "jsd": 0.12311892211437225}, "epoch_21": {"ndcg": 0.14039969444274902, "jsd": 0.12205205112695694}, "epoch_22": {"ndcg": 0.1400841474533081, "jsd": 0.12144161760807037}, "epoch_23": {"ndcg": 0.13992102444171906, "jsd": 0.12046538293361664}, "epoch_24": {"ndcg": 0.1394311487674713, "jsd": 0.11980336904525757}, "epoch_25": {"ndcg": 0.13926482200622559, "jsd": 0.11912354081869125}, "epoch_26": {"ndcg": 0.1389266550540924, "jsd": 0.11847250163555145}, "epoch_27": {"ndcg": 0.13883346319198608, "jsd": 0.11790665239095688}, "epoch_28": {"ndcg": 0.138374924659729, "jsd": 0.11741557717323303}, "epoch_29": {"ndcg": 0.13827984035015106, "jsd": 0.11686674505472183}, "epoch_30": {"ndcg": 0.13785283267498016, "jsd": 0.11638318747282028}, "epoch_31": {"ndcg": 0.13781435787677765, "jsd": 0.11595266312360764}, "epoch_32": {"ndcg": 0.13750460743904114, "jsd": 0.11561255156993866}, "epoch_33": {"ndcg": 0.1373947262763977, "jsd": 0.11514823138713837}, "epoch_34": {"ndcg": 0.13704873621463776, "jsd": 0.1148657351732254}, "epoch_35": {"ndcg": 0.13698184490203857, "jsd": 0.11440229415893555}, "epoch_36": {"ndcg": 0.13668254017829895, "jsd": 0.11412495374679565}, "epoch_37": {"ndcg": 0.1366458684206009, "jsd": 0.11383693665266037}, "epoch_38": {"ndcg": 0.13629786670207977, "jsd": 0.11361636966466904}, "epoch_39": {"ndcg": 0.13621824979782104, "jsd": 0.11328566819429398}, "epoch_40": {"ndcg": 0.1358967423439026, "jsd": 0.11320408433675766}, "epoch_41": {"ndcg": 0.13589592278003693, "jsd": 0.11291975528001785}, "epoch_43": {"ndcg": 0.13568606972694397, "jsd": 0.11271903663873672}, "epoch_44": {"ndcg": 0.13538357615470886, "jsd": 0.11257617920637131}, "epoch_45": {"ndcg": 0.13541480898857117, "jsd": 0.11234799772500992}, "epoch_46": {"ndcg": 0.13524803519248962, "jsd": 0.1122196838259697}, "epoch_47": {"ndcg": 0.13513240218162537, "jsd": 0.11210374534130096}, "epoch_48": {"ndcg": 0.13496416807174683, "jsd": 0.11202859878540039}, "epoch_49": {"ndcg": 0.13489533960819244, "jsd": 0.11179857701063156}, "epoch_50": {"ndcg": 0.13480111956596375, "jsd": 0.1117875725030899}, "epoch_51": {"ndcg": 0.1347275972366333, "jsd": 0.11161915212869644}, "epoch_52": {"ndcg": 0.13450086116790771, "jsd": 0.1115848645567894}, "epoch_53": {"ndcg": 0.13445210456848145, "jsd": 0.1114112064242363}, "epoch_54": {"ndcg": 0.1343649923801422, "jsd": 0.11139342933893204}, "epoch_55": {"ndcg": 0.13421399891376495, "jsd": 0.11124787479639053}, "epoch_57": {"ndcg": 0.13404211401939392, "jsd": 0.11111288517713547}, "epoch_58": {"ndcg": 0.13397012650966644, "jsd": 0.11104489862918854}, "epoch_59": {"ndcg": 0.13390059769153595, "jsd": 0.11088718473911285}, "epoch_61": {"ndcg": 0.13382337987422943, "jsd": 0.11077981442213058}, "epoch_62": {"ndcg": 0.1337682157754898, "jsd": 0.11076626181602478}, "epoch_63": {"ndcg": 0.1337466984987259, "jsd": 0.11067098379135132}, "epoch_65": {"ndcg": 0.13365408778190613, "jsd": 0.11059565097093582}, "epoch_67": {"ndcg": 0.13349288702011108, "jsd": 0.11056961119174957}, "epoch_68": {"ndcg": 0.1333760768175125, "jsd": 0.11055006086826324}, "epoch_69": {"ndcg": 0.13342592120170593, "jsd": 0.11046413332223892}, "epoch_70": {"ndcg": 0.13325344026088715, "jsd": 0.11045434325933456}, "epoch_71": {"ndcg": 0.13319651782512665, "jsd": 0.11042750626802444}, "epoch_72": {"ndcg": 0.1331419199705124, "jsd": 0.11034870892763138}, "epoch_74": {"ndcg": 0.133011594414711, "jsd": 0.11028160154819489}, "epoch_75": {"ndcg": 0.1330585926771164, "jsd": 0.1102483943104744}, "epoch_76": {"ndcg": 0.1329093873500824, "jsd": 0.11014260351657867}, "epoch_78": {"ndcg": 0.132951557636261, "jsd": 0.11014892905950546}, "epoch_79": {"ndcg": 0.1328972727060318, "jsd": 0.11011448502540588}, "epoch_81": {"ndcg": 0.13285501301288605, "jsd": 0.11008373647928238}, "epoch_82": {"ndcg": 0.13284499943256378, "jsd": 0.11008311808109283}, "epoch_83": {"ndcg": 0.13279099762439728, "jsd": 0.11004672199487686}, "epoch_84": {"ndcg": 0.13280057907104492, "jsd": 0.11004061251878738}, "epoch_85": {"ndcg": 0.13275118172168732, "jsd": 0.10996421426534653}, "epoch_87": {"ndcg": 0.13266077637672424, "jsd": 0.10996083170175552}, "epoch_89": {"ndcg": 0.13269996643066406, "jsd": 0.10993725061416626}, "epoch_92": {"ndcg": 0.13256989419460297, "jsd": 0.10988250374794006}, "epoch_93": {"ndcg": 0.13259299099445343, "jsd": 0.10987259447574615}, "epoch_94": {"ndcg": 0.13248075544834137, "jsd": 0.10986656695604324}, "epoch_95": {"ndcg": 0.1325971633195877, "jsd": 0.1098579540848732}, "epoch_96": {"ndcg": 0.13248001039028168, "jsd": 0.10982833802700043}, "epoch_97": {"ndcg": 0.13256260752677917, "jsd": 0.10980405658483505}, "epoch_99": {"ndcg": 0.13255831599235535, "jsd": 0.10975796729326248}, "epoch_101": {"ndcg": 0.13248826563358307, "jsd": 0.10969985276460648}, "epoch_103": {"ndcg": 0.1324547380208969, "jsd": 0.10966997593641281}, "epoch_105": {"ndcg": 0.13247615098953247, "jsd": 0.10964705049991608}, "epoch_110": {"ndcg": 0.13235598802566528, "jsd": 0.10964186489582062}, "epoch_113": {"ndcg": 0.13242213428020477, "jsd": 0.10953339189291}, "epoch_119": {"ndcg": 0.13233575224876404, "jsd": 0.10952592641115189}, "epoch_120": {"ndcg": 0.13219217956066132, "jsd": 0.1095149889588356}, "epoch_121": {"ndcg": 0.1323813498020172, "jsd": 0.10949879884719849}, "epoch_123": {"ndcg": 0.13232886791229248, "jsd": 0.10948853194713593}, "epoch_125": {"ndcg": 0.13225173950195312, "jsd": 0.10946314036846161}, "epoch_127": {"ndcg": 0.13228249549865723, "jsd": 0.10943567752838135}, "epoch_129": {"ndcg": 0.13225531578063965, "jsd": 0.10939224064350128}, "epoch_131": {"ndcg": 0.13227976858615875, "jsd": 0.10938914120197296}, "epoch_132": {"ndcg": 0.1322493553161621, "jsd": 0.10938625782728195}, "epoch_135": {"ndcg": 0.1322764903306961, "jsd": 0.10933858901262283}, "epoch_137": {"ndcg": 0.13226938247680664, "jsd": 0.10929406434297562}, "epoch_141": {"ndcg": 0.1322489082813263, "jsd": 0.1092568188905716}, "epoch_143": {"ndcg": 0.13226407766342163, "jsd": 0.1092439666390419}, "epoch_147": {"ndcg": 0.13221383094787598, "jsd": 0.10924012213945389}, "epoch_151": {"ndcg": 0.13218502700328827, "jsd": 0.10921042412519455}, "epoch_153": {"ndcg": 0.13219183683395386, "jsd": 0.10919924825429916}, "epoch_154": {"ndcg": 0.13221752643585205, "jsd": 0.10918847471475601}, "epoch_155": {"ndcg": 0.13225135207176208, "jsd": 0.10915800929069519}, "epoch_165": {"ndcg": 0.13214927911758423, "jsd": 0.10914559662342072}, "epoch_166": {"ndcg": 0.13208049535751343, "jsd": 0.10914101451635361},