{"base_recommendations": {"ndcg": 0.14531244337558746, "jsd": 0.16742733120918274}, "postprocessed": {}, "finetuned": {"epoch_1": {"ndcg": 0.1406591683626175, "jsd": 0.1332068294286728}, "epoch_2": {"ndcg": 0.1339767575263977, "jsd": 0.11889427155256271}, "epoch_3": {"ndcg": 0.1309027373790741, "jsd": 0.11151357740163803}, "epoch_4": {"ndcg": 0.12827405333518982, "jsd": 0.10637541115283966}, "epoch_5": {"ndcg": 0.12644696235656738, "jsd": 0.10248862206935883}, "epoch_6": {"ndcg": 0.12467280775308609, "jsd": 0.09921875596046448}, "epoch_7": {"ndcg": 0.12320663034915924, "jsd": 0.096836619079113}, "epoch_8": {"ndcg": 0.12232639640569687, "jsd": 0.0948684960603714}, "epoch_9": {"ndcg": 0.12125325202941895, "jsd": 0.09328946471214294}, "epoch_10": {"ndcg": 0.12054550647735596, "jsd": 0.09209379553794861}, "epoch_11": {"ndcg": 0.11971712857484818, "jsd": 0.09113943576812744}, "epoch_12": {"ndcg": 0.11913640797138214, "jsd": 0.09069038927555084}, "epoch_13": {"ndcg": 0.11890367418527603, "jsd": 0.09004633873701096}, "epoch_14": {"ndcg": 0.11869292706251144, "jsd": 0.08958793431520462}, "epoch_15": {"ndcg": 0.11840087175369263, "jsd": 0.08948909491300583}, "epoch_16": {"ndcg": 0.11838067322969437, "jsd": 0.08889925479888916}, "epoch_17": {"ndcg": 0.11806466430425644, "jsd": 0.0888289362192154}, "epoch_18": {"ndcg": 0.11790107190608978, "jsd": 0.08852601796388626}, "epoch_19": {"ndcg": 0.11783032864332199, "jsd": 0.08837292343378067}, "epoch_20": {"ndcg": 0.11752137541770935, "jsd": 0.08809486031532288}, "epoch_21": {"ndcg": 0.11747068166732788, "jsd": 0.08800884336233139}, "epoch_23": {"ndcg": 0.1170186996459961, "jsd": 0.08793918043375015}, "epoch_24": {"ndcg": 0.116963230073452, "jsd": 0.08774975687265396}, "epoch_25": {"ndcg": 0.11694739013910294, "jsd": 0.08764662593603134}, "epoch_26": {"ndcg": 0.11686107516288757, "jsd": 0.08747678250074387}, "epoch_28": {"ndcg": 0.11649460345506668, "jsd": 0.08742039650678635}, "epoch_29": {"ndcg": 0.11620688438415527, "jsd": 0.08740269392728806}, "epoch_30": {"ndcg": 0.1161985769867897, "jsd": 0.08738549798727036}, "epoch_31": {"ndcg": 0.1162639781832695, "jsd": 0.08725112676620483}, "epoch_32": {"ndcg": 0.116219662129879, "jsd": 0.08711931854486465}, "epoch_33": {"ndcg": 0.11620882898569107, "jsd": 0.0869346633553505}, "epoch_34": {"ndcg": 0.11609739065170288, "jsd": 0.0867590606212616}, "epoch_36": {"ndcg": 0.11576534807682037, "jsd": 0.08670864254236221}, "epoch_37": {"ndcg": 0.11583999544382095, "jsd": 0.08670695126056671}, "epoch_38": {"ndcg": 0.11579663306474686, "jsd": 0.08663634955883026}, "epoch_40": {"ndcg": 0.11556299030780792, "jsd": 0.08637797087430954}, "epoch_41": {"ndcg": 0.11552847921848297, "jsd": 0.08627208322286606}, "epoch_45": {"ndcg": 0.11534462124109268, "jsd": 0.08606497943401337}, "epoch_46": {"ndcg": 0.1153583973646164, "jsd": 0.08579263091087341}, "epoch_47": {"ndcg": 0.11556284874677658, "jsd": 0.08578521758317947}, "epoch_51": {"ndcg": 0.11532764136791229, "jsd": 0.08540091663599014}, "epoch_53": {"ndcg": 0.11499138176441193, "jsd": 0.08534032106399536}, "epoch_57": {"ndcg": 0.11459251493215561, "jsd": 0.08522998541593552}, "epoch_59": {"ndcg": 0.1145377904176712, "jsd": 0.08503538370132446}, "epoch_60": {"ndcg": 0.11413517594337463, "jsd": 0.08502667397260666}, "epoch_61": {"ndcg": 0.1144084557890892, "jsd": 0.0849214643239975}, "epoch_63": {"ndcg": 0.11440184712409973, "jsd": 0.08475135266780853}, "epoch_64": {"ndcg": 0.11413753777742386, "jsd": 0.0846223384141922}, "epoch_65": {"ndcg": 0.11434606462717056, "jsd": 0.08456885069608688}, "epoch_66": {"ndcg": 0.11422841995954514, "jsd": 0.08453729748725891}, "epoch_67": {"ndcg": 0.11406002938747406, "jsd": 0.08440893143415451}, "epoch_68": {"ndcg": 0.11395478248596191, "jsd": 0.08428299427032471}, "epoch_69": {"ndcg": 0.11408516019582748, "jsd": 0.08419950306415558}, "epoch_70": {"ndcg": 0.1139736920595169, "jsd": 0.08406773209571838}, "epoch_71": {"ndcg": 0.11403647810220718, "jsd": 0.08394479006528854}, "epoch_72": {"ndcg": 0.11382858455181122, "jsd": 0.08385483175516129}, "epoch_73": {"ndcg": 0.11415843665599823, "jsd": 0.08365999907255173}, "epoch_75": {"ndcg": 0.11405912041664124, "jsd": 0.08356215059757233}, "epoch_77": {"ndcg": 0.1138763502240181, "jsd": 0.08357064425945282}, "epoch_79": {"ndcg": 0.11373189836740494, "jsd": 0.0834626853466034}, "epoch_82": {"ndcg": 0.11350428313016891, "jsd": 0.08338744193315506}, "epoch_83": {"ndcg": 0.11369767785072327, "jsd": 0.08330247551202774}, "epoch_86": {"ndcg": 0.11347287893295288, "jsd": 0.08326567709445953}, "epoch_87": {"ndcg": 0.11347684264183044, "jsd": 0.08321815729141235}, "epoch_88": {"ndcg": 0.11344995349645615, "jsd": 0.0830351933836937}, "epoch_89": {"ndcg": 0.11337688565254211, "jsd": 0.08290638774633408}, "epoch_90": {"ndcg": 0.1131996288895607, "jsd": 0.08287300169467926}, "epoch_91": {"ndcg": 0.11323902755975723, "jsd": 0.08296035975217819}, "epoch_92": {"ndcg": 0.11305925995111465, "jsd": 0.08284692466259003}, "epoch_93": {"ndcg": 0.11305678635835648, "jsd": 0.08279414474964142}, "epoch_94": {"ndcg": 0.11293187737464905, "jsd": 0.0827498808503151}, "epoch_95": {"ndcg": 0.11309444159269333, "jsd": 0.0826558992266655}, "epoch_96": {"ndcg": 0.112827830016613, "jsd": 0.0825730636715889}, "epoch_98": {"ndcg": 0.1127413660287857, "jsd": 0.08257022500038147}, "epoch_100": {"ndcg": 0.11261314153671265, "jsd": 0.0824674442410469}, "epoch_102": {"ndcg": 0.11266617476940155, "jsd": 0.08233676105737686}, "epoch_103": {"ndcg": 0.11271268874406815, "jsd": 0.08224167674779892}, "epoch_104": {"ndcg": 0.11276061087846756, "jsd": 0.08209411799907684}, "epoch_105": {"ndcg": 0.1127765104174614, "jsd": 0.08214469999074936}, "epoch_107": {"ndcg": 0.11283756047487259, "jsd": 0.08213137835264206}, "epoch_109": {"ndcg": 0.1126396656036377, "jsd": 0.08207327127456665}, "epoch_111": {"ndcg": 0.11271772533655167, "jsd": 0.08196358382701874}, "epoch_112": {"ndcg": 0.11262720823287964, "jsd": 0.08187632262706757}, "epoch_113": {"ndcg": 0.11276338249444962, "jsd": 0.0818505808711052}, "epoch_114": {"ndcg": 0.11263246089220047, "jsd": 0.08177156001329422}, "epoch_115": {"ndcg": 0.11286700516939163, "jsd": 0.08160598576068878}, "epoch_118": {"ndcg": 0.11288191378116608, "jsd": 0.08152750879526138}, "epoch_119": {"ndcg": 0.11291271448135376, "jsd": 0.08150581270456314}, "epoch_120": {"ndcg": 0.11279604583978653, "jsd": 0.08145768195390701}, "epoch_121": {"ndcg": 0.11285554617643356, "jsd": 0.08142375200986862}, "epoch_122": {"ndcg": 0.11262758821249008, "jsd": 0.08142299205064774}, "epoch_123": {"ndcg": 0.11270048469305038, "jsd": 0.08135537803173065}, "epoch_125": {"ndcg": 0.11271840333938599, "jsd": 0.08120866864919662}, "epoch_126": {"ndcg": 0.11268401145935059, "jsd": 0.08118817955255508}, "epoch_127": {"ndcg": 0.11267750710248947, "jsd": 0.08122064918279648}, "epoch_128": {"ndcg": 0.112669438123703, "jsd": 0.08113732933998108}, "epoch_129": {"ndcg": 0.11261028796434402, "jsd": 0.08111677318811417}, "epoch_130": {"ndcg": 0.11256711184978485, "jsd": 0.08113343268632889}, "epoch_133": {"ndcg": 0.11251287907361984, "jsd": 0.08103860169649124}, "epoch_134": {"ndcg": 0.11246068775653839, "jsd": 0.08102355897426605}, "epoch_135": {"ndcg": 0.11255159974098206, "jsd": 0.08099639415740967}, "epoch_136": {"ndcg": 0.11250859498977661, "jsd": 0.08098193258047104}, "epoch_137": {"ndcg": 0.11250916123390198, "jsd": 0.08090312033891678}, "epoch_139": {"ndcg": 0.11251381784677505, "jsd": 0.08082716166973114}, "epoch_141": {"ndcg": 0.11242134869098663, "jsd": 0.08078248798847198}, "epoch_143": {"ndcg": 0.11249510198831558, "jsd": 0.08072026818990707}, "epoch_146": {"ndcg": 0.11244332045316696, "jsd": 0.08070583641529083}, "epoch_147": {"ndcg": 0.11256394535303116, "jsd": 0.08067397028207779}, "epoch_148": {"ndcg": 0.11245866864919662, "jsd": 0.0805777758359909}, "epoch_149": {"ndcg": 0.11233476549386978, "jsd": 0.0805380642414093}, "epoch_150": {"ndcg": 0.11240241676568985, "jsd": 0.08050565421581268},