{"base_recommendations": {"ndcg": 0.14531244337558746, "jsd": 0.16742733120918274}, "postprocessed": {}, "finetuned": {"epoch_1": {"ndcg": 0.14156003296375275, "jsd": 0.14195488393306732}, "epoch_2": {"ndcg": 0.13578160107135773, "jsd": 0.12984873354434967}, "epoch_3": {"ndcg": 0.13158181309700012, "jsd": 0.12382404506206512}, "epoch_4": {"ndcg": 0.12868863344192505, "jsd": 0.12026320397853851}, "epoch_5": {"ndcg": 0.12651100754737854, "jsd": 0.11732405424118042}, "epoch_6": {"ndcg": 0.12471353262662888, "jsd": 0.11468388885259628}, "epoch_7": {"ndcg": 0.12315290421247482, "jsd": 0.11259151995182037}, "epoch_8": {"ndcg": 0.12195954471826553, "jsd": 0.11095502227544785}, "epoch_9": {"ndcg": 0.12106779962778091, "jsd": 0.10957707464694977}, "epoch_10": {"ndcg": 0.1203407272696495, "jsd": 0.10839834064245224}, "epoch_11": {"ndcg": 0.11963401734828949, "jsd": 0.10749354213476181}, "epoch_12": {"ndcg": 0.11899115145206451, "jsd": 0.10649823397397995}, "epoch_13": {"ndcg": 0.11859893053770065, "jsd": 0.1056043803691864}, "epoch_14": {"ndcg": 0.11828053742647171, "jsd": 0.10502854734659195}, "epoch_15": {"ndcg": 0.11798785626888275, "jsd": 0.10426453500986099}, "epoch_16": {"ndcg": 0.11743283271789551, "jsd": 0.10388754308223724}, "epoch_17": {"ndcg": 0.11727359890937805, "jsd": 0.10319560766220093}, "epoch_18": {"ndcg": 0.11729151755571365, "jsd": 0.10282954573631287}, "epoch_19": {"ndcg": 0.1167982742190361, "jsd": 0.10252874344587326}, "epoch_20": {"ndcg": 0.11663546413183212, "jsd": 0.10196980834007263}, "epoch_21": {"ndcg": 0.11626635491847992, "jsd": 0.10161925107240677}, "epoch_22": {"ndcg": 0.11624643206596375, "jsd": 0.1012968122959137}, "epoch_23": {"ndcg": 0.11599861830472946, "jsd": 0.10099896788597107}, "epoch_24": {"ndcg": 0.11593461781740189, "jsd": 0.10058160126209259}, "epoch_25": {"ndcg": 0.11577267199754715, "jsd": 0.10010790079832077}, "epoch_26": {"ndcg": 0.11536282300949097, "jsd": 0.09976980835199356}, "epoch_27": {"ndcg": 0.11507529020309448, "jsd": 0.09962201118469238}, "epoch_28": {"ndcg": 0.1149759441614151, "jsd": 0.09928838163614273}, "epoch_29": {"ndcg": 0.11470524966716766, "jsd": 0.09887687861919403}, "epoch_30": {"ndcg": 0.11461179703474045, "jsd": 0.09872083365917206}, "epoch_31": {"ndcg": 0.11458564549684525, "jsd": 0.0985175296664238}, "epoch_32": {"ndcg": 0.11427173018455505, "jsd": 0.09840331226587296}, "epoch_33": {"ndcg": 0.1143445298075676, "jsd": 0.09802351146936417}, "epoch_34": {"ndcg": 0.11384973675012589, "jsd": 0.09777992218732834}, "epoch_35": {"ndcg": 0.11420048773288727, "jsd": 0.09756558388471603}, "epoch_36": {"ndcg": 0.11385644227266312, "jsd": 0.09737209230661392}, "epoch_37": {"ndcg": 0.11399804055690765, "jsd": 0.09728741645812988}, "epoch_38": {"ndcg": 0.11403851956129074, "jsd": 0.0971236452460289}, "epoch_39": {"ndcg": 0.11382395029067993, "jsd": 0.09711271524429321}, "epoch_40": {"ndcg": 0.11362019926309586, "jsd": 0.09702209383249283}, "epoch_41": {"ndcg": 0.11359825730323792, "jsd": 0.09676378965377808}, "epoch_42": {"ndcg": 0.1133451908826828, "jsd": 0.09668353945016861}, "epoch_43": {"ndcg": 0.11353731900453568, "jsd": 0.09663144499063492}, "epoch_44": {"ndcg": 0.11328507214784622, "jsd": 0.09646780788898468}, "epoch_45": {"ndcg": 0.11339892446994781, "jsd": 0.09625378251075745}, "epoch_47": {"ndcg": 0.11325360089540482, "jsd": 0.0961410403251648}, "epoch_49": {"ndcg": 0.11300177127122879, "jsd": 0.0961403176188469}, "epoch_50": {"ndcg": 0.1129240021109581, "jsd": 0.09582525491714478}, "epoch_51": {"ndcg": 0.11301718652248383, "jsd": 0.09543322771787643}, "epoch_53": {"ndcg": 0.1129266545176506, "jsd": 0.0952472984790802}, "epoch_55": {"ndcg": 0.11274974793195724, "jsd": 0.09498145431280136}, "epoch_56": {"ndcg": 0.112453393638134, "jsd": 0.09503666311502457}, "epoch_58": {"ndcg": 0.1123601645231247, "jsd": 0.09491380304098129}, "epoch_59": {"ndcg": 0.11235735565423965, "jsd": 0.09464218467473984}, "epoch_60": {"ndcg": 0.1120770201086998, "jsd": 0.09460800886154175}, "epoch_61": {"ndcg": 0.11221413314342499, "jsd": 0.09457399696111679}, "epoch_62": {"ndcg": 0.11222068965435028, "jsd": 0.09447600692510605}, "epoch_63": {"ndcg": 0.11207253485918045, "jsd": 0.09423456341028214}, "epoch_64": {"ndcg": 0.11197895556688309, "jsd": 0.09421675652265549}, "epoch_65": {"ndcg": 0.11203242838382721, "jsd": 0.0941692516207695}, "epoch_66": {"ndcg": 0.11209601163864136, "jsd": 0.09408213943243027}, "epoch_67": {"ndcg": 0.11217906326055527, "jsd": 0.09390679746866226}, "epoch_69": {"ndcg": 0.11173800379037857, "jsd": 0.09385450184345245}, "epoch_70": {"ndcg": 0.11159221827983856, "jsd": 0.09372672438621521}, "epoch_71": {"ndcg": 0.11172278970479965, "jsd": 0.09351349622011185}, "epoch_75": {"ndcg": 0.11168839037418365, "jsd": 0.09342324733734131}, "epoch_76": {"ndcg": 0.1116957888007164, "jsd": 0.09335901588201523}, "epoch_78": {"ndcg": 0.11147308349609375, "jsd": 0.09333501011133194}, "epoch_79": {"ndcg": 0.11138653755187988, "jsd": 0.09325549751520157}, "epoch_80": {"ndcg": 0.11139876395463943, "jsd": 0.09325001388788223}, "epoch_81": {"ndcg": 0.11141494661569595, "jsd": 0.09316135942935944}, "epoch_82": {"ndcg": 0.1111559197306633, "jsd": 0.09303209185600281}, "epoch_83": {"ndcg": 0.11128195375204086, "jsd": 0.09290055185556412}, "epoch_84": {"ndcg": 0.111222043633461, "jsd": 0.09280770272016525}, "epoch_86": {"ndcg": 0.11132018268108368, "jsd": 0.09278835356235504}, "epoch_87": {"ndcg": 0.11124162375926971, "jsd": 0.09261209517717361}, "epoch_88": {"ndcg": 0.11109694093465805, "jsd": 0.09244702011346817}, "epoch_92": {"ndcg": 0.11093702912330627, "jsd": 0.09235913306474686}, "epoch_93": {"ndcg": 0.11105962842702866, "jsd": 0.09231309592723846}, "epoch_94": {"ndcg": 0.11106254905462265, "jsd": 0.09219510108232498}, "epoch_95": {"ndcg": 0.11105615645647049, "jsd": 0.09205646812915802}, "epoch_97": {"ndcg": 0.11121105402708054, "jsd": 0.09185817837715149}, "epoch_100": {"ndcg": 0.11073508113622665, "jsd": 0.09183686226606369}, "epoch_101": {"ndcg": 0.11074661463499069, "jsd": 0.09171389788389206}, "epoch_103": {"ndcg": 0.11065510660409927, "jsd": 0.0917641669511795}, "epoch_104": {"ndcg": 0.11052500456571579, "jsd": 0.0915718674659729}, "epoch_105": {"ndcg": 0.11079471558332443, "jsd": 0.09155014902353287}, "epoch_106": {"ndcg": 0.11058778315782547, "jsd": 0.09141482412815094}, "epoch_107": {"ndcg": 0.11068301647901535, "jsd": 0.0913877934217453}, "epoch_108": {"ndcg": 0.1105971559882164, "jsd": 0.09132267534732819}, "epoch_109": {"ndcg": 0.11063677072525024, "jsd": 0.09128890931606293}, "epoch_111": {"ndcg": 0.11063660681247711, "jsd": 0.09109830856323242}, "epoch_114": {"ndcg": 0.11050191521644592, "jsd": 0.0912068784236908}, "epoch_117": {"ndcg": 0.1105867251753807, "jsd": 0.09088175743818283}, "epoch_119": {"ndcg": 0.11061710864305496, "jsd": 0.09086985886096954}, "epoch_121": {"ndcg": 0.11047877371311188, "jsd": 0.0907919704914093}, "epoch_122": {"ndcg": 0.11027348786592484, "jsd": 0.09076159447431564}, "epoch_123": {"ndcg": 0.11040330678224564, "jsd": 0.09053255617618561}, "epoch_125": {"ndcg": 0.11044477671384811, "jsd": 0.0905315950512886}, "epoch_127": {"ndcg": 0.11020367592573166, "jsd": 0.09046879410743713}, "epoch_129": {"ndcg": 0.11025098711252213, "jsd": 0.0904233530163765}, "epoch_131": {"ndcg": 0.11013425141572952, "jsd": 0.09029404073953629}, "epoch_133": {"ndcg": 0.1101895123720169, "jsd": 0.09024666249752045}, "epoch_134": {"ndcg": 0.110026516020298, "jsd": 0.09019479900598526}, "epoch_135": {"ndcg": 0.11026660352945328, "jsd": 0.08995203673839569}, "epoch_141": {"ndcg": 0.10996037721633911, "jsd": 0.08983340114355087}, "epoch_145": {"ndcg": 0.1098911315202713, "jsd": 0.0896749421954155}, "epoch_146": {"ndcg": 0.1097322404384613, "jsd": 0.08964291960000992}, "epoch_148": {"ndcg": 0.1096249595284462, "jsd": 0.08959953486919403}, "epoch_149": {"ndcg": 0.10986412316560745, "jsd": 0.08959539234638214}, "epoch_150": {"ndcg": 0.10979711264371872, "jsd": 0.0894458144903183},