{
  "base_recommendations": {
    "ndcg": 0.14531244337558746,
    "jsd": 0.1674375683069229,
    "ndcg_usergroup_1": 0.19628708064556122,
    "jsd_usergroup_1": 0.14693795144557953,
    "ndcg_usergroup_2": 0.13007476925849915,
    "jsd_usergroup_2": 0.1748277097940445,
    "ndcg_usergroup_3": 0.1400458961725235,
    "jsd_usergroup_3": 0.16576915979385376
  },
  "postprocessed": {},
  "finetuned": {
    "epoch_1": {
      "ndcg": 0.12644833326339722,
      "jsd": 0.08997195214033127,
      "ndcg_usergroup_1": 0.14823032915592194,
      "jsd_usergroup_1": 0.09435880929231644,
      "ndcg_usergroup_2": 0.11816583573818207,
      "jsd_usergroup_2": 0.09547927975654602,
      "ndcg_usergroup_3": 0.12951111793518066,
      "jsd_usergroup_3": 0.06906489282846451
    },
    "epoch_2": {
      "ndcg": 0.13389338552951813,
      "jsd": 0.07982932031154633,
      "ndcg_usergroup_1": 0.16973476111888885,
      "jsd_usergroup_1": 0.06492936611175537,
      "ndcg_usergroup_2": 0.1215781569480896,
      "jsd_usergroup_2": 0.08869080245494843,
      "ndcg_usergroup_3": 0.1349937617778778,
      "jsd_usergroup_3": 0.06814773380756378
    },
    "epoch_3": {
      "ndcg": 0.1280263066291809,
      "jsd": 0.06951285153627396,
      "ndcg_usergroup_1": 0.16113312542438507,
      "jsd_usergroup_1": 0.06120026856660843,
      "ndcg_usergroup_2": 0.11565129458904266,
      "jsd_usergroup_2": 0.07914784550666809,
      "ndcg_usergroup_3": 0.13204050064086914,
      "jsd_usergroup_3": 0.04892357438802719
    },
    "epoch_4": {
      "ndcg": 0.12818793952465057,
      "jsd": 0.06804061681032181,
      "ndcg_usergroup_1": 0.1634688377380371,
      "jsd_usergroup_1": 0.05877963453531265,
      "ndcg_usergroup_2": 0.11555086076259613,
      "jsd_usergroup_2": 0.07597725093364716,
      "ndcg_usergroup_3": 0.13081419467926025,
      "jsd_usergroup_3": 0.05349428206682205
    },
    "epoch_5": {
      "ndcg": 0.12530305981636047,
      "jsd": 0.0641937181353569,
      "ndcg_usergroup_1": 0.16093648970127106,
      "jsd_usergroup_1": 0.05750473216176033,
      "ndcg_usergroup_2": 0.11288882046937943,
      "jsd_usergroup_2": 0.07222466915845871,
      "ndcg_usergroup_3": 0.12690827250480652,
      "jsd_usergroup_3": 0.04679248481988907
    },
    "epoch_7": {
      "ndcg": 0.12117382138967514,
      "jsd": 0.06255897134542465,
      "ndcg_usergroup_1": 0.15687909722328186,
      "jsd_usergroup_1": 0.056847184896469116,
      "ndcg_usergroup_2": 0.10832994431257248,
      "jsd_usergroup_2": 0.07046341150999069,
      "ndcg_usergroup_3": 0.12399596720933914,
      "jsd_usergroup_3": 0.0445600189268589
    },
    "epoch_8": {
      "ndcg": 0.11892115324735641,
      "jsd": 0.06140170246362686,
      "ndcg_usergroup_1": 0.1522189825773239,
      "jsd_usergroup_1": 0.05626874417066574,
      "ndcg_usergroup_2": 0.10669970512390137,
      "jsd_usergroup_2": 0.06787943840026855,
      "ndcg_usergroup_3": 0.1222836896777153,
      "jsd_usergroup_3": 0.04710357263684273
    },
    "epoch_9": {
      "ndcg": 0.11745750904083252,
      "jsd": 0.06105533614754677,
      "ndcg_usergroup_1": 0.15066450834274292,
      "jsd_usergroup_1": 0.0569649338722229,
      "ndcg_usergroup_2": 0.1056537926197052,
      "jsd_usergroup_2": 0.06835511326789856,
      "ndcg_usergroup_3": 0.11965782195329666,
      "jsd_usergroup_3": 0.04324881732463837
    },
    "epoch_10": {
      "ndcg": 0.11434896290302277,
      "jsd": 0.059010110795497894,
      "ndcg_usergroup_1": 0.145793616771698,
      "jsd_usergroup_1": 0.055141083896160126,
      "ndcg_usergroup_2": 0.1027664765715599,
      "jsd_usergroup_2": 0.06572262197732925,
      "ndcg_usergroup_3": 0.11764804273843765,
      "jsd_usergroup_3": 0.042743831872940063
    },
    "epoch_11": {
      "ndcg": 0.11320392042398453,
      "jsd": 0.058543611317873,
      "ndcg_usergroup_1": 0.14331382513046265,
      "jsd_usergroup_1": 0.05541151389479637,
      "ndcg_usergroup_2": 0.10177566111087799,
      "jsd_usergroup_2": 0.06510840356349945,
      "ndcg_usergroup_3": 0.11737507581710815,
      "jsd_usergroup_3": 0.041983459144830704
    },
    "epoch_12": {
      "ndcg": 0.1113060712814331,
      "jsd": 0.0584782175719738,
      "ndcg_usergroup_1": 0.1416548490524292,
      "jsd_usergroup_1": 0.055560626089572906,
      "ndcg_usergroup_2": 0.09987810999155045,
      "jsd_usergroup_2": 0.06504113972187042,
      "ndcg_usergroup_3": 0.11523745954036713,
      "jsd_usergroup_3": 0.04170922189950943
    },
    "epoch_13": {
      "ndcg": 0.10972122848033905,
      "jsd": 0.057901617139577866,
      "ndcg_usergroup_1": 0.13964489102363586,
      "jsd_usergroup_1": 0.05481666326522827,
      "ndcg_usergroup_2": 0.0982399731874466,
      "jsd_usergroup_2": 0.06494656205177307,
      "ndcg_usergroup_3": 0.11423755437135696,
      "jsd_usergroup_3": 0.039854031056165695
    },
    "epoch_14": {
      "ndcg": 0.10790245234966278,
      "jsd": 0.05681341513991356,
      "ndcg_usergroup_1": 0.1367548704147339,
      "jsd_usergroup_1": 0.05420159921050072,
      "ndcg_usergroup_2": 0.09659750014543533,
      "jsd_usergroup_2": 0.06318263709545135,
      "ndcg_usergroup_3": 0.11296123266220093,
      "jsd_usergroup_3": 0.04031963646411896
    },
    "epoch_15": {
      "ndcg": 0.10606276988983154,
      "jsd": 0.05589129775762558,
      "ndcg_usergroup_1": 0.13436701893806458,
      "jsd_usergroup_1": 0.053475216031074524,
      "ndcg_usergroup_2": 0.09473954886198044,
      "jsd_usergroup_2": 0.06257349997758865,
      "ndcg_usergroup_3": 0.11172448843717575,
      "jsd_usergroup_3": 0.038262952119112015
    },
    "epoch_17": {
      "ndcg": 0.10312562435865402,
      "jsd": 0.054858140647411346,
      "ndcg_usergroup_1": 0.1305806189775467,
      "jsd_usergroup_1": 0.05281883850693703,
      "ndcg_usergroup_2": 0.0919094905257225,
      "jsd_usergroup_2": 0.06120415776968002,
      "ndcg_usergroup_3": 0.10931535810232162,
      "jsd_usergroup_3": 0.03786148503422737
    },
    "epoch_18": {
      "ndcg": 0.10113191604614258,
      "jsd": 0.054777149111032486,
      "ndcg_usergroup_1": 0.12815029919147491,
      "jsd_usergroup_1": 0.05262783542275429,
      "ndcg_usergroup_2": 0.08997834473848343,
      "jsd_usergroup_2": 0.06117679178714752,
      "ndcg_usergroup_3": 0.10757061839103699,
      "jsd_usergroup_3": 0.037729620933532715
    },
    "epoch_19": {
      "ndcg": 0.10006671398878098,
      "jsd": 0.0543101541697979,
      "ndcg_usergroup_1": 0.12678268551826477,
      "jsd_usergroup_1": 0.05204162746667862,
      "ndcg_usergroup_2": 0.0891818106174469,
      "jsd_usergroup_2": 0.060686130076646805,
      "ndcg_usergroup_3": 0.10600192844867706,
      "jsd_usergroup_3": 0.0374528244137764
    },
    "epoch_20": {
      "ndcg": 0.0983971357345581,
      "jsd": 0.05413195863366127,
      "ndcg_usergroup_1": 0.1255856305360794,
      "jsd_usergroup_1": 0.05147094279527664,
      "ndcg_usergroup_2": 0.0870138555765152,
      "jsd_usergroup_2": 0.06064215302467346,
      "ndcg_usergroup_3": 0.10535477846860886,
      "jsd_usergroup_3": 0.037264514714479446
    },
    "epoch_21": {
      "ndcg": 0.09670006483793259,
      "jsd": 0.053570933640003204,
      "ndcg_usergroup_1": 0.123263880610466,
      "jsd_usergroup_1": 0.051407016813755035,
      "ndcg_usergroup_2": 0.08566845208406448,
      "jsd_usergroup_2": 0.05989175662398338,
      "ndcg_usergroup_3": 0.10322748869657516,
      "jsd_usergroup_3": 0.036774441599845886
    },
    "epoch_23": {
      "ndcg": 0.09452494978904724,
      "jsd": 0.05356590077280998,
      "ndcg_usergroup_1": 0.12071333825588226,
      "jsd_usergroup_1": 0.051104214042425156,
      "ndcg_usergroup_2": 0.08343891054391861,
      "jsd_usergroup_2": 0.06009809300303459,
      "ndcg_usergroup_3": 0.1015910804271698,
      "jsd_usergroup_3": 0.0364331491291523
    },
    "epoch_24": {
      "ndcg": 0.0930928960442543,
      "jsd": 0.053462084382772446,
      "ndcg_usergroup_1": 0.11790114641189575,