{
  "base_recommendations": {
    "ndcg": 0.14531244337558746,
    "jsd": 0.1674375683069229,
    "ndcg_usergroup_1": 0.19628708064556122,
    "jsd_usergroup_1": 0.14693795144557953,
    "ndcg_usergroup_2": 0.13007476925849915,
    "jsd_usergroup_2": 0.1748277097940445,
    "ndcg_usergroup_3": 0.1400458961725235,
    "jsd_usergroup_3": 0.16576915979385376
  },
  "postprocessed": {},
  "finetuned": {
    "epoch_1": {
      "ndcg": 0.1460573673248291,
      "jsd": 0.1619800627231598,
      "ndcg_usergroup_1": 0.19708609580993652,
      "jsd_usergroup_1": 0.145152747631073,
      "ndcg_usergroup_2": 0.1309015154838562,
      "jsd_usergroup_2": 0.16884025931358337,
      "ndcg_usergroup_3": 0.14049115777015686,
      "jsd_usergroup_3": 0.1582290530204773
    },
    "epoch_2": {
      "ndcg": 0.1466023474931717,
      "jsd": 0.15373730659484863,
      "ndcg_usergroup_1": 0.19706261157989502,
      "jsd_usergroup_1": 0.14346998929977417,
      "ndcg_usergroup_2": 0.1315174251794815,
      "jsd_usergroup_2": 0.159825399518013,
      "ndcg_usergroup_3": 0.14139196276664734,
      "jsd_usergroup_3": 0.1457422822713852
    },
    "epoch_3": {
      "ndcg": 0.1472049206495285,
      "jsd": 0.1467215120792389,
      "ndcg_usergroup_1": 0.1978815495967865,
      "jsd_usergroup_1": 0.14288444817066193,
      "ndcg_usergroup_2": 0.1319880336523056,
      "jsd_usergroup_2": 0.1519337296485901,
      "ndcg_usergroup_3": 0.14217405021190643,
      "jsd_usergroup_3": 0.13492365181446075
    },
    "epoch_4": {
      "ndcg": 0.14710932970046997,
      "jsd": 0.1413739025592804,
      "ndcg_usergroup_1": 0.19801920652389526,
      "jsd_usergroup_1": 0.1434791386127472,
      "ndcg_usergroup_2": 0.131748229265213,
      "jsd_usergroup_2": 0.14568988978862762,
      "ndcg_usergroup_3": 0.142277792096138,
      "jsd_usergroup_3": 0.12632210552692413
    },
    "epoch_5": {
      "ndcg": 0.14711573719978333,
      "jsd": 0.13709495961666107,
      "ndcg_usergroup_1": 0.19752071797847748,
      "jsd_usergroup_1": 0.14516441524028778,
      "ndcg_usergroup_2": 0.13191132247447968,
      "jsd_usergroup_2": 0.14030535519123077,
      "ndcg_usergroup_3": 0.14231902360916138,
      "jsd_usergroup_3": 0.1193954274058342
    },
    "epoch_6": {
      "ndcg": 0.14660435914993286,
      "jsd": 0.13422322273254395,
      "ndcg_usergroup_1": 0.1966751515865326,
      "jsd_usergroup_1": 0.14708104729652405,
      "ndcg_usergroup_2": 0.13131481409072876,
      "jsd_usergroup_2": 0.13672837615013123,
      "ndcg_usergroup_3": 0.1423972100019455,
      "jsd_usergroup_3": 0.11385071277618408
    },
    "epoch_7": {
      "ndcg": 0.14638741314411163,
      "jsd": 0.13229958713054657,
      "ndcg_usergroup_1": 0.19585034251213074,
      "jsd_usergroup_1": 0.1492186039686203,
      "ndcg_usergroup_2": 0.13125832378864288,
      "jsd_usergroup_2": 0.1341714709997177,
      "ndcg_usergroup_3": 0.1423068791627884,
      "jsd_usergroup_3": 0.10976552218198776
    },
    "epoch_8": {
      "ndcg": 0.14588218927383423,
      "jsd": 0.13176026940345764,
      "ndcg_usergroup_1": 0.19515928626060486,
      "jsd_usergroup_1": 0.15207162499427795,
      "ndcg_usergroup_2": 0.1306455433368683,
      "jsd_usergroup_2": 0.13290037214756012,
      "ndcg_usergroup_3": 0.14231005311012268,
      "jsd_usergroup_3": 0.10802893340587616
    },
    "epoch_9": {
      "ndcg": 0.14548777043819427,
      "jsd": 0.13153818249702454,
      "ndcg_usergroup_1": 0.19430731236934662,
      "jsd_usergroup_1": 0.15516920387744904,
      "ndcg_usergroup_2": 0.13034985959529877,
      "jsd_usergroup_2": 0.13210685551166534,
      "ndcg_usergroup_3": 0.1420769840478897,
      "jsd_usergroup_3": 0.10620130598545074
    }
  }
}