{
  "base_recommendations": {
    "ndcg": 0.14531244337558746,
    "jsd": 0.1674375683069229,
    "ndcg_usergroup_1": 0.19628708064556122,
    "jsd_usergroup_1": 0.14693795144557953,
    "ndcg_usergroup_2": 0.13007476925849915,
    "jsd_usergroup_2": 0.1748277097940445,
    "ndcg_usergroup_3": 0.1400458961725235,
    "jsd_usergroup_3": 0.16576915979385376
  },
  "postprocessed": {},
  "finetuned": {
    "epoch_1": {
      "ndcg": 0.1458740234375,
      "jsd": 0.15861287713050842,
      "ndcg_usergroup_1": 0.19696974754333496,
      "jsd_usergroup_1": 0.13935083150863647,
      "ndcg_usergroup_2": 0.13068018853664398,
      "jsd_usergroup_2": 0.1662714034318924,
      "ndcg_usergroup_3": 0.14035482704639435,
      "jsd_usergroup_3": 0.1549018919467926
    },
    "epoch_2": {
      "ndcg": 0.14661532640457153,
      "jsd": 0.14542318880558014,
      "ndcg_usergroup_1": 0.19705204665660858,
      "jsd_usergroup_1": 0.12847305834293365,
      "ndcg_usergroup_2": 0.13131585717201233,
      "jsd_usergroup_2": 0.15351659059524536,
      "ndcg_usergroup_3": 0.14207202196121216,
      "jsd_usergroup_3": 0.138095885515213
    },
    "epoch_3": {
      "ndcg": 0.14691314101219177,
      "jsd": 0.13330712914466858,
      "ndcg_usergroup_1": 0.1967361569404602,
      "jsd_usergroup_1": 0.11842691898345947,
      "ndcg_usergroup_2": 0.13164132833480835,
      "jsd_usergroup_2": 0.14206649363040924,
      "ndcg_usergroup_3": 0.14290057122707367,
      "jsd_usergroup_3": 0.1219121590256691
    },
    "epoch_4": {
      "ndcg": 0.14669997990131378,
      "jsd": 0.12333593517541885,
      "ndcg_usergroup_1": 0.19581440091133118,
      "jsd_usergroup_1": 0.1114056184887886,
      "ndcg_usergroup_2": 0.13142527639865875,
      "jsd_usergroup_2": 0.1323530673980713,
      "ndcg_usergroup_3": 0.14340467751026154,
      "jsd_usergroup_3": 0.10821779817342758
    },
    "epoch_5": {
      "ndcg": 0.1463238149881363,
      "jsd": 0.11520502716302872,
      "ndcg_usergroup_1": 0.19538365304470062,
      "jsd_usergroup_1": 0.10664545744657516,
      "ndcg_usergroup_2": 0.13102637231349945,
      "jsd_usergroup_2": 0.1243094727396965,
      "ndcg_usergroup_3": 0.1431514024734497,
      "jsd_usergroup_3": 0.09645421802997589
    },
    "epoch_6": {
      "ndcg": 0.1456444412469864,
      "jsd": 0.10904520004987717,
      "ndcg_usergroup_1": 0.1939610093832016,
      "jsd_usergroup_1": 0.10304831713438034,
      "ndcg_usergroup_2": 0.13039375841617584,
      "jsd_usergroup_2": 0.11796027421951294,
      "ndcg_usergroup_3": 0.14307503402233124,
      "jsd_usergroup_3": 0.08829985558986664
    },
    "epoch_7": {
      "ndcg": 0.14531201124191284,
      "jsd": 0.10406437516212463,
      "ndcg_usergroup_1": 0.19332322478294373,
      "jsd_usergroup_1": 0.10064603388309479,
      "ndcg_usergroup_2": 0.13029058277606964,
      "jsd_usergroup_2": 0.11260133981704712,
      "ndcg_usergroup_3": 0.14236010611057281,
      "jsd_usergroup_3": 0.08187463879585266
    },
    "epoch_8": {
      "ndcg": 0.1450273096561432,
      "jsd": 0.10076126456260681,
      "ndcg_usergroup_1": 0.19308185577392578,
      "jsd_usergroup_1": 0.09972342103719711,
      "ndcg_usergroup_2": 0.12970876693725586,
      "jsd_usergroup_2": 0.10873525589704514,
      "ndcg_usergroup_3": 0.14292335510253906,
      "jsd_usergroup_3": 0.07787974923849106
    },
    "epoch_9": {
      "ndcg": 0.14472223818302155,
      "jsd": 0.09825705736875534,
      "ndcg_usergroup_1": 0.19232195615768433,
      "jsd_usergroup_1": 0.09927083551883698,
      "ndcg_usergroup_2": 0.1295613795518875,
      "jsd_usergroup_2": 0.10577160865068436,
      "ndcg_usergroup_3": 0.1426001638174057,
      "jsd_usergroup_3": 0.07470206171274185
    },
    "epoch_10": {
      "ndcg": 0.14449740946292877,
      "jsd": 0.09637300670146942,
      "ndcg_usergroup_1": 0.1920705884695053,
      "jsd_usergroup_1": 0.09904690086841583,
      "ndcg_usergroup_2": 0.12923121452331543,
      "jsd_usergroup_2": 0.10317786782979965,
      "ndcg_usergroup_3": 0.1427178531885147,
      "jsd_usergroup_3": 0.07328673452138901
    },
    "epoch_11": {
      "ndcg": 0.14413422346115112,
      "jsd": 0.09500245004892349,
      "ndcg_usergroup_1": 0.1912655383348465,
      "jsd_usergroup_1": 0.09918651729822159,
      "ndcg_usergroup_2": 0.12909193336963654,
      "jsd_usergroup_2": 0.10118597000837326,
      "ndcg_usergroup_3": 0.14212487637996674,
      "jsd_usergroup_3": 0.07226985692977905
    },
    "epoch_12": {
      "ndcg": 0.14380337297916412,
      "jsd": 0.09361736476421356,
      "ndcg_usergroup_1": 0.19037079811096191,
      "jsd_usergroup_1": 0.09901881963014603,
      "ndcg_usergroup_2": 0.12875087559223175,
      "jsd_usergroup_2": 0.0993969589471817,
      "ndcg_usergroup_3": 0.1423885077238083,
      "jsd_usergroup_3": 0.0708790048956871
    },
    "epoch_13": {
      "ndcg": 0.14348860085010529,
      "jsd": 0.09247370809316635,
      "ndcg_usergroup_1": 0.18973417580127716,
      "jsd_usergroup_1": 0.09847646206617355,
      "ndcg_usergroup_2": 0.12857791781425476,
      "jsd_usergroup_2": 0.0978284701704979,
      "ndcg_usergroup_3": 0.1419702172279358,
      "jsd_usergroup_3": 0.0704084187746048
    },
    "epoch_14": {
      "ndcg": 0.1431245356798172,
      "jsd": 0.09194868057966232,
      "ndcg_usergroup_1": 0.18914590775966644,
      "jsd_usergroup_1": 0.09993471205234528,
      "ndcg_usergroup_2": 0.1281515657901764,
      "jsd_usergroup_2": 0.09660451114177704,
      "ndcg_usergroup_3": 0.14201720058918,
      "jsd_usergroup_3": 0.06999668478965759
    },
    "epoch_15": {
      "ndcg": 0.14291487634181976,
      "jsd": 0.09112896025180817,
      "ndcg_usergroup_1": 0.18842987716197968,
      "jsd_usergroup_1": 0.09994259476661682,
      "ndcg_usergroup_2": 0.12819412350654602,
      "jsd_usergroup_2": 0.09539532661437988,
      "ndcg_usergroup_3": 0.14155727624893188,
      "jsd_usergroup_3": 0.06951761245727539
    },
    "epoch_16": {
      "ndcg": 0.14250579476356506,
      "jsd": 0.09101423621177673,
      "ndcg_usergroup_1": 0.18769186735153198,
      "jsd_usergroup_1": 0.10082297772169113,
      "ndcg_usergroup_2": 0.1277880221605301,
      "jsd_usergroup_2": 0.095021553337574,
      "ndcg_usergroup_3": 0.14146825671195984,
      "jsd_usergroup_3": 0.0691847950220108
    },
    "epoch_17": {
      "ndcg": 0.14232636988162994,
      "jsd": 0.09045317023992538,
      "ndcg_usergroup_1": 0.18766984343528748,
      "jsd_usergroup_1": 0.10085628926753998,
      "ndcg_usergroup_2": 0.1276768296957016,
      "jsd_usergroup_2": 0.09412480145692825,
      "ndcg_usergroup_3": 0.1409268081188202,
      "jsd_usergroup_3": 0.0690363273024559
    },
    "epoch_19": {
      "ndcg": 0.14158567786216736,
      "jsd": 0.09016888588666916,
      "ndcg_usergroup_1": 0.18682992458343506,
      "jsd_usergroup_1": 0.10193265974521637,
      "ndcg_usergroup_2": 0.12695150077342987,
      "jsd_usergroup_2": 0.0933745950460434,
      "ndcg_usergroup_3": 0.14023922383785248,
      "jsd_usergroup_3": 0.0687890276312828
    },
    "epoch_20": {
      "ndcg": 0.14125986397266388,
      "jsd": 0.08998378366231918,
      "ndcg_usergroup_1": 0.18568217754364014,
      "jsd_usergroup_1": 0.1021232157945633,
      "ndcg_usergroup_2": 0.12691819667816162,
      "jsd_usergroup_2": 0.0931718498468399,
      "ndcg_usergroup_3": 0.1398579627275467,
      "jsd_usergroup_3": 0.06828124076128006
    },
    "epoch_21": {
      "ndcg": 0.14132386445999146,
      "jsd": 0.08947725594043732,
      "ndcg_usergroup_1": 0.18599653244018555,
      "jsd_usergroup_1": 0.10257469117641449,
      "ndcg_usergroup_2": 0.1268850564956665,
      "jsd_usergroup_2": 0.09216222167015076,
      "ndcg_usergroup_3": 0.13996292650699615,
      "jsd_usergroup_3": 0.06832577288150787
    },
    "epoch_23": {
      "ndcg": 0.1408686488866806,
      "jsd": 0.08929465711116791,
      "ndcg_usergroup_1": 0.18542511761188507,
      "jsd_usergroup_1": 0.10278528928756714,