{
  "base_recommendations": {
    "ndcg": 0.14531244337558746,
    "jsd": 0.1674375683069229,
    "ndcg_usergroup_1": 0.19628708064556122,
    "jsd_usergroup_1": 0.14693795144557953,
    "ndcg_usergroup_2": 0.13007476925849915,
    "jsd_usergroup_2": 0.1748277097940445,
    "ndcg_usergroup_3": 0.1400458961725235,
    "jsd_usergroup_3": 0.16576915979385376
  },
  "postprocessed": {},
  "finetuned": {
    "epoch_1": {
      "ndcg": 0.13080652058124542,
      "jsd": 0.2370445728302002,
      "ndcg_usergroup_1": 0.17594556510448456,
      "jsd_usergroup_1": 0.306352823972702,
      "ndcg_usergroup_2": 0.11524058133363724,
      "jsd_usergroup_2": 0.24294324219226837,
      "ndcg_usergroup_3": 0.13236017525196075,
      "jsd_usergroup_3": 0.1500423401594162
    },
    "epoch_7": {
      "ndcg": 0.051410675048828125,
      "jsd": 0.14772886037826538,
      "ndcg_usergroup_1": 0.07319988310337067,
      "jsd_usergroup_1": 0.2593151330947876,
      "ndcg_usergroup_2": 0.04302072525024414,
      "jsd_usergroup_2": 0.13122491538524628,
      "ndcg_usergroup_3": 0.05478856340050697,
      "jsd_usergroup_3": 0.08564898371696472
    },
    "epoch_8": {
      "ndcg": 0.0537625290453434,
      "jsd": 0.14278465509414673,
      "ndcg_usergroup_1": 0.07035979628562927,
      "jsd_usergroup_1": 0.24194207787513733,
      "ndcg_usergroup_2": 0.046143196523189545,
      "jsd_usergroup_2": 0.1199127584695816,
      "ndcg_usergroup_3": 0.06002076715230942,
      "jsd_usergroup_3": 0.11223546415567398
    },
    "epoch_10": {
      "ndcg": 0.05410867929458618,
      "jsd": 0.13224755227565765,
      "ndcg_usergroup_1": 0.07555857300758362,
      "jsd_usergroup_1": 0.22759494185447693,
      "ndcg_usergroup_2": 0.045557186007499695,
      "jsd_usergroup_2": 0.10645391792058945,
      "ndcg_usergroup_3": 0.05831049010157585,
      "jsd_usergroup_3": 0.11427263915538788
    }
  }
}