{
  "base_recommendations": {
    "ndcg": 0.14531244337558746,
    "jsd": 0.1674375683069229,
    "ndcg_usergroup_1": 0.19628708064556122,
    "jsd_usergroup_1": 0.14693795144557953,
    "ndcg_usergroup_2": 0.13007476925849915,
    "jsd_usergroup_2": 0.1748277097940445,
    "ndcg_usergroup_3": 0.1400458961725235,
    "jsd_usergroup_3": 0.16576915979385376
  },
  "postprocessed": {},
  "finetuned": {
    "epoch_1": {
      "ndcg": 0.1433635652065277,
      "jsd": 0.12994644045829773,
      "ndcg_usergroup_1": 0.1895514279603958,
      "jsd_usergroup_1": 0.0984424576163292,
      "ndcg_usergroup_2": 0.1294417679309845,
      "jsd_usergroup_2": 0.143249049782753,
      "ndcg_usergroup_3": 0.1389365792274475,
      "jsd_usergroup_3": 0.12154698371887207
    },
    "epoch_2": {
      "ndcg": 0.14087986946105957,
      "jsd": 0.10284852236509323,
      "ndcg_usergroup_1": 0.1840711385011673,
      "jsd_usergroup_1": 0.08341199159622192,
      "ndcg_usergroup_2": 0.12793827056884766,
      "jsd_usergroup_2": 0.11538992822170258,
      "ndcg_usergroup_3": 0.13650919497013092,
      "jsd_usergroup_3": 0.08466492593288422
    },
    "epoch_3": {
      "ndcg": 0.1394387036561966,
      "jsd": 0.08766350150108337,
      "ndcg_usergroup_1": 0.18220441043376923,
      "jsd_usergroup_1": 0.07625466585159302,
      "ndcg_usergroup_2": 0.12630581855773926,
      "jsd_usergroup_2": 0.09713088721036911,
      "ndcg_usergroup_3": 0.13606740534305573,
      "jsd_usergroup_3": 0.07067324966192245
    },
    "epoch_4": {
      "ndcg": 0.13922688364982605,
      "jsd": 0.07899357378482819,
      "ndcg_usergroup_1": 0.18174463510513306,
      "jsd_usergroup_1": 0.07088493555784225,
      "ndcg_usergroup_2": 0.12578676640987396,
      "jsd_usergroup_2": 0.0870530754327774,
      "ndcg_usergroup_3": 0.1370251178741455,
      "jsd_usergroup_3": 0.06292634457349777
    },
    "epoch_5": {
      "ndcg": 0.13959944248199463,
      "jsd": 0.07445940375328064,
      "ndcg_usergroup_1": 0.1820765882730484,
      "jsd_usergroup_1": 0.06760158389806747,
      "ndcg_usergroup_2": 0.12592507898807526,
      "jsd_usergroup_2": 0.08168607205152512,
      "ndcg_usergroup_3": 0.1381409615278244,
      "jsd_usergroup_3": 0.059639573097229004
    },
    "epoch_6": {
      "ndcg": 0.1399778574705124,
      "jsd": 0.07157617807388306,
      "ndcg_usergroup_1": 0.18290190398693085,
      "jsd_usergroup_1": 0.0661286860704422,
      "ndcg_usergroup_2": 0.12619225680828094,
      "jsd_usergroup_2": 0.0782611221075058,
      "ndcg_usergroup_3": 0.1384061872959137,
      "jsd_usergroup_3": 0.05697103962302208
    },
    "epoch_7": {
      "ndcg": 0.14020809531211853,
      "jsd": 0.06936603039503098,
      "ndcg_usergroup_1": 0.18282975256443024,
      "jsd_usergroup_1": 0.06489641219377518,
      "ndcg_usergroup_2": 0.12650926411151886,
      "jsd_usergroup_2": 0.07543326169252396,
      "ndcg_usergroup_3": 0.13867849111557007,
      "jsd_usergroup_3": 0.055635903030633926
    },
    "epoch_8": {
      "ndcg": 0.14070045948028564,
      "jsd": 0.06775642931461334,
      "ndcg_usergroup_1": 0.18411757051944733,
      "jsd_usergroup_1": 0.06451193243265152,
      "ndcg_usergroup_2": 0.12651564180850983,
      "jsd_usergroup_2": 0.07361356914043427,
      "ndcg_usergroup_3": 0.13983316719532013,
      "jsd_usergroup_3": 0.053431425243616104
    },
    "epoch_9": {
      "ndcg": 0.14094975590705872,
      "jsd": 0.06656014174222946,
      "ndcg_usergroup_1": 0.1846494823694229,
      "jsd_usergroup_1": 0.06382900476455688,
      "ndcg_usergroup_2": 0.1266518235206604,
      "jsd_usergroup_2": 0.07230556756258011,
      "ndcg_usergroup_3": 0.1401391625404358,
      "jsd_usergroup_3": 0.052056875079870224
    },
    "epoch_10": {
      "ndcg": 0.1410338580608368,
      "jsd": 0.06541256606578827,
      "ndcg_usergroup_1": 0.18518444895744324,
      "jsd_usergroup_1": 0.06314467638731003,
      "ndcg_usergroup_2": 0.12666837871074677,
      "jsd_usergroup_2": 0.07096455991268158,
      "ndcg_usergroup_3": 0.13997505605220795,
      "jsd_usergroup_3": 0.05102628096938133
    },
    "epoch_11": {
      "ndcg": 0.14127686619758606,
      "jsd": 0.06468991190195084,
      "ndcg_usergroup_1": 0.1859472393989563,
      "jsd_usergroup_1": 0.06307297199964523,
      "ndcg_usergroup_2": 0.12670257687568665,
      "jsd_usergroup_2": 0.0701829344034195,
      "ndcg_usergroup_3": 0.1403246372938156,
      "jsd_usergroup_3": 0.04982960224151611
    },
    "epoch_12": {
      "ndcg": 0.1412586271762848,
      "jsd": 0.06437983363866806,
      "ndcg_usergroup_1": 0.18617196381092072,
      "jsd_usergroup_1": 0.06334024667739868,
      "ndcg_usergroup_2": 0.12650075554847717,
      "jsd_usergroup_2": 0.06975005567073822,
      "ndcg_usergroup_3": 0.14061413705348969,
      "jsd_usergroup_3": 0.04931052029132843
    },
    "epoch_13": {
      "ndcg": 0.14093829691410065,
      "jsd": 0.06388235092163086,
      "ndcg_usergroup_1": 0.18609662353992462,
      "jsd_usergroup_1": 0.06325805187225342,
      "ndcg_usergroup_2": 0.1261342167854309,
      "jsd_usergroup_2": 0.06926526129245758,
      "ndcg_usergroup_3": 0.14018739759922028,
      "jsd_usergroup_3": 0.04835968464612961
    },
    "epoch_14": {
      "ndcg": 0.14094004034996033,
      "jsd": 0.063850536942482,
      "ndcg_usergroup_1": 0.18655915558338165,
      "jsd_usergroup_1": 0.06401245296001434,
      "ndcg_usergroup_2": 0.1257777214050293,
      "jsd_usergroup_2": 0.06909783184528351,
      "ndcg_usergroup_3": 0.14080286026000977,
      "jsd_usergroup_3": 0.0479484498500824
    },
    "epoch_15": {
      "ndcg": 0.14086976647377014,
      "jsd": 0.06374574452638626,
      "ndcg_usergroup_1": 0.18717508018016815,
      "jsd_usergroup_1": 0.06385644525289536,
      "ndcg_usergroup_2": 0.1257346272468567,
      "jsd_usergroup_2": 0.06893208622932434,
      "ndcg_usergroup_3": 0.13996489346027374,
      "jsd_usergroup_3": 0.04807773604989052
    }
  }
}