{
  "base_recommendations": {
    "ndcg": 0.14531244337558746,
    "jsd": 0.1674375683069229,
    "ndcg_usergroup_1": 0.19628708064556122,
    "jsd_usergroup_1": 0.14693795144557953,
    "ndcg_usergroup_2": 0.13007476925849915,
    "jsd_usergroup_2": 0.1748277097940445,
    "ndcg_usergroup_3": 0.1400458961725235,
    "jsd_usergroup_3": 0.16576915979385376
  },
  "postprocessed": {},
  "finetuned": {
    "epoch_1": {
      "ndcg": 0.14547394216060638,
      "jsd": 0.16630245745182037,
      "ndcg_usergroup_1": 0.19654038548469543,
      "jsd_usergroup_1": 0.14657482504844666,
      "ndcg_usergroup_2": 0.13018907606601715,
      "jsd_usergroup_2": 0.17358970642089844,
      "ndcg_usergroup_3": 0.14025713503360748,
      "jsd_usergroup_3": 0.16417069733142853
    },
    "epoch_2": {
      "ndcg": 0.14572875201702118,
      "jsd": 0.16437838971614838,
      "ndcg_usergroup_1": 0.19687552750110626,
      "jsd_usergroup_1": 0.14607279002666473,
      "ndcg_usergroup_2": 0.13049225509166718,
      "jsd_usergroup_2": 0.17137646675109863,
      "ndcg_usergroup_3": 0.14028644561767578,
      "jsd_usergroup_3": 0.16169202327728271
    },
    "epoch_3": {
      "ndcg": 0.14595305919647217,
      "jsd": 0.16234591603279114,
      "ndcg_usergroup_1": 0.19710540771484375,
      "jsd_usergroup_1": 0.14533288776874542,
      "ndcg_usergroup_2": 0.13067206740379333,
      "jsd_usergroup_2": 0.1691669225692749,
      "ndcg_usergroup_3": 0.14063876867294312,
      "jsd_usergroup_3": 0.15889829397201538
    },
    "epoch_4": {
      "ndcg": 0.14621852338314056,
      "jsd": 0.16045446693897247,
      "ndcg_usergroup_1": 0.1974305361509323,
      "jsd_usergroup_1": 0.14474186301231384,
      "ndcg_usergroup_2": 0.13102878630161285,
      "jsd_usergroup_2": 0.16714312136173248,
      "ndcg_usergroup_3": 0.1405707597732544,
      "jsd_usergroup_3": 0.15610331296920776
    },
    "epoch_5": {
      "ndcg": 0.14654748141765594,
      "jsd": 0.15860511362552643,
      "ndcg_usergroup_1": 0.19773298501968384,
      "jsd_usergroup_1": 0.1442766636610031,
      "ndcg_usergroup_2": 0.13134846091270447,
      "jsd_usergroup_2": 0.16516566276550293,
      "ndcg_usergroup_3": 0.14095410704612732,
      "jsd_usergroup_3": 0.15325401723384857
    },
    "epoch_6": {
      "ndcg": 0.14663465321063995,
      "jsd": 0.1567947268486023,
      "ndcg_usergroup_1": 0.1978854537010193,
      "jsd_usergroup_1": 0.14399275183677673,
      "ndcg_usergroup_2": 0.13131435215473175,
      "jsd_usergroup_2": 0.16316263377666473,
      "ndcg_usergroup_3": 0.14133977890014648,
      "jsd_usergroup_3": 0.15049517154693604
    },
    "epoch_7": {
      "ndcg": 0.14678603410720825,
      "jsd": 0.15488189458847046,
      "ndcg_usergroup_1": 0.19794848561286926,
      "jsd_usergroup_1": 0.1437220722436905,
      "ndcg_usergroup_2": 0.13151565194129944,
      "jsd_usergroup_2": 0.16108600795269012,
      "ndcg_usergroup_3": 0.14142979681491852,
      "jsd_usergroup_3": 0.14743146300315857
    },
    "epoch_8": {
      "ndcg": 0.14682413637638092,
      "jsd": 0.15326373279094696,
      "ndcg_usergroup_1": 0.1978480964899063,
      "jsd_usergroup_1": 0.1436006873846054,
      "ndcg_usergroup_2": 0.13154593110084534,
      "jsd_usergroup_2": 0.15930216014385223,
      "ndcg_usergroup_3": 0.14162981510162354,
      "jsd_usergroup_3": 0.14481346309185028
    },
    "epoch_9": {
      "ndcg": 0.14690276980400085,
      "jsd": 0.15158113837242126,
      "ndcg_usergroup_1": 0.1978711485862732,
      "jsd_usergroup_1": 0.14318133890628815,
      "ndcg_usergroup_2": 0.13163015246391296,
      "jsd_usergroup_2": 0.1575021892786026,
      "ndcg_usergroup_3": 0.14174728095531464,
      "jsd_usergroup_3": 0.14221979677677155
    },
    "epoch_10": {
      "ndcg": 0.14698222279548645,
      "jsd": 0.14991427958011627,
      "ndcg_usergroup_1": 0.19817811250686646,
      "jsd_usergroup_1": 0.14298115670681,
      "ndcg_usergroup_2": 0.1316523253917694,
      "jsd_usergroup_2": 0.1556835174560547,
      "ndcg_usergroup_3": 0.14177100360393524,
      "jsd_usergroup_3": 0.13954155147075653
    },
    "epoch_11": {
      "ndcg": 0.14715148508548737,
      "jsd": 0.14840136468410492,
      "ndcg_usergroup_1": 0.19833587110042572,
      "jsd_usergroup_1": 0.14283227920532227,
      "ndcg_usergroup_2": 0.13175813853740692,
      "jsd_usergroup_2": 0.15394282341003418,
      "ndcg_usergroup_3": 0.14214210212230682,
      "jsd_usergroup_3": 0.13734783232212067
    },
    "epoch_12": {
      "ndcg": 0.14723478257656097,
      "jsd": 0.14710265398025513,
      "ndcg_usergroup_1": 0.19813202321529388,
      "jsd_usergroup_1": 0.14304722845554352,
      "ndcg_usergroup_2": 0.13197624683380127,
      "jsd_usergroup_2": 0.1523934304714203,
      "ndcg_usergroup_3": 0.14210815727710724,
      "jsd_usergroup_3": 0.13528749346733093
    },
    "epoch_13": {
      "ndcg": 0.14736387133598328,
      "jsd": 0.1458251178264618,
      "ndcg_usergroup_1": 0.19799421727657318,
      "jsd_usergroup_1": 0.14310714602470398,
      "ndcg_usergroup_2": 0.13212646543979645,
      "jsd_usergroup_2": 0.15094631910324097,
      "ndcg_usergroup_3": 0.1424408257007599,
      "jsd_usergroup_3": 0.1331811547279358
    },
    "epoch_14": {
      "ndcg": 0.14735515415668488,
      "jsd": 0.1446830779314041,
      "ndcg_usergroup_1": 0.1979777067899704,
      "jsd_usergroup_1": 0.14315377175807953,
      "ndcg_usergroup_2": 0.13207872211933136,
      "jsd_usergroup_2": 0.14964674413204193,
      "ndcg_usergroup_3": 0.14255687594413757,
      "jsd_usergroup_3": 0.13132303953170776
    },
    "epoch_15": {
      "ndcg": 0.14730636775493622,
      "jsd": 0.14345653355121613,
      "ndcg_usergroup_1": 0.19796910881996155,
      "jsd_usergroup_1": 0.1434832066297531,
      "ndcg_usergroup_2": 0.1320970207452774,
      "jsd_usergroup_2": 0.14817140996456146,
      "ndcg_usergroup_3": 0.14226678013801575,
      "jsd_usergroup_3": 0.12928681075572968
    },
    "epoch_16": {
      "ndcg": 0.1474480777978897,
      "jsd": 0.1424059271812439,
      "ndcg_usergroup_1": 0.19823145866394043,
      "jsd_usergroup_1": 0.14356909692287445,
      "ndcg_usergroup_2": 0.1322190910577774,
      "jsd_usergroup_2": 0.14703243970870972,
      "ndcg_usergroup_3": 0.14234670996665955,
      "jsd_usergroup_3": 0.12736466526985168
    },
    "epoch_17": {
      "ndcg": 0.14754432439804077,
      "jsd": 0.14142347872257233,
      "ndcg_usergroup_1": 0.19832958281040192,
      "jsd_usergroup_1": 0.14402996003627777,
      "ndcg_usergroup_2": 0.13229963183403015,
      "jsd_usergroup_2": 0.14573881030082703,
      "ndcg_usergroup_3": 0.14248813688755035,
      "jsd_usergroup_3": 0.1258724331855774
    },
    "epoch_18": {
      "ndcg": 0.14745186269283295,
      "jsd": 0.14043129980564117,
      "ndcg_usergroup_1": 0.1979823112487793,
      "jsd_usergroup_1": 0.14410485327243805,
      "ndcg_usergroup_2": 0.1322011798620224,
      "jsd_usergroup_2": 0.14461809396743774,
      "ndcg_usergroup_3": 0.14266853034496307,
      "jsd_usergroup_3": 0.12419872730970383
    },
    "epoch_19": {
      "ndcg": 0.14727994799613953,
      "jsd": 0.13953405618667603,
      "ndcg_usergroup_1": 0.1976855844259262,
      "jsd_usergroup_1": 0.14443151652812958,
      "ndcg_usergroup_2": 0.1320740431547165,
      "jsd_usergroup_2": 0.14347918331623077,
      "ndcg_usergroup_3": 0.1424870789051056,
      "jsd_usergroup_3": 0.1228024810552597
    },
    "epoch_20": {
      "ndcg": 0.14728234708309174,
      "jsd": 0.1385575234889984,
      "ndcg_usergroup_1": 0.19768433272838593,
      "jsd_usergroup_1": 0.1449078768491745,
      "ndcg_usergroup_2": 0.13208997249603271,
      "jsd_usergroup_2": 0.1422758251428604,
      "ndcg_usergroup_3": 0.14245258271694183,
      "jsd_usergroup_3": 0.12105348706245422
    },
    "epoch_21": {
      "ndcg": 0.14721828699111938,
      "jsd": 0.13779664039611816,
      "ndcg_usergroup_1": 0.19756828248500824,
      "jsd_usergroup_1": 0.14508284628391266,