{"base_recommendations": {"ndcg": 0.14531244337558746, "jsd": 0.16742733120918274}, "postprocessed": {}, "finetuned": {"epoch_1": {"ndcg": 0.12570157647132874, "jsd": 0.12634146213531494}, "epoch_2": {"ndcg": 0.12217050790786743, "jsd": 0.11084277927875519}, "epoch_3": {"ndcg": 0.11300750076770782, "jsd": 0.103724405169487}, "epoch_4": {"ndcg": 0.11048959940671921, "jsd": 0.09691623598337173}, "epoch_5": {"ndcg": 0.10597807914018631, "jsd": 0.09357836842536926}, "epoch_6": {"ndcg": 0.10230636596679688, "jsd": 0.08968734741210938}, "epoch_7": {"ndcg": 0.09889239072799683, "jsd": 0.08750472217798233}, "epoch_8": {"ndcg": 0.09552916139364243, "jsd": 0.084919773042202}, "epoch_9": {"ndcg": 0.09258049726486206, "jsd": 0.08311981707811356}, "epoch_10": {"ndcg": 0.08949421346187592, "jsd": 0.08137739449739456}, "epoch_11": {"ndcg": 0.08733228594064713, "jsd": 0.08006669580936432}, "epoch_12": {"ndcg": 0.08569348603487015, "jsd": 0.07878348976373672}, "epoch_13": {"ndcg": 0.08434006571769714, "jsd": 0.07816954702138901}, "epoch_14": {"ndcg": 0.08195681124925613, "jsd": 0.07711683958768845}, "epoch_15": {"ndcg": 0.08115383237600327, "jsd": 0.07543449103832245}, "epoch_16": {"ndcg": 0.07961299270391464, "jsd": 0.0748160183429718}, "epoch_17": {"ndcg": 0.07919522374868393, "jsd": 0.0745038315653801}, "epoch_18": {"ndcg": 0.07753483206033707, "jsd": 0.0736672505736351}, "epoch_19": {"ndcg": 0.07721514254808426, "jsd": 0.07350156456232071}, "epoch_20": {"ndcg": 0.07602738589048386, "jsd": 0.07206320017576218}, "epoch_21": {"ndcg": 0.07515914738178253, "jsd": 0.07149378955364227}, "epoch_23": {"ndcg": 0.07406951487064362, "jsd": 0.06980324536561966}, "epoch_24": {"ndcg": 0.0734722763299942, "jsd": 0.069607213139534}, "epoch_25": {"ndcg": 0.07280722260475159, "jsd": 0.06931707262992859}, "epoch_26": {"ndcg": 0.07248973101377487, "jsd": 0.06828533858060837}, "epoch_28": {"ndcg": 0.07142098248004913, "jsd": 0.06739738583564758}, "epoch_29": {"ndcg": 0.07109150290489197, "jsd": 0.0673845037817955}, "epoch_30": {"ndcg": 0.07082100212574005, "jsd": 0.06610963493585587}, "epoch_31": {"ndcg": 0.07083502411842346, "jsd": 0.06586185097694397}, "epoch_32": {"ndcg": 0.06997433304786682, "jsd": 0.06554331630468369}, "epoch_33": {"ndcg": 0.06995245814323425, "jsd": 0.06447311490774155}, "epoch_34": {"ndcg": 0.06933804601430893, "jsd": 0.06436141580343246}, "epoch_35": {"ndcg": 0.06891315430402756, "jsd": 0.06337188929319382}, "epoch_36": {"ndcg": 0.06859209388494492, "jsd": 0.0627562627196312}, "epoch_37": {"ndcg": 0.068487748503685, "jsd": 0.0625092089176178}, "epoch_38": {"ndcg": 0.06800606101751328, "jsd": 0.061793629080057144}, "epoch_39": {"ndcg": 0.06795744597911835, "jsd": 0.061264488846063614}, "epoch_41": {"ndcg": 0.0673183724284172, "jsd": 0.06097198650240898}, "epoch_42": {"ndcg": 0.06716028600931168, "jsd": 0.06069269776344299}, "epoch_43": {"ndcg": 0.06696686893701553, "jsd": 0.060421232134103775}, "epoch_44": {"ndcg": 0.06691492348909378, "jsd": 0.060108333826065063}, "epoch_45": {"ndcg": 0.06675679236650467, "jsd": 0.059418950229883194}, "epoch_46": {"ndcg": 0.06615819036960602, "jsd": 0.059302303940057755}, "epoch_47": {"ndcg": 0.06626975536346436, "jsd": 0.05882590264081955}, "epoch_48": {"ndcg": 0.06589310616254807, "jsd": 0.05864918977022171}, "epoch_49": {"ndcg": 0.06604178249835968, "jsd": 0.058094095438718796}, "epoch_51": {"ndcg": 0.06581567227840424, "jsd": 0.057654041796922684}, "epoch_52": {"ndcg": 0.06540608406066895, "jsd": 0.057503245770931244}, "epoch_53": {"ndcg": 0.0651441365480423, "jsd": 0.05720378831028938}, "epoch_54": {"ndcg": 0.06484410911798477, "jsd": 0.056782037019729614}, "epoch_55": {"ndcg": 0.06479176878929138, "jsd": 0.056326642632484436}, "epoch_56": {"ndcg": 0.06448324769735336, "jsd": 0.05621076002717018}, "epoch_57": {"ndcg": 0.06475381553173065, "jsd": 0.05575880408287048}, "epoch_58": {"ndcg": 0.064323790371418, "jsd": 0.05523001030087471}, "epoch_59": {"ndcg": 0.06430963426828384, "jsd": 0.05519741028547287}, "epoch_60": {"ndcg": 0.0641339048743248, "jsd": 0.05468094348907471}, "epoch_62": {"ndcg": 0.06396585702896118, "jsd": 0.054545752704143524}, "epoch_63": {"ndcg": 0.06380176544189453, "jsd": 0.0544138140976429}, "epoch_64": {"ndcg": 0.06357859075069427, "jsd": 0.05411430448293686}, "epoch_65": {"ndcg": 0.06357414275407791, "jsd": 0.053812794387340546}, "epoch_66": {"ndcg": 0.06338687986135483, "jsd": 0.053628262132406235}, "epoch_67": {"ndcg": 0.0633326917886734, "jsd": 0.05341040715575218}, "epoch_68": {"ndcg": 0.06320033967494965, "jsd": 0.05340215563774109}, "epoch_69": {"ndcg": 0.06298702210187912, "jsd": 0.05285484716296196}, "epoch_70": {"ndcg": 0.06298276036977768, "jsd": 0.05267104506492615}, "epoch_71": {"ndcg": 0.06279856711626053, "jsd": 0.05235069617629051}, "epoch_72": {"ndcg": 0.06264878809452057, "jsd": 0.05226905643939972}, "epoch_73": {"ndcg": 0.06256090104579926, "jsd": 0.052222028374671936}, "epoch_74": {"ndcg": 0.062428876757621765, "jsd": 0.052160363644361496}, "epoch_75": {"ndcg": 0.062319107353687286, "jsd": 0.051717646420001984}, "epoch_76": {"ndcg": 0.062261033803224564, "jsd": 0.051594581454992294}, "epoch_77": {"ndcg": 0.06209954619407654, "jsd": 0.05119897425174713}, "epoch_78": {"ndcg": 0.06202898174524307, "jsd": 0.05096280202269554}, "epoch_79": {"ndcg": 0.06189734861254692, "jsd": 0.050867725163698196}, "epoch_80": {"ndcg": 0.06185101345181465, "jsd": 0.05088270083069801}, "epoch_81": {"ndcg": 0.061847586184740067, "jsd": 0.05079982802271843}, "epoch_82": {"ndcg": 0.06190333142876625, "jsd": 0.05036025121808052}, "epoch_85": {"ndcg": 0.06155581772327423, "jsd": 0.0500197596848011}, "epoch_89": {"ndcg": 0.061117254197597504, "jsd": 0.049553338438272476}, "epoch_90": {"ndcg": 0.06117996573448181, "jsd": 0.049423545598983765}, "epoch_91": {"ndcg": 0.061156805604696274, "jsd": 0.04937868192791939}, "epoch_92": {"ndcg": 0.06104419752955437, "jsd": 0.049324896186590195}, "epoch_93": {"ndcg": 0.06085162237286568, "jsd": 0.04911147430539131}, "epoch_95": {"ndcg": 0.060746144503355026, "jsd": 0.04873701557517052}, "epoch_97": {"ndcg": 0.060633979737758636, "jsd": 0.04867548123002052}, "epoch_99": {"ndcg": 0.060612328350543976, "jsd": 0.04835519567131996}, "epoch_101": {"ndcg": 0.060524165630340576, "jsd": 0.04833075776696205}, "epoch_103": {"ndcg": 0.060400038957595825, "jsd": 0.04803735390305519}, "epoch_104": {"ndcg": 0.060422468930482864, "jsd": 0.048016466200351715}, "epoch_105": {"ndcg": 0.060454584658145905, "jsd": 0.04767243191599846}, "epoch_108": {"ndcg": 0.060305505990982056, "jsd": 0.047567613422870636}, "epoch_109": {"ndcg": 0.060279879719018936, "jsd": 0.04731219261884689}, "epoch_112": {"ndcg": 0.06006067246198654, "jsd": 0.047132622450590134}, "epoch_116": {"ndcg": 0.05994020402431488, "jsd": 0.04680167883634567}, "epoch_120": {"ndcg": 0.05977488309144974, "jsd": 0.04664665460586548}, "epoch_121": {"ndcg": 0.059849437326192856, "jsd": 0.046644262969493866}, "epoch_122": {"ndcg": 0.05974718928337097, "jsd": 0.046505410224199295}, "epoch_124": {"ndcg": 0.05965471640229225, "jsd": 0.046338483691215515}, "epoch_128": {"ndcg": 0.05955943837761879, "jsd": 0.04623826965689659}, "epoch_132": {"ndcg": 0.05956307053565979, "jsd": 0.04616614058613777}, "epoch_134": {"ndcg": 0.05952804908156395, "jsd": 0.046032898128032684}, "epoch_137": {"ndcg": 0.0596027635037899, "jsd": 0.045891173183918}, "epoch_138": {"ndcg": 0.05949799343943596, "jsd": 0.04578140750527382}, "epoch_142": {"ndcg": 0.059555791318416595, "jsd": 0.045615438371896744}, "epoch_143": {"ndcg": 0.05942516773939133, "jsd": 0.045649588108062744}, "epoch_147": {"ndcg": 0.059316735714673996, "jsd": 0.04559289664030075}, "epoch_149": {"ndcg": 0.05937987193465233, "jsd": 0.04554051533341408}, "epoch_156": {"ndcg": 0.05930542200803757, "jsd": 0.04531506448984146}, "epoch_159": {"ndcg": 0.059060003608465195, "jsd": 0.04508080706000328}, "epoch_164": {"ndcg": 0.05908314883708954, "jsd": 0.04488791897892952},