{
  "base_recommendations": {
    "ndcg": 0.14531244337558746,
    "jsd": 0.1674375683069229,
    "ndcg_usergroup_1": 0.19628708064556122,
    "jsd_usergroup_1": 0.14693795144557953,
    "ndcg_usergroup_2": 0.13007476925849915,
    "jsd_usergroup_2": 0.1748277097940445,
    "ndcg_usergroup_3": 0.1400458961725235,
    "jsd_usergroup_3": 0.16576915979385376
  },
  "postprocessed": {},
  "finetuned": {
    "epoch_1": {
      "ndcg": 0.14511671662330627,
      "jsd": 0.13954642415046692,
      "ndcg_usergroup_1": 0.19587917625904083,
      "jsd_usergroup_1": 0.1301995813846588,
      "ndcg_usergroup_2": 0.13032343983650208,
      "jsd_usergroup_2": 0.14987978339195251,
      "ndcg_usergroup_3": 0.13872916996479034,
      "jsd_usergroup_3": 0.11789658665657043
    },
    "epoch_2": {
      "ndcg": 0.1433505266904831,
      "jsd": 0.11174991726875305,
      "ndcg_usergroup_1": 0.19485631585121155,
      "jsd_usergroup_1": 0.11510662734508514,
      "ndcg_usergroup_2": 0.12877704203128815,
      "jsd_usergroup_2": 0.1192217543721199,
      "ndcg_usergroup_3": 0.13556040823459625,
      "jsd_usergroup_3": 0.08598019182682037
    },
    "epoch_3": {
      "ndcg": 0.14238084852695465,
      "jsd": 0.0977054238319397,
      "ndcg_usergroup_1": 0.19311189651489258,
      "jsd_usergroup_1": 0.10560014098882675,
      "ndcg_usergroup_2": 0.12752008438110352,
      "jsd_usergroup_2": 0.10185123234987259,
      "ndcg_usergroup_3": 0.13622722029685974,
      "jsd_usergroup_3": 0.0773746445775032
    },
    "epoch_4": {
      "ndcg": 0.1429297924041748,
      "jsd": 0.0918455421924591,
      "ndcg_usergroup_1": 0.19324694573879242,
      "jsd_usergroup_1": 0.10185258090496063,
      "ndcg_usergroup_2": 0.12770704925060272,
      "jsd_usergroup_2": 0.09416962414979935,
      "ndcg_usergroup_3": 0.13827592134475708,
      "jsd_usergroup_3": 0.07486698776483536
    },
    "epoch_5": {
      "ndcg": 0.1434495747089386,
      "jsd": 0.09016153216362,
      "ndcg_usergroup_1": 0.19360361993312836,
      "jsd_usergroup_1": 0.10362023115158081,
      "ndcg_usergroup_2": 0.12813222408294678,
      "jsd_usergroup_2": 0.09119223058223724,
      "ndcg_usergroup_3": 0.13924258947372437,
      "jsd_usergroup_3": 0.07361108809709549
    },
    "epoch_6": {
      "ndcg": 0.1441941112279892,
      "jsd": 0.08979901671409607,
      "ndcg_usergroup_1": 0.19436150789260864,
      "jsd_usergroup_1": 0.10563758760690689,
      "ndcg_usergroup_2": 0.12877769768238068,
      "jsd_usergroup_2": 0.09025122970342636,
      "ndcg_usergroup_3": 0.1402708888053894,
      "jsd_usergroup_3": 0.0726039782166481
    },
    "epoch_7": {
      "ndcg": 0.14467385411262512,
      "jsd": 0.08897871524095535,
      "ndcg_usergroup_1": 0.19443269073963165,
      "jsd_usergroup_1": 0.10690321028232574,
      "ndcg_usergroup_2": 0.129291832447052,
      "jsd_usergroup_2": 0.08879710733890533,
      "ndcg_usergroup_3": 0.14105603098869324,
      "jsd_usergroup_3": 0.07159899175167084
    },
    "epoch_8": {
      "ndcg": 0.14492136240005493,
      "jsd": 0.08896457403898239,
      "ndcg_usergroup_1": 0.19465170800685883,
      "jsd_usergroup_1": 0.11026111990213394,
      "ndcg_usergroup_2": 0.12937624752521515,
      "jsd_usergroup_2": 0.08792854100465775,
      "ndcg_usergroup_3": 0.14182120561599731,
      "jsd_usergroup_3": 0.0707758218050003
    },
    "epoch_9": {
      "ndcg": 0.1452135145664215,
      "jsd": 0.0887821763753891,
      "ndcg_usergroup_1": 0.19487395882606506,
      "jsd_usergroup_1": 0.11175400763750076,
      "ndcg_usergroup_2": 0.1296026110649109,
      "jsd_usergroup_2": 0.08743011951446533,
      "ndcg_usergroup_3": 0.1423806995153427,
      "jsd_usergroup_3": 0.06986607611179352
    },
    "epoch_10": {
      "ndcg": 0.14537681639194489,
      "jsd": 0.08850862085819244,
      "ndcg_usergroup_1": 0.1945583075284958,
      "jsd_usergroup_1": 0.11278282850980759,
      "ndcg_usergroup_2": 0.1299123615026474,
      "jsd_usergroup_2": 0.08676040172576904,
      "ndcg_usergroup_3": 0.1425836831331253,
      "jsd_usergroup_3": 0.06947854906320572
    },
    "epoch_11": {
      "ndcg": 0.14538411796092987,
      "jsd": 0.08887020498514175,
      "ndcg_usergroup_1": 0.19498485326766968,
      "jsd_usergroup_1": 0.11525480449199677,
      "ndcg_usergroup_2": 0.12967653572559357,
      "jsd_usergroup_2": 0.08667691051959991,
      "ndcg_usergroup_3": 0.1429010033607483,
      "jsd_usergroup_3": 0.06906483322381973
    },
    "epoch_12": {
      "ndcg": 0.14567962288856506,
      "jsd": 0.08978281170129776,
      "ndcg_usergroup_1": 0.19503217935562134,
      "jsd_usergroup_1": 0.1182350218296051,
      "ndcg_usergroup_2": 0.12990780174732208,
      "jsd_usergroup_2": 0.08723177760839462,
      "ndcg_usergroup_3": 0.14363746345043182,
      "jsd_usergroup_3": 0.06898289918899536
    }
  }
}