{"base_recommendations": {"ndcg": 0.14531244337558746, "jsd": 0.1674375683069229}, "postprocessed": {}, "finetuned": {"epoch_1": {"ndcg": 0.1458805948495865, "jsd": 0.16001100838184357}, "epoch_2": {"ndcg": 0.14651887118816376, "jsd": 0.1485840529203415}, "epoch_3": {"ndcg": 0.14694087207317352, "jsd": 0.13868367671966553}, "epoch_4": {"ndcg": 0.1469271332025528, "jsd": 0.13075071573257446}, "epoch_5": {"ndcg": 0.14676551520824432, "jsd": 0.12388985604047775}, "epoch_6": {"ndcg": 0.1463320106267929, "jsd": 0.11906241625547409}, "epoch_7": {"ndcg": 0.14595313370227814, "jsd": 0.11585681140422821}, "epoch_8": {"ndcg": 0.14564047753810883, "jsd": 0.11367003619670868}, "epoch_9": {"ndcg": 0.14534151554107666, "jsd": 0.11227897554636002}, "epoch_10": {"ndcg": 0.14467422664165497, "jsd": 0.11151518672704697}, "epoch_11": {"ndcg": 0.144368976354599, "jsd": 0.11103913187980652}, "epoch_12": {"ndcg": 0.1436372548341751, "jsd": 0.11071427166461945}, "epoch_13": {"ndcg": 0.14317844808101654, "jsd": 0.11039482802152634}, "epoch_14": {"ndcg": 0.14274325966835022, "jsd": 0.11036767065525055}}}