{"base_recommendations": {"ndcg": 0.14531244337558746, "jsd": 0.16742733120918274}, "postprocessed": {}, "finetuned": {"epoch_1": {"ndcg": 0.12277087569236755, "jsd": 0.11493310332298279}, "epoch_2": {"ndcg": 0.12592904269695282, "jsd": 0.09883035719394684}, "epoch_3": {"ndcg": 0.11547017842531204, "jsd": 0.08736465871334076}, "epoch_4": {"ndcg": 0.11475672572851181, "jsd": 0.08257655799388885}, "epoch_5": {"ndcg": 0.11168773472309113, "jsd": 0.07837535440921783}, "epoch_6": {"ndcg": 0.10835030674934387, "jsd": 0.07761883735656738}, "epoch_7": {"ndcg": 0.10698501020669937, "jsd": 0.0754321962594986}, "epoch_8": {"ndcg": 0.10329113900661469, "jsd": 0.07356571406126022}, "epoch_9": {"ndcg": 0.10106360912322998, "jsd": 0.07297078520059586}, "epoch_10": {"ndcg": 0.09795260429382324, "jsd": 0.07145709544420242}, "epoch_11": {"ndcg": 0.09614869952201843, "jsd": 0.07069090753793716}, "epoch_12": {"ndcg": 0.09384823590517044, "jsd": 0.0695641040802002}, "epoch_13": {"ndcg": 0.0923784077167511, "jsd": 0.06880167871713638}, "epoch_14": {"ndcg": 0.09007936716079712, "jsd": 0.06761694699525833}, "epoch_15": {"ndcg": 0.08869026601314545, "jsd": 0.0666513666510582}, "epoch_16": {"ndcg": 0.0867290049791336, "jsd": 0.06611593067646027}, "epoch_17": {"ndcg": 0.08547914773225784, "jsd": 0.06558233499526978}, "epoch_18": {"ndcg": 0.08397115767002106, "jsd": 0.06498748809099197}, "epoch_19": {"ndcg": 0.08282420784235, "jsd": 0.06459164619445801}, "epoch_20": {"ndcg": 0.08133438974618912, "jsd": 0.06341147422790527}, "epoch_23": {"ndcg": 0.0776568055152893, "jsd": 0.06330692768096924}, "epoch_24": {"ndcg": 0.07720208168029785, "jsd": 0.06244589760899544}, "epoch_25": {"ndcg": 0.07596816122531891, "jsd": 0.0620340034365654}, "epoch_26": {"ndcg": 0.07539891451597214, "jsd": 0.06184295564889908}, "epoch_27": {"ndcg": 0.07449568063020706, "jsd": 0.061535030603408813}, "epoch_28": {"ndcg": 0.07370559126138687, "jsd": 0.06139618158340454}, "epoch_29": {"ndcg": 0.07316647469997406, "jsd": 0.06110453978180885}, "epoch_30": {"ndcg": 0.07269144058227539, "jsd": 0.06069013103842735}, "epoch_31": {"ndcg": 0.07188423722982407, "jsd": 0.05987401306629181}, "epoch_33": {"ndcg": 0.07136409729719162, "jsd": 0.059455763548612595}, "epoch_34": {"ndcg": 0.07034061849117279, "jsd": 0.058901768177747726}, "epoch_35": {"ndcg": 0.07003732770681381, "jsd": 0.05878053605556488}, "epoch_36": {"ndcg": 0.06973260641098022, "jsd": 0.058676667511463165}, "epoch_37": {"ndcg": 0.06914275139570236, "jsd": 0.05800415948033333}, "epoch_38": {"ndcg": 0.06867385655641556, "jsd": 0.05770442634820938}, "epoch_39": {"ndcg": 0.06817123293876648, "jsd": 0.05761503428220749}, "epoch_40": {"ndcg": 0.06793783605098724, "jsd": 0.05682273209095001}, "epoch_41": {"ndcg": 0.06747101247310638, "jsd": 0.056692153215408325}, "epoch_43": {"ndcg": 0.06702880561351776, "jsd": 0.05661242827773094}, "epoch_44": {"ndcg": 0.0666581392288208, "jsd": 0.056340351700782776}, "epoch_45": {"ndcg": 0.06659437716007233, "jsd": 0.05586862936615944}, "epoch_46": {"ndcg": 0.06594723463058472, "jsd": 0.055808212608098984}, "epoch_47": {"ndcg": 0.06608328223228455, "jsd": 0.05550326406955719}, "epoch_48": {"ndcg": 0.06544531136751175, "jsd": 0.05543055757880211}, "epoch_49": {"ndcg": 0.06510132551193237, "jsd": 0.055228494107723236}, "epoch_50": {"ndcg": 0.06482298672199249, "jsd": 0.05501188710331917}, "epoch_51": {"ndcg": 0.06463661789894104, "jsd": 0.054644353687763214}, "epoch_52": {"ndcg": 0.06446337699890137, "jsd": 0.054302867501974106}, "epoch_53": {"ndcg": 0.06397750228643417, "jsd": 0.05407314375042915}, "epoch_54": {"ndcg": 0.06363178044557571, "jsd": 0.054004568606615067}, "epoch_55": {"ndcg": 0.06375253200531006, "jsd": 0.05380791425704956}, "epoch_56": {"ndcg": 0.06327919661998749, "jsd": 0.053374674171209335}, "epoch_57": {"ndcg": 0.06332115083932877, "jsd": 0.05305793508887291}, "epoch_59": {"ndcg": 0.06254860013723373, "jsd": 0.052636537700891495}, "epoch_61": {"ndcg": 0.06211696192622185, "jsd": 0.05214541777968407}, "epoch_64": {"ndcg": 0.061497125774621964, "jsd": 0.051828376948833466}, "epoch_65": {"ndcg": 0.06169614568352699, "jsd": 0.05179140344262123}, "epoch_66": {"ndcg": 0.06127271056175232, "jsd": 0.0517246313393116}, "epoch_67": {"ndcg": 0.061045195907354355, "jsd": 0.051480118185281754}, "epoch_68": {"ndcg": 0.06098097190260887, "jsd": 0.051452551037073135}, "epoch_69": {"ndcg": 0.060866162180900574, "jsd": 0.051188260316848755}, "epoch_70": {"ndcg": 0.060664981603622437, "jsd": 0.05114549770951271}, "epoch_71": {"ndcg": 0.06051674857735634, "jsd": 0.05094718933105469}, "epoch_72": {"ndcg": 0.060281191021203995, "jsd": 0.050630390644073486}, "epoch_74": {"ndcg": 0.06006447598338127, "jsd": 0.05032771825790405}, "epoch_75": {"ndcg": 0.060027122497558594, "jsd": 0.05030922591686249}, "epoch_76": {"ndcg": 0.05967595800757408, "jsd": 0.050071850419044495}, "epoch_78": {"ndcg": 0.059380415827035904, "jsd": 0.05002567172050476}, "epoch_79": {"ndcg": 0.059406984597444534, "jsd": 0.049846284091472626}, "epoch_80": {"ndcg": 0.05907490849494934, "jsd": 0.04963580518960953}, "epoch_81": {"ndcg": 0.059088051319122314, "jsd": 0.04944828525185585}, "epoch_83": {"ndcg": 0.05889836326241493, "jsd": 0.04932846873998642}, "epoch_85": {"ndcg": 0.058639511466026306, "jsd": 0.048992957919836044}, "epoch_87": {"ndcg": 0.05828985571861267, "jsd": 0.04876410961151123}, "epoch_88": {"ndcg": 0.05831800401210785, "jsd": 0.048663876950740814}, "epoch_89": {"ndcg": 0.05823681131005287, "jsd": 0.0486547090113163}, "epoch_91": {"ndcg": 0.05782618746161461, "jsd": 0.04844970628619194}, "epoch_93": {"ndcg": 0.05761881172657013, "jsd": 0.04817531257867813}, "epoch_94": {"ndcg": 0.057658594101667404, "jsd": 0.048030756413936615}, "epoch_95": {"ndcg": 0.05763129144906998, "jsd": 0.04781726002693176}, "epoch_96": {"ndcg": 0.0571676567196846, "jsd": 0.04755731672048569}, "epoch_97": {"ndcg": 0.05720755085349083, "jsd": 0.04750989377498627}, "epoch_100": {"ndcg": 0.05686099827289581, "jsd": 0.0471792072057724}, "epoch_102": {"ndcg": 0.05655529722571373, "jsd": 0.046925876289606094}, "epoch_104": {"ndcg": 0.05638589337468147, "jsd": 0.04667934030294418}, "epoch_107": {"ndcg": 0.056205399334430695, "jsd": 0.04663056507706642}, "epoch_108": {"ndcg": 0.05601389333605766, "jsd": 0.04657462611794472}, "epoch_109": {"ndcg": 0.05624931678175926, "jsd": 0.046508535742759705}, "epoch_110": {"ndcg": 0.055833958089351654, "jsd": 0.04636821150779724}, "epoch_111": {"ndcg": 0.055863093584775925, "jsd": 0.04625791683793068}, "epoch_114": {"ndcg": 0.05554373562335968, "jsd": 0.04600727930665016}, "epoch_115": {"ndcg": 0.05552684888243675, "jsd": 0.0457821823656559}, "epoch_117": {"ndcg": 0.05538863316178322, "jsd": 0.04575181007385254}, "epoch_118": {"ndcg": 0.055382050573825836, "jsd": 0.04562557116150856}, "epoch_119": {"ndcg": 0.05525699257850647, "jsd": 0.045451000332832336}, "epoch_121": {"ndcg": 0.05506265535950661, "jsd": 0.045276179909706116}, "epoch_122": {"ndcg": 0.05498305335640907, "jsd": 0.04522589221596718}, "epoch_125": {"ndcg": 0.05483948066830635, "jsd": 0.04520716890692711}, "epoch_126": {"ndcg": 0.05470433086156845, "jsd": 0.045165788382291794}, "epoch_127": {"ndcg": 0.054544445127248764, "jsd": 0.04490184411406517}, "epoch_128": {"ndcg": 0.05463801324367523, "jsd": 0.04475244879722595}, "epoch_130": {"ndcg": 0.05434095486998558, "jsd": 0.04454793781042099}, "epoch_134": {"ndcg": 0.05395335331559181, "jsd": 0.04452650621533394}, "epoch_136": {"ndcg": 0.05384038761258125, "jsd": 0.044297777116298676}, "epoch_138": {"ndcg": 0.053723860532045364, "jsd": 0.04427432641386986}, "epoch_141": {"ndcg": 0.05350874736905098, "jsd": 0.04415597766637802}, "epoch_142": {"ndcg": 0.053574349731206894, "jsd": 0.044122274965047836}, "epoch_144": {"ndcg": 0.053307048976421356, "jsd": 0.044026929885149}, "epoch_146": {"ndcg": 0.05327002331614494, "jsd": 0.04388369619846344}, "epoch_148": {"ndcg": 0.05317935347557068, "jsd": 0.04367118701338768},