{
  "base_recommendations": {
    "ndcg": 0.14531244337558746,
    "jsd": 0.1674375683069229,
    "ndcg_usergroup_1": 0.19628708064556122,
    "jsd_usergroup_1": 0.14693795144557953,
    "ndcg_usergroup_2": 0.13007476925849915,
    "jsd_usergroup_2": 0.1748277097940445,
    "ndcg_usergroup_3": 0.1400458961725235,
    "jsd_usergroup_3": 0.16576915979385376
  },
  "postprocessed": {},
  "finetuned": {
    "epoch_1": {
      "ndcg": 0.1457272171974182,
      "jsd": 0.15739673376083374,
      "ndcg_usergroup_1": 0.19642962515354156,
      "jsd_usergroup_1": 0.13702063262462616,
      "ndcg_usergroup_2": 0.13047070801258087,
      "jsd_usergroup_2": 0.16512781381607056,
      "ndcg_usergroup_3": 0.14078934490680695,
      "jsd_usergroup_3": 0.15458206832408905
    },
    "epoch_2": {
      "ndcg": 0.14614255726337433,
      "jsd": 0.14227260649204254,
      "ndcg_usergroup_1": 0.19558842480182648,
      "jsd_usergroup_1": 0.12238344550132751,
      "ndcg_usergroup_2": 0.13078543543815613,
      "jsd_usergroup_2": 0.15084686875343323,
      "ndcg_usergroup_3": 0.14276297390460968,
      "jsd_usergroup_3": 0.13644182682037354
    },
    "epoch_3": {
      "ndcg": 0.14597740769386292,
      "jsd": 0.12934447824954987,
      "ndcg_usergroup_1": 0.1937987357378006,
      "jsd_usergroup_1": 0.1094784215092659,
      "ndcg_usergroup_2": 0.13099318742752075,
      "jsd_usergroup_2": 0.1387963742017746,
      "ndcg_usergroup_3": 0.14310379326343536,
      "jsd_usergroup_3": 0.12085797637701035
    },
    "epoch_4": {
      "ndcg": 0.14562660455703735,
      "jsd": 0.11815240234136581,
      "ndcg_usergroup_1": 0.19266174733638763,
      "jsd_usergroup_1": 0.09897087514400482,
      "ndcg_usergroup_2": 0.130720317363739,
      "jsd_usergroup_2": 0.12901726365089417,
      "ndcg_usergroup_3": 0.1433054804801941,
      "jsd_usergroup_3": 0.10474288463592529
    },
    "epoch_5": {
      "ndcg": 0.1448725312948227,
      "jsd": 0.10959342867136002,
      "ndcg_usergroup_1": 0.1911461502313614,
      "jsd_usergroup_1": 0.09129009395837784,
      "ndcg_usergroup_2": 0.12991943955421448,
      "jsd_usergroup_2": 0.1212199404835701,
      "ndcg_usergroup_3": 0.14345325529575348,
      "jsd_usergroup_3": 0.09302105009555817
    },
    "epoch_6": {
      "ndcg": 0.14442431926727295,
      "jsd": 0.10294090956449509,
      "ndcg_usergroup_1": 0.19047392904758453,
      "jsd_usergroup_1": 0.08557824045419693,
      "ndcg_usergroup_2": 0.12937624752521515,
      "jsd_usergroup_2": 0.11518480628728867,
      "ndcg_usergroup_3": 0.143514022231102,
      "jsd_usergroup_3": 0.08357587456703186
    },
    "epoch_7": {
      "ndcg": 0.14407706260681152,
      "jsd": 0.09797902405261993,
      "ndcg_usergroup_1": 0.18934744596481323,
      "jsd_usergroup_1": 0.08187901973724365,
      "ndcg_usergroup_2": 0.12914510071277618,
      "jsd_usergroup_2": 0.11056117713451385,
      "ndcg_usergroup_3": 0.14359763264656067,
      "jsd_usergroup_3": 0.07633669674396515
    },
    "epoch_8": {
      "ndcg": 0.14346365630626678,
      "jsd": 0.09404561668634415,
      "ndcg_usergroup_1": 0.18828511238098145,
      "jsd_usergroup_1": 0.07940474897623062,
      "ndcg_usergroup_2": 0.12858770787715912,
      "jsd_usergroup_2": 0.1068141832947731,
      "ndcg_usergroup_3": 0.1432652771472931,
      "jsd_usergroup_3": 0.07038494944572449
    },
    "epoch_9": {
      "ndcg": 0.14316706359386444,
      "jsd": 0.09141822904348373,
      "ndcg_usergroup_1": 0.1871858537197113,
      "jsd_usergroup_1": 0.07768575847148895,
      "ndcg_usergroup_2": 0.1285787969827652,
      "jsd_usergroup_2": 0.1039968952536583,
      "ndcg_usergroup_3": 0.14290829002857208,
      "jsd_usergroup_3": 0.06741882115602493
    },
    "epoch_10": {
      "ndcg": 0.14281663298606873,
      "jsd": 0.08904198557138443,
      "ndcg_usergroup_1": 0.18644659221172333,
      "jsd_usergroup_1": 0.0768495574593544,
      "ndcg_usergroup_2": 0.12825907766819,
      "jsd_usergroup_2": 0.10144214332103729,
      "ndcg_usergroup_3": 0.14285454154014587,
      "jsd_usergroup_3": 0.0640379935503006
    },
    "epoch_11": {
      "ndcg": 0.14256741106510162,
      "jsd": 0.08746654540300369,
      "ndcg_usergroup_1": 0.18561089038848877,
      "jsd_usergroup_1": 0.07546105980873108,
      "ndcg_usergroup_2": 0.12832753360271454,
      "jsd_usergroup_2": 0.09959131479263306,
      "ndcg_usergroup_3": 0.1422388106584549,
      "jsd_usergroup_3": 0.06310170888900757
    },
    "epoch_12": {
      "ndcg": 0.14237993955612183,
      "jsd": 0.08603747189044952,
      "ndcg_usergroup_1": 0.1861659735441208,
      "jsd_usergroup_1": 0.07593364268541336,
      "ndcg_usergroup_2": 0.12790268659591675,
      "jsd_usergroup_2": 0.09785826504230499,
      "ndcg_usergroup_3": 0.142021045088768,
      "jsd_usergroup_3": 0.06068279966711998
    },
    "epoch_13": {
      "ndcg": 0.14203131198883057,
      "jsd": 0.08457379043102264,
      "ndcg_usergroup_1": 0.1845676153898239,
      "jsd_usergroup_1": 0.07478994876146317,
      "ndcg_usergroup_2": 0.12785100936889648,
      "jsd_usergroup_2": 0.09601788222789764,
      "ndcg_usergroup_3": 0.14203126728534698,
      "jsd_usergroup_3": 0.06002911925315857
    },
    "epoch_14": {
      "ndcg": 0.14183901250362396,
      "jsd": 0.08397085219621658,
      "ndcg_usergroup_1": 0.18473751842975616,
      "jsd_usergroup_1": 0.07516167312860489,
      "ndcg_usergroup_2": 0.1275457888841629,
      "jsd_usergroup_2": 0.09522745758295059,
      "ndcg_usergroup_3": 0.14181563258171082,
      "jsd_usergroup_3": 0.05901387333869934
    },
    "epoch_15": {
      "ndcg": 0.14168429374694824,
      "jsd": 0.08280829340219498,
      "ndcg_usergroup_1": 0.1843869388103485,
      "jsd_usergroup_1": 0.07424910366535187,
      "ndcg_usergroup_2": 0.12744936347007751,
      "jsd_usergroup_2": 0.09372752904891968,
      "ndcg_usergroup_3": 0.14168182015419006,
      "jsd_usergroup_3": 0.05861334130167961
    },
    "epoch_16": {
      "ndcg": 0.1414395272731781,
      "jsd": 0.08238349109888077,
      "ndcg_usergroup_1": 0.18492776155471802,
      "jsd_usergroup_1": 0.07482413202524185,
      "ndcg_usergroup_2": 0.12672927975654602,
      "jsd_usergroup_2": 0.09317028522491455,
      "ndcg_usergroup_3": 0.14207723736763,
      "jsd_usergroup_3": 0.05758599936962128
    },
    "epoch_17": {
      "ndcg": 0.1413111835718155,
      "jsd": 0.08150708675384521,
      "ndcg_usergroup_1": 0.18360742926597595,
      "jsd_usergroup_1": 0.07479477673768997,
      "ndcg_usergroup_2": 0.1270628720521927,
      "jsd_usergroup_2": 0.0916067361831665,
      "ndcg_usergroup_3": 0.14175517857074738,
      "jsd_usergroup_3": 0.05792371556162834
    },
    "epoch_18": {
      "ndcg": 0.14110656082630157,
      "jsd": 0.08120185881853104,
      "ndcg_usergroup_1": 0.18431773781776428,
      "jsd_usergroup_1": 0.07530681788921356,
      "ndcg_usergroup_2": 0.1265549212694168,
      "jsd_usergroup_2": 0.09134861081838608,
      "ndcg_usergroup_3": 0.14154557883739471,
      "jsd_usergroup_3": 0.05665993690490723
    },
    "epoch_19": {
      "ndcg": 0.1407773345708847,
      "jsd": 0.08039464056491852,
      "ndcg_usergroup_1": 0.18322071433067322,
      "jsd_usergroup_1": 0.07452045381069183,
      "ndcg_usergroup_2": 0.12661351263523102,
      "jsd_usergroup_2": 0.09009415656328201,
      "ndcg_usergroup_3": 0.1408206820487976,
      "jsd_usergroup_3": 0.057173438370227814
    },
    "epoch_21": {
      "ndcg": 0.14077331125736237,
      "jsd": 0.07945698499679565,
      "ndcg_usergroup_1": 0.18331478536128998,
      "jsd_usergroup_1": 0.07395156472921371,
      "ndcg_usergroup_2": 0.12649506330490112,
      "jsd_usergroup_2": 0.08891446143388748,
      "ndcg_usergroup_3": 0.141061931848526,
      "jsd_usergroup_3": 0.05659308657050133
    },
    "epoch_22": {
      "ndcg": 0.14070004224777222,
      "jsd": 0.07934387773275375,
      "ndcg_usergroup_1": 0.18361559510231018,
      "jsd_usergroup_1": 0.07438493520021439,