{
  "base_recommendations": {
    "ndcg": 0.14531244337558746,
    "jsd": 0.1674375683069229,
    "ndcg_usergroup_1": 0.19628708064556122,
    "jsd_usergroup_1": 0.14693795144557953,
    "ndcg_usergroup_2": 0.13007476925849915,
    "jsd_usergroup_2": 0.1748277097940445,
    "ndcg_usergroup_3": 0.1400458961725235,
    "jsd_usergroup_3": 0.16576915979385376
  },
  "postprocessed": {},
  "finetuned": {
    "epoch_1": {
      "ndcg": 0.13363419473171234,
      "jsd": 0.07955782115459442,
      "ndcg_usergroup_1": 0.17856836318969727,
      "jsd_usergroup_1": 0.07121575623750687,
      "ndcg_usergroup_2": 0.12015993148088455,
      "jsd_usergroup_2": 0.08497914671897888,
      "ndcg_usergroup_3": 0.1291184276342392,
      "jsd_usergroup_3": 0.07163769751787186
    },
    "epoch_2": {
      "ndcg": 0.14072224497795105,
      "jsd": 0.07993938028812408,
      "ndcg_usergroup_1": 0.18596988916397095,
      "jsd_usergroup_1": 0.069483183324337,
      "ndcg_usergroup_2": 0.1261332780122757,
      "jsd_usergroup_2": 0.08258829265832901,
      "ndcg_usergroup_3": 0.13923674821853638,
      "jsd_usergroup_3": 0.08244973421096802
    },
    "epoch_3": {
      "ndcg": 0.1393938511610031,
      "jsd": 0.06583452224731445,
      "ndcg_usergroup_1": 0.18735653162002563,
      "jsd_usergroup_1": 0.06949909776449203,
      "ndcg_usergroup_2": 0.12434060126543045,
      "jsd_usergroup_2": 0.06916236877441406,
      "ndcg_usergroup_3": 0.13658607006072998,
      "jsd_usergroup_3": 0.0521874874830246
    },
    "epoch_14": {
      "ndcg": 0.11517171561717987,
      "jsd": 0.06510473787784576,
      "ndcg_usergroup_1": 0.16125857830047607,
      "jsd_usergroup_1": 0.07788130640983582,
      "ndcg_usergroup_2": 0.0999777540564537,
      "jsd_usergroup_2": 0.06288725137710571,
      "ndcg_usergroup_3": 0.11466173082590103,
      "jsd_usergroup_3": 0.058979932218790054
    },
    "epoch_16": {
      "ndcg": 0.11249878257513046,
      "jsd": 0.0627848207950592,
      "ndcg_usergroup_1": 0.15492549538612366,
      "jsd_usergroup_1": 0.07646980881690979,
      "ndcg_usergroup_2": 0.09825915843248367,
      "jsd_usergroup_2": 0.0604076161980629,
      "ndcg_usergroup_3": 0.11278630793094635,
      "jsd_usergroup_3": 0.05623066797852516
    },
    "epoch_18": {
      "ndcg": 0.10970780998468399,
      "jsd": 0.06172803416848183,
      "ndcg_usergroup_1": 0.15273408591747284,
      "jsd_usergroup_1": 0.07794198393821716,
      "ndcg_usergroup_2": 0.09533940255641937,
      "jsd_usergroup_2": 0.05983070284128189,
      "ndcg_usergroup_3": 0.10978203266859055,
      "jsd_usergroup_3": 0.05120547488331795
    },
    "epoch_20": {
      "ndcg": 0.10678047686815262,
      "jsd": 0.06023353338241577,
      "ndcg_usergroup_1": 0.1508605182170868,
      "jsd_usergroup_1": 0.07802791893482208,
      "ndcg_usergroup_2": 0.09211215376853943,
      "jsd_usergroup_2": 0.05855587497353554,
      "ndcg_usergroup_3": 0.10670061409473419,
      "jsd_usergroup_3": 0.0474715456366539
    },
    "epoch_22": {
      "ndcg": 0.10456202179193497,
      "jsd": 0.058018993586301804,
      "ndcg_usergroup_1": 0.1462026983499527,
      "jsd_usergroup_1": 0.07269972562789917,
      "ndcg_usergroup_2": 0.09063645452260971,
      "jsd_usergroup_2": 0.05762331560254097,
      "ndcg_usergroup_3": 0.10469354689121246,
      "jsd_usergroup_3": 0.0445251539349556
    },
    "epoch_24": {
      "ndcg": 0.1024557501077652,
      "jsd": 0.05671083927154541,
      "ndcg_usergroup_1": 0.1437600702047348,
      "jsd_usergroup_1": 0.07175378501415253,
      "ndcg_usergroup_2": 0.08858160674571991,
      "jsd_usergroup_2": 0.05622623860836029,
      "ndcg_usergroup_3": 0.10276935249567032,
      "jsd_usergroup_3": 0.043121565133333206
    },
    "epoch_26": {
      "ndcg": 0.1005285382270813,
      "jsd": 0.05610251426696777,
      "ndcg_usergroup_1": 0.1407044678926468,
      "jsd_usergroup_1": 0.06978840380907059,
      "ndcg_usergroup_2": 0.0869249776005745,
      "jsd_usergroup_2": 0.05594808980822563,
      "ndcg_usergroup_3": 0.10115887224674225,
      "jsd_usergroup_3": 0.042879845947027206
    },
    "epoch_28": {
      "ndcg": 0.09884950518608093,
      "jsd": 0.05441034957766533,
      "ndcg_usergroup_1": 0.1393212229013443,
      "jsd_usergroup_1": 0.065621517598629,
      "ndcg_usergroup_2": 0.08501036465167999,
      "jsd_usergroup_2": 0.05478966608643532,
      "ndcg_usergroup_3": 0.09989074617624283,
      "jsd_usergroup_3": 0.042061373591423035
    },
    "epoch_31": {
      "ndcg": 0.09674174338579178,
      "jsd": 0.05418381094932556,
      "ndcg_usergroup_1": 0.1362493634223938,
      "jsd_usergroup_1": 0.06531646847724915,
      "ndcg_usergroup_2": 0.08322508633136749,
      "jsd_usergroup_2": 0.05464030057191849,
      "ndcg_usergroup_3": 0.09777971357107162,
      "jsd_usergroup_3": 0.041681863367557526
    },
    "epoch_32": {
      "ndcg": 0.09564167261123657,
      "jsd": 0.05341344326734543,
      "ndcg_usergroup_1": 0.13550421595573425,
      "jsd_usergroup_1": 0.06385131180286407,
      "ndcg_usergroup_2": 0.08219404518604279,
      "jsd_usergroup_2": 0.054120175540447235,
      "ndcg_usergroup_3": 0.09611763060092926,
      "jsd_usergroup_3": 0.040855612605810165
    },
    "epoch_33": {
      "ndcg": 0.09519382566213608,
      "jsd": 0.05340125411748886,
      "ndcg_usergroup_1": 0.13486073911190033,
      "jsd_usergroup_1": 0.06277713179588318,
      "ndcg_usergroup_2": 0.08174670487642288,
      "jsd_usergroup_2": 0.05406166985630989,
      "ndcg_usergroup_3": 0.09586389362812042,
      "jsd_usergroup_3": 0.04204434156417847
    },
    "epoch_34": {
      "ndcg": 0.0935865268111229,
      "jsd": 0.05283980444073677,
      "ndcg_usergroup_1": 0.13269075751304626,
      "jsd_usergroup_1": 0.06263817101716995,
      "ndcg_usergroup_2": 0.08010831475257874,
      "jsd_usergroup_2": 0.05356292054057121,
      "ndcg_usergroup_3": 0.09491255134344101,
      "jsd_usergroup_3": 0.04087233915925026
    },
    "epoch_37": {
      "ndcg": 0.0914025530219078,
      "jsd": 0.0525897778570652,
      "ndcg_usergroup_1": 0.1303473562002182,
      "jsd_usergroup_1": 0.062147993594408035,
      "ndcg_usergroup_2": 0.07791798561811447,
      "jsd_usergroup_2": 0.05307600647211075,
      "ndcg_usergroup_3": 0.09290706366300583,
      "jsd_usergroup_3": 0.04157303646206856
    },
    "epoch_38": {
      "ndcg": 0.09071486443281174,
      "jsd": 0.05237529054284096,
      "ndcg_usergroup_1": 0.12923067808151245,
      "jsd_usergroup_1": 0.06114764139056206,
      "ndcg_usergroup_2": 0.07734288275241852,
      "jsd_usergroup_2": 0.053160976618528366,
      "ndcg_usergroup_3": 0.09231067448854446,
      "jsd_usergroup_3": 0.041246138513088226
    },
    "epoch_39": {
      "ndcg": 0.08966539055109024,
      "jsd": 0.052261367440223694,
      "ndcg_usergroup_1": 0.1281168907880783,
      "jsd_usergroup_1": 0.061178725212812424,
      "ndcg_usergroup_2": 0.07624251395463943,
      "jsd_usergroup_2": 0.05295676738023758,
      "ndcg_usergroup_3": 0.0914781391620636,
      "jsd_usergroup_3": 0.04125804454088211
    },
    "epoch_40": {
      "ndcg": 0.08906220644712448,
      "jsd": 0.05189323052763939,
      "ndcg_usergroup_1": 0.1272745579481125,
      "jsd_usergroup_1": 0.06092492863535881,
      "ndcg_usergroup_2": 0.07581642270088196,
      "jsd_usergroup_2": 0.052568469196558,
      "ndcg_usergroup_3": 0.09058285504579544,
      "jsd_usergroup_3": 0.04083605483174324
    },
    "epoch_41": {
      "ndcg": 0.08750110864639282,
      "jsd": 0.051234032958745956,
      "ndcg_usergroup_1": 0.12486481666564941,
      "jsd_usergroup_1": 0.05821928009390831,
      "ndcg_usergroup_2": 0.07443839311599731,
      "jsd_usergroup_2": 0.052296433597803116,
      "ndcg_usergroup_3": 0.08932124823331833,
      "jsd_usergroup_3": 0.04106193035840988
    },
    "epoch_42": {
      "ndcg": 0.08696600794792175,
      "jsd": 0.05109423026442528,
      "ndcg_usergroup_1": 0.12440822273492813,